Data Year,Utility Number,Utility Name,Part,Service Type,Data Type,State,Ownership,BA_Code
2023,55,City of Aberdeen - (MS),A,Bundled,O,MS,Municipal,TVA
2023,84,A & N Electric Coop,A,Bundled,O,MD,Cooperative,PJM
2023,84,A & N Electric Coop,A,Bundled,O,VA,Cooperative,PJM
2023,108,Adams-Columbia Electric Coop,A,Bundled,O,WI,Cooperative,MISO
2023,113,"Agway Energy Services, LLC",B,Energy,O,MD,Retail Power Marketer,PJM
2023,113,"Agway Energy Services, LLC",B,Energy,O,NY,Retail Power Marketer,NYIS
2023,113,"Agway Energy Services, LLC",B,Energy,O,PA,Retail Power Marketer,PJM
2023,123,City of Adel- (GA),A,Bundled,O,GA,Municipal,SOCO
2023,155,Agralite Electric Coop,A,Bundled,O,MN,Cooperative,MISO
2023,162,Aiken Electric Coop Inc,A,Bundled,O,SC,Cooperative,SC
2023,176,Ajo Improvement Co,A,Bundled,O,AZ,Investor Owned,AZPS
2023,195,Alabama Power Co,A,Bundled,O,AL,Investor Owned,SOCO
2023,207,Alameda Municipal Power,A,Bundled,O,CA,Municipal,CISO
2023,213,Alaska Electric Light & Power Co.,A,Bundled,O,AK,Investor Owned,NA
2023,219,Alaska Power and Telephone Co,A,Bundled,O,AK,Investor Owned,NA
2023,221,"Alaska Village Elec Coop, Inc",A,Bundled,O,AK,Cooperative,NA
2023,230,Albany Utility Board,A,Bundled,O,GA,Municipal,SOCO
2023,232,City of Albemarle - (NC),A,Bundled,O,NC,Municipal,DUK
2023,240,Albemarle Electric Member Corp,A,Bundled,O,NC,Cooperative,PJM
2023,241,Albertville Municipal Utilities Board,A,Bundled,O,AL,Municipal,TVA
2023,261,AGC Division of APGI Inc,A,Bundled,O,IN,Investor Owned,MISO
2023,276,Alcorn County Elec Power Assn,A,Bundled,O,MS,Cooperative,TVA
2023,295,City of Alexandria - (MN),A,Bundled,O,MN,Municipal,MISO
2023,296,"Alfalfa Electric Coop, Inc",A,Bundled,O,KS,Cooperative,SWPP
2023,296,"Alfalfa Electric Coop, Inc",A,Bundled,O,OK,Cooperative,SWPP
2023,298,City of Alexandria - (LA),A,Bundled,O,LA,Municipal,MISO
2023,305,Alger-Delta Coop Electric Assn,A,Bundled,O,MI,Cooperative,MISO
2023,307,Algoma Utility Comm,A,Bundled,O,WI,Municipal,MISO
2023,392,Alpena Power Co,A,Bundled,O,MI,Investor Owned,MISO
2023,407,Altamaha Electric Member Corp,A,Bundled,O,GA,Cooperative,SOCO
2023,416,City of Altus - (OK),A,Bundled,O,OK,Municipal,SWPP
2023,471,Amana Society Service Co,A,Bundled,O,IA,Investor Owned,MISO
2023,540,BP Energy Company,B,Energy,O,WA,Retail Power Marketer,PSEI
2023,540,BP Energy Company,D,Bundled,O,TX,Retail Power Marketer,ERCO
2023,554,City of Ames - (IA),A,Bundled,O,IA,Municipal,MISO
2023,562,Amicalola Electric Member Corp,A,Bundled,O,GA,Cooperative,SOCO
2023,571,City of Amory,A,Bundled,O,MS,Municipal,TVA
2023,577,City of Alcoa Utilities,A,Bundled,O,TN,Municipal,TVA
2023,590,City of Anaheim - (CA),A,Bundled,O,CA,Municipal,CISO
2023,604,City of Andalusia,A,Bundled,O,AL,Municipal,SOCO
2023,636,City of Anderson - (IN),A,Bundled,O,IN,Municipal,PJM
2023,689,Connexus Energy,A,Bundled,O,MN,Cooperative,MISO
2023,690,City of Bardstown - (KY),A,Bundled,O,KY,Municipal,LGEE
2023,691,City of Anoka,A,Bundled,O,MN,Municipal,MISO
2023,719,Town of Apex- (NC),A,Bundled,O,NC,Municipal,CPLE
2023,727,Appalachian Electric Coop,A,Bundled,O,TN,Cooperative,TVA
2023,733,Appalachian Power Co,A,Bundled,O,VA,Investor Owned,PJM
2023,733,Appalachian Power Co,A,Bundled,O,WV,Investor Owned,PJM
2023,733,Appalachian Power Co,C,Delivery,O,VA,Investor Owned,PJM
2023,750,Arab Electric Coop Inc,A,Bundled,O,AL,Cooperative,TVA
2023,803,Arizona Public Service Co,A,Bundled,O,AZ,Investor Owned,AZPS
2023,814,Entergy Arkansas LLC,A,Bundled,O,AR,Investor Owned,MISO
2023,814,Entergy Arkansas LLC,A,Bundled,O,TN,Investor Owned,MISO
2023,817,Arkansas Valley Elec Coop Corp,A,Bundled,O,AR,Cooperative,SWPP
2023,817,Arkansas Valley Elec Coop Corp,A,Bundled,O,OK,Cooperative,SWPP
2023,944,City of Athens - (AL),A,Bundled,O,AL,Municipal,TVA
2023,947,Athens Utility Board,A,Bundled,O,TN,Municipal,TVA
2023,963,Atlantic City Electric Co,A,Bundled,O,NJ,Investor Owned,PJM
2023,963,Atlantic City Electric Co,C,Delivery,O,NJ,Investor Owned,PJM
2023,970,Homefield Energy,B,Energy,O,IL,Retail Power Marketer,MISO
2023,994,City of Auburn - (IN),A,Bundled,O,IN,Municipal,PJM
2023,1009,City of Austin - (MN),A,Bundled,O,MN,Municipal,MISO
2023,1015,Austin Energy,A,Bundled,O,TX,Municipal,ERCO
2023,1050,City of Azusa,A,Bundled,O,CA,Municipal,CISO
2023,1149,Baldwin County El Member Corp,A,Bundled,O,AL,Cooperative,SOCO
2023,1167,Baltimore Gas & Electric Co,A,Bundled,O,MD,Investor Owned,PJM
2023,1167,Baltimore Gas & Electric Co,C,Delivery,O,MD,Investor Owned,PJM
2023,1169,Bailey County Elec Coop Assn,A,Bundled,O,TX,Cooperative,SWPP
2023,1175,"Bandera Electric Coop, Inc",A,Bundled,O,TX,Cooperative,ERCO
2023,1179,Versant Power,A,Bundled,O,ME,Investor Owned,NBSO
2023,1179,Versant Power,A,Bundled,O,ME,Investor Owned,ISNE
2023,1179,Versant Power,C,Delivery,O,ME,Investor Owned,NBSO
2023,1179,Versant Power,C,Delivery,O,ME,Investor Owned,ISNE
2023,1196,Village of Baraga - (MI),A,Bundled,O,MI,Municipal,MISO
2023,1251,Barron Electric Coop,A,Bundled,O,WI,Cooperative,MISO
2023,1273,"Bartlett Electric Coop, Inc",A,Bundled,O,TX,Cooperative,ERCO
2023,1283,Bartholomew County Rural E M C,A,Bundled,O,IN,Cooperative,MISO
2023,1300,City of Bartow - (FL),A,Bundled,O,FL,Municipal,FPC
2023,1307,Basin Electric Power Coop,A,Bundled,O,ND,Cooperative,SWPP
2023,1325,City of Batavia - (IL),A,Bundled,O,IL,Municipal,PJM
2023,1366,City of Bay City - (MI),A,Bundled,O,MI,Municipal,MISO
2023,1456,Town of Bedford - (VA),A,Bundled,O,VA,Municipal,PJM
2023,1458,"Beauregard Electric Coop, Inc",A,Bundled,O,LA,Cooperative,MISO
2023,1529,"Beltrami Electric Coop, Inc",A,Bundled,O,MN,Cooperative,MISO
2023,1578,Benton County,A,Bundled,O,TN,Municipal,TVA
2023,1579,PUD No 1 of Benton County,A,Bundled,O,WA,Political Subdivision,BPAT
2023,1581,City of Benton - (AR),A,Bundled,O,AR,Municipal,MISO
2023,1582,City of Benton - (KY),A,Bundled,O,KY,Municipal,TVA
2023,1586,City of Bentonville - (AR),A,Bundled,O,AR,Municipal,SWPP
2023,1591,"Big Country Electric Coop, Inc",A,Bundled,O,TX,Cooperative,ERCO
2023,1611,"Messer Energy Services, Inc.",B,Energy,O,DE,Retail Power Marketer,PJM
2023,1611,"Messer Energy Services, Inc.",B,Energy,O,IL,Retail Power Marketer,MISO
2023,1611,"Messer Energy Services, Inc.",B,Energy,O,ME,Retail Power Marketer,ISNE
2023,1611,"Messer Energy Services, Inc.",B,Energy,O,NY,Retail Power Marketer,NYIS
2023,1611,"Messer Energy Services, Inc.",B,Energy,O,OH,Retail Power Marketer,PJM
2023,1611,"Messer Energy Services, Inc.",B,Energy,O,PA,Retail Power Marketer,PJM
2023,1613,Berkeley Electric Coop Inc,A,Bundled,O,SC,Cooperative,SC
2023,1625,Benton Rural Electric Assn,A,Bundled,O,WA,Cooperative,BPAT
2023,1640,City of Bessemer Utilities,A,Bundled,O,AL,Municipal,TVA
2023,1708,Big Sandy Rural Elec Coop Corp,A,Bundled,O,KY,Cooperative,PJM
2023,1723,"Big Bend Electric Coop, Inc",A,Bundled,O,WA,Cooperative,BPAT
2023,1738,Bonneville Power Administration,A,Bundled,O,OR,Federal,BPAT
2023,1738,Bonneville Power Administration,A,Bundled,O,WA,Federal,BPAT
2023,1763,"Black River Electric Coop, Inc - (SC)",A,Bundled,O,SC,Cooperative,SC
2023,1764,Black Diamond Power Co,A,Bundled,O,WV,Investor Owned,PJM
2023,1769,"Black Hills Electric Coop, Inc",A,Bundled,O,SD,Cooperative,SWPP
2023,1775,Black River Electric Coop - (MO),A,Bundled,O,MO,Cooperative,AECI
2023,1776,City of Black River Falls,A,Bundled,O,WI,Municipal,MISO
2023,1780,Black Warrior Elec Member Corp,A,Bundled,O,AL,Cooperative,SOCO
2023,1857,Block Island Utility District,A,Bundled,O,RI,Political Subdivision,ISNE
2023,1884,BENCO Electric Cooperative,A,Bundled,O,MN,Cooperative,MISO
2023,1886,Blue Grass Energy Coop Corp,A,Bundled,O,KY,Cooperative,PJM
2023,1889,Blue Ridge Elec Member Corp - (NC),A,Bundled,O,NC,Cooperative,DUK
2023,1890,Blue Ridge Electric Coop Inc - (SC),A,Bundled,O,SC,Cooperative,DUK
2023,1891,Blue Ridge Mountain EMC - (GA),A,Bundled,O,GA,Cooperative,TVA
2023,1891,Blue Ridge Mountain EMC - (GA),A,Bundled,O,NC,Cooperative,TVA
2023,1892,"Bluebonnet Electric Coop, Inc",A,Bundled,O,TX,Cooperative,ERCO
2023,1896,City of Bluffton - (IN),A,Bundled,O,IN,Municipal,PJM
2023,1936,Bolivar Energy Authority,A,Bundled,O,TN,Municipal,TVA
2023,1997,City of Boscobel - (WI),A,Bundled,O,WI,Municipal,MISO
2023,2001,Boone Electric Coop,A,Bundled,O,MO,Cooperative,AECI
2023,2008,City of Boulder City - (NV),A,Bundled,O,NV,Municipal,WALC
2023,2010,City of Bountiful,A,Bundled,O,UT,Municipal,PACE
2023,2049,"Bowie-Cass Electric Coop, Inc",A,Bundled,O,TX,Cooperative,SWPP
2023,2054,City of Bowling Green - (OH),A,Bundled,O,OH,Municipal,PJM
2023,2056,City of Bowling Green - (KY),A,Bundled,O,KY,Municipal,TVA
2023,2089,Bozrah Light & Power Company,A,Bundled,O,CT,Municipal,ISNE
2023,2144,Town of Braintree - (MA),A,Bundled,O,MA,Municipal,ISNE
2023,2194,City of Brenham - (TX),A,Bundled,O,TX,Municipal,ERCO
2023,2212,"Broad River Electric Coop, Inc",A,Bundled,O,NC,Cooperative,DUK
2023,2212,"Broad River Electric Coop, Inc",A,Bundled,O,SC,Cooperative,DUK
2023,2247,City of Bristol - (TN),A,Bundled,O,TN,Municipal,TVA
2023,2248,Bristol Virginia Utilities,A,Bundled,O,VA,Municipal,TVA
2023,2273,Brodhead Water & Lighting Comm,A,Bundled,O,WI,Municipal,MISO
2023,2285,City of Brookings - (SD),A,Bundled,O,SD,Municipal,WACM
2023,2394,Burke-Divide Electric Coop Inc,A,Bundled,O,ND,Cooperative,SWPP
2023,2409,Brownsville Public Utilities Board,A,Bundled,O,TX,Municipal,ERCO
2023,2411,City of Brownsville,A,Bundled,O,TN,Municipal,TVA
2023,2442,City of Bryan - (TX),A,Bundled,O,TX,Municipal,ERCO
2023,2487,City of Buford,A,Bundled,O,GA,Municipal,SOCO
2023,2502,"Buckeye Rural Elec Coop, Inc",A,Bundled,O,OH,Cooperative,PJM
2023,2507,City of Burbank Water and Power,A,Bundled,O,CA,Municipal,LDWP
2023,2548,City of Burlington Electric - (VT),A,Bundled,O,VT,Municipal,ISNE
2023,2643,Butler Public Power District - (NE),A,Bundled,O,NE,Political Subdivision,SWPP
2023,2651,Butler Rural Electric Coop Inc - (OH),A,Bundled,O,OH,Cooperative,PJM
2023,2652,Butler County Rural Elec Coop - (IA),A,Bundled,O,IA,Cooperative,SWPP
2023,2678,C & L Electric Coop Corp,A,Bundled,O,AR,Cooperative,MISO
2023,2774,CMS Electric Coop Inc,A,Bundled,O,KS,Cooperative,SWPP
2023,2812,City of Calhoun - (GA),A,Bundled,O,GA,Municipal,SOCO
2023,2830,Calpine Power America LLC,B,Energy,O,CA,Retail Power Marketer,CISO
2023,2830,Calpine Power America LLC,B,Energy,O,ME,Retail Power Marketer,ISNE
2023,2830,Calpine Power America LLC,D,Bundled,O,TX,Retail Power Marketer,ERCO
2023,2849,Central Electric Power Assn - (MS),A,Bundled,O,MS,Cooperative,TVA
2023,2903,Canoochee Electric Member Corp,A,Bundled,O,GA,Cooperative,SOCO
2023,2911,"Canadian Valley Elec Coop, Inc",A,Bundled,O,OK,Cooperative,SWPP
2023,2960,"Caney Fork Electric Coop, Inc",A,Bundled,O,TN,Cooperative,TVA
2023,2985,"Capital Electric Coop, Inc",A,Bundled,O,ND,Cooperative,SWPP
2023,3046,Duke Energy Progress - (NC),A,Bundled,O,NC,Investor Owned,CPLE
2023,3046,Duke Energy Progress - (NC),A,Bundled,O,SC,Investor Owned,CPLE
2023,3075,Carroll County - (TN),A,Bundled,O,TN,Municipal,TVA
2023,3081,Carroll Electric Member Corp - (GA),A,Bundled,O,GA,Cooperative,SOCO
2023,3093,Carroll Electric Coop Corp - (AR),A,Bundled,O,AR,Cooperative,SWPP
2023,3093,Carroll Electric Coop Corp - (AR),A,Bundled,O,MO,Cooperative,SWPP
2023,3107,Carteret-Craven El Member Corp,A,Bundled,O,NC,Cooperative,CPLE
2023,3108,City of Cartersville - (GA),A,Bundled,O,GA,Municipal,SOCO
2023,3113,City of Carthage - (MO),A,Bundled,O,MO,Municipal,SWPP
2023,3203,Cedar Falls Utilities,A,Bundled,O,IA,Municipal,MISO
2023,3205,Cedar-Knox Public Power Dist,A,Bundled,O,NE,Political Subdivision,SWPP
2023,3208,Cedarburg Light & Water Comm,A,Bundled,O,WI,Municipal,MISO
2023,3216,City of Celina - (OH),A,Bundled,O,OH,Municipal,PJM
2023,3222,Central Alabama Electric Coop,A,Bundled,O,AL,Cooperative,SOCO
2023,3226,"Central Rural Electric Cooperative, Inc",A,Bundled,O,OK,Cooperative,AECI
2023,3236,"Central Electric Coop, Inc - (SD)",A,Bundled,O,SD,Cooperative,WACM
2023,3240,Central Electric Coop Inc - (OR),A,Bundled,O,OR,Cooperative,BPAT
2023,3245,"Central Florida Elec Coop, Inc",A,Bundled,O,FL,Cooperative,SEC
2023,3248,Central Georgia El Member Corp,A,Bundled,O,GA,Cooperative,SOCO
2023,3249,Central Hudson Gas & Elec Corp,A,Bundled,O,NY,Investor Owned,NYIS
2023,3249,Central Hudson Gas & Elec Corp,C,Delivery,O,NY,Investor Owned,NYIS
2023,3250,Central Electric Membership Corp. - (NC),A,Bundled,O,NC,Cooperative,CPLE
2023,3264,Central Lincoln People's Ut Dt,A,Bundled,O,OR,Political Subdivision,BPAT
2023,3265,Cleco Power LLC,A,Bundled,O,LA,Investor Owned,MISO
2023,3266,Central Maine Power Co,A,Bundled,O,ME,Investor Owned,ISNE
2023,3266,Central Maine Power Co,C,Delivery,O,ME,Investor Owned,ISNE
2023,3268,Central Missouri Elec Coop Inc,A,Bundled,O,MO,Cooperative,AECI
2023,3273,"Central New Mexico El Coop, Inc",A,Bundled,O,NM,Cooperative,PNM
2023,3282,"Central Texas Elec Coop, Inc",A,Bundled,O,TX,Cooperative,ERCO
2023,3287,"Central Valley Elec Coop, Inc",A,Bundled,O,NM,Cooperative,SWPP
2023,3291,Central Virginia Electric Coop,A,Bundled,O,VA,Cooperative,PJM
2023,3295,City of Centralia - (WA),A,Bundled,O,WA,Municipal,BPAT
2023,3329,Borough of Chambersburg,A,Bundled,O,PA,Municipal,PJM
2023,3355,City of Chanute,A,Bundled,O,KS,Municipal,SWPP
2023,3400,City of Chaska - (MN),A,Bundled,O,MN,Municipal,MISO
2023,3408,City of Chattanooga - (TN),A,Bundled,O,GA,Municipal,TVA
2023,3408,City of Chattanooga - (TN),A,Bundled,O,TN,Municipal,TVA
2023,3413,PUD No 1 of Chelan County,A,Bundled,O,WA,Political Subdivision,CHPD
2023,3426,Cherokee Electric Coop - (AL),A,Bundled,O,AL,Cooperative,TVA
2023,3436,Cherryland Electric Coop Inc,A,Bundled,O,MI,Cooperative,MISO
2023,3461,Cheyenne Light Fuel & Power,A,Bundled,O,WY,Investor Owned,WACM
2023,3470,Cherokee County Elec Coop Assn - (TX),A,Bundled,O,TX,Cooperative,ERCO
2023,3475,City of Chickamauga,A,Bundled,O,GA,Municipal,TVA
2023,3477,City of Chicopee - (MA),A,Bundled,O,MA,Municipal,ISNE
2023,3478,Cimarron Electric Coop,A,Bundled,O,OK,Cooperative,SWPP
2023,3502,"Choctawhatche Elec Coop, Inc",A,Bundled,O,FL,Cooperative,SOCO
2023,3503,"Choptank Electric Cooperative, Inc",A,Bundled,O,MD,Cooperative,PJM
2023,3522,Chugach Electric Assn Inc,A,Bundled,O,AK,Cooperative,CEA
2023,3527,Choctaw Electric Coop Inc,A,Bundled,O,OK,Cooperative,SWPP
2023,3542,Duke Energy Ohio Inc,A,Bundled,O,OH,Investor Owned,PJM
2023,3542,Duke Energy Ohio Inc,C,Delivery,O,OH,Investor Owned,PJM
2023,3597,Citizens Electric Co - (PA),A,Bundled,O,PA,Investor Owned,PJM
2023,3597,Citizens Electric Co - (PA),C,Delivery,O,PA,Investor Owned,PJM
2023,3600,Citizens Electric Corporation - (MO),A,Bundled,O,MO,Cooperative,MISO
2023,3641,"Claiborne Electric Coop, Inc",A,Bundled,O,LA,Cooperative,MISO
2023,3644,PUD No 1 of Clallam County,A,Bundled,O,WA,Political Subdivision,BPAT
2023,3647,City of Claremore,A,Bundled,O,OK,Municipal,SWPP
2023,3660,PUD No 1 of Clark County - (WA),A,Bundled,O,WA,Political Subdivision,BPAT
2023,3687,Clark Energy Coop Inc - (KY),A,Bundled,O,KY,Cooperative,PJM
2023,3704,City of Clarksville - (TN),A,Bundled,O,TN,Municipal,TVA
2023,3705,Clarksville Connected Utilities,A,Bundled,O,AR,Municipal,SWPP
2023,3712,Clay County Electric Coop Corp - (AR),A,Bundled,O,AR,Cooperative,MISO
2023,3712,Clay County Electric Coop Corp - (AR),A,Bundled,O,MO,Cooperative,MISO
2023,3755,Cleveland Electric Illum Co,A,Bundled,O,OH,Investor Owned,PJM
2023,3755,Cleveland Electric Illum Co,C,Delivery,O,OH,Investor Owned,PJM
2023,3757,"Clay Electric Cooperative, Inc - (FL)",A,Bundled,O,FL,Cooperative,SEC
2023,3758,City of Cleveland - (TN),A,Bundled,O,TN,Municipal,TVA
2023,3762,City of Cleveland - (OH),A,Bundled,O,OH,Municipal,PJM
2023,3812,City of Clinton - (TN),A,Bundled,O,TN,Municipal,TVA
2023,3824,Clyde Light & Power,A,Bundled,O,OH,Municipal,PJM
2023,3828,Cloverland Electric Co-op,A,Bundled,O,MI,Cooperative,MISO
2023,3841,Coast Electric Power Assn - (MS),A,Bundled,O,MS,Cooperative,SOCO
2023,3843,Coastal Electric Member Corp - (GA),A,Bundled,O,GA,Cooperative,SOCO
2023,3855,Columbia Power System - (TN),A,Bundled,O,TN,Municipal,TVA
2023,3892,City of Coffeyville - (KS),A,Bundled,O,KS,Municipal,SWPP
2023,3915,Coldwater Board of Public Util,A,Bundled,O,MI,Municipal,MISO
2023,3916,Cobb Electric Membership Corp,A,Bundled,O,GA,Cooperative,SOCO
2023,3931,Coles-Moultrie Electric Coop,A,Bundled,O,IL,Cooperative,MISO
2023,3939,City of College Park - (GA),A,Bundled,O,GA,Municipal,SOCO
2023,3940,City of College Station - (TX),A,Bundled,O,TX,Municipal,ERCO
2023,3989,City of Colorado Springs - (CO),A,Bundled,O,CO,Municipal,WACM
2023,3991,CMS Energy Resource Management,B,Energy,O,MI,Retail Power Marketer,MISO
2023,4003,City of Colton - (CA),A,Bundled,O,CA,Municipal,CISO
2023,4041,"Columbia Rural Elec Assn, Inc",A,Bundled,O,OR,Cooperative,BPAT
2023,4041,"Columbia Rural Elec Assn, Inc",A,Bundled,O,WA,Cooperative,BPAT
2023,4045,City of Columbia - (MO),A,Bundled,O,MO,Municipal,MISO
2023,4063,Co-Mo Electric Coop Inc,A,Bundled,O,MO,Cooperative,AECI
2023,4065,City of Columbus - (OH),A,Bundled,O,OH,Municipal,PJM
2023,4068,City of Columbus - (MS),A,Bundled,O,MS,Municipal,TVA
2023,4073,City of Columbus - (WI),A,Bundled,O,WI,Municipal,MISO
2023,4100,Just Energy Solutions Inc.,B,Energy,O,DE,Retail Power Marketer,PJM
2023,4100,Just Energy Solutions Inc.,B,Energy,O,IL,Retail Power Marketer,PJM
2023,4100,Just Energy Solutions Inc.,B,Energy,O,MD,Retail Power Marketer,PJM
2023,4100,Just Energy Solutions Inc.,B,Energy,O,MI,Retail Power Marketer,MISO
2023,4100,Just Energy Solutions Inc.,B,Energy,O,NJ,Retail Power Marketer,PJM
2023,4100,Just Energy Solutions Inc.,B,Energy,O,OH,Retail Power Marketer,PJM
2023,4100,Just Energy Solutions Inc.,B,Energy,O,PA,Retail Power Marketer,PJM
2023,4110,Commonwealth Edison Co,A,Bundled,O,IL,Investor Owned,PJM
2023,4110,Commonwealth Edison Co,C,Delivery,O,IL,Investor Owned,PJM
2023,4146,Concho Valley Elec Coop Inc,A,Bundled,O,TX,Cooperative,ERCO
2023,4150,City of Concord - (NC),A,Bundled,O,NC,Municipal,DUK
2023,4153,"Concordia Electric Coop, Inc",A,Bundled,O,LA,Cooperative,MISO
2023,4160,Callaway Electric Cooperative,A,Bundled,O,MO,Cooperative,AECI
2023,4176,Connecticut Light & Power Co,A,Bundled,O,CT,Investor Owned,ISNE
2023,4176,Connecticut Light & Power Co,C,Delivery,O,CT,Investor Owned,ISNE
2023,4226,Consolidated Edison Co-NY Inc,A,Bundled,O,NY,Investor Owned,NYIS
2023,4226,Consolidated Edison Co-NY Inc,C,Delivery,O,NY,Investor Owned,NYIS
2023,4237,Consolidated Electric Coop,A,Bundled,O,MO,Cooperative,AECI
2023,4247,Consolidated Water Power Co,A,Bundled,O,WI,Investor Owned,MISO
2023,4254,Consumers Energy Co - (MI),A,Bundled,O,MI,Investor Owned,MISO
2023,4254,Consumers Energy Co - (MI),C,Delivery,O,MI,Investor Owned,MISO
2023,4262,Cooke County Elec Coop Assn,A,Bundled,O,TX,Cooperative,ERCO
2023,4265,Continental Divide El Coop Inc,A,Bundled,O,NM,Cooperative,PNM
2023,4280,Conway Corporation,A,Bundled,O,AR,Municipal,MISO
2023,4294,City of Cookeville - (TN),A,Bundled,O,TN,Municipal,TVA
2023,4295,Comanche County Elec Coop Assn,A,Bundled,O,TX,Cooperative,ERCO
2023,4296,"Cookson Hills Elec Coop, Inc",A,Bundled,O,OK,Cooperative,AECI
2023,4317,"Coos-Curry Electric Coop, Inc",A,Bundled,O,OR,Cooperative,BPAT
2023,4327,Coosa Valley Electric Coop Inc,A,Bundled,O,AL,Cooperative,SOCO
2023,4356,Colorado River Comm of Nevada,A,Bundled,O,NV,State,NEVP
2023,4356,Colorado River Comm of Nevada,B,Energy,O,NV,State,NEVP
2023,4356,Colorado River Comm of Nevada,C,Delivery,O,NV,State,NEVP
2023,4362,Corn Belt Energy Corporation,A,Bundled,O,IL,Cooperative,MISO
2023,4373,Cornhusker Public Power Dist,A,Bundled,O,NE,Political Subdivision,SWPP
2023,4390,City of Corona - (CA),A,Bundled,O,CA,Municipal,CISO
2023,4390,City of Corona - (CA),B,Energy,O,CA,Municipal,CISO
2023,4401,"Cotton Electric Coop, Inc",A,Bundled,O,OK,Cooperative,SWPP
2023,4410,"Shell Energy North America (US), L.P.",B,Energy,O,CA,Retail Power Marketer,CISO
2023,4410,"Shell Energy North America (US), L.P.",B,Energy,O,NV,Retail Power Marketer,NEVP
2023,4410,"Shell Energy North America (US), L.P.",B,Energy,O,OR,Retail Power Marketer,PGE
2023,4410,"Shell Energy North America (US), L.P.",B,Energy,O,WA,Retail Power Marketer,PSEI
2023,4430,"Covington Electric Coop, Inc",A,Bundled,O,AL,Cooperative,SOCO
2023,4432,Coweta-Fayette El Member Corp,A,Bundled,O,GA,Cooperative,SOCO
2023,4433,City of Covington - (GA),A,Bundled,O,GA,Municipal,SOCO
2023,4437,City of Covington - (TN),A,Bundled,O,TN,Municipal,TVA
2023,4442,PUD No 1 of Cowlitz County,A,Bundled,O,WA,Political Subdivision,BPAT
2023,4508,"Crawfordsville Elec, Lgt & Pwr",A,Bundled,O,IN,Municipal,MISO
2023,4509,Craighead Electric Coop Corp,A,Bundled,O,AR,Cooperative,MISO
2023,4524,"Crawford Electric Coop, Inc",A,Bundled,O,MO,Cooperative,AECI
2023,4538,Crisp County Power Comm,A,Bundled,O,GA,Political Subdivision,SOCO
2023,4577,Crow Wing Cooperative Power & Light Comp,A,Bundled,O,MN,Cooperative,MISO
2023,4604,City of Crystal Falls,A,Bundled,O,MI,Municipal,MISO
2023,4607,City of Cuba City,A,Bundled,O,WI,Municipal,MISO
2023,4617,Cullman Power Board,A,Bundled,O,AL,Municipal,TVA
2023,4618,"Cullman Electric Coop, Inc",A,Bundled,O,AL,Cooperative,TVA
2023,4622,"Cumberland Valley Electric, Inc.",A,Bundled,O,KY,Cooperative,PJM
2023,4622,"Cumberland Valley Electric, Inc.",A,Bundled,O,TN,Cooperative,PJM
2023,4624,Cumberland Elec Member Corp,A,Bundled,O,TN,Cooperative,TVA
2023,4671,Custer Public Power District,A,Bundled,O,NE,Political Subdivision,SWPP
2023,4675,Cuivre River Electric Coop Inc,A,Bundled,O,MO,Cooperative,AECI
2023,4683,City of Cuyahoga Falls - (OH),A,Bundled,O,OH,Municipal,PJM
2023,4715,Dahlberg Light & Power Co,A,Bundled,O,WI,Investor Owned,MISO
2023,4717,Dakota Valley Elec Coop Inc,A,Bundled,O,ND,Cooperative,MISO
2023,4720,Dakota Energy Coop Inc,A,Bundled,O,SD,Cooperative,WACM
2023,4743,"Consumers Power, Inc",A,Bundled,O,OR,Cooperative,BPAT
2023,4744,Dalton Utilities,A,Bundled,O,GA,Municipal,SOCO
2023,4794,City of Danville - (VA),A,Bundled,O,VA,Municipal,PJM
2023,4848,Daviess Martin County R E M C,A,Bundled,O,IN,Cooperative,MISO
2023,4911,Dawson Power District,A,Bundled,O,NE,Political Subdivision,SWPP
2023,4920,City of Dayton - (TN),A,Bundled,O,TN,Municipal,TVA
2023,4922,Dayton Power & Light Co,A,Bundled,O,OH,Investor Owned,PJM
2023,4922,Dayton Power & Light Co,C,Delivery,O,OH,Investor Owned,PJM
2023,4939,"Deaf Smith Electric Coop, Inc",A,Bundled,O,TX,Cooperative,SWPP
2023,4958,Decatur Utilities,A,Bundled,O,AL,Municipal,TVA
2023,4960,Decatur County Rural E M C,A,Bundled,O,IN,Cooperative,MISO
2023,4975,Deep East Texas Elec Coop Inc,A,Bundled,O,TX,Cooperative,MISO
2023,5027,Delmarva Power,A,Bundled,O,DE,Investor Owned,PJM
2023,5027,Delmarva Power,A,Bundled,O,MD,Investor Owned,PJM
2023,5027,Delmarva Power,C,Delivery,O,DE,Investor Owned,PJM
2023,5027,Delmarva Power,C,Delivery,O,MD,Investor Owned,PJM
2023,5063,City of Denton - (TX),A,Bundled,O,TX,Municipal,ERCO
2023,5070,Delaware Electric Cooperative,A,Bundled,O,DE,Cooperative,PJM
2023,5078,"Denton County Elec Coop, Inc",A,Bundled,O,TX,Cooperative,ERCO
2023,5086,Delta Montrose Electric Assn,A,Bundled,O,CO,Cooperative,WACM
2023,5109,DTE Electric Company,A,Bundled,O,MI,Investor Owned,MISO
2023,5109,DTE Electric Company,C,Delivery,O,MI,Investor Owned,MISO
2023,5148,City of Dickson,A,Bundled,O,TN,Municipal,TVA
2023,5175,Dixie Electric Power Assn - (MS),A,Bundled,O,MS,Cooperative,MISO
2023,5202,Dixie Electric Membership Corp - (LA),A,Bundled,O,LA,Cooperative,MISO
2023,5204,Dixie Electric Coop - (AL),A,Bundled,O,AL,Cooperative,SOCO
2023,5309,City of Dothan - (AL),A,Bundled,O,AL,Municipal,SOCO
2023,5325,City of Douglas,A,Bundled,O,GA,Municipal,SOCO
2023,5326,PUD No 1 of Douglas County,A,Bundled,O,WA,Political Subdivision,DOPD
2023,5335,City of Dover - (DE),A,Bundled,O,DE,Municipal,PJM
2023,5336,City of Dover - (OH),A,Bundled,O,OH,Municipal,PJM
2023,5394,Dubois Rural Electric Coop Inc,A,Bundled,O,IN,Cooperative,MISO
2023,5399,Duck River Elec Member Corp,A,Bundled,O,TN,Cooperative,TVA
2023,5416,"Duke Energy Carolinas, LLC",A,Bundled,O,NC,Investor Owned,DUK
2023,5416,"Duke Energy Carolinas, LLC",A,Bundled,O,SC,Investor Owned,DUK
2023,5417,Dunn County Electric Coop,A,Bundled,O,WI,Cooperative,MISO
2023,5470,ConocoPhillips Company,D,Bundled,O,TX,Retail Power Marketer,ERCO
2023,5480,Town of Danvers,A,Bundled,O,MA,Municipal,ISNE
2023,5487,Duquesne Light Co,A,Bundled,O,PA,Investor Owned,PJM
2023,5487,Duquesne Light Co,C,Delivery,O,PA,Investor Owned,PJM
2023,5509,City of Dyersburg,A,Bundled,O,TN,Municipal,TVA
2023,5535,Egyptian Electric Coop Assn,A,Bundled,O,IL,Cooperative,MISO
2023,5551,City of Eagle River - (WI),A,Bundled,O,WI,Municipal,MISO
2023,5574,East Central Energy,A,Bundled,O,MN,Cooperative,MISO
2023,5574,East Central Energy,A,Bundled,O,WI,Cooperative,MISO
2023,5578,East Mississippi Elec Pwr Assn,A,Bundled,O,MS,Cooperative,TVA
2023,5582,City of East Point - (GA),A,Bundled,O,GA,Municipal,SOCO
2023,5585,Eastern Illinois Elec Coop,A,Bundled,O,IL,Cooperative,MISO
2023,5588,East-Central Iowa Rural Elec Coop,A,Bundled,O,IA,Cooperative,MISO
2023,5598,East Central Oklahoma Elec Coop Inc,A,Bundled,O,OK,Cooperative,AECI
2023,5605,Eastern Iowa Light & Power Coop,A,Bundled,O,IA,Cooperative,MISO
2023,5609,Eastern Maine Electric Coop,A,Bundled,O,ME,Cooperative,NBSO
2023,5625,Easton Utilities Comm,A,Bundled,O,MD,Municipal,PJM
2023,5644,"Edisto Electric Coop, Inc",A,Bundled,O,SC,Cooperative,SC
2023,5656,Edgecombe-Martin County E M C,A,Bundled,O,NC,Cooperative,PJM
2023,5661,City of Edmond - (OK),A,Bundled,O,OK,Municipal,SWPP
2023,5701,El Paso Electric Co,A,Bundled,O,NM,Investor Owned,EPE
2023,5701,El Paso Electric Co,A,Bundled,O,TX,Investor Owned,EPE
2023,5703,Empire Natural Gas Corporation,B,Energy,O,NY,Retail Power Marketer,NYIS
2023,5729,Electrical Dist No8 Maricopa,A,Bundled,O,AZ,Political Subdivision,AZPS
2023,5760,City of Elizabeth City - (NC),A,Bundled,O,NC,Municipal,CPLE
2023,5763,City of Elizabethton - (TN),A,Bundled,O,TN,Municipal,TVA
2023,5773,City of Elk River,A,Bundled,O,MN,Municipal,MISO
2023,5780,Elkhorn Rural Public Pwr Dist,A,Bundled,O,NE,Political Subdivision,SWPP
2023,5832,Elmhurst Mutual Power & Light Co,A,Bundled,O,WA,Cooperative,BPAT
2023,5860,Empire District Electric Co,A,Bundled,O,AR,Investor Owned,SWPP
2023,5860,Empire District Electric Co,A,Bundled,O,KS,Investor Owned,SWPP
2023,5860,Empire District Electric Co,A,Bundled,O,MO,Investor Owned,SWPP
2023,5860,Empire District Electric Co,A,Bundled,O,OK,Investor Owned,SWPP
2023,5862,"Empire Electric Assn, Inc",A,Bundled,O,CO,Cooperative,WACM
2023,5862,"Empire Electric Assn, Inc",A,Bundled,O,UT,Cooperative,WACM
2023,5880,"Energy Coop of New York, Inc",B,Energy,O,NY,Retail Power Marketer,NYIS
2023,5880,"Energy Coop of New York, Inc",B,Energy,O,PA,Retail Power Marketer,PJM
2023,5905,Excelsior Electric Member Corp,A,Bundled,O,GA,Cooperative,SOCO
2023,5929,"Fairfield Electric Coop, Inc",A,Bundled,O,SC,Cooperative,SC
2023,5930,Village of Fairport - (NY),A,Bundled,O,NY,Municipal,NYIS
2023,5961,Town of Erwin - (TN),A,Bundled,O,TN,Municipal,TVA
2023,5969,City of Escondido - (CA),A,Bundled,O,CA,Municipal,CISO
2023,6008,City of Etowah,A,Bundled,O,TN,Municipal,TVA
2023,6022,City of Eugene - (OR),A,Bundled,O,OR,Municipal,BPAT
2023,6043,City of Evansville,A,Bundled,O,WI,Municipal,MISO
2023,6149,City of Ellensburg - (WA),A,Bundled,O,WA,Municipal,BPAT
2023,6169,Fall River Rural Elec Coop Inc,A,Bundled,O,ID,Cooperative,BPAT
2023,6169,Fall River Rural Elec Coop Inc,A,Bundled,O,MT,Cooperative,BPAT
2023,6169,Fall River Rural Elec Coop Inc,A,Bundled,O,WY,Cooperative,BPAT
2023,6181,"Farmers Electric Coop, Inc - (MO)",A,Bundled,O,MO,Cooperative,AECI
2023,6182,"Farmers Electric Coop, Inc - (TX)",A,Bundled,O,TX,Cooperative,ERCO
2023,6183,"Fayette Electric Coop, Inc",A,Bundled,O,TX,Cooperative,ERCO
2023,6194,Farmers Rural Electric Coop Corp - (KY),A,Bundled,O,KY,Cooperative,PJM
2023,6198,"Farmers Electric Coop, Inc - (NM)",A,Bundled,O,NM,Cooperative,SWPP
2023,6204,City of Farmington - (NM),A,Bundled,O,NM,Municipal,WACM
2023,6205,City of Farmington - (MO),A,Bundled,O,MO,Municipal,MISO
2023,6207,Farmington River Power Company,B,Energy,O,CT,Investor Owned,ISNE
2023,6234,City of Fayetteville,A,Bundled,O,TN,Municipal,TVA
2023,6235,Fayetteville Public Works Commission,A,Bundled,O,NC,Municipal,CPLE
2023,6258,Federated Rural Electric Assn,A,Bundled,O,IA,Cooperative,MISO
2023,6258,Federated Rural Electric Assn,A,Bundled,O,MN,Cooperative,MISO
2023,6342,First Electric Coop Corp,A,Bundled,O,AR,Cooperative,MISO
2023,6369,Fishers Island Utility Co Inc,A,Bundled,O,NY,Investor Owned,ISNE
2023,6374,Fitchburg Gas & Elec Light Co,A,Bundled,O,MA,Investor Owned,ISNE
2023,6374,Fitchburg Gas & Elec Light Co,C,Delivery,O,MA,Investor Owned,ISNE
2023,6395,Flathead Electric Coop Inc,A,Bundled,O,MT,Cooperative,BPAT
2023,6411,Flint Electric Membership Corp,A,Bundled,O,GA,Cooperative,SOCO
2023,6422,City of Florence - (AL),A,Bundled,O,AL,Municipal,TVA
2023,6424,Florence Utility Comm,A,Bundled,O,WI,Municipal,MISO
2023,6427,City of Floresville,A,Bundled,O,TX,Municipal,ERCO
2023,6442,Fleming-Mason Energy Coop Inc,A,Bundled,O,KY,Cooperative,PJM
2023,6443,"Florida Keys El Coop Assn, Inc",A,Bundled,O,FL,Cooperative,FPL
2023,6452,Florida Power & Light Co,A,Bundled,O,FL,Investor Owned,FPL
2023,6455,"Duke Energy Florida, LLC",A,Bundled,O,FL,Investor Owned,FPC
2023,6457,Florida Public Utilities Co,A,Bundled,O,FL,Investor Owned,JEA
2023,6458,Energy Harbor Corp.,B,Energy,O,IL,Retail Power Marketer,MISO
2023,6458,Energy Harbor Corp.,B,Energy,O,MD,Retail Power Marketer,PJM
2023,6458,Energy Harbor Corp.,B,Energy,O,MI,Retail Power Marketer,MISO
2023,6458,Energy Harbor Corp.,B,Energy,O,NJ,Retail Power Marketer,PJM
2023,6458,Energy Harbor Corp.,B,Energy,O,OH,Retail Power Marketer,PJM
2023,6458,Energy Harbor Corp.,B,Energy,O,PA,Retail Power Marketer,PJM
2023,6491,Foley Board of Utilities,A,Bundled,O,AL,Municipal,SOCO
2023,6582,City of Forest Grove,A,Bundled,O,OR,Municipal,BPAT
2023,6604,City of Fort Collins - (CO),A,Bundled,O,CO,Municipal,PSCO
2023,6608,Fort Loudoun Electric Coop,A,Bundled,O,TN,Cooperative,TVA
2023,6610,City of Fort Morgan,A,Bundled,O,CO,Municipal,PSCO
2023,6612,Fort Payne Improvement Authority,A,Bundled,O,AL,Municipal,TVA
2023,6616,Fort Pierce Utilities Authority,A,Bundled,O,FL,Municipal,FMPP
2023,6638,City of Fountain,A,Bundled,O,CO,Municipal,PSCO
2023,6640,Four County Elec Member Corp,A,Bundled,O,NC,Cooperative,CPLE
2023,6641,4-County Electric Power Assn,A,Bundled,O,MS,Cooperative,TVA
2023,6707,City of Frankfort - (IN),A,Bundled,O,IN,Municipal,MISO
2023,6708,City of Frankfort - (KY),A,Bundled,O,KY,Municipal,LGEE
2023,6709,Easley Combined Utility System,A,Bundled,O,SC,Municipal,DUK
2023,6716,PUD No 1 of Franklin County,A,Bundled,O,WA,Political Subdivision,BPAT
2023,6717,Franklin Electric Coop - (AL),A,Bundled,O,AL,Cooperative,TVA
2023,6718,City of Franklin - (KY),A,Bundled,O,KY,Municipal,TVA
2023,6775,Village of Freeport - (NY),A,Bundled,O,NY,Municipal,NYIS
2023,6779,City of Fremont - (NE),A,Bundled,O,NE,Municipal,SWPP
2023,6782,Freeborn Mower Electric Cooperative,A,Bundled,O,IA,Cooperative,MISO
2023,6782,Freeborn Mower Electric Cooperative,A,Bundled,O,MN,Cooperative,MISO
2023,6784,French Broad Elec Member Corp,A,Bundled,O,NC,Cooperative,CPLE
2023,6784,French Broad Elec Member Corp,A,Bundled,O,TN,Cooperative,TVA
2023,6840,City of Fulton - (KY),A,Bundled,O,KY,Municipal,TVA
2023,6894,City of Gaffney - (SC),A,Bundled,O,SC,Municipal,DUK
2023,6909,Gainesville Regional Utilities,A,Bundled,O,FL,Municipal,GVL
2023,6923,City of Gallatin - (TN),A,Bundled,O,TN,Municipal,TVA
2023,6941,City of Garden City,A,Bundled,O,KS,Municipal,SWPP
2023,6957,"Garkane Energy Coop, Inc",A,Bundled,O,AZ,Cooperative,WALC
2023,6957,"Garkane Energy Coop, Inc",A,Bundled,O,UT,Cooperative,WACM
2023,6958,City of Garland - (TX),A,Bundled,O,TX,Municipal,ERCO
2023,7024,Gascosage Electric Coop,A,Bundled,O,MO,Cooperative,AECI
2023,7027,City of Gastonia - (NC),A,Bundled,O,NC,Municipal,DUK
2023,7090,GreyStone Power Corporation,A,Bundled,O,GA,Cooperative,SOCO
2023,7096,City of Geneva- (IL),A,Bundled,O,IL,Municipal,PJM
2023,7129,City of Georgetown - (TX),A,Bundled,O,TX,Municipal,ERCO
2023,7140,Georgia Power Co,A,Bundled,O,GA,Investor Owned,SOCO
2023,7174,Gibson Electric Members Corp,A,Bundled,O,KY,Cooperative,TVA
2023,7174,Gibson Electric Members Corp,A,Bundled,O,TN,Cooperative,TVA
2023,7222,City of Gillette - (WY),A,Bundled,O,WY,Municipal,WAUW
2023,7264,"Glades Electric Coop, Inc",A,Bundled,O,FL,Cooperative,SEC
2023,7265,City of Gladstone,A,Bundled,O,MI,Municipal,MISO
2023,7270,City of Glasgow - (KY),A,Bundled,O,KY,Municipal,TVA
2023,7279,"NextEra Energy Services, LLC",B,Energy,O,CT,Retail Power Marketer,ISNE
2023,7279,"NextEra Energy Services, LLC",B,Energy,O,DC,Retail Power Marketer,PJM
2023,7279,"NextEra Energy Services, LLC",B,Energy,O,DE,Retail Power Marketer,PJM
2023,7279,"NextEra Energy Services, LLC",B,Energy,O,IL,Retail Power Marketer,MISO
2023,7279,"NextEra Energy Services, LLC",B,Energy,O,MA,Retail Power Marketer,ISNE
2023,7279,"NextEra Energy Services, LLC",B,Energy,O,MD,Retail Power Marketer,PJM
2023,7279,"NextEra Energy Services, LLC",B,Energy,O,ME,Retail Power Marketer,ISNE
2023,7279,"NextEra Energy Services, LLC",B,Energy,O,NH,Retail Power Marketer,ISNE
2023,7279,"NextEra Energy Services, LLC",B,Energy,O,NJ,Retail Power Marketer,PJM
2023,7279,"NextEra Energy Services, LLC",B,Energy,O,NY,Retail Power Marketer,NYIS
2023,7279,"NextEra Energy Services, LLC",B,Energy,O,OH,Retail Power Marketer,PJM
2023,7279,"NextEra Energy Services, LLC",B,Energy,O,PA,Retail Power Marketer,PJM
2023,7279,"NextEra Energy Services, LLC",B,Energy,O,RI,Retail Power Marketer,ISNE
2023,7294,City of Glendale - (CA),A,Bundled,O,CA,Municipal,LDWP
2023,7353,Golden Valley Elec Assn Inc,A,Bundled,O,AK,Cooperative,NA
2023,7450,Grady Electric Membership Corp,A,Bundled,O,GA,Cooperative,SOCO
2023,7483,City of Grand Haven - (MI),A,Bundled,O,MI,Municipal,MISO
2023,7490,Grand River Dam Authority,A,Bundled,O,OK,State,SWPP
2023,7548,PUD No 1 of Grays Harbor County,A,Bundled,O,WA,Political Subdivision,BPAT
2023,7554,Green Mountain Energy Company,B,Energy,O,IL,Retail Power Marketer,PJM
2023,7554,Green Mountain Energy Company,B,Energy,O,MA,Retail Power Marketer,ISNE
2023,7554,Green Mountain Energy Company,B,Energy,O,MD,Retail Power Marketer,PJM
2023,7554,Green Mountain Energy Company,B,Energy,O,NJ,Retail Power Marketer,PJM
2023,7554,Green Mountain Energy Company,B,Energy,O,NY,Retail Power Marketer,NYIS
2023,7554,Green Mountain Energy Company,B,Energy,O,PA,Retail Power Marketer,PJM
2023,7554,Green Mountain Energy Company,D,Bundled,O,TX,Retail Power Marketer,ERCO
2023,7558,Grayson Rural Electric Coop Corp,A,Bundled,O,KY,Cooperative,PJM
2023,7559,"Grayson-Collin Elec Coop, Inc",A,Bundled,O,TX,Cooperative,ERCO
2023,7561,"Greenbelt Electric Coop, Inc",A,Bundled,O,TX,Cooperative,ERCO
2023,7563,Grand Valley Power,A,Bundled,O,CO,Cooperative,PSCO
2023,7601,Green Mountain Power Corp,A,Bundled,O,VT,Investor Owned,ISNE
2023,7625,City of Greeneville - (TN),A,Bundled,O,TN,Municipal,TVA
2023,7627,City of Greenfield - (IN),A,Bundled,O,IN,Municipal,MISO
2023,7634,City of Greenville - (TX),A,Bundled,O,TX,Municipal,ERCO
2023,7639,Greenville Utilities Comm,A,Bundled,O,NC,Municipal,CPLE
2023,7646,Greenwood CPW,A,Bundled,O,SC,Municipal,DUK
2023,7651,Greenwood Utilities Comm,A,Bundled,O,MS,Municipal,MISO
2023,7654,Greer Commission of Public Wks,A,Bundled,O,SC,Municipal,DUK
2023,7679,City of Griffin - (GA),A,Bundled,O,GA,Municipal,SOCO
2023,7716,Groton Dept of Utilities - (CT),A,Bundled,O,CT,Municipal,ISNE
2023,7752,Guadalupe Valley Elec Coop Inc,A,Bundled,O,TX,Cooperative,ERCO
2023,7785,"Gulf Coast Electric Coop, Inc",A,Bundled,O,FL,Cooperative,SOCO
2023,7827,Guntersville Electric Board,A,Bundled,O,AL,Municipal,TVA
2023,7887,Habersham Electric Membership Corp,A,Bundled,O,GA,Cooperative,SOCO
2023,7891,Guernsey-Muskingum El Coop Inc,A,Bundled,O,OH,Cooperative,PJM
2023,7908,Hagerstown Light Department,A,Bundled,O,MD,Municipal,PJM
2023,7977,City of Hamilton - (OH),A,Bundled,O,OH,Municipal,PJM
2023,7979,Hamilton County Elec Coop Assn,A,Bundled,O,TX,Cooperative,ERCO
2023,8000,NineStar Connect,A,Bundled,O,IN,Cooperative,MISO
2023,8034,Hancock-Wood Electric Coop Inc,A,Bundled,O,OH,Cooperative,PJM
2023,8055,City of Hannibal - (MO),A,Bundled,O,MO,Municipal,MISO
2023,8147,City of Harriman - (TN),A,Bundled,O,TN,Municipal,TVA
2023,8179,Harrison County Rural E M C,A,Bundled,O,IN,Cooperative,MISO
2023,8198,City of Harrisonburg - (VA),A,Bundled,O,VA,Municipal,PJM
2023,8210,Hart Electric Member Corp,A,Bundled,O,GA,Cooperative,SOCO
2023,8212,Hartford Electric,A,Bundled,O,WI,Municipal,MISO
2023,8226,City of Hartselle,A,Bundled,O,AL,Municipal,TVA
2023,8245,City of Hastings - (NE),A,Bundled,O,NE,Municipal,SWPP
2023,8287,Hawaii Electric Light Co Inc,A,Bundled,O,HI,Investor Owned,NA
2023,8319,Heartland Power Coop,A,Bundled,O,IA,Cooperative,MISO
2023,8319,Heartland Power Coop,A,Bundled,O,MN,Cooperative,MISO
2023,8333,Haywood Electric Member Corp,A,Bundled,O,GA,Cooperative,DUK
2023,8333,Haywood Electric Member Corp,A,Bundled,O,NC,Cooperative,DUK
2023,8333,Haywood Electric Member Corp,A,Bundled,O,SC,Cooperative,DUK
2023,8447,Hendricks County Rural E M C,A,Bundled,O,IN,Cooperative,MISO
2023,8449,Henderson City Utility Comm,A,Bundled,O,KY,Municipal,MISO
2023,8548,City of Hickman,A,Bundled,O,KY,Municipal,TVA
2023,8566,High Plains Power Inc,A,Bundled,O,WY,Cooperative,WACM
2023,8570,Highline Electric Assn,A,Bundled,O,CO,Cooperative,WACM
2023,8570,Highline Electric Assn,A,Bundled,O,NE,Cooperative,WACM
2023,8571,Town of High Point,A,Bundled,O,NC,Municipal,DUK
2023,8620,"HILCO Electric Cooperative, Inc.",A,Bundled,O,TX,Cooperative,ERCO
2023,8699,Inland Power & Light Company,A,Bundled,O,ID,Cooperative,BPAT
2023,8699,Inland Power & Light Company,A,Bundled,O,WA,Cooperative,BPAT
2023,8723,City of Holland,A,Bundled,O,MI,Municipal,MISO
2023,8748,City of Holly Springs,A,Bundled,O,MS,Municipal,TVA
2023,8761,Holmes-Wayne Electric Coop Inc,A,Bundled,O,OH,Cooperative,PJM
2023,8764,"Holston Electric Coop, Inc",A,Bundled,O,TN,Cooperative,TVA
2023,8773,"Holy Cross Electric Assn, Inc",A,Bundled,O,CO,Cooperative,PSCO
2023,8774,City of Holyoke - (MA),A,Bundled,O,MA,Municipal,ISNE
2023,8786,Horry Electric Coop Inc,A,Bundled,O,SC,Cooperative,SC
2023,8795,City of Homestead - (FL),A,Bundled,O,FL,Municipal,HST
2023,8840,City of Hope - (AR),A,Bundled,O,AR,Municipal,MISO
2023,8846,City of Hopkinsville,A,Bundled,O,KY,Municipal,TVA
2023,8883,Houlton Water Company,A,Bundled,O,ME,Municipal,NBSO
2023,8883,Houlton Water Company,C,Delivery,O,ME,Municipal,NBSO
2023,8884,Terrebonne Parish Consol Gov't,A,Bundled,O,LA,Municipal,MISO
2023,8898,Houston County Elec Coop Inc,A,Bundled,O,TX,Cooperative,ERCO
2023,8934,"Howell-Oregon Elec Coop, Inc",A,Bundled,O,MO,Cooperative,AECI
2023,8973,Town of Hudson - (MA),A,Bundled,O,MA,Municipal,ISNE
2023,9023,City of Humboldt,A,Bundled,O,TN,Municipal,TVA
2023,9087,Town of Huntersville - (NC),A,Bundled,O,NC,Municipal,DUK
2023,9094,City of Huntsville - (AL),A,Bundled,O,AL,Municipal,TVA
2023,9096,City of Lafayette - (LA),A,Bundled,O,LA,Municipal,MISO
2023,9124,Hustisford Utilities,A,Bundled,O,WI,Municipal,MISO
2023,9130,Hutchinson Utilities Comm,A,Bundled,O,MN,Municipal,MISO
2023,9187,City of Idaho Falls - (ID),A,Bundled,O,ID,Municipal,PACE
2023,9191,Idaho Power Co,A,Bundled,O,ID,Investor Owned,IPCO
2023,9191,Idaho Power Co,A,Bundled,O,OR,Investor Owned,IPCO
2023,9216,Imperial Irrigation District,A,Bundled,O,CA,Political Subdivision,IID
2023,9230,City of Independence - (IA),A,Bundled,O,IA,Municipal,MISO
2023,9231,City of Independence - (MO),A,Bundled,O,MO,Municipal,SWPP
2023,9246,"Indian Electric Coop, Inc",A,Bundled,O,OK,Cooperative,SWPP
2023,9273,AES Indiana,A,Bundled,O,IN,Investor Owned,MISO
2023,9292,Inter County Energy Coop Corp - (KY),A,Bundled,O,KY,Cooperative,PJM
2023,9324,Indiana Michigan Power Co,A,Bundled,O,IN,Investor Owned,PJM
2023,9324,Indiana Michigan Power Co,A,Bundled,O,MI,Investor Owned,PJM
2023,9324,Indiana Michigan Power Co,C,Delivery,O,MI,Investor Owned,PJM
2023,9331,Intercounty Electric Coop Assn - (MO),A,Bundled,O,MO,Cooperative,AECI
2023,9336,CORE Electric Cooperative,A,Bundled,O,CO,Cooperative,PSCO
2023,9417,Interstate Power and Light Co,A,Bundled,O,IA,Investor Owned,MISO
2023,9425,Iowa Lakes Electric Coop,A,Bundled,O,IA,Cooperative,SWPP
2023,9431,Irwin Electric Membership Corp,A,Bundled,O,GA,Cooperative,SOCO
2023,9475,Itasca-Mantrap Co-op Electrical Assn,A,Bundled,O,MN,Cooperative,MISO
2023,9575,Jackson Energy Coop Corp - (KY),A,Bundled,O,KY,Cooperative,PJM
2023,9576,Jackson County Rural E M C - (IN),A,Bundled,O,IN,Cooperative,MISO
2023,9590,"Jackson Electric Coop, Inc - (TX)",A,Bundled,O,TX,Cooperative,ERCO
2023,9601,Jackson Electric Member Corp - (GA),A,Bundled,O,GA,Cooperative,SOCO
2023,9605,Jackson Purchase Energy Corporation,A,Bundled,O,KY,Cooperative,MISO
2023,9612,City of Jackson - (TN),A,Bundled,O,TN,Municipal,TVA
2023,9613,City of Lebanon - (IN),A,Bundled,O,IN,Municipal,MISO
2023,9616,Beaches Energy Services,A,Bundled,O,FL,Municipal,FPL
2023,9617,JEA,A,Bundled,O,FL,Municipal,JEA
2023,9645,Jamestown Board of Public Util,A,Bundled,O,NY,Municipal,NYIS
2023,9665,Jasper County Rural E M C,A,Bundled,O,IN,Cooperative,MISO
2023,9667,City of Jasper - (IN),A,Bundled,O,IN,Municipal,MISO
2023,9668,"Jasper-Newton Elec Coop, Inc",A,Bundled,O,TX,Cooperative,MISO
2023,9682,"Jefferson Davis Elec Coop, Inc",A,Bundled,O,LA,Cooperative,MISO
2023,9689,Jefferson Electric Member Corp,A,Bundled,O,GA,Cooperative,SOCO
2023,9690,Jefferson Utilities,A,Bundled,O,WI,Municipal,MISO
2023,9697,City of Jellico,A,Bundled,O,KY,Municipal,TVA
2023,9697,City of Jellico,A,Bundled,O,TN,Municipal,TVA
2023,9699,"Jemez Mountains Elec Coop, Inc",A,Bundled,O,NM,Cooperative,WALC
2023,9726,Jersey Central Power & Lt Co,A,Bundled,O,NJ,Investor Owned,PJM
2023,9726,Jersey Central Power & Lt Co,C,Delivery,O,NJ,Investor Owned,PJM
2023,9739,Joe Wheeler Elec Member Corp,A,Bundled,O,AL,Cooperative,TVA
2023,9750,"Jo-Carroll Energy, Inc",A,Bundled,O,IL,Cooperative,MISO
2023,9750,"Jo-Carroll Energy, Inc",C,Delivery,O,IL,Cooperative,MISO
2023,9777,Johnson City - (TN),A,Bundled,O,TN,Municipal,TVA
2023,9778,Johnson County Rural E M C,A,Bundled,O,IN,Cooperative,MISO
2023,9837,Jones-Onslow Elec Member Corp,A,Bundled,O,NC,Cooperative,CPLE
2023,9879,City Water and Light Plant,A,Bundled,O,AR,Municipal,MISO
2023,9936,Juneau Utility Comm,A,Bundled,O,WI,Municipal,MISO
2023,9949,Just Energy,B,Energy,O,MA,Retail Power Marketer,ISNE
2023,9949,Just Energy,B,Energy,O,PA,Retail Power Marketer,PJM
2023,9949,Just Energy,D,Bundled,O,TX,Retail Power Marketer,ERCO
2023,9964,Kenergy Corp,A,Bundled,O,KY,Cooperative,MISO
2023,9996,City of Kansas City - (KS),A,Bundled,O,KS,Municipal,SWPP
2023,9999,Kankakee Valley Rural E M C,A,Bundled,O,IN,Cooperative,MISO
2023,10000,Evergy Metro,A,Bundled,O,KS,Investor Owned,SWPP
2023,10000,Evergy Metro,A,Bundled,O,MO,Investor Owned,SWPP
2023,10005,"Evergy Kansas South, Inc",A,Bundled,O,KS,Investor Owned,SWPP
2023,10009,Karnes Electric Coop Inc,A,Bundled,O,TX,Cooperative,ERCO
2023,10012,Kay Electric Coop,A,Bundled,O,OK,Cooperative,SWPP
2023,10019,FreeState Electric Coop,A,Bundled,O,KS,Cooperative,SWPP
2023,10056,City of Kaukauna,A,Bundled,O,WI,Municipal,MISO
2023,10066,K C Electric Association,A,Bundled,O,CO,Cooperative,WACM
2023,10071,Kauai Island Utility Cooperative,A,Bundled,O,HI,Cooperative,NA
2023,10170,"Kiamichi Electric Coop, Inc",A,Bundled,O,OK,Cooperative,AECI
2023,10171,Kentucky Utilities Co,A,Bundled,O,KY,Investor Owned,LGEE
2023,10171,Kentucky Utilities Co,A,Bundled,O,VA,Investor Owned,LGEE
2023,10210,Ketchikan Public Utilities,A,Bundled,O,AK,Municipal,NA
2023,10226,"Utility Board of the City of Key West, F",A,Bundled,O,FL,Municipal,FMPP
2023,10325,Kings River Conservation Dist,A,Bundled,O,CA,Political Subdivision,CISO
2023,10331,Kingsport Power Co,A,Bundled,O,TN,Investor Owned,PJM
2023,10345,City of Kinston - (NC),A,Bundled,O,NC,Municipal,CPLE
2023,10370,City of Kirkwood - (MO),A,Bundled,O,MO,Municipal,MISO
2023,10376,Kissimmee Utility Authority,A,Bundled,O,FL,Municipal,FMPP
2023,10378,"Kit Carson Electric Coop, Inc",A,Bundled,O,NM,Cooperative,PNM
2023,10393,PUD No 1 of Klickitat County,A,Bundled,O,WA,Political Subdivision,BPAT
2023,10421,Knoxville Utilities Board,A,Bundled,O,TN,Municipal,TVA
2023,10433,Kodiak Electric Assn Inc,A,Bundled,O,AK,Cooperative,NA
2023,10448,Kosciusko County Rural E M C,A,Bundled,O,IN,Cooperative,MISO
2023,10451,Kotzebue Electric Assn Inc,A,Bundled,O,AK,Cooperative,NA
2023,10454,Kootenai Electric Cooperative,A,Bundled,O,ID,Cooperative,AVA
2023,10454,Kootenai Electric Cooperative,A,Bundled,O,WA,Cooperative,AVA
2023,10508,Village of L'Anse - (MI),A,Bundled,O,MI,Municipal,MISO
2023,10539,"La Plata Electric Assn, Inc",A,Bundled,O,CO,Cooperative,WACM
2023,10579,City of LaFollette,A,Bundled,O,TN,Municipal,TVA
2023,10585,City of La Grange - (GA),A,Bundled,O,GA,Municipal,SOCO
2023,10596,City of Lake Crystal - (MN),A,Bundled,O,MN,Municipal,MISO
2023,10599,"Lake Region Electric Coop, Inc - (OK)",A,Bundled,O,OK,Cooperative,AECI
2023,10603,"Laclede Electric Coop, Inc",A,Bundled,O,MO,Cooperative,AECI
2023,10605,Lake Mills Light & Water,A,Bundled,O,WI,Municipal,MISO
2023,10618,Lake Region Electric Cooperative - (MN),A,Bundled,O,MN,Cooperative,MISO
2023,10620,City of Lake Worth Beach - (FL),A,Bundled,O,FL,Municipal,FMPP
2023,10623,City of Lakeland - (FL),A,Bundled,O,FL,Municipal,FMPP
2023,10624,Southern Rivers Energy,A,Bundled,O,GA,Cooperative,SOCO
2023,10625,"Lamb County Electric Coop, Inc",A,Bundled,O,TX,Cooperative,SWPP
2023,10627,Lakeview Light & Power,A,Bundled,O,WA,Cooperative,BPAT
2023,10649,Lamar County Elec Coop Assn,A,Bundled,O,TX,Cooperative,ERCO
2023,10668,Licking Rural Electric Inc,A,Bundled,O,OH,Cooperative,PJM
2023,10681,Lane Electric Coop Inc,A,Bundled,O,OR,Cooperative,BPAT
2023,10697,Lake Country Power,A,Bundled,O,MN,Cooperative,MISO
2023,10704,City of Lansing - (MI),A,Bundled,O,MI,Municipal,MISO
2023,10768,"Laurens Electric Coop, Inc",A,Bundled,O,SC,Cooperative,DUK
2023,10799,City of Lawrenceburg,A,Bundled,O,TN,Municipal,TVA
2023,10800,City of Lawrenceville - (GA),A,Bundled,O,GA,Municipal,SOCO
2023,10817,"Lea County Electric Coop, Inc - (NM)",A,Bundled,O,NM,Cooperative,SWPP
2023,10817,"Lea County Electric Coop, Inc - (NM)",A,Bundled,O,TX,Cooperative,SWPP
2023,10830,City of Lebanon - (OH),A,Bundled,O,OH,Municipal,PJM
2023,10832,City of Lebanon - (MO),A,Bundled,O,MO,Municipal,AECI
2023,10857,"Lee County Electric Coop, Inc - (FL)",A,Bundled,O,FL,Cooperative,FPL
2023,10868,City of Leesburg - (FL),A,Bundled,O,FL,Municipal,FPC
2023,10879,Lehi City Corporation,A,Bundled,O,UT,Municipal,PACE
2023,10906,City of Lenoir - (TN),A,Bundled,O,TN,Municipal,TVA
2023,10944,PUD No 1 of Lewis County,A,Bundled,O,WA,Political Subdivision,BPAT
2023,10960,City of Lewisburg - (TN),A,Bundled,O,TN,Municipal,TVA
2023,10966,City of Lexington - (NC),A,Bundled,O,NC,Municipal,DUK
2023,10967,City of Lexington - (NE),A,Bundled,O,NE,Municipal,SWPP
2023,10968,City of Lexington - (TN),A,Bundled,O,TN,Municipal,TVA
2023,11011,Licking Valley Rural E C C,A,Bundled,O,KY,Cooperative,PJM
2023,11014,"Lighthouse Electric Coop, Inc",A,Bundled,O,TX,Cooperative,ERCO
2023,11018,Lincoln Electric System,A,Bundled,O,NE,Municipal,SWPP
2023,11053,Linn County REC,A,Bundled,O,IA,Cooperative,MISO
2023,11085,Town of Littleton - (MA),A,Bundled,O,MA,Municipal,ISNE
2023,11118,Lockhart Power Co,A,Bundled,O,SC,Investor Owned,DUK
2023,11124,City of Lodi - (CA),A,Bundled,O,CA,Municipal,CISO
2023,11125,City of Lodi - (WI),A,Bundled,O,WI,Municipal,MISO
2023,11135,City of Logan - (UT),A,Bundled,O,UT,Municipal,PACE
2023,11142,City of Logansport - (IN),A,Bundled,O,IN,Municipal,MISO
2023,11171,Long Island Power Authority,A,Bundled,O,NY,State,NYIS
2023,11171,Long Island Power Authority,C,Delivery,O,NY,State,NYIS
2023,11187,City of Longmont,A,Bundled,O,CO,Municipal,PSCO
2023,11200,"Lorain-Medina R E C, Inc",A,Bundled,O,OH,Cooperative,PJM
2023,11204,Los Alamos County,A,Bundled,O,NM,Municipal,PNM
2023,11208,Los Angeles Department of Water & Power,A,Bundled,O,CA,Municipal,LDWP
2023,11222,Loudon Utilities Board,A,Bundled,O,TN,Municipal,TVA
2023,11241,Entergy Louisiana LLC,A,Bundled,O,LA,Investor Owned,MISO
2023,11247,Louisville Electric System,A,Bundled,O,MS,Municipal,TVA
2023,11249,Louisville Gas & Electric Co,A,Bundled,O,KY,Investor Owned,LGEE
2023,11251,Loup River Public Power Dist,A,Bundled,O,NE,Political Subdivision,SWPP
2023,11256,City of Loveland - (CO),A,Bundled,O,CO,Municipal,PSCO
2023,11272,"Lower Yellowstone R E A, Inc",A,Bundled,O,MT,Cooperative,WAUW
2023,11272,"Lower Yellowstone R E A, Inc",A,Bundled,O,ND,Cooperative,SWPP
2023,11273,Lower Valley Energy Inc,A,Bundled,O,ID,Cooperative,BPAT
2023,11273,Lower Valley Energy Inc,A,Bundled,O,WY,Cooperative,BPAT
2023,11291,Lumbee River Elec Member Corp,A,Bundled,O,NC,Cooperative,CPLE
2023,11292,City of Lubbock - (TX),A,Bundled,O,TX,Municipal,ERCO
2023,11292,City of Lubbock - (TX),A,Bundled,O,TX,Municipal,SWPP
2023,11318,City of Lumberton - (NC),A,Bundled,O,NC,Municipal,CPLE
2023,11355,"Lynches River Elec Coop, Inc",A,Bundled,O,SC,Cooperative,SC
2023,11364,"Lyntegar Electric Coop, Inc",A,Bundled,O,TX,Cooperative,SWPP
2023,11458,City of Macon - (MS),A,Bundled,O,MS,Municipal,TVA
2023,11463,Macon Electric Coop,A,Bundled,O,MO,Cooperative,AECI
2023,11475,City of Madison - (SD),A,Bundled,O,SD,Municipal,MISO
2023,11477,Town of Madison - (ME),A,Bundled,O,ME,Municipal,ISNE
2023,11477,Town of Madison - (ME),C,Delivery,O,ME,Municipal,ISNE
2023,11479,Madison Gas & Electric Co,A,Bundled,O,WI,Investor Owned,MISO
2023,11488,Madisonville Municipal Utils,A,Bundled,O,KY,Municipal,LGEE
2023,11501,Magic Valley Electric Coop Inc,A,Bundled,O,TX,Cooperative,ERCO
2023,11519,Magnolia Electric Power Assn,A,Bundled,O,MS,Cooperative,MISO
2023,11560,City of Manassas - (VA),A,Bundled,O,VA,Municipal,PJM
2023,11571,Manitowoc Public Utilities,A,Bundled,O,WI,Municipal,MISO
2023,11586,Town of Mansfield - (MA),A,Bundled,O,MA,Municipal,ISNE
2023,11611,City of Maquoketa - (IA),A,Bundled,O,IA,Municipal,MISO
2023,11646,City of Marietta - (GA),A,Bundled,O,GA,Municipal,SOCO
2023,11701,City of Marquette - (MI),A,Bundled,O,MI,Municipal,MISO
2023,11714,Marshall-De Kalb Electric Coop,A,Bundled,O,AL,Cooperative,TVA
2023,11731,City of Marshall - (MN),A,Bundled,O,MN,Municipal,MISO
2023,11740,City of Marshfield - (WI),A,Bundled,O,WI,Municipal,MISO
2023,11788,Consumers Energy Coop - (IA),A,Bundled,O,IA,Cooperative,MISO
2023,11789,Maryville Utilities,A,Bundled,O,TN,Municipal,TVA
2023,11804,Massachusetts Electric Co,A,Bundled,O,MA,Investor Owned,ISNE
2023,11804,Massachusetts Electric Co,C,Delivery,O,MA,Investor Owned,ISNE
2023,11811,Town of Massena - (NY),A,Bundled,O,NY,Municipal,NYIS
2023,11824,Matanuska Electric Assn Inc,A,Bundled,O,AK,Cooperative,NA
2023,11843,Maui Electric Co Ltd,A,Bundled,O,HI,Investor Owned,NA
2023,11871,City of Mayfield Plant Board,A,Bundled,O,KY,Municipal,TVA
2023,12087,McKenzie Electric Coop Inc,A,Bundled,O,MT,Cooperative,SWPP
2023,12087,McKenzie Electric Coop Inc,A,Bundled,O,ND,Cooperative,SWPP
2023,12090,"McLean Electric Coop, Inc",A,Bundled,O,ND,Cooperative,MISO
2023,12186,McMinnville Electric System,A,Bundled,O,TN,Municipal,TVA
2023,12187,City of McMinnville - (OR),A,Bundled,O,OR,Municipal,BPAT
2023,12199,Montana-Dakota Utilities Co,A,Bundled,O,MT,Investor Owned,SWPP
2023,12199,Montana-Dakota Utilities Co,A,Bundled,O,ND,Investor Owned,MISO
2023,12199,Montana-Dakota Utilities Co,A,Bundled,O,SD,Investor Owned,MISO
2023,12199,Montana-Dakota Utilities Co,A,Bundled,O,WY,Investor Owned,WACM
2023,12208,City of McPherson - (KS),A,Bundled,O,KS,Municipal,SWPP
2023,12227,Meeker Coop Light & Power Assn,A,Bundled,O,MN,Cooperative,MISO
2023,12243,Meade County Rural E C C,A,Bundled,O,KY,Cooperative,MISO
2023,12260,Mecklenburg Electric Cooperative,A,Bundled,O,NC,Cooperative,PJM
2023,12260,Mecklenburg Electric Cooperative,A,Bundled,O,VA,Cooperative,PJM
2023,12268,"Medina Electric Coop, Inc",A,Bundled,O,TX,Cooperative,ERCO
2023,12293,City of Memphis - (TN),A,Bundled,O,TN,Municipal,TVA
2023,12298,City of Menasha - (WI),A,Bundled,O,WI,Municipal,MISO
2023,12301,Nodak Electric Coop Inc,A,Bundled,O,ND,Cooperative,MISO
2023,12312,Merced Irrigation District,A,Bundled,O,CA,Political Subdivision,CISO
2023,12330,Meriwether Lewis Electric Coop,A,Bundled,O,TN,Cooperative,TVA
2023,12341,MidAmerican Energy Co,A,Bundled,O,IA,Investor Owned,MISO
2023,12341,MidAmerican Energy Co,A,Bundled,O,IL,Investor Owned,MISO
2023,12341,MidAmerican Energy Co,A,Bundled,O,SD,Investor Owned,MISO
2023,12341,MidAmerican Energy Co,C,Delivery,O,IL,Investor Owned,MISO
2023,12351,City of Mesa - (AZ),A,Bundled,O,AZ,Municipal,WALC
2023,12377,Midwest Energy Cooperative - (MI),A,Bundled,O,IN,Cooperative,PJM
2023,12377,Midwest Energy Cooperative - (MI),A,Bundled,O,MI,Cooperative,PJM
2023,12377,Midwest Energy Cooperative - (MI),A,Bundled,O,OH,Cooperative,PJM
2023,12390,Metropolitan Edison Co,A,Bundled,O,PA,Investor Owned,PJM
2023,12390,Metropolitan Edison Co,C,Delivery,O,PA,Investor Owned,PJM
2023,12395,Menard Electric Coop,A,Bundled,O,IL,Cooperative,MISO
2023,12439,"Midstate Electric Coop, Inc",A,Bundled,O,OR,Cooperative,BPAT
2023,12450,Midland Power Coop,A,Bundled,O,IA,Cooperative,MISO
2023,12452,Mid-South Electric Coop Assn,A,Bundled,O,TX,Cooperative,ERCO
2023,12462,Mid-Carolina Electric Coop Inc,A,Bundled,O,SC,Cooperative,SC
2023,12470,Middle Tennessee E M C,A,Bundled,O,TN,Cooperative,TVA
2023,12473,Town of Middleborough - (MA),A,Bundled,O,MA,Municipal,ISNE
2023,12478,Town of Middletown - (DE),A,Bundled,O,DE,Municipal,PJM
2023,12515,"Midwest Electric, Inc - (OH)",A,Bundled,O,OH,Cooperative,PJM
2023,12524,Midwest Energy Inc - (KS),A,Bundled,O,KS,Cooperative,SWPP
2023,12532,City of Milan - (TN),A,Bundled,O,TN,Municipal,TVA
2023,12539,Midwest Electric Member Corp - (NE),A,Bundled,O,NE,Cooperative,WACM
2023,12540,City of Milford - (DE),A,Bundled,O,DE,Municipal,PJM
2023,12546,Mille Lacs Energy Cooperative,A,Bundled,O,MN,Cooperative,MISO
2023,12642,Maquoketa Valley Rrl Elec Coop,A,Bundled,O,IA,Cooperative,MISO
2023,12647,"ALLETE, Inc.",A,Bundled,O,MN,Investor Owned,MISO
2023,12651,Minnesota Valley Electric Coop,A,Bundled,O,MN,Cooperative,MISO
2023,12674,City of Mishawaka,A,Bundled,O,IN,Municipal,PJM
2023,12681,Mississippi County Electric Co,A,Bundled,O,AR,Cooperative,MISO
2023,12685,Entergy Mississippi LLC,A,Bundled,O,MS,Investor Owned,MISO
2023,12686,Mississippi Power Co,A,Bundled,O,MS,Investor Owned,SOCO
2023,12692,"Missoula Electric Coop, Inc",A,Bundled,O,ID,Cooperative,BPAT
2023,12692,"Missoula Electric Coop, Inc",A,Bundled,O,MT,Cooperative,BPAT
2023,12698,Evergy Missouri West,A,Bundled,O,MO,Investor Owned,SWPP
2023,12700,Missouri Rural Electric Coop,A,Bundled,O,MO,Cooperative,AECI
2023,12706,Mitchell Electric Member Corp,A,Bundled,O,GA,Cooperative,SOCO
2023,12744,Modern Electric Water Company,A,Bundled,O,WA,Cooperative,AVA
2023,12745,Modesto Irrigation District,A,Bundled,O,CA,Political Subdivision,BANC
2023,12782,City of Monett - (MO),A,Bundled,O,MO,Municipal,SWPP
2023,12796,Monongahela Power Co,A,Bundled,O,WV,Investor Owned,PJM
2023,12801,City of Monroe - (NC),A,Bundled,O,NC,Municipal,DUK
2023,12825,NorthWestern Energy LLC - (MT),A,Bundled,O,MT,Investor Owned,NWMT
2023,12825,NorthWestern Energy LLC - (MT),A,Bundled,O,WY,Investor Owned,NWMT
2023,12825,NorthWestern Energy LLC - (MT),C,Delivery,O,MT,Investor Owned,NWMT
2023,12860,Morgan County Rural Elec Assn,A,Bundled,O,CO,Cooperative,WACM
2023,12866,Moon Lake Electric Assn Inc,A,Bundled,O,CO,Cooperative,WACM
2023,12866,Moon Lake Electric Assn Inc,A,Bundled,O,UT,Cooperative,WACM
2023,12894,City of Moorhead - (MN),A,Bundled,O,MN,Municipal,SWPP
2023,12917,Morgan Stanley Capital Grp Inc,B,Energy,O,MT,Retail Power Marketer,NWMT
2023,12917,Morgan Stanley Capital Grp Inc,D,Bundled,O,TX,Retail Power Marketer,ERCO
2023,12919,Morenci Water and Electric,A,Bundled,O,AZ,Investor Owned,WALC
2023,12929,South Central Indiana REMC,A,Bundled,O,IN,Cooperative,MISO
2023,12944,City of Morganton - (NC),A,Bundled,O,NC,Municipal,DUK
2023,12988,City of Morristown - (TN),A,Bundled,O,TN,Municipal,TVA
2023,12990,Consolidated Cooperative,A,Bundled,O,OH,Cooperative,PJM
2023,13027,"Mountain Electric Coop, Inc",A,Bundled,O,NC,Cooperative,TVA
2023,13027,"Mountain Electric Coop, Inc",A,Bundled,O,TN,Cooperative,TVA
2023,13032,Mt Carmel Public Utility Co,A,Bundled,O,IL,Investor Owned,MISO
2023,13036,Village of Mt. Horeb - (WI),A,Bundled,O,WI,Municipal,MISO
2023,13039,City of Mt Pleasant - (TN),A,Bundled,O,TN,Municipal,TVA
2023,13050,"Mountain Parks Electric, Inc",A,Bundled,O,CO,Cooperative,WACM
2023,13058,"Mountain View Elec Assn, Inc",A,Bundled,O,CO,Cooperative,WACM
2023,13073,"Mt Wheeler Power, Inc",A,Bundled,O,NV,Cooperative,NEVP
2023,13073,"Mt Wheeler Power, Inc",A,Bundled,O,UT,Cooperative,NEVP
2023,13137,City of Murray - (UT),A,Bundled,O,UT,Municipal,PACE
2023,13138,City of Murray - (KY),A,Bundled,O,KY,Municipal,TVA
2023,13143,Board of Water Electric & Communications,A,Bundled,O,IA,Municipal,MISO
2023,13144,City of Muscle Shoals,A,Bundled,O,AL,Municipal,TVA
2023,13145,Village of Muscoda - (WI),A,Bundled,O,WI,Municipal,MISO
2023,13196,Northern Plains Electric Coop,A,Bundled,O,ND,Cooperative,MISO
2023,13206,Nantucket Electric Co,A,Bundled,O,MA,Investor Owned,ISNE
2023,13206,Nantucket Electric Co,C,Delivery,O,MA,Investor Owned,ISNE
2023,13208,City of Naperville - (IL),A,Bundled,O,IL,Municipal,PJM
2023,13214,The Narragansett Electric Co,A,Bundled,O,RI,Investor Owned,ISNE
2023,13214,The Narragansett Electric Co,C,Delivery,O,RI,Investor Owned,ISNE
2023,13216,Nashville Electric Service,A,Bundled,O,TN,Municipal,TVA
2023,13227,Natchez Trace Elec Power Assn,A,Bundled,O,MS,Cooperative,TVA
2023,13228,City of Natchitoches,A,Bundled,O,LA,Municipal,MISO
2023,13292,Norris Electric Coop,A,Bundled,O,IL,Cooperative,MISO
2023,13314,Navajo Tribal Utility Authority,A,Bundled,O,AZ,State,PACE
2023,13314,Navajo Tribal Utility Authority,A,Bundled,O,NM,State,PACE
2023,13314,Navajo Tribal Utility Authority,A,Bundled,O,UT,State,PACE
2023,13318,"Navopache Electric Coop, Inc",A,Bundled,O,AZ,Cooperative,TEPC
2023,13318,"Navopache Electric Coop, Inc",A,Bundled,O,NM,Cooperative,TEPC
2023,13332,"Navarro County Elec Coop, Inc",A,Bundled,O,TX,Cooperative,ERCO
2023,13337,Nebraska Public Power District,A,Bundled,O,NE,Political Subdivision,SWPP
2023,13337,Nebraska Public Power District,A,Bundled,O,SD,Political Subdivision,SWPP
2023,13352,City of Negaunee,A,Bundled,O,MI,Municipal,MISO
2023,13374,"Constellation NewEnergy, Inc",B,Energy,O,CA,Retail Power Marketer,CISO
2023,13374,"Constellation NewEnergy, Inc",B,Energy,O,CT,Retail Power Marketer,ISNE
2023,13374,"Constellation NewEnergy, Inc",B,Energy,O,DC,Retail Power Marketer,PJM
2023,13374,"Constellation NewEnergy, Inc",B,Energy,O,DE,Retail Power Marketer,PJM
2023,13374,"Constellation NewEnergy, Inc",B,Energy,O,IL,Retail Power Marketer,PJM
2023,13374,"Constellation NewEnergy, Inc",B,Energy,O,IL,Retail Power Marketer,MISO
2023,13374,"Constellation NewEnergy, Inc",B,Energy,O,MA,Retail Power Marketer,ISNE
2023,13374,"Constellation NewEnergy, Inc",B,Energy,O,MD,Retail Power Marketer,PJM
2023,13374,"Constellation NewEnergy, Inc",B,Energy,O,ME,Retail Power Marketer,ISNE
2023,13374,"Constellation NewEnergy, Inc",B,Energy,O,MI,Retail Power Marketer,PJM
2023,13374,"Constellation NewEnergy, Inc",B,Energy,O,MI,Retail Power Marketer,MISO
2023,13374,"Constellation NewEnergy, Inc",B,Energy,O,NH,Retail Power Marketer,ISNE
2023,13374,"Constellation NewEnergy, Inc",B,Energy,O,NJ,Retail Power Marketer,PJM
2023,13374,"Constellation NewEnergy, Inc",B,Energy,O,NY,Retail Power Marketer,NYIS
2023,13374,"Constellation NewEnergy, Inc",B,Energy,O,OH,Retail Power Marketer,PJM
2023,13374,"Constellation NewEnergy, Inc",B,Energy,O,OR,Retail Power Marketer,PGE
2023,13374,"Constellation NewEnergy, Inc",B,Energy,O,PA,Retail Power Marketer,PJM
2023,13374,"Constellation NewEnergy, Inc",B,Energy,O,RI,Retail Power Marketer,ISNE
2023,13374,"Constellation NewEnergy, Inc",B,Energy,O,VA,Retail Power Marketer,PJM
2023,13374,"Constellation NewEnergy, Inc",D,Bundled,O,TX,Retail Power Marketer,ERCO
2023,13407,Nevada Power Co,A,Bundled,O,NV,Investor Owned,NEVP
2023,13407,Nevada Power Co,C,Delivery,O,NV,Investor Owned,NEVP
2023,13412,City of New Albany - (MS),A,Bundled,O,MS,Municipal,TVA
2023,13416,City of New Bern - (NC),A,Bundled,O,NC,Municipal,CPLE
2023,13418,City of New Braunfels - (TX),A,Bundled,O,TX,Municipal,ERCO
2023,13437,City of Newbern,A,Bundled,O,TN,Municipal,TVA
2023,13438,Village of New Glarus - (WI),A,Bundled,O,WI,Municipal,MISO
2023,13441,New Hampshire Elec Coop Inc,A,Bundled,O,NH,Cooperative,ISNE
2023,13441,New Hampshire Elec Coop Inc,C,Delivery,O,NH,Cooperative,ISNE
2023,13448,City of New Holstein - (WI),A,Bundled,O,WI,Municipal,MISO
2023,13467,New London Electric&Water Util,A,Bundled,O,WI,Municipal,MISO
2023,13478,"Entergy New Orleans, LLC",A,Bundled,O,LA,Investor Owned,MISO
2023,13481,City of New Richmond,A,Bundled,O,WI,Municipal,MISO
2023,13482,New River Light & Power Co,A,Bundled,O,NC,State,DUK
2023,13485,New Smyrna Beach City of,A,Bundled,O,FL,Municipal,FPL
2023,13511,New York State Elec & Gas Corp,A,Bundled,O,NY,Investor Owned,NYIS
2023,13511,New York State Elec & Gas Corp,C,Delivery,O,NY,Investor Owned,NYIS
2023,13519,City of Newark - (DE),A,Bundled,O,DE,Municipal,PJM
2023,13520,"New-Mac Electric Coop, Inc",A,Bundled,O,MO,Cooperative,AECI
2023,13523,City of Newberry - (SC),A,Bundled,O,SC,Municipal,DUK
2023,13524,"Newberry Electric Coop, Inc",A,Bundled,O,SC,Cooperative,SC
2023,13547,"Newnan Wtr, Sewer & Light Comm",A,Bundled,O,GA,Municipal,SOCO
2023,13550,City of Newport - (TN),A,Bundled,O,TN,Municipal,TVA
2023,13573,Niagara Mohawk Power Corp.,A,Bundled,O,NY,Investor Owned,NYIS
2023,13573,Niagara Mohawk Power Corp.,C,Delivery,O,NY,Investor Owned,NYIS
2023,13602,City of Niles - (OH),A,Bundled,O,OH,Municipal,PJM
2023,13640,Northern Virginia Elec Coop,A,Bundled,O,VA,Cooperative,PJM
2023,13647,Noble County R E M C,A,Bundled,O,IN,Cooperative,PJM
2023,13651,Nolin Rural Electric Coop Corp,A,Bundled,O,KY,Cooperative,PJM
2023,13664,Norris Public Power District,A,Bundled,O,NE,Political Subdivision,SWPP
2023,13669,North Alabama Electric Coop,A,Bundled,O,AL,Cooperative,TVA
2023,13676,"North Arkansas Elec Coop, Inc",A,Bundled,O,AR,Cooperative,MISO
2023,13679,Town of North Attleborough - (MA),A,Bundled,O,MA,Municipal,ISNE
2023,13693,"North Central Elec Coop, Inc - (OH)",A,Bundled,O,OH,Cooperative,PJM
2023,13694,"North Central Elec Coop, Inc - (ND)",A,Bundled,O,ND,Cooperative,MISO
2023,13697,North Central Power Co Inc,A,Bundled,O,WI,Investor Owned,MISO
2023,13716,North Georgia Elec Member Corp,A,Bundled,O,GA,Cooperative,TVA
2023,13718,City of North Little Rock - (AR),A,Bundled,O,AR,Municipal,MISO
2023,13725,City of North Platte,A,Bundled,O,NE,Municipal,SWPP
2023,13734,Northeast Oklahoma Electric Co,A,Bundled,O,OK,Cooperative,SWPP
2023,13735,Northcentral Mississippi E P A,A,Bundled,O,MS,Cooperative,TVA
2023,13739,Northeast Power,A,Bundled,O,NE,Political Subdivision,SWPP
2023,13750,"Northern Electric Coop, Inc",A,Bundled,O,SD,Cooperative,SWPP
2023,13756,Northern Indiana Pub Serv Co,A,Bundled,O,IN,Investor Owned,MISO
2023,13757,North Plains Electric Coop Inc,A,Bundled,O,TX,Cooperative,SWPP
2023,13758,"Northern Lights, Inc",A,Bundled,O,ID,Cooperative,BPAT
2023,13758,"Northern Lights, Inc",A,Bundled,O,MT,Cooperative,BPAT
2023,13758,"Northern Lights, Inc",A,Bundled,O,WA,Cooperative,BPAT
2023,13762,"Northern Neck Elec Coop, Inc",A,Bundled,O,VA,Cooperative,PJM
2023,13780,Northern States Power Co,A,Bundled,O,MI,Investor Owned,MISO
2023,13780,Northern States Power Co,A,Bundled,O,WI,Investor Owned,MISO
2023,13781,Northern States Power Co - Minnesota,A,Bundled,O,MN,Investor Owned,MISO
2023,13781,Northern States Power Co - Minnesota,A,Bundled,O,ND,Investor Owned,MISO
2023,13781,Northern States Power Co - Minnesota,A,Bundled,O,SD,Investor Owned,MISO
2023,13783,Northeast Louisiana Power Coop Inc.,A,Bundled,O,LA,Cooperative,MISO
2023,13788,Northern Wasco County PUD,A,Bundled,O,OR,Political Subdivision,BPAT
2023,13799,Prairie Land Electric Coop Inc,A,Bundled,O,KS,Cooperative,SWPP
2023,13807,Northwestern Electric Coop Inc - (OK),A,Bundled,O,OK,Cooperative,SWPP
2023,13809,NorthWestern Energy - (SD),A,Bundled,O,SD,Investor Owned,SWPP
2023,13815,Northwestern Wisconsin Elec Co,A,Bundled,O,MN,Investor Owned,MISO
2023,13815,Northwestern Wisconsin Elec Co,A,Bundled,O,WI,Investor Owned,MISO
2023,13826,City of Norway,A,Bundled,O,MI,Municipal,MISO
2023,13830,Nueces Electric Cooperative,A,Bundled,O,TX,Cooperative,ERCO
2023,13830,Nueces Electric Cooperative,D,Bundled,O,TX,Cooperative,ERCO
2023,13831,City of Norwich - (CT),A,Bundled,O,CT,Municipal,ISNE
2023,13839,City of Norwood - (MA),A,Bundled,O,MA,Municipal,ISNE
2023,13933,City of Oak Ridge,A,Bundled,O,TN,Municipal,TVA
2023,13936,Oakdale Electric Coop,A,Bundled,O,WI,Cooperative,MISO
2023,13955,City of Ocala,A,Bundled,O,FL,Municipal,FMPP
2023,13962,Oconee Electric Member Corp,A,Bundled,O,GA,Cooperative,SOCO
2023,13963,Oconomowoc Utilities,A,Bundled,O,WI,Municipal,MISO
2023,13965,Oconto Falls Water & Light Comm,A,Bundled,O,WI,Municipal,MISO
2023,13998,Ohio Edison Co,A,Bundled,O,OH,Investor Owned,PJM
2023,13998,Ohio Edison Co,C,Delivery,O,OH,Investor Owned,PJM
2023,14006,Ohio Power Co,A,Bundled,O,OH,Investor Owned,PJM
2023,14006,Ohio Power Co,C,Delivery,O,OH,Investor Owned,PJM
2023,14015,Ohio Valley Electric Corp,A,Bundled,O,OH,Investor Owned,PJM
2023,14055,PUD No 1 of Okanogan County,A,Bundled,O,WA,Political Subdivision,DOPD
2023,14062,Oklahoma Electric Coop Inc,A,Bundled,O,OK,Cooperative,SWPP
2023,14063,Oklahoma Gas & Electric Co,A,Bundled,O,AR,Investor Owned,SWPP
2023,14063,Oklahoma Gas & Electric Co,A,Bundled,O,OK,Investor Owned,SWPP
2023,14078,City of Okolona,A,Bundled,O,MS,Municipal,TVA
2023,14109,"Oregon Trail El Cons Coop, Inc",A,Bundled,O,OR,Cooperative,BPAT
2023,14127,Omaha Public Power District,A,Bundled,O,NE,Political Subdivision,SWPP
2023,14146,City of Opelika - (AL),A,Bundled,O,AL,Municipal,SOCO
2023,14154,Orange & Rockland Utils Inc,A,Bundled,O,NY,Investor Owned,NYIS
2023,14154,Orange & Rockland Utils Inc,C,Delivery,O,NY,Investor Owned,NYIS
2023,14164,City of Orangeburg - (SC),A,Bundled,O,SC,Municipal,SCEG
2023,14170,Orcas Power & Light Coop,A,Bundled,O,WA,Cooperative,BPAT
2023,14175,"Tri-County Electric Coop, Inc (SC)",A,Bundled,O,SC,Cooperative,SC
2023,14192,Osage Valley Elec Coop Assn,A,Bundled,O,MO,Cooperative,AECI
2023,14194,City of Orrville - (OH),A,Bundled,O,OH,Municipal,PJM
2023,14224,Otero County Electric Coop Inc,A,Bundled,O,NM,Cooperative,PNM
2023,14232,Otter Tail Power Co,A,Bundled,O,MN,Investor Owned,MISO
2023,14232,Otter Tail Power Co,A,Bundled,O,ND,Investor Owned,MISO
2023,14232,Otter Tail Power Co,A,Bundled,O,SD,Investor Owned,MISO
2023,14238,Ouachita Electric Coop Corp,A,Bundled,O,AR,Cooperative,MISO
2023,14245,Overton Power District No 5,A,Bundled,O,NV,Political Subdivision,NEVP
2023,14246,City of Owatonna - (MN),A,Bundled,O,MN,Municipal,MISO
2023,14251,Owen Electric Coop Inc,A,Bundled,O,KY,Cooperative,PJM
2023,14268,City of Owensboro - (KY),A,Bundled,O,KY,Municipal,LGEE
2023,14275,City of Oxford - (MS),A,Bundled,O,MS,Municipal,TVA
2023,14285,Ozark Border Electric Coop,A,Bundled,O,MO,Cooperative,AECI
2023,14288,Ozark Electric Coop Inc - (MO),A,Bundled,O,MO,Cooperative,AECI
2023,14289,Ozarks Electric Coop Corp - (AR),A,Bundled,O,AR,Cooperative,SWPP
2023,14289,Ozarks Electric Coop Corp - (AR),A,Bundled,O,OK,Cooperative,SWPP
2023,14324,PUD No 2 of Pacific County,A,Bundled,O,WA,Political Subdivision,BPAT
2023,14328,Pacific Gas & Electric Co.,A,Bundled,O,CA,Investor Owned,CISO
2023,14328,Pacific Gas & Electric Co.,C,Delivery,O,CA,Investor Owned,CISO
2023,14349,Avangrid Renewables,B,Energy,O,OR,Retail Power Marketer,PACW
2023,14349,Avangrid Renewables,B,Energy,O,WA,Retail Power Marketer,PSEI
2023,14354,PacifiCorp,A,Bundled,O,CA,Investor Owned,PACW
2023,14354,PacifiCorp,A,Bundled,O,ID,Investor Owned,PACE
2023,14354,PacifiCorp,A,Bundled,O,OR,Investor Owned,PACW
2023,14354,PacifiCorp,A,Bundled,O,UT,Investor Owned,PACE
2023,14354,PacifiCorp,A,Bundled,O,WA,Investor Owned,PACW
2023,14354,PacifiCorp,A,Bundled,O,WY,Investor Owned,PACE
2023,14354,PacifiCorp,C,Delivery,O,OR,Investor Owned,PACW
2023,14371,City of Paducah - (KY),A,Bundled,O,KY,Municipal,TVA
2023,14381,City of Painesville,A,Bundled,O,OH,Municipal,PJM
2023,14398,Palmetto Electric Coop Inc,A,Bundled,O,SC,Cooperative,SC
2023,14401,City of Palo Alto - (CA),A,Bundled,O,CA,Municipal,CISO
2023,14424,"Panola-Harrison Elec Coop, Inc",A,Bundled,O,LA,Cooperative,SWPP
2023,14424,"Panola-Harrison Elec Coop, Inc",A,Bundled,O,TX,Cooperative,SWPP
2023,14446,Paragould Light & Water Comm,A,Bundled,O,AR,Municipal,SPA
2023,14455,City of Paris - (TN),A,Bundled,O,TN,Municipal,TVA
2023,14468,People's Cooperative Services,A,Bundled,O,MN,Cooperative,MISO
2023,14534,City of Pasadena - (CA),A,Bundled,O,CA,Municipal,CISO
2023,14537,Pascoag Utility District,A,Bundled,O,RI,Municipal,ISNE
2023,14563,Pearl River Valley El Pwr Assn,A,Bundled,O,MS,Cooperative,MISO
2023,14599,"Paulding-Putman Elec Coop, Inc",A,Bundled,O,IN,Cooperative,PJM
2023,14599,"Paulding-Putman Elec Coop, Inc",A,Bundled,O,OH,Cooperative,PJM
2023,14602,Pea River Electric Coop,A,Bundled,O,AL,Cooperative,SOCO
2023,14605,City of Peabody - (MA),A,Bundled,O,MA,Municipal,ISNE
2023,14606,"Peace River Electric Coop, Inc",A,Bundled,O,FL,Cooperative,SEC
2023,14610,Orlando Utilities Comm,A,Bundled,O,FL,Municipal,FMPP
2023,14624,PUD No 2 of Grant County,A,Bundled,O,WA,Political Subdivision,GCPD
2023,14626,"Pedernales Electric Coop, Inc",A,Bundled,O,TX,Cooperative,ERCO
2023,14649,Planters Electric Member Corp,A,Bundled,O,GA,Cooperative,SOCO
2023,14653,PUD No 1 of Pend Oreille County,A,Bundled,O,WA,Political Subdivision,AVA
2023,14668,Peninsula Light Company,A,Bundled,O,WA,Cooperative,BPAT
2023,14711,Pennsylvania Electric Co,A,Bundled,O,NY,Investor Owned,PJM
2023,14711,Pennsylvania Electric Co,A,Bundled,O,PA,Investor Owned,PJM
2023,14711,Pennsylvania Electric Co,C,Delivery,O,NY,Investor Owned,PJM
2023,14711,Pennsylvania Electric Co,C,Delivery,O,PA,Investor Owned,PJM
2023,14715,PPL Electric Utilities Corp,A,Bundled,O,PA,Investor Owned,PJM
2023,14715,PPL Electric Utilities Corp,C,Delivery,O,PA,Investor Owned,PJM
2023,14716,Pennsylvania Power Co,A,Bundled,O,PA,Investor Owned,PJM
2023,14716,Pennsylvania Power Co,C,Delivery,O,PA,Investor Owned,PJM
2023,14717,Pee Dee Electric Member Corp,A,Bundled,O,NC,Cooperative,CPLE
2023,14724,Pennyrile Rural Electric Coop,A,Bundled,O,KY,Cooperative,TVA
2023,14775,People's Electric Cooperative,A,Bundled,O,OK,Cooperative,SWPP
2023,14839,City of Peru - (IN),A,Bundled,O,IN,Municipal,MISO
2023,14840,City of Peru - (IL),A,Bundled,O,IL,Municipal,MISO
2023,14864,Petit Jean Electric Coop Corp,A,Bundled,O,AR,Cooperative,MISO
2023,14940,PECO Energy Co,A,Bundled,O,PA,Investor Owned,PJM
2023,14940,PECO Energy Co,C,Delivery,O,PA,Investor Owned,PJM
2023,14947,City of Philadelphia - (MS),A,Bundled,O,MS,Municipal,TVA
2023,14999,"Pilot Power Group, LLC",B,Energy,O,CA,Retail Power Marketer,CISO
2023,15016,Pickwick Electric Coop,A,Bundled,O,TN,Cooperative,TVA
2023,15023,Piedmont Electric Member Corp,A,Bundled,O,NC,Cooperative,DUK
2023,15040,City of Pierre - (SD),A,Bundled,O,SD,Municipal,SWPP
2023,15045,Pike County Light & Power Co,A,Bundled,O,PA,Investor Owned,NYIS
2023,15045,Pike County Light & Power Co,C,Delivery,O,PA,Investor Owned,NYIS
2023,15048,Electrical Dist No2 Pinal County,A,Bundled,O,AZ,Political Subdivision,WALC
2023,15054,"Pioneer Rural Elec Coop, Inc - (OH)",A,Bundled,O,OH,Cooperative,PJM
2023,15073,"Pioneer Electric Coop, Inc - (KS)",A,Bundled,O,KS,Cooperative,SWPP
2023,15086,Pioneer Power and Light Co,A,Bundled,O,WI,Investor Owned,MISO
2023,15095,City of Piqua - (OH),A,Bundled,O,OH,Municipal,PJM
2023,15138,"Platte-Clay Electric Coop, Inc",A,Bundled,O,MO,Cooperative,AECI
2023,15141,Plateau Electric Cooperative,A,Bundled,O,TN,Cooperative,TVA
2023,15145,City of Plattsburgh - (NY),A,Bundled,O,NY,Municipal,NYIS
2023,15159,City of Plymouth - (WI),A,Bundled,O,WI,Municipal,MISO
2023,15175,Pointe Coupee Elec Member Corp,A,Bundled,O,LA,Cooperative,MISO
2023,15202,City of Ponca City - (OK),A,Bundled,O,OK,Municipal,SWPP
2023,15211,Pontotoc Electric Power Assn,A,Bundled,O,MS,Cooperative,TVA
2023,15229,City of Poplar Bluff - (MO),A,Bundled,O,MO,Municipal,SPA
2023,15231,City of Port Angeles - (WA),A,Bundled,O,WA,Municipal,BPAT
2023,15248,Portland General Electric Co,A,Bundled,O,OR,Investor Owned,PGE
2023,15248,Portland General Electric Co,C,Delivery,O,OR,Investor Owned,PGE
2023,15257,"Poudre Valley REA, Inc",A,Bundled,O,CO,Cooperative,WACM
2023,15263,The Potomac Edison Company,A,Bundled,O,MD,Investor Owned,PJM
2023,15263,The Potomac Edison Company,A,Bundled,O,WV,Investor Owned,PJM
2023,15263,The Potomac Edison Company,C,Delivery,O,MD,Investor Owned,PJM
2023,15270,Potomac Electric Power Co,A,Bundled,O,DC,Investor Owned,PJM
2023,15270,Potomac Electric Power Co,A,Bundled,O,MD,Investor Owned,PJM
2023,15270,Potomac Electric Power Co,C,Delivery,O,DC,Investor Owned,PJM
2023,15270,Potomac Electric Power Co,C,Delivery,O,MD,Investor Owned,PJM
2023,15291,Prairie Energy Coop,A,Bundled,O,IA,Cooperative,SWPP
2023,15293,Powell Valley Electric Coop,A,Bundled,O,TN,Cooperative,TVA
2023,15293,Powell Valley Electric Coop,A,Bundled,O,VA,Cooperative,TVA
2023,15296,New York Power Authority,B,Energy,O,NY,State,NYIS
2023,15312,Village of Prairie Du Sac - (WI),A,Bundled,O,WI,Municipal,MISO
2023,15334,Prentiss County Elec Pwr Assn,A,Bundled,O,MS,Cooperative,TVA
2023,15340,Presque Isle Elec & Gas Coop,A,Bundled,O,MI,Cooperative,MISO
2023,15344,Polk-Burnett Electric Coop,A,Bundled,O,WI,Cooperative,MISO
2023,15349,City of Preston,A,Bundled,O,IA,Municipal,MISO
2023,15410,Prince George Electric Coop,A,Bundled,O,VA,Cooperative,PJM
2023,15419,PUD No 3 of Mason County,A,Bundled,O,WA,Political Subdivision,BPAT
2023,15444,Provo City Corp,A,Bundled,O,UT,Municipal,PACE
2023,15466,Public Service Co of Colorado,A,Bundled,O,CO,Investor Owned,PSCO
2023,15470,"Duke Energy Indiana, LLC",A,Bundled,O,IN,Investor Owned,MISO
2023,15472,Public Service Co of NH,A,Bundled,O,NH,Investor Owned,ISNE
2023,15472,Public Service Co of NH,C,Delivery,O,NH,Investor Owned,ISNE
2023,15473,Public Service Co of NM,A,Bundled,O,NM,Investor Owned,PNM
2023,15474,Public Service Co of Oklahoma,A,Bundled,O,OK,Investor Owned,SWPP
2023,15477,Public Service Elec & Gas Co,A,Bundled,O,NJ,Investor Owned,PJM
2023,15477,Public Service Elec & Gas Co,C,Delivery,O,NJ,Investor Owned,PJM
2023,15500,Puget Sound Energy Inc,A,Bundled,O,WA,Investor Owned,PSEI
2023,15500,Puget Sound Energy Inc,C,Delivery,O,WA,Investor Owned,PSEI
2023,15507,City of Pulaski - (TN),A,Bundled,O,TN,Municipal,TVA
2023,15671,Randolph Electric Member Corp,A,Bundled,O,NC,Cooperative,CPLE
2023,15700,Rayle Electric Membership Corp,A,Bundled,O,GA,Cooperative,SOCO
2023,15746,Red River Valley Rrl Elec Assn,A,Bundled,O,OK,Cooperative,SWPP
2023,15748,Town of Reading - (MA),A,Bundled,O,MA,Municipal,ISNE
2023,15776,Central Florida Tourism Oversight District,A,Bundled,O,FL,Municipal,FPC
2023,15783,City of Redding - (CA),A,Bundled,O,CA,Municipal,BANC
2023,15804,Reedsburg Utility Comm,A,Bundled,O,WI,Municipal,MISO
2023,15847,Reliant Energy Retail Services,D,Bundled,O,TX,Retail Power Marketer,ERCO
2023,15978,City of Richland Center - (WI),A,Bundled,O,WI,Municipal,MISO
2023,15979,City of Richland - (WA),A,Bundled,O,WA,Municipal,BPAT
2023,15989,City of Richmond - (IN),A,Bundled,O,IN,Municipal,PJM
2023,16057,"Rio Grande Electric Coop, Inc",A,Bundled,O,NM,Cooperative,EPE
2023,16057,"Rio Grande Electric Coop, Inc",A,Bundled,O,TX,Cooperative,ERCO
2023,16060,Riverland Energy Cooperative,A,Bundled,O,WI,Cooperative,MISO
2023,16063,"Rita Blanca Electric Coop, Inc",A,Bundled,O,TX,Cooperative,SWPP
2023,16082,City of River Falls,A,Bundled,O,WI,Municipal,MISO
2023,16088,City of Riverside - (CA),A,Bundled,O,CA,Municipal,CISO
2023,16101,Roanoke Electric Member Corp,A,Bundled,O,NC,Cooperative,PJM
2023,16146,"Navasota Valley Elec Coop, Inc",A,Bundled,O,TX,Cooperative,ERCO
2023,16177,"Robison Energy, LLC",B,Energy,O,NY,Retail Power Marketer,NYIS
2023,16179,Rochelle Municipal Utilities,A,Bundled,O,IL,Municipal,PJM
2023,16181,Rochester Public Utilities,A,Bundled,O,MN,Municipal,MISO
2023,16183,Rochester Gas & Electric Corp,A,Bundled,O,NY,Investor Owned,NYIS
2023,16183,Rochester Gas & Electric Corp,C,Delivery,O,NY,Investor Owned,NYIS
2023,16195,City of Rock Hill - (SC),A,Bundled,O,SC,Municipal,DUK
2023,16196,Rock Energy Cooperative,A,Bundled,O,IL,Cooperative,MISO
2023,16196,Rock Energy Cooperative,A,Bundled,O,WI,Cooperative,MISO
2023,16213,Rockland Electric Co,A,Bundled,O,NJ,Investor Owned,PJM
2023,16213,Rockland Electric Co,C,Delivery,O,NJ,Investor Owned,NYIS
2023,16213,Rockland Electric Co,C,Delivery,O,NJ,Investor Owned,PJM
2023,16223,City of Rockwood - (TN),A,Bundled,O,TN,Municipal,TVA
2023,16226,City of Rocky Mount - (NC),A,Bundled,O,NC,Municipal,CPLE
2023,16259,City of Rolla - (MO),A,Bundled,O,MO,Municipal,MISO
2023,16286,Rosebud Electric Coop Inc,A,Bundled,O,SD,Cooperative,SWPP
2023,16295,City of Roseville - (CA),A,Bundled,O,CA,Municipal,BANC
2023,16368,Runestone Electric Assn,A,Bundled,O,MN,Cooperative,MISO
2023,16382,"Rural Electric Coop, Inc - (OK)",A,Bundled,O,OK,Cooperative,SWPP
2023,16458,City of Russellville - (AL),A,Bundled,O,AL,Municipal,TVA
2023,16459,City of Russellville - (KY),A,Bundled,O,KY,Municipal,TVA
2023,16461,"Rusk County Electric Coop, Inc",A,Bundled,O,TX,Cooperative,SWPP
2023,16463,City of Ruston - (LA),A,Bundled,O,LA,Municipal,MISO
2023,16496,Rutherford Elec Member Corp,A,Bundled,O,NC,Cooperative,DUK
2023,16534,Sacramento Municipal Util Dist,A,Bundled,O,CA,Political Subdivision,BANC
2023,16555,Salem Electric - (OR),A,Bundled,O,OR,Cooperative,BPAT
2023,16558,City of Salem - (VA),A,Bundled,O,VA,Municipal,PJM
2023,16565,Salmon River Electric Coop Inc,A,Bundled,O,ID,Cooperative,IPCO
2023,16572,Salt River Project,A,Bundled,O,AZ,Political Subdivision,SRP
2023,16587,Salt River Electric Coop Corp,A,Bundled,O,KY,Cooperative,PJM
2023,16603,"San Luis Valley R E C, Inc",A,Bundled,O,CO,Cooperative,WACM
2023,16604,City of San Antonio - (TX),A,Bundled,O,TX,Municipal,ERCO
2023,16606,"Santee Electric Coop, Inc",A,Bundled,O,SC,Cooperative,SC
2023,16609,San Diego Gas & Electric Co,A,Bundled,O,CA,Investor Owned,CISO
2023,16609,San Diego Gas & Electric Co,C,Delivery,O,CA,Investor Owned,CISO
2023,16611,Access Energy Coop,A,Bundled,O,IA,Cooperative,AECI
2023,16612,City & County of San Francisco,A,Bundled,O,CA,Municipal,CISO
2023,16613,Sam Houston Electric Coop Inc,A,Bundled,O,TX,Cooperative,MISO
2023,16616,"San Isabel Electric Assn, Inc",A,Bundled,O,CO,Cooperative,WACM
2023,16622,"San Miguel Power Assn, Inc",A,Bundled,O,CO,Cooperative,WACM
2023,16627,San Patricio Electric Coop Inc,A,Bundled,O,TX,Cooperative,ERCO
2023,16629,Sand Mountain Electric Coop,A,Bundled,O,AL,Cooperative,TVA
2023,16637,City of Sandersville - (GA),A,Bundled,O,GA,Municipal,SOCO
2023,16638,"San Bernard Electric Coop, Inc",A,Bundled,O,TX,Cooperative,ERCO
2023,16655,City of Santa Clara - (CA),A,Bundled,O,CA,Municipal,CISO
2023,16674,Satilla Rural Elec Member Corporation,A,Bundled,O,GA,Cooperative,SOCO
2023,16740,Scenic Rivers Energy Coop,A,Bundled,O,IL,Cooperative,MISO
2023,16740,Scenic Rivers Energy Coop,A,Bundled,O,WI,Cooperative,MISO
2023,16751,Three Rivers Electric Coop,A,Bundled,O,MO,Cooperative,AECI
2023,16805,SEMO Electric Cooperative,A,Bundled,O,MO,Cooperative,AECI
2023,16829,City of Scottsboro - (AL),A,Bundled,O,AL,Municipal,TVA
2023,16840,"Calpine Energy Solutions, LLC",B,Energy,O,CA,Retail Power Marketer,CISO
2023,16840,"Calpine Energy Solutions, LLC",B,Energy,O,CT,Retail Power Marketer,ISNE
2023,16840,"Calpine Energy Solutions, LLC",B,Energy,O,DC,Retail Power Marketer,PJM
2023,16840,"Calpine Energy Solutions, LLC",B,Energy,O,DE,Retail Power Marketer,PJM
2023,16840,"Calpine Energy Solutions, LLC",B,Energy,O,IL,Retail Power Marketer,MISO
2023,16840,"Calpine Energy Solutions, LLC",B,Energy,O,MA,Retail Power Marketer,ISNE
2023,16840,"Calpine Energy Solutions, LLC",B,Energy,O,MD,Retail Power Marketer,PJM
2023,16840,"Calpine Energy Solutions, LLC",B,Energy,O,ME,Retail Power Marketer,ISNE
2023,16840,"Calpine Energy Solutions, LLC",B,Energy,O,MI,Retail Power Marketer,MISO
2023,16840,"Calpine Energy Solutions, LLC",B,Energy,O,NH,Retail Power Marketer,ISNE
2023,16840,"Calpine Energy Solutions, LLC",B,Energy,O,NJ,Retail Power Marketer,PJM
2023,16840,"Calpine Energy Solutions, LLC",B,Energy,O,NY,Retail Power Marketer,NYIS
2023,16840,"Calpine Energy Solutions, LLC",B,Energy,O,OH,Retail Power Marketer,PJM
2023,16840,"Calpine Energy Solutions, LLC",B,Energy,O,OR,Retail Power Marketer,PACW
2023,16840,"Calpine Energy Solutions, LLC",B,Energy,O,OR,Retail Power Marketer,PGE
2023,16840,"Calpine Energy Solutions, LLC",B,Energy,O,PA,Retail Power Marketer,PJM
2023,16840,"Calpine Energy Solutions, LLC",B,Energy,O,RI,Retail Power Marketer,ISNE
2023,16840,"Calpine Energy Solutions, LLC",B,Energy,O,VA,Retail Power Marketer,PJM
2023,16840,"Calpine Energy Solutions, LLC",B,Energy,O,WA,Retail Power Marketer,PSEI
2023,16840,"Calpine Energy Solutions, LLC",D,Bundled,O,TX,Retail Power Marketer,ERCO
2023,16865,Sawnee Electric Membership Corporation,A,Bundled,O,GA,Cooperative,SOCO
2023,16868,City of Seattle - (WA),A,Bundled,O,WA,Municipal,SCL
2023,16900,City of Seguin - (TX),A,Bundled,O,TX,Municipal,ERCO
2023,16930,Sequachee Valley Electric Coop,A,Bundled,O,TN,Cooperative,TVA
2023,16949,Sevier County Electric System,A,Bundled,O,TN,Municipal,TVA
2023,16971,Shakopee Public Utilities Comm,A,Bundled,O,MN,Municipal,MISO
2023,17011,Shawano Municipal Utilities,A,Bundled,O,WI,Municipal,MISO
2023,17033,Sheffield Utilities,A,Bundled,O,AL,Municipal,TVA
2023,17038,RushShelby Energy,A,Bundled,O,IN,Cooperative,MISO
2023,17040,"Shelby Electric Coop, Inc - (IL)",A,Bundled,O,IL,Cooperative,MISO
2023,17044,"Shelby Energy Coop, Inc - (KY)",A,Bundled,O,KY,Cooperative,PJM
2023,17047,City of Shelbyville - (TN),A,Bundled,O,TN,Municipal,TVA
2023,17066,Shenandoah Valley Elec Coop,A,Bundled,O,VA,Cooperative,PJM
2023,17127,Town of Shrewsbury - (MA),A,Bundled,O,MA,Municipal,ISNE
2023,17166,Sierra Pacific Power Co,A,Bundled,O,NV,Investor Owned,NEVP
2023,17166,Sierra Pacific Power Co,C,Delivery,O,NV,Investor Owned,NEVP
2023,17177,City of Sikeston - (MO),A,Bundled,O,MO,Municipal,SPA
2023,17184,City of Siloam Springs - (AR),A,Bundled,O,AR,Municipal,SWPP
2023,17252,Singing River Elec Cooperative,A,Bundled,O,AL,Cooperative,SOCO
2023,17252,Singing River Elec Cooperative,A,Bundled,O,MS,Cooperative,MISO
2023,17260,North West Rural Electric Coop,A,Bundled,O,IA,Cooperative,SWPP
2023,17261,Slope Electric Coop Inc,A,Bundled,O,ND,Cooperative,SWPP
2023,17267,Sioux Valley SW Elec Coop,A,Bundled,O,MN,Cooperative,SWPP
2023,17267,Sioux Valley SW Elec Coop,A,Bundled,O,SD,Cooperative,SWPP
2023,17324,Slinger Utilities,A,Bundled,O,WI,Municipal,MISO
2023,17452,City of Smithville - (TN),A,Bundled,O,TN,Municipal,TVA
2023,17470,PUD No 1 of Snohomish County,A,Bundled,O,WA,Political Subdivision,BPAT
2023,17512,Village of Solvay - (NY),A,Bundled,O,NY,Municipal,NYIS
2023,17534,"South Alabama Elec Coop, Inc",A,Bundled,O,AL,Cooperative,SOCO
2023,17539,"Dominion Energy South Carolina, Inc",A,Bundled,O,SC,Investor Owned,SCEG
2023,17540,"South Central Ark El Coop, Inc",A,Bundled,O,AR,Cooperative,MISO
2023,17543,South Carolina Public Service Authority,A,Bundled,O,SC,State,SC
2023,17550,South Central Electric Assn,A,Bundled,O,MN,Cooperative,MISO
2023,17561,South Plains Electric Coop Inc,A,Bundled,O,TX,Cooperative,ERCO
2023,17561,South Plains Electric Coop Inc,A,Bundled,O,TX,Cooperative,SWPP
2023,17564,South Kentucky Rural E C C,A,Bundled,O,KY,Cooperative,PJM
2023,17564,South Kentucky Rural E C C,A,Bundled,O,TN,Cooperative,PJM
2023,17565,South Louisiana Elec Coop Assn,A,Bundled,O,LA,Cooperative,MISO
2023,17572,South River Elec Member Corp,A,Bundled,O,NC,Cooperative,CPLE
2023,17577,City of South Sioux City,A,Bundled,O,NE,Municipal,SWPP
2023,17585,"Southeastern IL Elec Coop, Inc",A,Bundled,O,IL,Cooperative,MISO
2023,17592,Southeast Colorado Power Assn,A,Bundled,O,CO,Cooperative,WACM
2023,17599,Southeastern Indiana R E M C,A,Bundled,O,IN,Cooperative,MISO
2023,17603,Southeastern Electric Coop Inc - (OK),A,Bundled,O,OK,Cooperative,SWPP
2023,17609,Southern California Edison Co,A,Bundled,O,CA,Investor Owned,CISO
2023,17609,Southern California Edison Co,C,Delivery,O,CA,Investor Owned,CISO
2023,17612,Bear Valley Electric Service,A,Bundled,O,CA,Investor Owned,CISO
2023,17633,Southern Indiana Gas & Elec Co,A,Bundled,O,IN,Investor Owned,MISO
2023,17637,Southern Maryland Elec Coop Inc,A,Bundled,O,MD,Cooperative,PJM
2023,17637,Southern Maryland Elec Coop Inc,C,Delivery,O,MD,Cooperative,PJM
2023,17642,Southern Public Power District,A,Bundled,O,NE,Political Subdivision,SWPP
2023,17646,"Southern Pine Elec Coop, Inc",A,Bundled,O,AL,Cooperative,SOCO
2023,17647,Southern Pine Electric Cooperative,A,Bundled,O,MS,Cooperative,MISO
2023,17671,Southwest Arkansas E C C,A,Bundled,O,AR,Cooperative,MISO
2023,17671,Southwest Arkansas E C C,A,Bundled,O,OK,Cooperative,MISO
2023,17671,Southwest Arkansas E C C,A,Bundled,O,TX,Cooperative,MISO
2023,17683,Southwest Mississippi E P A,A,Bundled,O,MS,Cooperative,MISO
2023,17684,Southwest Louisiana E M C,A,Bundled,O,LA,Cooperative,MISO
2023,17692,Southwest Public Power Dist,A,Bundled,O,NE,Political Subdivision,SWPP
2023,17693,"Southwest Texas Elec Coop, Inc",A,Bundled,O,TX,Cooperative,ERCO
2023,17694,Southwest Tennessee E M C,A,Bundled,O,TN,Cooperative,TVA
2023,17697,Southwestern Electric Coop Inc - (IL),A,Bundled,O,IL,Cooperative,MISO
2023,17698,Southwestern Electric Power Co,A,Bundled,O,AR,Investor Owned,SWPP
2023,17698,Southwestern Electric Power Co,A,Bundled,O,LA,Investor Owned,SWPP
2023,17698,Southwestern Electric Power Co,A,Bundled,O,TX,Investor Owned,SWPP
2023,17710,"Spark Energy, LP",B,Energy,O,DE,Retail Power Marketer,PJM
2023,17710,"Spark Energy, LP",B,Energy,O,IL,Retail Power Marketer,MISO
2023,17710,"Spark Energy, LP",B,Energy,O,MD,Retail Power Marketer,PJM
2023,17710,"Spark Energy, LP",D,Bundled,O,TX,Retail Power Marketer,ERCO
2023,17715,Southwestern Electric Coop Inc - (NM),A,Bundled,O,CO,Cooperative,PNM
2023,17715,Southwestern Electric Coop Inc - (NM),A,Bundled,O,NM,Cooperative,PNM
2023,17715,Southwestern Electric Coop Inc - (NM),A,Bundled,O,OK,Cooperative,PNM
2023,17715,Southwestern Electric Coop Inc - (NM),A,Bundled,O,TX,Cooperative,PNM
2023,17718,Southwestern Public Service Co,A,Bundled,O,NM,Investor Owned,SWPP
2023,17718,Southwestern Public Service Co,A,Bundled,O,TX,Investor Owned,SWPP
2023,17732,Spanish Fork City Corporation,A,Bundled,O,UT,Municipal,PACE
2023,17740,City of Sparta,A,Bundled,O,TN,Municipal,TVA
2023,17826,"Springer Electric Coop, Inc",A,Bundled,O,NM,Cooperative,PNM
2023,17828,City of Springfield - (IL),A,Bundled,O,IL,Municipal,MISO
2023,17829,City of Springfield - (TN),A,Bundled,O,TN,Municipal,TVA
2023,17832,Snapping Shoals El Member Corp,A,Bundled,O,GA,Cooperative,SOCO
2023,17833,City Utilities of Springfield - (MO),A,Bundled,O,MO,Municipal,SWPP
2023,17839,City of Springfield - (OR),A,Bundled,O,OR,Municipal,BPAT
2023,17845,City of Springville - (UT),A,Bundled,O,UT,Municipal,PACE
2023,17860,City of St Charles - (IL),A,Bundled,O,IL,Municipal,PJM
2023,17874,City of St George,A,Bundled,O,UT,Municipal,PACE
2023,17891,City of St Marys - (OH),A,Bundled,O,OH,Municipal,PJM
2023,17896,City of Shasta Lake - (CA),A,Bundled,O,CA,Municipal,BANC
2023,18006,City of Starkville,A,Bundled,O,MS,Municipal,TVA
2023,18019,Stearns Cooperative Elec Assn,A,Bundled,O,MN,Cooperative,MISO
2023,18022,City of Statesville - (NC),A,Bundled,O,NC,Municipal,DUK
2023,18047,Steele-Waseca Cooperative Electric,A,Bundled,O,MN,Cooperative,MISO
2023,18085,South Central Power Company,A,Bundled,O,OH,Cooperative,PJM
2023,18087,Town of Sterling - (MA),A,Bundled,O,MA,Municipal,ISNE
2023,18125,Stillwater Utilities Authority,A,Bundled,O,OK,Municipal,SWPP
2023,18181,City of Stoughton - (WI),A,Bundled,O,WI,Municipal,MISO
2023,18193,Direct Energy Business,B,Energy,O,CA,Retail Power Marketer,CISO
2023,18193,Direct Energy Business,B,Energy,O,CT,Retail Power Marketer,ISNE
2023,18193,Direct Energy Business,B,Energy,O,DC,Retail Power Marketer,PJM
2023,18193,Direct Energy Business,B,Energy,O,DE,Retail Power Marketer,PJM
2023,18193,Direct Energy Business,B,Energy,O,IL,Retail Power Marketer,MISO
2023,18193,Direct Energy Business,B,Energy,O,MA,Retail Power Marketer,ISNE
2023,18193,Direct Energy Business,B,Energy,O,MD,Retail Power Marketer,PJM
2023,18193,Direct Energy Business,B,Energy,O,ME,Retail Power Marketer,ISNE
2023,18193,Direct Energy Business,B,Energy,O,MI,Retail Power Marketer,MISO
2023,18193,Direct Energy Business,B,Energy,O,NH,Retail Power Marketer,ISNE
2023,18193,Direct Energy Business,B,Energy,O,NJ,Retail Power Marketer,PJM
2023,18193,Direct Energy Business,B,Energy,O,NY,Retail Power Marketer,NYIS
2023,18193,Direct Energy Business,B,Energy,O,OH,Retail Power Marketer,PJM
2023,18193,Direct Energy Business,B,Energy,O,PA,Retail Power Marketer,PJM
2023,18193,Direct Energy Business,B,Energy,O,RI,Retail Power Marketer,ISNE
2023,18193,Direct Energy Business,B,Energy,O,VA,Retail Power Marketer,PJM
2023,18193,Direct Energy Business,D,Bundled,O,TX,Retail Power Marketer,ERCO
2023,18203,Tallapoosa River Elec Coop Inc,A,Bundled,O,AL,Cooperative,SOCO
2023,18206,Strawberry Electric Serv Dist,A,Bundled,O,UT,Political Subdivision,PACE
2023,18249,City of Sturgeon Bay - (WI),A,Bundled,O,WI,Municipal,MISO
2023,18252,City of Sturgis - (MI),A,Bundled,O,MI,Municipal,PJM
2023,18260,Surprise Valley Electrification,A,Bundled,O,CA,Cooperative,PACW
2023,18260,Surprise Valley Electrification,A,Bundled,O,NV,Cooperative,PACW
2023,18260,Surprise Valley Electrification,A,Bundled,O,OR,Cooperative,PACW
2023,18280,Sulphur Springs Valley E C Inc,A,Bundled,O,AZ,Cooperative,WALC
2023,18304,"Sumter Electric Coop, Inc",A,Bundled,O,FL,Cooperative,SEC
2023,18305,Sumter Electric Member Corp,A,Bundled,O,GA,Cooperative,SOCO
2023,18312,Sun Prairie Utilities,A,Bundled,O,WI,Municipal,MISO
2023,18336,Superior Water and Light Co,A,Bundled,O,WI,Investor Owned,MISO
2023,18339,Surry-Yadkin Elec Member Corp,A,Bundled,O,NC,Cooperative,DUK
2023,18360,Suwannee Valley Elec Coop Inc,A,Bundled,O,FL,Cooperative,SEC
2023,18384,City of Sweetwater,A,Bundled,O,TN,Municipal,TVA
2023,18397,City of Sylvania - (GA),A,Bundled,O,GA,Municipal,SOCO
2023,18429,City of Tacoma - (WA),A,Bundled,O,WA,Municipal,TPWR
2023,18445,City of Tallahassee - (FL),A,Bundled,O,FL,Municipal,TAL
2023,18447,Tallahatchie Valley E P A,A,Bundled,O,MS,Cooperative,TVA
2023,18449,"Talquin Electric Coop, Inc",A,Bundled,O,FL,Cooperative,SEC
2023,18454,Tampa Electric Co,A,Bundled,O,FL,Investor Owned,TEC
2023,18466,Town of Tarboro - (NC),A,Bundled,O,NC,Municipal,CPLE
2023,18472,City of Tarrant,A,Bundled,O,AL,Municipal,TVA
2023,18476,"Tara Energy, LLC",D,Bundled,O,TX,Retail Power Marketer,ERCO
2023,18488,City of Taunton,A,Bundled,O,MA,Municipal,ISNE
2023,18498,Taylor County Rural E C C,A,Bundled,O,KY,Cooperative,PJM
2023,18499,Three Notch Elec Member Corp,A,Bundled,O,GA,Cooperative,SEPA
2023,18642,Tennessee Valley Authority,A,Bundled,O,AL,Federal,TVA
2023,18642,Tennessee Valley Authority,A,Bundled,O,KY,Federal,TVA
2023,18642,Tennessee Valley Authority,A,Bundled,O,MS,Federal,TVA
2023,18642,Tennessee Valley Authority,A,Bundled,O,NC,Federal,TVA
2023,18642,Tennessee Valley Authority,A,Bundled,O,TN,Federal,TVA
2023,18643,Tennessee Valley Electric Coop,A,Bundled,O,TN,Cooperative,TVA
2023,18848,City of Thomasville - (GA),A,Bundled,O,GA,Municipal,SOCO
2023,18917,Tillamook Peoples Utility Dist,A,Bundled,O,OR,Political Subdivision,BPAT
2023,18940,Tipmont Rural Elec Member Corp,A,Bundled,O,IN,Cooperative,MISO
2023,18943,Tippah Electric Power Assn,A,Bundled,O,MS,Cooperative,TVA
2023,18951,Tishomingo County E P A,A,Bundled,O,MS,Cooperative,TVA
2023,18955,"Tri-County Electric Coop, Inc (IL)",A,Bundled,O,IL,Cooperative,MISO
2023,18956,Tri-County Elec Member Corp (GA),A,Bundled,O,GA,Cooperative,SOCO
2023,18957,Tri-County Elec Member Corp (NC),A,Bundled,O,NC,Cooperative,CPLE
2023,18976,Trinity Valley Elec Coop Inc,A,Bundled,O,TX,Cooperative,ERCO
2023,18995,Tenaska Power Services,B,Energy,O,NV,Retail Power Marketer,NEVP
2023,18995,Tenaska Power Services,D,Bundled,O,TX,Retail Power Marketer,ERCO
2023,18997,The Toledo Edison Co,A,Bundled,O,OH,Investor Owned,PJM
2023,18997,The Toledo Edison Co,C,Delivery,O,OH,Investor Owned,PJM
2023,19007,Tombigbee Electric Power Assn,A,Bundled,O,MS,Cooperative,TVA
2023,19107,ENGIE Resources LLC,B,Energy,O,CT,Retail Power Marketer,ISNE
2023,19107,ENGIE Resources LLC,B,Energy,O,DC,Retail Power Marketer,PJM
2023,19107,ENGIE Resources LLC,B,Energy,O,DE,Retail Power Marketer,PJM
2023,19107,ENGIE Resources LLC,B,Energy,O,IL,Retail Power Marketer,MISO
2023,19107,ENGIE Resources LLC,B,Energy,O,MA,Retail Power Marketer,ISNE
2023,19107,ENGIE Resources LLC,B,Energy,O,MD,Retail Power Marketer,PJM
2023,19107,ENGIE Resources LLC,B,Energy,O,ME,Retail Power Marketer,ISNE
2023,19107,ENGIE Resources LLC,B,Energy,O,NH,Retail Power Marketer,ISNE
2023,19107,ENGIE Resources LLC,B,Energy,O,NJ,Retail Power Marketer,PJM
2023,19107,ENGIE Resources LLC,B,Energy,O,NY,Retail Power Marketer,NYIS
2023,19107,ENGIE Resources LLC,B,Energy,O,OH,Retail Power Marketer,PJM
2023,19107,ENGIE Resources LLC,B,Energy,O,PA,Retail Power Marketer,PJM
2023,19107,ENGIE Resources LLC,B,Energy,O,RI,Retail Power Marketer,ISNE
2023,19107,ENGIE Resources LLC,D,Bundled,O,TX,Retail Power Marketer,ERCO
2023,19108,Tideland Electric Member Corp,A,Bundled,O,NC,Cooperative,PJM
2023,19125,City of Traverse City - (MI),A,Bundled,O,MI,Municipal,MISO
2023,19126,"TriEagle Energy, L.P.",B,Energy,O,NJ,Retail Power Marketer,PJM
2023,19126,"TriEagle Energy, L.P.",B,Energy,O,PA,Retail Power Marketer,PJM
2023,19126,"TriEagle Energy, L.P.",D,Bundled,O,TX,Retail Power Marketer,ERCO
2023,19149,City of Trenton - (TN),A,Bundled,O,TN,Municipal,TVA
2023,19154,Tri-State Electric Member Corp,A,Bundled,O,GA,Cooperative,TVA
2023,19154,Tri-State Electric Member Corp,A,Bundled,O,NC,Cooperative,TVA
2023,19154,Tri-State Electric Member Corp,A,Bundled,O,TN,Cooperative,TVA
2023,19156,Powder River Energy Corp,A,Bundled,O,MT,Cooperative,WACM
2023,19156,Powder River Energy Corp,A,Bundled,O,WY,Cooperative,WACM
2023,19157,MiEnergy Cooperative,A,Bundled,O,IA,Cooperative,MISO
2023,19157,MiEnergy Cooperative,A,Bundled,O,MN,Cooperative,MISO
2023,19159,"Tri-County Electric Coop, Inc (TX)",A,Bundled,O,TX,Cooperative,ERCO
2023,19160,"Tri-County Electric Coop, Inc (OK)",A,Bundled,O,CO,Cooperative,SWPP
2023,19160,"Tri-County Electric Coop, Inc (OK)",A,Bundled,O,KS,Cooperative,SWPP
2023,19160,"Tri-County Electric Coop, Inc (OK)",A,Bundled,O,NM,Cooperative,SWPP
2023,19160,"Tri-County Electric Coop, Inc (OK)",A,Bundled,O,OK,Cooperative,SWPP
2023,19160,"Tri-County Electric Coop, Inc (OK)",A,Bundled,O,TX,Cooperative,SWPP
2023,19161,"Tri-County Electric Coop, Inc (FL)",A,Bundled,O,FL,Cooperative,SEC
2023,19162,Tri-County Elec Member Corp (TN),A,Bundled,O,KY,Cooperative,TVA
2023,19162,Tri-County Elec Member Corp (TN),A,Bundled,O,TN,Cooperative,TVA
2023,19189,Trico Electric Cooperative Inc,A,Bundled,O,AZ,Cooperative,WALC
2023,19219,Diverse Power Incorporated,A,Bundled,O,AL,Cooperative,SOCO
2023,19219,Diverse Power Incorporated,A,Bundled,O,GA,Cooperative,SOCO
2023,19225,City of Troy - (AL),A,Bundled,O,AL,Municipal,SOCO
2023,19266,Tullahoma Board-Public Utils,A,Bundled,O,TN,Municipal,TVA
2023,19273,City of Tupelo - (MS),A,Bundled,O,MS,Municipal,TVA
2023,19277,TDX North Slope Generating Co,A,Bundled,O,AK,Investor Owned,NA
2023,19281,Turlock Irrigation District,A,Bundled,O,CA,Political Subdivision,TIDC
2023,19293,Southeastern Electric Coop Inc - (SD),A,Bundled,O,SD,Cooperative,SWPP
2023,19307,City of Tuscumbia,A,Bundled,O,AL,Municipal,TVA
2023,19324,Two Rivers Water & Light,A,Bundled,O,WI,Municipal,MISO
2023,19325,Umatilla Electric Coop Assn,A,Bundled,O,OR,Cooperative,BPAT
2023,19327,"TXU Energy Retail Co, LLC",D,Bundled,O,TX,Retail Power Marketer,ERCO
2023,19390,"UGI Utilities, Inc",A,Bundled,O,PA,Investor Owned,PJM
2023,19390,"UGI Utilities, Inc",C,Delivery,O,PA,Investor Owned,PJM
2023,19396,Tri-County Electric Coop (MI),A,Bundled,O,MI,Cooperative,MISO
2023,19430,City of Union City,A,Bundled,O,TN,Municipal,TVA
2023,19435,Union Electric Membership Corp - (NC),A,Bundled,O,NC,Cooperative,DUK
2023,19436,Union Electric Co - (MO),A,Bundled,O,MO,Investor Owned,MISO
2023,19445,"Southern Indiana R E C, Inc",A,Bundled,O,IN,Cooperative,MISO
2023,19446,Duke Energy Kentucky,A,Bundled,O,KY,Investor Owned,PJM
2023,19490,United Electric Coop Service Inc - (TX),A,Bundled,O,TX,Cooperative,ERCO
2023,19497,United Illuminating Co,A,Bundled,O,CT,Investor Owned,ISNE
2023,19497,United Illuminating Co,C,Delivery,O,CT,Investor Owned,ISNE
2023,19499,"United Power, Inc",A,Bundled,O,CO,Cooperative,WACM
2023,19501,"Union Rural Electric Coop, Inc",A,Bundled,O,OH,Cooperative,PJM
2023,19502,"United Electric Co-op, Inc - (ID)",A,Bundled,O,ID,Cooperative,BPAT
2023,19528,University of Illinois,A,Bundled,O,IL,State,PJM
2023,19545,"Black Hills Power, Inc.",A,Bundled,O,MT,Investor Owned,WACM
2023,19545,"Black Hills Power, Inc.",A,Bundled,O,SD,Investor Owned,WACM
2023,19545,"Black Hills Power, Inc.",A,Bundled,O,WY,Investor Owned,WACM
2023,19547,Hawaiian Electric Co Inc,A,Bundled,O,HI,Investor Owned,HECO
2023,19558,Homer Electric Assn Inc,A,Bundled,O,AK,Cooperative,NA
2023,19574,Upper Cumberland E M C,A,Bundled,O,TN,Cooperative,TVA
2023,19578,Upper Peninsula Power Company,A,Bundled,O,MI,Investor Owned,MISO
2023,19578,Upper Peninsula Power Company,C,Delivery,O,MI,Investor Owned,MISO
2023,19579,Upshur Rural Elec Coop Corp,A,Bundled,O,TX,Cooperative,SWPP
2023,19603,USBIA-Mission Valley Power,A,Bundled,O,MT,Federal,NWMT
2023,19604,USBIA-San Carlos Project,A,Bundled,O,AZ,Federal,WALC
2023,19667,Utilities Dist-Western IN REMC,A,Bundled,O,IN,Cooperative,MISO
2023,19728,"UNS Electric, Inc",A,Bundled,O,AZ,Investor Owned,TEPC
2023,19784,Vera Irrigation District #15,A,Bundled,O,WA,Political Subdivision,BPAT
2023,19785,Verdigris Valley Elec Coop Inc,A,Bundled,O,OK,Cooperative,AECI
2023,19790,Verendrye Electric Coop Inc,A,Bundled,O,ND,Cooperative,MISO
2023,19791,"Vermont Electric Cooperative, Inc",A,Bundled,O,VT,Cooperative,ISNE
2023,19798,City of Vernon,A,Bundled,O,CA,Municipal,CISO
2023,19806,"Victoria Electric Coop, Inc",A,Bundled,O,TX,Cooperative,ERCO
2023,19820,Victory Electric Coop Assn Inc,A,Bundled,O,KS,Cooperative,SWPP
2023,19840,"Valley Electric Assn, Inc",A,Bundled,O,CA,Cooperative,NEVP
2023,19840,"Valley Electric Assn, Inc",A,Bundled,O,NV,Cooperative,NEVP
2023,19856,City of Vineland - (NJ),A,Bundled,O,NJ,Municipal,PJM
2023,19869,Vinton Public Power Authority,A,Bundled,O,LA,Political Subdivision,MISO
2023,19876,Virginia Electric & Power Co,A,Bundled,O,NC,Investor Owned,PJM
2023,19876,Virginia Electric & Power Co,A,Bundled,O,VA,Investor Owned,PJM
2023,19876,Virginia Electric & Power Co,C,Delivery,O,VA,Investor Owned,PJM
2023,19882,Virginia Tech Electric Service,A,Bundled,O,VA,State,PJM
2023,19896,City of Volga - (SD),A,Bundled,O,SD,Municipal,SWPP
2023,19898,Volunteer Electric Coop,A,Bundled,O,TN,Cooperative,TVA
2023,19951,City of Wadsworth - (OH),A,Bundled,O,OH,Municipal,PJM
2023,19981,Wake Electric Membership Corp,A,Bundled,O,NC,Cooperative,CPLE
2023,20038,Town of Wallingford - (CT),A,Bundled,O,CT,Municipal,ISNE
2023,20065,Walton Electric Member Corp,A,Bundled,O,GA,Cooperative,SOCO
2023,20077,City of Wapakoneta - (OH),A,Bundled,O,OH,Municipal,PJM
2023,20130,Warren Rural Elec Coop Corp,A,Bundled,O,KY,Cooperative,TVA
2023,20140,City of Washington - (GA),A,Bundled,O,GA,Municipal,SOCO
2023,20142,City of Washington - (NC),A,Bundled,O,NC,Municipal,CPLE
2023,20146,Washington Elec Member Corp,A,Bundled,O,GA,Cooperative,SOCO
2023,20151,Washington Electric Coop - (VT),A,Bundled,O,VT,Cooperative,ISNE
2023,20169,Avista Corp,A,Bundled,O,ID,Investor Owned,AVA
2023,20169,Avista Corp,A,Bundled,O,MT,Investor Owned,AVA
2023,20169,Avista Corp,A,Bundled,O,WA,Investor Owned,AVA
2023,20176,City of Water Valley - (MS),A,Bundled,O,MS,Municipal,TVA
2023,20182,Waterloo Light & Water Comm,A,Bundled,O,WI,Municipal,MISO
2023,20187,Watertown Municipal Utilities,A,Bundled,O,SD,Municipal,SWPP
2023,20211,Village of Waunakee - (WI),A,Bundled,O,WI,Municipal,MISO
2023,20213,Waupun Utilities,A,Bundled,O,WI,Municipal,MISO
2023,20216,Whitewater Valley Rural EMC,A,Bundled,O,IN,Cooperative,MISO
2023,20222,Wayne-White Counties Elec Coop,A,Bundled,O,IL,Cooperative,MISO
2023,20228,Weakley County Mun Elec Sys,A,Bundled,O,TN,Municipal,TVA
2023,20230,Weatherford Mun Utility System,A,Bundled,O,TX,Municipal,ERCO
2023,20310,Town of Wellesley - (MA),A,Bundled,O,MA,Municipal,ISNE
2023,20310,Town of Wellesley - (MA),C,Delivery,O,MA,Municipal,ISNE
2023,20318,Webster Electric Coop,A,Bundled,O,MO,Cooperative,AECI
2023,20332,Wells Rural Electric Co,A,Bundled,O,NV,Cooperative,NEVP
2023,20332,Wells Rural Electric Co,A,Bundled,O,UT,Cooperative,NEVP
2023,20334,Wellsborough Electric Co,A,Bundled,O,PA,Investor Owned,PJM
2023,20334,Wellsborough Electric Co,C,Delivery,O,PA,Investor Owned,PJM
2023,20363,West Central Electric Coop Inc - (MO),A,Bundled,O,MO,Cooperative,AECI
2023,20371,"West Florida El Coop Assn, Inc",A,Bundled,O,FL,Cooperative,SOCO
2023,20377,West Kentucky Rural E C C,A,Bundled,O,KY,Cooperative,TVA
2023,20382,City of West Memphis - (AR),A,Bundled,O,AR,Municipal,AECI
2023,20387,West Penn Power Company,A,Bundled,O,PA,Investor Owned,PJM
2023,20387,West Penn Power Company,C,Delivery,O,PA,Investor Owned,PJM
2023,20394,City of West Point - (MS),A,Bundled,O,MS,Municipal,TVA
2023,20401,West River Electric Assn Inc,A,Bundled,O,SD,Cooperative,SWPP
2023,20413,Mountrail-Williams Elec Coop,A,Bundled,O,ND,Cooperative,SWPP
2023,20434,City of Westby,A,Bundled,O,WI,Municipal,MISO
2023,20472,"Wharton County Elec Coop, Inc",A,Bundled,O,TX,Cooperative,ERCO
2023,20476,Western Coop Electric Assn Inc,A,Bundled,O,KS,Cooperative,SWPP
2023,20477,City of Westerville - (OH),A,Bundled,O,OH,Municipal,PJM
2023,20481,City of Westfield - (MA),A,Bundled,O,MA,Municipal,ISNE
2023,20510,"Wheatland Electric Coop, Inc",A,Bundled,O,CO,Cooperative,SWPP
2023,20510,"Wheatland Electric Coop, Inc",A,Bundled,O,KS,Cooperative,SWPP
2023,20521,Wheeling Power Co,A,Bundled,O,WV,Investor Owned,PJM
2023,20574,White River Valley El Coop Inc,A,Bundled,O,MO,Cooperative,AECI
2023,20576,"White River Electric Assn, Inc",A,Bundled,O,CO,Cooperative,WACM
2023,20583,Whitehall Electric Utility,A,Bundled,O,WI,Municipal,MISO
2023,20603,Northeastern Rural E M C,A,Bundled,O,IN,Cooperative,PJM
2023,20639,"Wild Rice Electric Coop, Inc",A,Bundled,O,MN,Cooperative,MISO
2023,20659,"WGL Energy Services, Inc.",B,Energy,O,DC,Retail Power Marketer,PJM
2023,20659,"WGL Energy Services, Inc.",B,Energy,O,DE,Retail Power Marketer,PJM
2023,20659,"WGL Energy Services, Inc.",B,Energy,O,MD,Retail Power Marketer,PJM
2023,20659,"WGL Energy Services, Inc.",B,Energy,O,OH,Retail Power Marketer,PJM
2023,20659,"WGL Energy Services, Inc.",B,Energy,O,PA,Retail Power Marketer,PJM
2023,20737,Willmar Municipal Utilities,A,Bundled,O,MN,Municipal,MISO
2023,20785,City of Wilson - (NC),A,Bundled,O,NC,Municipal,CPLE
2023,20793,City of Winchester - (TN),A,Bundled,O,TN,Municipal,TVA
2023,20813,City of Winfield - (KS),A,Bundled,O,KS,Municipal,SWPP
2023,20841,"Wiregrass Electric Coop, Inc",A,Bundled,O,AL,Cooperative,SOCO
2023,20845,Wolverine Power Marketing Coop,B,Energy,O,MI,Cooperative,MISO
2023,20847,Wisconsin Electric Power Co,A,Bundled,O,WI,Investor Owned,MISO
2023,20856,Wisconsin Power & Light Co,A,Bundled,O,WI,Investor Owned,MISO
2023,20860,Wisconsin Public Service Corp,A,Bundled,O,WI,Investor Owned,MISO
2023,20862,Wisconsin Rapids W W & L Comm,A,Bundled,O,WI,Municipal,MISO
2023,20885,Withlacoochee River Elec Coop,A,Bundled,O,FL,Cooperative,SEC
2023,20927,"Wood County Electric Coop, Inc",A,Bundled,O,TX,Cooperative,SWPP
2023,20948,Wise Electric Coop Inc,A,Bundled,O,TX,Cooperative,ERCO
2023,20963,Woodruff Electric Coop Corp,A,Bundled,O,AR,Cooperative,MISO
2023,20996,Wright-Hennepin Coop Elec Assn,A,Bundled,O,MN,Cooperative,MISO
2023,20997,Yellowstone Valley Elec Co-op,A,Bundled,O,MT,Cooperative,WAUW
2023,21002,York Electric Coop Inc,A,Bundled,O,NC,Cooperative,DUK
2023,21002,York Electric Coop Inc,A,Bundled,O,SC,Cooperative,DUK
2023,21013,City of Worthington - (MN),A,Bundled,O,MN,Municipal,MISO
2023,21048,Wyandotte Municipal Serv Comm,A,Bundled,O,MI,Municipal,MISO
2023,21075,Y-W Electric Assn Inc,A,Bundled,O,CO,Cooperative,WACM
2023,21075,Y-W Electric Assn Inc,A,Bundled,O,NE,Cooperative,WACM
2023,21081,Yampa Valley Electric Assn Inc,A,Bundled,O,CO,Cooperative,PSCO
2023,21081,Yampa Valley Electric Assn Inc,A,Bundled,O,WY,Cooperative,PSCO
2023,21093,3 Phases Renewables Inc,B,Energy,O,CA,Retail Power Marketer,CISO
2023,21111,Perennial Public Power Dist,A,Bundled,O,NE,Political Subdivision,SWPP
2023,21114,Yazoo Valley Elec Power Assn,A,Bundled,O,MS,Cooperative,MISO
2023,21158,City of Zeeland - (MI),A,Bundled,O,MI,Municipal,MISO
2023,21244,"Southside Electric Coop, Inc",A,Bundled,O,VA,Cooperative,PJM
2023,21513,"Fergus Electric Coop, Inc",A,Bundled,O,MT,Cooperative,WAUW
2023,21538,"Mohave Electric Cooperative, Inc.",A,Bundled,O,AZ,Cooperative,WALC
2023,21567,"Washington-St Tammany E C, Inc",A,Bundled,O,LA,Cooperative,MISO
2023,21632,EnergyUnited Elec Member Corp,A,Bundled,O,NC,Cooperative,DUK
2023,22053,Kentucky Power Co,A,Bundled,O,KY,Investor Owned,PJM
2023,22500,"Evergy Kansas Central, Inc",A,Bundled,O,KS,Investor Owned,SWPP
2023,22690,Roosevelt County Elec Coop Inc,A,Bundled,O,NM,Cooperative,SWPP
2023,22814,Raft Rural Elec Coop Inc,A,Bundled,O,ID,Cooperative,BPAT
2023,22814,Raft Rural Elec Coop Inc,A,Bundled,O,NV,Cooperative,BPAT
2023,22814,Raft Rural Elec Coop Inc,A,Bundled,O,UT,Cooperative,BPAT
2023,22815,Delta Electric Power Assn,A,Bundled,O,MS,Cooperative,MISO
2023,22822,Clark County Rural E M C - (IN),A,Bundled,O,IN,Cooperative,MISO
2023,24211,Tucson Electric Power Co,A,Bundled,O,AZ,Investor Owned,TEPC
2023,24590,Unitil Energy Systems,A,Bundled,O,NH,Investor Owned,ISNE
2023,24590,Unitil Energy Systems,C,Delivery,O,NH,Investor Owned,ISNE
2023,24753,Boone County Rural EMC,A,Bundled,O,IN,Cooperative,MISO
2023,24889,Brunswick Electric Member Corp,A,Bundled,O,NC,Cooperative,CPLE
2023,24949,Cass County Elec Coop Inc,A,Bundled,O,ND,Cooperative,MISO
2023,25177,Dakota Electric Association,A,Bundled,O,MN,Cooperative,MISO
2023,25295,Western Indiana Energy REMC,A,Bundled,O,IN,Cooperative,MISO
2023,25866,Ak-Chin Electric Utility Authority,A,Bundled,O,AZ,State,AZPS
2023,26510,Liberty Utilities (Granite State Electri,A,Bundled,O,NH,Investor Owned,ISNE
2023,26510,Liberty Utilities (Granite State Electri,C,Delivery,O,NH,Investor Owned,ISNE
2023,27000,WAPA-- Western Area Power Administration,A,Bundled,O,AZ,Federal,WALC
2023,27000,WAPA-- Western Area Power Administration,A,Bundled,O,CA,Federal,WALC
2023,27000,WAPA-- Western Area Power Administration,A,Bundled,O,CO,Federal,WACM
2023,27000,WAPA-- Western Area Power Administration,A,Bundled,O,KS,Federal,WACM
2023,27000,WAPA-- Western Area Power Administration,A,Bundled,O,MN,Federal,SWPP
2023,27000,WAPA-- Western Area Power Administration,A,Bundled,O,MT,Federal,SWPP
2023,27000,WAPA-- Western Area Power Administration,A,Bundled,O,ND,Federal,SWPP
2023,27000,WAPA-- Western Area Power Administration,A,Bundled,O,NE,Federal,WACM
2023,27000,WAPA-- Western Area Power Administration,A,Bundled,O,NM,Federal,WALC
2023,27000,WAPA-- Western Area Power Administration,A,Bundled,O,NV,Federal,WALC
2023,27000,WAPA-- Western Area Power Administration,A,Bundled,O,SD,Federal,WACM
2023,27000,WAPA-- Western Area Power Administration,A,Bundled,O,UT,Federal,WALC
2023,27000,WAPA-- Western Area Power Administration,A,Bundled,O,WY,Federal,WACM
2023,27058,"High West Energy, Inc",A,Bundled,O,CO,Cooperative,WACM
2023,27058,"High West Energy, Inc",A,Bundled,O,NE,Cooperative,WACM
2023,27058,"High West Energy, Inc",A,Bundled,O,WY,Cooperative,WACM
2023,27222,City of Ripley - (TN),A,Bundled,O,TN,Municipal,TVA
2023,27238,"Southwest Electric Coop, Inc",A,Bundled,O,MO,Cooperative,AECI
2023,27369,Taylor Electric Coop Inc - (TX),A,Bundled,O,TX,Cooperative,ERCO
2023,27599,Carroll-White REMC,A,Bundled,O,IN,Cooperative,MISO
2023,28541,Clatskanie Peoples Util Dist,A,Bundled,O,OR,Political Subdivision,BPAT
2023,28604,Kerrville Public Utility Board,A,Bundled,O,TX,Municipal,ERCO
2023,28802,"Talen Energy Marketing, LLC",B,Energy,O,MD,Retail Power Marketer,PJM
2023,28802,"Talen Energy Marketing, LLC",B,Energy,O,MT,Retail Power Marketer,NWMT
2023,28802,"Talen Energy Marketing, LLC",B,Energy,O,NJ,Retail Power Marketer,PJM
2023,28802,"Talen Energy Marketing, LLC",B,Energy,O,PA,Retail Power Marketer,PJM
2023,28802,"Talen Energy Marketing, LLC",D,Bundled,O,TX,Retail Power Marketer,ERCO
2023,28978,City of San Marcos - (TX),A,Bundled,O,TX,Municipal,ERCO
2023,30518,Electrical Dist No3 Pinal County,A,Bundled,O,AZ,Political Subdivision,AZPS
2023,31833,Okefenoke Rural El Member Corp,A,Bundled,O,FL,Cooperative,SOCO
2023,31833,Okefenoke Rural El Member Corp,A,Bundled,O,GA,Cooperative,SOCO
2023,38084,Great Lakes Energy Coop,A,Bundled,O,MI,Cooperative,MISO
2023,40036,Westfield Electric Company,A,Bundled,O,WI,Investor Owned,MISO
2023,40127,Clarke-Washington E M C,A,Bundled,O,AL,Cooperative,SOCO
2023,40165,"Dixie Escalante R E A, Inc",A,Bundled,O,AZ,Cooperative,PACE
2023,40165,"Dixie Escalante R E A, Inc",A,Bundled,O,UT,Cooperative,PACE
2023,40166,"Chickasaw Electric Coop, Inc",A,Bundled,O,TN,Cooperative,TVA
2023,40167,"Somerset Rural Elec Coop, Inc",A,Bundled,O,PA,Cooperative,PJM
2023,40212,Colquitt Electric Membership Corp,A,Bundled,O,GA,Cooperative,SOCO
2023,40220,Adams Electric Cooperative Inc,A,Bundled,O,PA,Cooperative,PJM
2023,40221,"Bedford Rural Elec Coop, Inc",A,Bundled,O,PA,Cooperative,PJM
2023,40222,Valley Rural Electric Coop Inc,A,Bundled,O,PA,Cooperative,PJM
2023,40224,"Central Electric Coop, Inc - (PA)",A,Bundled,O,PA,Cooperative,PJM
2023,40228,Rappahannock Electric Coop,A,Bundled,O,VA,Cooperative,PJM
2023,40236,"Forked Deer Electric Coop, Inc",A,Bundled,O,TN,Cooperative,TVA
2023,40289,Claverack Rural Elec Coop Inc,A,Bundled,O,PA,Cooperative,PJM
2023,40290,Tri-County Rural Elec Coop Inc (PA),A,Bundled,O,PA,Cooperative,PJM
2023,40292,REA Energy Coop Inc,A,Bundled,O,PA,Cooperative,PJM
2023,40293,"Northwestern Rural E C A, Inc - (PA)",A,Bundled,O,PA,Cooperative,PJM
2023,40302,North East Mississippi EPA,A,Bundled,O,MS,Cooperative,TVA
2023,40303,Monroe County Elec Power Assn,A,Bundled,O,MS,Cooperative,TVA
2023,40304,Minnesota Valley Coop L&P Assn,A,Bundled,O,MN,Cooperative,MISO
2023,40364,City of Courtland,A,Bundled,O,AL,Municipal,TVA
2023,40437,Emerald People's Utility Dist,A,Bundled,O,OR,Political Subdivision,PACW
2023,40437,Emerald People's Utility Dist,C,Delivery,O,OR,Political Subdivision,PACW
2023,40438,Columbia River Peoples Ut Dist,A,Bundled,O,OR,Political Subdivision,BPAT
2023,40441,Town of Murphy - (NC),A,Bundled,O,NC,Municipal,TVA
2023,40456,PUD No 1 of Whatcom County,A,Bundled,O,WA,Political Subdivision,BPAT
2023,40606,City of Grand Island - (NE),A,Bundled,O,NE,Municipal,SWPP
2023,49730,American PowerNet,B,Energy,O,IL,Retail Power Marketer,PJM
2023,49730,American PowerNet,B,Energy,O,MD,Retail Power Marketer,PJM
2023,49730,American PowerNet,B,Energy,O,ME,Retail Power Marketer,ISNE
2023,49730,American PowerNet,B,Energy,O,NY,Retail Power Marketer,NYIS
2023,49730,American PowerNet,B,Energy,O,OH,Retail Power Marketer,PJM
2023,49730,American PowerNet,B,Energy,O,PA,Retail Power Marketer,PJM
2023,49730,American PowerNet,D,Bundled,O,TX,Retail Power Marketer,ERCO
2023,49746,The Energy Coop,B,Energy,O,PA,Cooperative,PJM
2023,49818,"Alliance Power Company, LLC.",D,Bundled,O,TX,Retail Power Marketer,ERCO
2023,49848,Massachusetts Bay Trans Authority,B,Energy,O,MA,Political Subdivision,ISNE
2023,49853,Amigo Energy,D,Bundled,O,TX,Retail Power Marketer,ERCO
2023,49922,U.S. Energy Partners LLC,B,Energy,O,NY,Retail Power Marketer,NYIS
2023,49952,3000 Energy Corp,D,Bundled,O,TX,Retail Power Marketer,ERCO
2023,49987,Harvard Dedicated Energy Limit,B,Energy,O,MA,Retail Power Marketer,ISNE
2023,49998,City of Berea Municipal Utility,A,Bundled,O,KY,Municipal,LGEE
2023,50041,"Stream SPE, LTD",D,Bundled,O,TX,Retail Power Marketer,ERCO
2023,50046,"Texas Retail Energy, LLC",B,Energy,O,CT,Retail Power Marketer,ISNE
2023,50046,"Texas Retail Energy, LLC",B,Energy,O,IL,Retail Power Marketer,PJM
2023,50046,"Texas Retail Energy, LLC",B,Energy,O,IL,Retail Power Marketer,MISO
2023,50046,"Texas Retail Energy, LLC",B,Energy,O,MA,Retail Power Marketer,ISNE
2023,50046,"Texas Retail Energy, LLC",B,Energy,O,MD,Retail Power Marketer,PJM
2023,50046,"Texas Retail Energy, LLC",B,Energy,O,ME,Retail Power Marketer,ISNE
2023,50046,"Texas Retail Energy, LLC",B,Energy,O,NH,Retail Power Marketer,ISNE
2023,50046,"Texas Retail Energy, LLC",B,Energy,O,NJ,Retail Power Marketer,PJM
2023,50046,"Texas Retail Energy, LLC",B,Energy,O,NY,Retail Power Marketer,NYIS
2023,50046,"Texas Retail Energy, LLC",B,Energy,O,OH,Retail Power Marketer,PJM
2023,50046,"Texas Retail Energy, LLC",B,Energy,O,PA,Retail Power Marketer,PJM
2023,50046,"Texas Retail Energy, LLC",B,Energy,O,VA,Retail Power Marketer,PJM
2023,50046,"Texas Retail Energy, LLC",D,Bundled,O,TX,Retail Power Marketer,ERCO
2023,50153,"APN Starfirst, L.P.",B,Energy,O,OH,Retail Power Marketer,PJM
2023,50153,"APN Starfirst, L.P.",B,Energy,O,PA,Retail Power Marketer,PJM
2023,54728,Texas General Land Office,D,Bundled,O,TX,Retail Power Marketer,ERCO
2023,54820,Direct Energy Services,B,Energy,O,CT,Retail Power Marketer,ISNE
2023,54820,Direct Energy Services,B,Energy,O,DC,Retail Power Marketer,PJM
2023,54820,Direct Energy Services,B,Energy,O,DE,Retail Power Marketer,PJM
2023,54820,Direct Energy Services,B,Energy,O,IL,Retail Power Marketer,MISO
2023,54820,Direct Energy Services,B,Energy,O,MA,Retail Power Marketer,ISNE
2023,54820,Direct Energy Services,B,Energy,O,MD,Retail Power Marketer,PJM
2023,54820,Direct Energy Services,B,Energy,O,NH,Retail Power Marketer,ISNE
2023,54820,Direct Energy Services,B,Energy,O,NJ,Retail Power Marketer,PJM
2023,54820,Direct Energy Services,B,Energy,O,NY,Retail Power Marketer,NYIS
2023,54820,Direct Energy Services,B,Energy,O,OH,Retail Power Marketer,PJM
2023,54820,Direct Energy Services,B,Energy,O,PA,Retail Power Marketer,NYIS
2023,54820,Direct Energy Services,B,Energy,O,PA,Retail Power Marketer,PJM
2023,54820,Direct Energy Services,B,Energy,O,RI,Retail Power Marketer,ISNE
2023,54820,Direct Energy Services,D,Bundled,O,TX,Retail Power Marketer,ERCO
2023,54862,Champion Energy Services,B,Energy,O,CT,Retail Power Marketer,ISNE
2023,54862,Champion Energy Services,B,Energy,O,DC,Retail Power Marketer,PJM
2023,54862,Champion Energy Services,B,Energy,O,DE,Retail Power Marketer,PJM
2023,54862,Champion Energy Services,B,Energy,O,IL,Retail Power Marketer,MISO
2023,54862,Champion Energy Services,B,Energy,O,MA,Retail Power Marketer,ISNE
2023,54862,Champion Energy Services,B,Energy,O,MD,Retail Power Marketer,PJM
2023,54862,Champion Energy Services,B,Energy,O,ME,Retail Power Marketer,ISNE
2023,54862,Champion Energy Services,B,Energy,O,NH,Retail Power Marketer,ISNE
2023,54862,Champion Energy Services,B,Energy,O,NJ,Retail Power Marketer,PJM
2023,54862,Champion Energy Services,B,Energy,O,NY,Retail Power Marketer,NYIS
2023,54862,Champion Energy Services,B,Energy,O,OH,Retail Power Marketer,PJM
2023,54862,Champion Energy Services,B,Energy,O,PA,Retail Power Marketer,PJM
2023,54862,Champion Energy Services,B,Energy,O,RI,Retail Power Marketer,ISNE
2023,54862,Champion Energy Services,D,Bundled,O,TX,Retail Power Marketer,ERCO
2023,54872,"Accent Energy Holdings, LLC",D,Bundled,O,TX,Retail Power Marketer,ERCO
2023,54873,Freedom Energy,B,Energy,O,ME,Retail Power Marketer,ISNE
2023,54873,Freedom Energy,B,Energy,O,NH,Retail Power Marketer,ISNE
2023,54873,Freedom Energy,B,Energy,O,RI,Retail Power Marketer,ISNE
2023,54893,NOCO Electric,B,Energy,O,NY,Retail Power Marketer,NYIS
2023,54913,NSTAR Electric Company,A,Bundled,O,MA,Investor Owned,ISNE
2023,54913,NSTAR Electric Company,C,Delivery,O,MA,Investor Owned,ISNE
2023,55722,AEP Energy,B,Energy,O,DC,Retail Power Marketer,PJM
2023,55722,AEP Energy,B,Energy,O,DE,Retail Power Marketer,PJM
2023,55722,AEP Energy,B,Energy,O,IL,Retail Power Marketer,PJM
2023,55722,AEP Energy,B,Energy,O,MD,Retail Power Marketer,PJM
2023,55722,AEP Energy,B,Energy,O,NJ,Retail Power Marketer,PJM
2023,55722,AEP Energy,B,Energy,O,OH,Retail Power Marketer,PJM
2023,55722,AEP Energy,B,Energy,O,PA,Retail Power Marketer,PJM
2023,55787,City of Moreno Valley - (CA),A,Bundled,O,CA,Municipal,CISO
2023,55815,"IDT Energy, Inc.",B,Energy,O,DC,Retail Power Marketer,PJM
2023,55815,"IDT Energy, Inc.",B,Energy,O,IL,Retail Power Marketer,PJM
2023,55815,"IDT Energy, Inc.",B,Energy,O,MD,Retail Power Marketer,PJM
2023,55815,"IDT Energy, Inc.",B,Energy,O,NJ,Retail Power Marketer,PJM
2023,55815,"IDT Energy, Inc.",B,Energy,O,NY,Retail Power Marketer,NYIS
2023,55815,"IDT Energy, Inc.",B,Energy,O,OH,Retail Power Marketer,PJM
2023,55815,"IDT Energy, Inc.",B,Energy,O,PA,Retail Power Marketer,PJM
2023,55874,"Energy Services Providers, Inc",B,Energy,O,DC,Retail Power Marketer,PJM
2023,55874,"Energy Services Providers, Inc",B,Energy,O,IL,Retail Power Marketer,MISO
2023,55874,"Energy Services Providers, Inc",B,Energy,O,MA,Retail Power Marketer,ISNE
2023,55874,"Energy Services Providers, Inc",B,Energy,O,MD,Retail Power Marketer,PJM
2023,55874,"Energy Services Providers, Inc",B,Energy,O,NJ,Retail Power Marketer,PJM
2023,55874,"Energy Services Providers, Inc",B,Energy,O,NY,Retail Power Marketer,NYIS
2023,55874,"Energy Services Providers, Inc",B,Energy,O,OH,Retail Power Marketer,PJM
2023,55874,"Energy Services Providers, Inc",B,Energy,O,PA,Retail Power Marketer,PJM
2023,55878,Hudson Energy Services,B,Energy,O,IL,Retail Power Marketer,PJM
2023,55878,Hudson Energy Services,B,Energy,O,IL,Retail Power Marketer,MISO
2023,55878,Hudson Energy Services,B,Energy,O,MA,Retail Power Marketer,ISNE
2023,55878,Hudson Energy Services,B,Energy,O,MD,Retail Power Marketer,PJM
2023,55878,Hudson Energy Services,B,Energy,O,NJ,Retail Power Marketer,PJM
2023,55878,Hudson Energy Services,B,Energy,O,NY,Retail Power Marketer,NYIS
2023,55878,Hudson Energy Services,B,Energy,O,OH,Retail Power Marketer,PJM
2023,55878,Hudson Energy Services,B,Energy,O,PA,Retail Power Marketer,PJM
2023,55878,Hudson Energy Services,D,Bundled,O,TX,Retail Power Marketer,ERCO
2023,55937,Entergy Texas Inc.,A,Bundled,O,TX,Investor Owned,MISO
2023,55959,Roughrider Electric Cooperativ,A,Bundled,O,ND,Cooperative,SWPP
2023,55982,Heart of Texas Electric Coop,A,Bundled,O,TX,Cooperative,ERCO
2023,56146,"Black Hills Colorado Electric, LLC",A,Bundled,O,CO,Investor Owned,PSCO
2023,56196,Just Energy New York Corp.,B,Energy,O,NY,Retail Power Marketer,NYIS
2023,56212,"Ambit Energy Holdings, LLC",B,Energy,O,DC,Retail Power Marketer,PJM
2023,56212,"Ambit Energy Holdings, LLC",B,Energy,O,DE,Retail Power Marketer,PJM
2023,56212,"Ambit Energy Holdings, LLC",B,Energy,O,IL,Retail Power Marketer,MISO
2023,56212,"Ambit Energy Holdings, LLC",B,Energy,O,MA,Retail Power Marketer,ISNE
2023,56212,"Ambit Energy Holdings, LLC",B,Energy,O,MD,Retail Power Marketer,PJM
2023,56212,"Ambit Energy Holdings, LLC",B,Energy,O,ME,Retail Power Marketer,ISNE
2023,56212,"Ambit Energy Holdings, LLC",B,Energy,O,NH,Retail Power Marketer,ISNE
2023,56212,"Ambit Energy Holdings, LLC",B,Energy,O,NJ,Retail Power Marketer,PJM
2023,56212,"Ambit Energy Holdings, LLC",B,Energy,O,OH,Retail Power Marketer,PJM
2023,56212,"Ambit Energy Holdings, LLC",B,Energy,O,PA,Retail Power Marketer,PJM
2023,56212,"Ambit Energy Holdings, LLC",B,Energy,O,RI,Retail Power Marketer,ISNE
2023,56212,"Ambit Energy Holdings, LLC",D,Bundled,O,TX,Retail Power Marketer,ERCO
2023,56220,Anthracite Power & Light,B,Energy,O,PA,Retail Power Marketer,PJM
2023,56223,Macquarie Energy LLC,B,Energy,O,NV,Retail Power Marketer,NEVP
2023,56248,"Young Energy, LLC",D,Bundled,O,TX,Retail Power Marketer,ERCO
2023,56265,Energy Plus Holdings LLC,B,Energy,O,CT,Retail Power Marketer,ISNE
2023,56265,Energy Plus Holdings LLC,B,Energy,O,IL,Retail Power Marketer,PJM
2023,56265,Energy Plus Holdings LLC,B,Energy,O,MA,Retail Power Marketer,ISNE
2023,56265,Energy Plus Holdings LLC,B,Energy,O,MD,Retail Power Marketer,PJM
2023,56265,Energy Plus Holdings LLC,B,Energy,O,NJ,Retail Power Marketer,PJM
2023,56265,Energy Plus Holdings LLC,B,Energy,O,NY,Retail Power Marketer,NYIS
2023,56265,Energy Plus Holdings LLC,B,Energy,O,OH,Retail Power Marketer,PJM
2023,56265,Energy Plus Holdings LLC,B,Energy,O,PA,Retail Power Marketer,PJM
2023,56279,"Spartan Renewable Energy, Inc",B,Energy,O,MI,Retail Power Marketer,MISO
2023,56286,"Frontier Utilities, LLC",B,Energy,O,IL,Retail Power Marketer,PJM
2023,56286,"Frontier Utilities, LLC",B,Energy,O,NJ,Retail Power Marketer,PJM
2023,56286,"Frontier Utilities, LLC",B,Energy,O,OH,Retail Power Marketer,PJM
2023,56286,"Frontier Utilities, LLC",B,Energy,O,PA,Retail Power Marketer,PJM
2023,56286,"Frontier Utilities, LLC",D,Bundled,O,TX,Retail Power Marketer,ERCO
2023,56379,"MC Squared Energy Services, LLC",B,Energy,O,IL,Retail Power Marketer,PJM
2023,56408,"UGI Energy Services, LLC",B,Energy,O,DC,Retail Power Marketer,PJM
2023,56408,"UGI Energy Services, LLC",B,Energy,O,DE,Retail Power Marketer,PJM
2023,56408,"UGI Energy Services, LLC",B,Energy,O,MD,Retail Power Marketer,PJM
2023,56408,"UGI Energy Services, LLC",B,Energy,O,NJ,Retail Power Marketer,PJM
2023,56408,"UGI Energy Services, LLC",B,Energy,O,NY,Retail Power Marketer,NYIS
2023,56408,"UGI Energy Services, LLC",B,Energy,O,PA,Retail Power Marketer,PJM
2023,56496,"UP Power Marketing, LLC",B,Energy,O,MI,Retail Power Marketer,MISO
2023,56501,"Palmco Power NJ, LLC",B,Energy,O,NJ,Retail Power Marketer,PJM
2023,56504,Major Energy Electric Services,B,Energy,O,CT,Retail Power Marketer,ISNE
2023,56504,Major Energy Electric Services,B,Energy,O,DC,Retail Power Marketer,PJM
2023,56504,Major Energy Electric Services,B,Energy,O,IL,Retail Power Marketer,PJM
2023,56504,Major Energy Electric Services,B,Energy,O,MA,Retail Power Marketer,ISNE
2023,56504,Major Energy Electric Services,B,Energy,O,MD,Retail Power Marketer,PJM
2023,56504,Major Energy Electric Services,B,Energy,O,ME,Retail Power Marketer,ISNE
2023,56504,Major Energy Electric Services,B,Energy,O,NY,Retail Power Marketer,NYIS
2023,56504,Major Energy Electric Services,B,Energy,O,OH,Retail Power Marketer,PJM
2023,56521,"Devonshire Energy, LLC",B,Energy,O,DC,Retail Power Marketer,PJM
2023,56521,"Devonshire Energy, LLC",B,Energy,O,MA,Retail Power Marketer,ISNE
2023,56521,"Devonshire Energy, LLC",B,Energy,O,NH,Retail Power Marketer,ISNE
2023,56521,"Devonshire Energy, LLC",B,Energy,O,RI,Retail Power Marketer,ISNE
2023,56571,AP Holdings LLC,B,Energy,O,IL,Retail Power Marketer,PJM
2023,56571,AP Holdings LLC,B,Energy,O,MD,Retail Power Marketer,PJM
2023,56571,AP Holdings LLC,B,Energy,O,NJ,Retail Power Marketer,PJM
2023,56571,AP Holdings LLC,B,Energy,O,NY,Retail Power Marketer,NYIS
2023,56571,AP Holdings LLC,B,Energy,O,OH,Retail Power Marketer,PJM
2023,56571,AP Holdings LLC,B,Energy,O,PA,Retail Power Marketer,PJM
2023,56571,AP Holdings LLC,D,Bundled,O,TX,Retail Power Marketer,ERCO
2023,56573,"Palmco Power PA, LLC",B,Energy,O,PA,Retail Power Marketer,PJM
2023,56621,Yakama Power,A,Bundled,O,WA,Cooperative,BPAT
2023,56692,Marin Clean Energy,B,Energy,O,CA,Community Choice Aggregator,CISO
2023,56697,Ameren Illinois Company,A,Bundled,O,IL,Investor Owned,MISO
2023,56697,Ameren Illinois Company,C,Delivery,O,IL,Investor Owned,MISO
2023,56734,Smart Prepaid Electric,D,Bundled,O,TX,Retail Power Marketer,ERCO
2023,56737,"Stream Energy Pennsylvania, LLC",B,Energy,O,PA,Retail Power Marketer,PJM
2023,56876,"Stream Energy Maryland, LLC",B,Energy,O,MD,Retail Power Marketer,PJM
2023,57037,Reliant Energy Northeast LLC,B,Energy,O,CT,Retail Power Marketer,ISNE
2023,57037,Reliant Energy Northeast LLC,B,Energy,O,DC,Retail Power Marketer,PJM
2023,57037,Reliant Energy Northeast LLC,B,Energy,O,DE,Retail Power Marketer,PJM
2023,57037,Reliant Energy Northeast LLC,B,Energy,O,IL,Retail Power Marketer,PJM
2023,57037,Reliant Energy Northeast LLC,B,Energy,O,MA,Retail Power Marketer,ISNE
2023,57037,Reliant Energy Northeast LLC,B,Energy,O,MD,Retail Power Marketer,PJM
2023,57037,Reliant Energy Northeast LLC,B,Energy,O,NJ,Retail Power Marketer,PJM
2023,57037,Reliant Energy Northeast LLC,B,Energy,O,NY,Retail Power Marketer,NYIS
2023,57037,Reliant Energy Northeast LLC,B,Energy,O,OH,Retail Power Marketer,PJM
2023,57037,Reliant Energy Northeast LLC,B,Energy,O,PA,Retail Power Marketer,PJM
2023,57074,"Stream Energy New Jersey, LLC",B,Energy,O,NJ,Retail Power Marketer,PJM
2023,57132,"US Retailers, LLC",D,Bundled,O,TX,Retail Power Marketer,ERCO
2023,57185,"Palmco Power MD, LLC",B,Energy,O,MD,Retail Power Marketer,PJM
2023,57307,ENGIE Power & Gas LLC,B,Energy,O,IL,Retail Power Marketer,PJM
2023,57307,ENGIE Power & Gas LLC,B,Energy,O,MD,Retail Power Marketer,PJM
2023,57307,ENGIE Power & Gas LLC,B,Energy,O,NJ,Retail Power Marketer,PJM
2023,57307,ENGIE Power & Gas LLC,B,Energy,O,NY,Retail Power Marketer,NYIS
2023,57307,ENGIE Power & Gas LLC,B,Energy,O,OH,Retail Power Marketer,PJM
2023,57307,ENGIE Power & Gas LLC,B,Energy,O,PA,Retail Power Marketer,PJM
2023,57313,Tesla Inc.,A,Bundled,O,AZ,Behind the Meter,AZPS
2023,57313,Tesla Inc.,A,Bundled,O,AZ,Behind the Meter,SRP
2023,57313,Tesla Inc.,A,Bundled,O,AZ,Behind the Meter,TEPC
2023,57313,Tesla Inc.,A,Bundled,O,AZ,Behind the Meter,WALC
2023,57313,Tesla Inc.,A,Bundled,O,CA,Behind the Meter,CISO
2023,57313,Tesla Inc.,A,Bundled,O,CA,Behind the Meter,IID
2023,57313,Tesla Inc.,A,Bundled,O,CA,Behind the Meter,LDWP
2023,57313,Tesla Inc.,A,Bundled,O,CA,Behind the Meter,PACW
2023,57313,Tesla Inc.,A,Bundled,O,CA,Behind the Meter,TIDC
2023,57313,Tesla Inc.,A,Bundled,O,CA,Behind the Meter,WALC
2023,57313,Tesla Inc.,A,Bundled,O,CA,Behind the Meter,BANC
2023,57313,Tesla Inc.,A,Bundled,O,CO,Behind the Meter,PSCO
2023,57313,Tesla Inc.,A,Bundled,O,CO,Behind the Meter,WACM
2023,57313,Tesla Inc.,A,Bundled,O,CT,Behind the Meter,ISNE
2023,57313,Tesla Inc.,A,Bundled,O,DC,Behind the Meter,PJM
2023,57313,Tesla Inc.,A,Bundled,O,DE,Behind the Meter,PJM
2023,57313,Tesla Inc.,A,Bundled,O,FL,Behind the Meter,FPL
2023,57313,Tesla Inc.,A,Bundled,O,FL,Behind the Meter,FPC
2023,57313,Tesla Inc.,A,Bundled,O,FL,Behind the Meter,SOCO
2023,57313,Tesla Inc.,A,Bundled,O,FL,Behind the Meter,SEC
2023,57313,Tesla Inc.,A,Bundled,O,FL,Behind the Meter,FMPP
2023,57313,Tesla Inc.,A,Bundled,O,HI,Behind the Meter,NA
2023,57313,Tesla Inc.,A,Bundled,O,HI,Behind the Meter,HECO
2023,57313,Tesla Inc.,A,Bundled,O,IL,Behind the Meter,PJM
2023,57313,Tesla Inc.,A,Bundled,O,MA,Behind the Meter,ISNE
2023,57313,Tesla Inc.,A,Bundled,O,MD,Behind the Meter,PJM
2023,57313,Tesla Inc.,A,Bundled,O,ME,Behind the Meter,ISNE
2023,57313,Tesla Inc.,A,Bundled,O,NH,Behind the Meter,ISNE
2023,57313,Tesla Inc.,A,Bundled,O,NJ,Behind the Meter,NYIS
2023,57313,Tesla Inc.,A,Bundled,O,NJ,Behind the Meter,PJM
2023,57313,Tesla Inc.,A,Bundled,O,NM,Behind the Meter,EPE
2023,57313,Tesla Inc.,A,Bundled,O,NM,Behind the Meter,PNM
2023,57313,Tesla Inc.,A,Bundled,O,NV,Behind the Meter,NEVP
2023,57313,Tesla Inc.,A,Bundled,O,NY,Behind the Meter,ISNE
2023,57313,Tesla Inc.,A,Bundled,O,NY,Behind the Meter,NYIS
2023,57313,Tesla Inc.,A,Bundled,O,OH,Behind the Meter,PJM
2023,57313,Tesla Inc.,A,Bundled,O,OR,Behind the Meter,BPAT
2023,57313,Tesla Inc.,A,Bundled,O,OR,Behind the Meter,PACW
2023,57313,Tesla Inc.,A,Bundled,O,OR,Behind the Meter,PGE
2023,57313,Tesla Inc.,A,Bundled,O,PA,Behind the Meter,PJM
2023,57313,Tesla Inc.,A,Bundled,O,RI,Behind the Meter,ISNE
2023,57313,Tesla Inc.,A,Bundled,O,TX,Behind the Meter,EPE
2023,57313,Tesla Inc.,A,Bundled,O,TX,Behind the Meter,ERCO
2023,57313,Tesla Inc.,A,Bundled,O,UT,Behind the Meter,PACE
2023,57313,Tesla Inc.,A,Bundled,O,VA,Behind the Meter,PJM
2023,57313,Tesla Inc.,A,Bundled,O,VT,Behind the Meter,ISNE
2023,57313,Tesla Inc.,A,Bundled,O,WA,Behind the Meter,PSEI
2023,57350,Summer Energy LLC,D,Bundled,O,TX,Retail Power Marketer,ERCO
2023,57394,Value Based Brands LLC,D,Bundled,O,TX,Retail Power Marketer,ERCO
2023,57459,"Wolverine Alternative Investments, LLC",D,Bundled,O,TX,Retail Power Marketer,ERCO
2023,57483,Liberty Utilities,A,Bundled,O,CA,Investor Owned,CISO
2023,57486,"XOOM Energy Texas, LLC",D,Bundled,O,TX,Retail Power Marketer,ERCO
2023,57487,"XOOM Energy Connecticut, LLC",B,Energy,O,CT,Retail Power Marketer,ISNE
2023,57488,"XOOM Energy Illinois, LLC",B,Energy,O,IL,Retail Power Marketer,PJM
2023,57489,"XOOM Energy Massachusetts, LLC",B,Energy,O,MA,Retail Power Marketer,ISNE
2023,57490,"XOOM Energy Maryland, LLC",B,Energy,O,MD,Retail Power Marketer,PJM
2023,57491,"XOOM Energy New Jersey, LLC",B,Energy,O,NJ,Retail Power Marketer,PJM
2023,58085,"Electricity Maine, LLC",B,Energy,O,ME,Retail Power Marketer,ISNE
2023,58086,"Electricity NH, LLC",B,Energy,O,NH,Retail Power Marketer,ISNE
2023,58113,"Texas A&M, Utilities & Energy Services",A,Bundled,O,TX,State,ERCO
2023,58116,"Public Power & Utility of Maryland, LLC",B,Energy,O,MD,Retail Power Marketer,PJM
2023,58118,Public Power LLC (PA),B,Energy,O,PA,Retail Power Marketer,PJM
2023,58119,Public Power LLC (CT),B,Energy,O,DC,Retail Power Marketer,PJM
2023,58119,Public Power LLC (CT),B,Energy,O,IL,Retail Power Marketer,PJM
2023,58119,Public Power LLC (CT),B,Energy,O,MA,Retail Power Marketer,ISNE
2023,58119,Public Power LLC (CT),B,Energy,O,NY,Retail Power Marketer,NYIS
2023,58119,Public Power LLC (CT),B,Energy,O,OH,Retail Power Marketer,PJM
2023,58119,Public Power LLC (CT),B,Energy,O,RI,Retail Power Marketer,ISNE
2023,58124,City of Winter Park - (FL),A,Bundled,O,FL,Municipal,FPC
2023,58142,Viridian Energy Ohio LLC,B,Energy,O,OH,Retail Power Marketer,PJM
2023,58158,FairPoint Energy LLC,B,Energy,O,ME,Retail Power Marketer,ISNE
2023,58158,FairPoint Energy LLC,B,Energy,O,NH,Retail Power Marketer,ISNE
2023,58160,Viridian Energy NY LLC,B,Energy,O,NY,Retail Power Marketer,NYIS
2023,58161,Viridian Energy LLC,B,Energy,O,MA,Retail Power Marketer,ISNE
2023,58161,Viridian Energy LLC,B,Energy,O,RI,Retail Power Marketer,ISNE
2023,58162,Viridian Energy PA LLC,B,Energy,O,DC,Retail Power Marketer,PJM
2023,58162,Viridian Energy PA LLC,B,Energy,O,DE,Retail Power Marketer,PJM
2023,58162,Viridian Energy PA LLC,B,Energy,O,IL,Retail Power Marketer,PJM
2023,58162,Viridian Energy PA LLC,B,Energy,O,MD,Retail Power Marketer,PJM
2023,58162,Viridian Energy PA LLC,B,Energy,O,NJ,Retail Power Marketer,PJM
2023,58162,Viridian Energy PA LLC,B,Energy,O,OH,Retail Power Marketer,PJM
2023,58162,Viridian Energy PA LLC,B,Energy,O,PA,Retail Power Marketer,PJM
2023,58181,"Stream Energy New York, LLC",B,Energy,O,NY,Retail Power Marketer,NYIS
2023,58196,"C. N. Brown Electricity, LLC",B,Energy,O,ME,Retail Power Marketer,ISNE
2023,58248,"EnergyMark, LLC",B,Energy,O,NY,Retail Power Marketer,NYIS
2023,58314,"Palmco Power IL, LLC",B,Energy,O,IL,Retail Power Marketer,PJM
2023,58339,"XOOM Energy Pennsylvania, LLC",B,Energy,O,PA,Retail Power Marketer,PJM
2023,58364,New Brunswick Power Generation Corp.,B,Energy,O,ME,Retail Power Marketer,NBSO
2023,58367,"XOOM Energy New York, LLC",B,Energy,O,NY,Retail Power Marketer,NYIS
2023,58458,Silver State Energy Association,B,Energy,O,NV,Retail Power Marketer,NEVP
2023,58476,"Stream Energy Columbia, LLC",B,Energy,O,DC,Retail Power Marketer,PJM
2023,58630,"XOOM Energy Maine, LLC",B,Energy,O,ME,Retail Power Marketer,ISNE
2023,58631,"XOOM Energy Rhode Island, LLC",B,Energy,O,RI,Retail Power Marketer,ISNE
2023,58632,"XOOM Energy Delaware, LLC",B,Energy,O,DE,Retail Power Marketer,PJM
2023,58633,"XOOM Energy New Hampshire, LLC",B,Energy,O,NH,Retail Power Marketer,ISNE
2023,58663,Respond Power LLC,B,Energy,O,NJ,Retail Power Marketer,PJM
2023,58663,Respond Power LLC,B,Energy,O,PA,Retail Power Marketer,PJM
2023,58667,"North American Power and Gas, LLC",B,Energy,O,CT,Retail Power Marketer,ISNE
2023,58667,"North American Power and Gas, LLC",B,Energy,O,IL,Retail Power Marketer,PJM
2023,58667,"North American Power and Gas, LLC",B,Energy,O,MD,Retail Power Marketer,PJM
2023,58667,"North American Power and Gas, LLC",B,Energy,O,ME,Retail Power Marketer,ISNE
2023,58667,"North American Power and Gas, LLC",B,Energy,O,NH,Retail Power Marketer,ISNE
2023,58667,"North American Power and Gas, LLC",B,Energy,O,NJ,Retail Power Marketer,PJM
2023,58667,"North American Power and Gas, LLC",B,Energy,O,OH,Retail Power Marketer,PJM
2023,58667,"North American Power and Gas, LLC",B,Energy,O,PA,Retail Power Marketer,PJM
2023,58667,"North American Power and Gas, LLC",B,Energy,O,RI,Retail Power Marketer,ISNE
2023,58683,Everyday Energy LLC,B,Energy,O,IL,Retail Power Marketer,PJM
2023,58683,Everyday Energy LLC,B,Energy,O,MA,Retail Power Marketer,ISNE
2023,58683,Everyday Energy LLC,B,Energy,O,NJ,Retail Power Marketer,PJM
2023,58683,Everyday Energy LLC,B,Energy,O,OH,Retail Power Marketer,PJM
2023,58683,Everyday Energy LLC,B,Energy,O,PA,Retail Power Marketer,PJM
2023,58747,"Provider Power MASS, LLC",B,Energy,O,MA,Retail Power Marketer,ISNE
2023,58789,DOD USMC Marine Air Ground Combat,A,Bundled,O,CA,Federal,CISO
2023,58799,"Mega Energy of New England, LLC",B,Energy,O,CT,Retail Power Marketer,ISNE
2023,58799,"Mega Energy of New England, LLC",B,Energy,O,MA,Retail Power Marketer,ISNE
2023,58851,City of Cerritos - (CA),B,Energy,O,CA,Municipal,CISO
2023,58853,Kiwi Energy NY LLC,B,Energy,O,NY,Retail Power Marketer,NYIS
2023,58853,Kiwi Energy NY LLC,B,Energy,O,OH,Retail Power Marketer,PJM
2023,58951,"CleanChoice Energy, Inc.",B,Energy,O,DC,Retail Power Marketer,PJM
2023,58951,"CleanChoice Energy, Inc.",B,Energy,O,DE,Retail Power Marketer,PJM
2023,58951,"CleanChoice Energy, Inc.",B,Energy,O,IL,Retail Power Marketer,PJM
2023,58951,"CleanChoice Energy, Inc.",B,Energy,O,MA,Retail Power Marketer,ISNE
2023,58951,"CleanChoice Energy, Inc.",B,Energy,O,MD,Retail Power Marketer,PJM
2023,58951,"CleanChoice Energy, Inc.",B,Energy,O,NJ,Retail Power Marketer,PJM
2023,58951,"CleanChoice Energy, Inc.",B,Energy,O,NY,Retail Power Marketer,NYIS
2023,58951,"CleanChoice Energy, Inc.",B,Energy,O,OH,Retail Power Marketer,PJM
2023,58951,"CleanChoice Energy, Inc.",B,Energy,O,PA,Retail Power Marketer,PJM
2023,58952,Tomorrow Energy Corp.,B,Energy,O,IL,Retail Power Marketer,PJM
2023,58952,Tomorrow Energy Corp.,B,Energy,O,MD,Retail Power Marketer,PJM
2023,58952,Tomorrow Energy Corp.,B,Energy,O,NJ,Retail Power Marketer,PJM
2023,58952,Tomorrow Energy Corp.,B,Energy,O,OH,Retail Power Marketer,PJM
2023,58952,Tomorrow Energy Corp.,B,Energy,O,PA,Retail Power Marketer,PJM
2023,58952,Tomorrow Energy Corp.,D,Bundled,O,TX,Retail Power Marketer,ERCO
2023,58956,"SmartEnergy Holdings, LLC",B,Energy,O,DC,Retail Power Marketer,PJM
2023,58956,"SmartEnergy Holdings, LLC",B,Energy,O,DE,Retail Power Marketer,PJM
2023,58956,"SmartEnergy Holdings, LLC",B,Energy,O,IL,Retail Power Marketer,PJM
2023,58956,"SmartEnergy Holdings, LLC",B,Energy,O,IL,Retail Power Marketer,MISO
2023,58956,"SmartEnergy Holdings, LLC",B,Energy,O,MA,Retail Power Marketer,ISNE
2023,58956,"SmartEnergy Holdings, LLC",B,Energy,O,MD,Retail Power Marketer,PJM
2023,58956,"SmartEnergy Holdings, LLC",B,Energy,O,ME,Retail Power Marketer,ISNE
2023,58956,"SmartEnergy Holdings, LLC",B,Energy,O,NH,Retail Power Marketer,ISNE
2023,58956,"SmartEnergy Holdings, LLC",B,Energy,O,NJ,Retail Power Marketer,PJM
2023,58956,"SmartEnergy Holdings, LLC",B,Energy,O,NY,Retail Power Marketer,NYIS
2023,58956,"SmartEnergy Holdings, LLC",B,Energy,O,OH,Retail Power Marketer,PJM
2023,58956,"SmartEnergy Holdings, LLC",B,Energy,O,PA,Retail Power Marketer,PJM
2023,58956,"SmartEnergy Holdings, LLC",B,Energy,O,RI,Retail Power Marketer,ISNE
2023,58956,"SmartEnergy Holdings, LLC",D,Bundled,O,TX,Retail Power Marketer,ERCO
2023,58957,"Interstate Gas Supply, Inc.",B,Energy,O,IL,Retail Power Marketer,PJM
2023,58957,"Interstate Gas Supply, Inc.",B,Energy,O,MD,Retail Power Marketer,PJM
2023,58957,"Interstate Gas Supply, Inc.",B,Energy,O,OH,Retail Power Marketer,PJM
2023,58957,"Interstate Gas Supply, Inc.",B,Energy,O,PA,Retail Power Marketer,PJM
2023,58963,Brooklet Energy Distribution,D,Bundled,O,TX,Retail Power Marketer,ERCO
2023,58964,"Alpha Gas and Electric, LLC",B,Energy,O,DC,Retail Power Marketer,PJM
2023,58964,"Alpha Gas and Electric, LLC",B,Energy,O,IL,Retail Power Marketer,PJM
2023,58964,"Alpha Gas and Electric, LLC",B,Energy,O,MA,Retail Power Marketer,ISNE
2023,58964,"Alpha Gas and Electric, LLC",B,Energy,O,MD,Retail Power Marketer,PJM
2023,58964,"Alpha Gas and Electric, LLC",B,Energy,O,NJ,Retail Power Marketer,PJM
2023,58964,"Alpha Gas and Electric, LLC",B,Energy,O,NY,Retail Power Marketer,NYIS
2023,58964,"Alpha Gas and Electric, LLC",B,Energy,O,OH,Retail Power Marketer,PJM
2023,58964,"Alpha Gas and Electric, LLC",B,Energy,O,PA,Retail Power Marketer,PJM
2023,58966,Marathon Power LLC,B,Energy,O,MD,Retail Power Marketer,PJM
2023,58966,Marathon Power LLC,B,Energy,O,NJ,Retail Power Marketer,PJM
2023,58966,Marathon Power LLC,B,Energy,O,NY,Retail Power Marketer,NYIS
2023,58966,Marathon Power LLC,B,Energy,O,PA,Retail Power Marketer,PJM
2023,58972,"Realgy, LLC",B,Energy,O,IL,Retail Power Marketer,PJM
2023,58972,"Realgy, LLC",B,Energy,O,OH,Retail Power Marketer,PJM
2023,58973,"Town Square Energy East, LLC",B,Energy,O,MD,Retail Power Marketer,PJM
2023,58973,"Town Square Energy East, LLC",B,Energy,O,NJ,Retail Power Marketer,PJM
2023,58973,"Town Square Energy East, LLC",B,Energy,O,OH,Retail Power Marketer,PJM
2023,58973,"Town Square Energy East, LLC",B,Energy,O,PA,Retail Power Marketer,PJM
2023,58974,Clearview Electric Inc.,B,Energy,O,DC,Retail Power Marketer,PJM
2023,58974,Clearview Electric Inc.,B,Energy,O,DE,Retail Power Marketer,PJM
2023,58974,Clearview Electric Inc.,B,Energy,O,IL,Retail Power Marketer,MISO
2023,58974,Clearview Electric Inc.,B,Energy,O,MA,Retail Power Marketer,ISNE
2023,58974,Clearview Electric Inc.,B,Energy,O,MD,Retail Power Marketer,PJM
2023,58974,Clearview Electric Inc.,B,Energy,O,ME,Retail Power Marketer,ISNE
2023,58974,Clearview Electric Inc.,B,Energy,O,NH,Retail Power Marketer,ISNE
2023,58974,Clearview Electric Inc.,B,Energy,O,NJ,Retail Power Marketer,PJM
2023,58974,Clearview Electric Inc.,B,Energy,O,NY,Retail Power Marketer,NYIS
2023,58974,Clearview Electric Inc.,B,Energy,O,OH,Retail Power Marketer,PJM
2023,58974,Clearview Electric Inc.,B,Energy,O,PA,Retail Power Marketer,PJM
2023,58974,Clearview Electric Inc.,B,Energy,O,RI,Retail Power Marketer,ISNE
2023,58974,Clearview Electric Inc.,D,Bundled,O,TX,Retail Power Marketer,ERCO
2023,58978,"Harborside Energy, LLC",B,Energy,O,NJ,Retail Power Marketer,PJM
2023,59012,"Mega Energy of New Hampshire, LLC",B,Energy,O,NH,Retail Power Marketer,ISNE
2023,59013,PUD No 1 of Jefferson County,A,Bundled,O,WA,Political Subdivision,BPAT
2023,59052,Astral Energy LLC,B,Energy,O,MA,Retail Power Marketer,ISNE
2023,59052,Astral Energy LLC,B,Energy,O,MD,Retail Power Marketer,PJM
2023,59052,Astral Energy LLC,B,Energy,O,NJ,Retail Power Marketer,PJM
2023,59052,Astral Energy LLC,B,Energy,O,NY,Retail Power Marketer,NYIS
2023,59052,Astral Energy LLC,B,Energy,O,OH,Retail Power Marketer,PJM
2023,59052,Astral Energy LLC,B,Energy,O,PA,Retail Power Marketer,PJM
2023,59053,"Abest Power & Gas, LLC",B,Energy,O,NY,Retail Power Marketer,NYIS
2023,59054,"Eligo Energy, LLC",B,Energy,O,CT,Retail Power Marketer,ISNE
2023,59054,"Eligo Energy, LLC",B,Energy,O,DC,Retail Power Marketer,PJM
2023,59054,"Eligo Energy, LLC",B,Energy,O,IL,Retail Power Marketer,PJM
2023,59054,"Eligo Energy, LLC",B,Energy,O,MA,Retail Power Marketer,ISNE
2023,59054,"Eligo Energy, LLC",B,Energy,O,MD,Retail Power Marketer,PJM
2023,59054,"Eligo Energy, LLC",B,Energy,O,NJ,Retail Power Marketer,PJM
2023,59054,"Eligo Energy, LLC",B,Energy,O,NY,Retail Power Marketer,NYIS
2023,59054,"Eligo Energy, LLC",B,Energy,O,OH,Retail Power Marketer,PJM
2023,59054,"Eligo Energy, LLC",B,Energy,O,PA,Retail Power Marketer,PJM
2023,59055,"Choice Energy, LLC",B,Energy,O,NJ,Retail Power Marketer,PJM
2023,59055,"Choice Energy, LLC",B,Energy,O,OH,Retail Power Marketer,PJM
2023,59055,"Choice Energy, LLC",B,Energy,O,PA,Retail Power Marketer,PJM
2023,59057,"Mega Energy of Maine, LLC",B,Energy,O,ME,Retail Power Marketer,ISNE
2023,59059,Town Square Energy,B,Energy,O,CT,Retail Power Marketer,ISNE
2023,59059,Town Square Energy,B,Energy,O,MA,Retail Power Marketer,ISNE
2023,59059,Town Square Energy,B,Energy,O,ME,Retail Power Marketer,ISNE
2023,59059,Town Square Energy,B,Energy,O,NH,Retail Power Marketer,ISNE
2023,59059,Town Square Energy,B,Energy,O,RI,Retail Power Marketer,ISNE
2023,59062,"Horizon Power and Light, LLC",B,Energy,O,DC,Retail Power Marketer,PJM
2023,59062,"Horizon Power and Light, LLC",B,Energy,O,MD,Retail Power Marketer,PJM
2023,59064,"Great American Power, LLC",B,Energy,O,IL,Retail Power Marketer,PJM
2023,59064,"Great American Power, LLC",B,Energy,O,MD,Retail Power Marketer,PJM
2023,59064,"Great American Power, LLC",B,Energy,O,OH,Retail Power Marketer,PJM
2023,59064,"Great American Power, LLC",B,Energy,O,PA,Retail Power Marketer,PJM
2023,59065,Titan Gas LLC,B,Energy,O,DC,Retail Power Marketer,PJM
2023,59065,Titan Gas LLC,B,Energy,O,DE,Retail Power Marketer,PJM
2023,59065,Titan Gas LLC,B,Energy,O,IL,Retail Power Marketer,PJM
2023,59065,Titan Gas LLC,B,Energy,O,MA,Retail Power Marketer,ISNE
2023,59065,Titan Gas LLC,B,Energy,O,MD,Retail Power Marketer,PJM
2023,59065,Titan Gas LLC,B,Energy,O,NH,Retail Power Marketer,ISNE
2023,59065,Titan Gas LLC,B,Energy,O,NJ,Retail Power Marketer,PJM
2023,59065,Titan Gas LLC,B,Energy,O,OH,Retail Power Marketer,PJM
2023,59065,Titan Gas LLC,B,Energy,O,PA,Retail Power Marketer,PJM
2023,59082,"Family Energy, Inc. New York",B,Energy,O,NY,Retail Power Marketer,NYIS
2023,59083,"SFE Energy Pennsylvania, Inc.",B,Energy,O,PA,Retail Power Marketer,PJM
2023,59084,"SFE Energy Maryland, Inc.",B,Energy,O,MD,Retail Power Marketer,PJM
2023,59085,"SFE Energy NJ, Inc.",B,Energy,O,NJ,Retail Power Marketer,PJM
2023,59086,"Constellation Solar Holding, LLC",A,Bundled,O,AZ,Behind the Meter,AZPS
2023,59086,"Constellation Solar Holding, LLC",A,Bundled,O,AZ,Behind the Meter,TEPC
2023,59086,"Constellation Solar Holding, LLC",A,Bundled,O,CA,Behind the Meter,CISO
2023,59086,"Constellation Solar Holding, LLC",A,Bundled,O,CT,Behind the Meter,ISNE
2023,59086,"Constellation Solar Holding, LLC",A,Bundled,O,DC,Behind the Meter,PJM
2023,59086,"Constellation Solar Holding, LLC",A,Bundled,O,DE,Behind the Meter,PJM
2023,59086,"Constellation Solar Holding, LLC",A,Bundled,O,MA,Behind the Meter,ISNE
2023,59086,"Constellation Solar Holding, LLC",A,Bundled,O,MD,Behind the Meter,PJM
2023,59088,"Nordic Energy Services, LLC",B,Energy,O,DC,Retail Power Marketer,PJM
2023,59088,"Nordic Energy Services, LLC",B,Energy,O,IL,Retail Power Marketer,PJM
2023,59088,"Nordic Energy Services, LLC",B,Energy,O,IL,Retail Power Marketer,MISO
2023,59088,"Nordic Energy Services, LLC",B,Energy,O,MA,Retail Power Marketer,ISNE
2023,59088,"Nordic Energy Services, LLC",B,Energy,O,MD,Retail Power Marketer,PJM
2023,59088,"Nordic Energy Services, LLC",B,Energy,O,NJ,Retail Power Marketer,PJM
2023,59088,"Nordic Energy Services, LLC",B,Energy,O,NY,Retail Power Marketer,NYIS
2023,59088,"Nordic Energy Services, LLC",B,Energy,O,OH,Retail Power Marketer,PJM
2023,59088,"Nordic Energy Services, LLC",B,Energy,O,PA,Retail Power Marketer,PJM
2023,59126,Sonoma Clean Power Authority,B,Energy,O,CA,Community Choice Aggregator,CISO
2023,59128,MPower Energy LLC,B,Energy,O,NY,Retail Power Marketer,NYIS
2023,59310,"Inspire Energy Holdings, LLC",B,Energy,O,DC,Retail Power Marketer,PJM
2023,59310,"Inspire Energy Holdings, LLC",B,Energy,O,DE,Retail Power Marketer,PJM
2023,59310,"Inspire Energy Holdings, LLC",B,Energy,O,IL,Retail Power Marketer,PJM
2023,59310,"Inspire Energy Holdings, LLC",B,Energy,O,MA,Retail Power Marketer,ISNE
2023,59310,"Inspire Energy Holdings, LLC",B,Energy,O,MD,Retail Power Marketer,PJM
2023,59310,"Inspire Energy Holdings, LLC",B,Energy,O,NJ,Retail Power Marketer,PJM
2023,59310,"Inspire Energy Holdings, LLC",B,Energy,O,NY,Retail Power Marketer,NYIS
2023,59310,"Inspire Energy Holdings, LLC",B,Energy,O,OH,Retail Power Marketer,PJM
2023,59310,"Inspire Energy Holdings, LLC",B,Energy,O,PA,Retail Power Marketer,PJM
2023,59311,"XOOM Energy Ohio, LLC",B,Energy,O,OH,Retail Power Marketer,PJM
2023,59312,"XOOM Energy Washington DC, LLC",B,Energy,O,DC,Retail Power Marketer,PJM
2023,59313,"Palmco Power MA, LLC",B,Energy,O,MA,Retail Power Marketer,ISNE
2023,59385,"Dynegy Energy Services, LLC",B,Energy,O,IL,Retail Power Marketer,PJM
2023,59385,"Dynegy Energy Services, LLC",B,Energy,O,MA,Retail Power Marketer,ISNE
2023,59385,"Dynegy Energy Services, LLC",B,Energy,O,OH,Retail Power Marketer,PJM
2023,59385,"Dynegy Energy Services, LLC",B,Energy,O,PA,Retail Power Marketer,PJM
2023,59410,"Shipley Choice, LLC",B,Energy,O,MD,Retail Power Marketer,PJM
2023,59410,"Shipley Choice, LLC",B,Energy,O,OH,Retail Power Marketer,PJM
2023,59410,"Shipley Choice, LLC",B,Energy,O,PA,Retail Power Marketer,PJM
2023,59505,Heartland REMC,A,Bundled,O,IN,Cooperative,PJM
2023,59579,Sunnova,A,Bundled,O,AR,Behind the Meter,AECI
2023,59579,Sunnova,A,Bundled,O,AR,Behind the Meter,SPA
2023,59579,Sunnova,A,Bundled,O,AR,Behind the Meter,MISO
2023,59579,Sunnova,A,Bundled,O,AR,Behind the Meter,SWPP
2023,59579,Sunnova,A,Bundled,O,AZ,Behind the Meter,AZPS
2023,59579,Sunnova,A,Bundled,O,AZ,Behind the Meter,PNM
2023,59579,Sunnova,A,Bundled,O,AZ,Behind the Meter,SRP
2023,59579,Sunnova,A,Bundled,O,AZ,Behind the Meter,TEPC
2023,59579,Sunnova,A,Bundled,O,AZ,Behind the Meter,WALC
2023,59579,Sunnova,A,Bundled,O,CA,Behind the Meter,CISO
2023,59579,Sunnova,A,Bundled,O,CA,Behind the Meter,IID
2023,59579,Sunnova,A,Bundled,O,CA,Behind the Meter,LDWP
2023,59579,Sunnova,A,Bundled,O,CA,Behind the Meter,TIDC
2023,59579,Sunnova,A,Bundled,O,CA,Behind the Meter,BANC
2023,59579,Sunnova,A,Bundled,O,CO,Behind the Meter,PSCO
2023,59579,Sunnova,A,Bundled,O,CO,Behind the Meter,WACM
2023,59579,Sunnova,A,Bundled,O,CT,Behind the Meter,ISNE
2023,59579,Sunnova,A,Bundled,O,DC,Behind the Meter,PJM
2023,59579,Sunnova,A,Bundled,O,DE,Behind the Meter,PJM
2023,59579,Sunnova,A,Bundled,O,FL,Behind the Meter,FPL
2023,59579,Sunnova,A,Bundled,O,FL,Behind the Meter,FPC
2023,59579,Sunnova,A,Bundled,O,FL,Behind the Meter,GVL
2023,59579,Sunnova,A,Bundled,O,FL,Behind the Meter,HST
2023,59579,Sunnova,A,Bundled,O,FL,Behind the Meter,JEA
2023,59579,Sunnova,A,Bundled,O,FL,Behind the Meter,TEC
2023,59579,Sunnova,A,Bundled,O,FL,Behind the Meter,SEC
2023,59579,Sunnova,A,Bundled,O,FL,Behind the Meter,FMPP
2023,59579,Sunnova,A,Bundled,O,GA,Behind the Meter,DUK
2023,59579,Sunnova,A,Bundled,O,HI,Behind the Meter,NA
2023,59579,Sunnova,A,Bundled,O,HI,Behind the Meter,HECO
2023,59579,Sunnova,A,Bundled,O,ID,Behind the Meter,IPCO
2023,59579,Sunnova,A,Bundled,O,IL,Behind the Meter,PJM
2023,59579,Sunnova,A,Bundled,O,IL,Behind the Meter,MISO
2023,59579,Sunnova,A,Bundled,O,IL,Behind the Meter,GLHB
2023,59579,Sunnova,A,Bundled,O,IN,Behind the Meter,PJM
2023,59579,Sunnova,A,Bundled,O,KS,Behind the Meter,SWPP
2023,59579,Sunnova,A,Bundled,O,KY,Behind the Meter,LGEE
2023,59579,Sunnova,A,Bundled,O,KY,Behind the Meter,PJM
2023,59579,Sunnova,A,Bundled,O,LA,Behind the Meter,MISO
2023,59579,Sunnova,A,Bundled,O,LA,Behind the Meter,SWPP
2023,59579,Sunnova,A,Bundled,O,MA,Behind the Meter,ISNE
2023,59579,Sunnova,A,Bundled,O,MD,Behind the Meter,PJM
2023,59579,Sunnova,A,Bundled,O,ME,Behind the Meter,ISNE
2023,59579,Sunnova,A,Bundled,O,MI,Behind the Meter,PJM
2023,59579,Sunnova,A,Bundled,O,MI,Behind the Meter,MISO
2023,59579,Sunnova,A,Bundled,O,MN,Behind the Meter,MISO
2023,59579,Sunnova,A,Bundled,O,MO,Behind the Meter,AECI
2023,59579,Sunnova,A,Bundled,O,MO,Behind the Meter,SPA
2023,59579,Sunnova,A,Bundled,O,MO,Behind the Meter,MISO
2023,59579,Sunnova,A,Bundled,O,MO,Behind the Meter,SWPP
2023,59579,Sunnova,A,Bundled,O,NC,Behind the Meter,CPLE
2023,59579,Sunnova,A,Bundled,O,NC,Behind the Meter,DUK
2023,59579,Sunnova,A,Bundled,O,NH,Behind the Meter,ISNE
2023,59579,Sunnova,A,Bundled,O,NJ,Behind the Meter,NYIS
2023,59579,Sunnova,A,Bundled,O,NJ,Behind the Meter,PJM
2023,59579,Sunnova,A,Bundled,O,NM,Behind the Meter,EPE
2023,59579,Sunnova,A,Bundled,O,NM,Behind the Meter,ERCO
2023,59579,Sunnova,A,Bundled,O,NM,Behind the Meter,PNM
2023,59579,Sunnova,A,Bundled,O,NM,Behind the Meter,SWPP
2023,59579,Sunnova,A,Bundled,O,NV,Behind the Meter,NEVP
2023,59579,Sunnova,A,Bundled,O,NY,Behind the Meter,NA
2023,59579,Sunnova,A,Bundled,O,NY,Behind the Meter,NYIS
2023,59579,Sunnova,A,Bundled,O,NY,Behind the Meter,PJM
2023,59579,Sunnova,A,Bundled,O,OH,Behind the Meter,PJM
2023,59579,Sunnova,A,Bundled,O,PA,Behind the Meter,PJM
2023,59579,Sunnova,A,Bundled,O,RI,Behind the Meter,ISNE
2023,59579,Sunnova,A,Bundled,O,SC,Behind the Meter,CPLE
2023,59579,Sunnova,A,Bundled,O,SC,Behind the Meter,DUK
2023,59579,Sunnova,A,Bundled,O,SC,Behind the Meter,SCEG
2023,59579,Sunnova,A,Bundled,O,SC,Behind the Meter,SC
2023,59579,Sunnova,A,Bundled,O,TX,Behind the Meter,EPE
2023,59579,Sunnova,A,Bundled,O,TX,Behind the Meter,ERCO
2023,59579,Sunnova,A,Bundled,O,TX,Behind the Meter,MISO
2023,59579,Sunnova,A,Bundled,O,TX,Behind the Meter,SWPP
2023,59579,Sunnova,A,Bundled,O,UT,Behind the Meter,BPAT
2023,59579,Sunnova,A,Bundled,O,VA,Behind the Meter,PJM
2023,59579,Sunnova,A,Bundled,O,WA,Behind the Meter,AVA
2023,59579,Sunnova,A,Bundled,O,WI,Behind the Meter,MISO
2023,59579,Sunnova,A,Bundled,O,WV,Behind the Meter,PJM
2023,59580,"SunPower Capital, LLC",A,Bundled,O,AZ,Behind the Meter,AZPS
2023,59580,"SunPower Capital, LLC",A,Bundled,O,AZ,Behind the Meter,CISO
2023,59580,"SunPower Capital, LLC",A,Bundled,O,AZ,Behind the Meter,PSCO
2023,59580,"SunPower Capital, LLC",A,Bundled,O,AZ,Behind the Meter,SRP
2023,59580,"SunPower Capital, LLC",A,Bundled,O,AZ,Behind the Meter,TEPC
2023,59580,"SunPower Capital, LLC",A,Bundled,O,AZ,Behind the Meter,WALC
2023,59580,"SunPower Capital, LLC",A,Bundled,O,CA,Behind the Meter,CISO
2023,59580,"SunPower Capital, LLC",A,Bundled,O,CA,Behind the Meter,IID
2023,59580,"SunPower Capital, LLC",A,Bundled,O,CA,Behind the Meter,LDWP
2023,59580,"SunPower Capital, LLC",A,Bundled,O,CA,Behind the Meter,NEVP
2023,59580,"SunPower Capital, LLC",A,Bundled,O,CA,Behind the Meter,PACW
2023,59580,"SunPower Capital, LLC",A,Bundled,O,CA,Behind the Meter,TIDC
2023,59580,"SunPower Capital, LLC",A,Bundled,O,CA,Behind the Meter,WALC
2023,59580,"SunPower Capital, LLC",A,Bundled,O,CA,Behind the Meter,BANC
2023,59580,"SunPower Capital, LLC",A,Bundled,O,CO,Behind the Meter,PSCO
2023,59580,"SunPower Capital, LLC",A,Bundled,O,CO,Behind the Meter,WACM
2023,59580,"SunPower Capital, LLC",A,Bundled,O,CT,Behind the Meter,ISNE
2023,59580,"SunPower Capital, LLC",A,Bundled,O,HI,Behind the Meter,HECO
2023,59580,"SunPower Capital, LLC",A,Bundled,O,MA,Behind the Meter,ISNE
2023,59580,"SunPower Capital, LLC",A,Bundled,O,NJ,Behind the Meter,NYIS
2023,59580,"SunPower Capital, LLC",A,Bundled,O,NJ,Behind the Meter,PJM
2023,59580,"SunPower Capital, LLC",A,Bundled,O,NV,Behind the Meter,NEVP
2023,59580,"SunPower Capital, LLC",A,Bundled,O,NY,Behind the Meter,NYIS
2023,59580,"SunPower Capital, LLC",A,Bundled,O,NY,Behind the Meter,PJM
2023,59580,"SunPower Capital, LLC",A,Bundled,O,PA,Behind the Meter,NYIS
2023,59580,"SunPower Capital, LLC",A,Bundled,O,PA,Behind the Meter,PJM
2023,59580,"SunPower Capital, LLC",A,Bundled,O,VT,Behind the Meter,ISNE
2023,59620,Verde Energy USA,B,Energy,O,MA,Retail Power Marketer,ISNE
2023,59620,Verde Energy USA,B,Energy,O,NJ,Retail Power Marketer,PJM
2023,59620,Verde Energy USA,B,Energy,O,NY,Retail Power Marketer,NYIS
2023,59620,Verde Energy USA,B,Energy,O,OH,Retail Power Marketer,PJM
2023,59620,Verde Energy USA,B,Energy,O,PA,Retail Power Marketer,PJM
2023,59622,"Ahana Renewables, LLC",A,Bundled,O,CA,Behind the Meter,CISO
2023,59622,"Ahana Renewables, LLC",A,Bundled,O,MA,Behind the Meter,ISNE
2023,59622,"Ahana Renewables, LLC",A,Bundled,O,NJ,Behind the Meter,PJM
2023,59622,"Ahana Renewables, LLC",A,Bundled,O,NY,Behind the Meter,NYIS
2023,59622,"Ahana Renewables, LLC",A,Bundled,O,RI,Behind the Meter,ISNE
2023,59622,"Ahana Renewables, LLC",A,Bundled,O,VT,Behind the Meter,ISNE
2023,59625,Lancaster Choice Energy,B,Energy,O,CA,Community Choice Aggregator,CISO
2023,59647,Sunrun Inc.,A,Bundled,O,AZ,Behind the Meter,AZPS
2023,59647,Sunrun Inc.,A,Bundled,O,AZ,Behind the Meter,CISO
2023,59647,Sunrun Inc.,A,Bundled,O,AZ,Behind the Meter,SRP
2023,59647,Sunrun Inc.,A,Bundled,O,AZ,Behind the Meter,TEPC
2023,59647,Sunrun Inc.,A,Bundled,O,AZ,Behind the Meter,WALC
2023,59647,Sunrun Inc.,A,Bundled,O,CA,Behind the Meter,CISO
2023,59647,Sunrun Inc.,A,Bundled,O,CA,Behind the Meter,IID
2023,59647,Sunrun Inc.,A,Bundled,O,CA,Behind the Meter,LDWP
2023,59647,Sunrun Inc.,A,Bundled,O,CA,Behind the Meter,TIDC
2023,59647,Sunrun Inc.,A,Bundled,O,CA,Behind the Meter,BANC
2023,59647,Sunrun Inc.,A,Bundled,O,CO,Behind the Meter,PSCO
2023,59647,Sunrun Inc.,A,Bundled,O,CO,Behind the Meter,WACM
2023,59647,Sunrun Inc.,A,Bundled,O,CT,Behind the Meter,ISNE
2023,59647,Sunrun Inc.,A,Bundled,O,DC,Behind the Meter,PJM
2023,59647,Sunrun Inc.,A,Bundled,O,DE,Behind the Meter,PJM
2023,59647,Sunrun Inc.,A,Bundled,O,FL,Behind the Meter,FPL
2023,59647,Sunrun Inc.,A,Bundled,O,FL,Behind the Meter,FPC
2023,59647,Sunrun Inc.,A,Bundled,O,FL,Behind the Meter,TEC
2023,59647,Sunrun Inc.,A,Bundled,O,HI,Behind the Meter,HECO
2023,59647,Sunrun Inc.,A,Bundled,O,IL,Behind the Meter,PJM
2023,59647,Sunrun Inc.,A,Bundled,O,MA,Behind the Meter,ISNE
2023,59647,Sunrun Inc.,A,Bundled,O,MD,Behind the Meter,PJM
2023,59647,Sunrun Inc.,A,Bundled,O,NH,Behind the Meter,ISNE
2023,59647,Sunrun Inc.,A,Bundled,O,NJ,Behind the Meter,PJM
2023,59647,Sunrun Inc.,A,Bundled,O,NM,Behind the Meter,PNM
2023,59647,Sunrun Inc.,A,Bundled,O,NV,Behind the Meter,NEVP
2023,59647,Sunrun Inc.,A,Bundled,O,NY,Behind the Meter,ISNE
2023,59647,Sunrun Inc.,A,Bundled,O,NY,Behind the Meter,NYIS
2023,59647,Sunrun Inc.,A,Bundled,O,NY,Behind the Meter,PJM
2023,59647,Sunrun Inc.,A,Bundled,O,OR,Behind the Meter,PGE
2023,59647,Sunrun Inc.,A,Bundled,O,PA,Behind the Meter,PJM
2023,59647,Sunrun Inc.,A,Bundled,O,RI,Behind the Meter,ISNE
2023,59647,Sunrun Inc.,A,Bundled,O,SC,Behind the Meter,DUK
2023,59647,Sunrun Inc.,A,Bundled,O,SC,Behind the Meter,SCEG
2023,59647,Sunrun Inc.,A,Bundled,O,TX,Behind the Meter,ERCO
2023,59647,Sunrun Inc.,A,Bundled,O,UT,Behind the Meter,PACE
2023,59647,Sunrun Inc.,A,Bundled,O,VT,Behind the Meter,ISNE
2023,59676,"Collegiate Clean Energy, LLC",B,Energy,O,VA,Retail Power Marketer,PJM
2023,59679,Aggregated Transit Energy,B,Energy,O,MA,Retail Power Marketer,ISNE
2023,59734,"SFE Energy Massachusetts, Inc.",B,Energy,O,MA,Retail Power Marketer,ISNE
2023,59763,"Consolidated Power Co., LLC",B,Energy,O,NY,Retail Power Marketer,NYIS
2023,59793,"First Point Power, LLC",B,Energy,O,CT,Retail Power Marketer,ISNE
2023,59793,"First Point Power, LLC",B,Energy,O,DE,Retail Power Marketer,PJM
2023,59793,"First Point Power, LLC",B,Energy,O,MA,Retail Power Marketer,ISNE
2023,59793,"First Point Power, LLC",B,Energy,O,MD,Retail Power Marketer,PJM
2023,59793,"First Point Power, LLC",B,Energy,O,ME,Retail Power Marketer,ISNE
2023,59793,"First Point Power, LLC",B,Energy,O,NH,Retail Power Marketer,ISNE
2023,59793,"First Point Power, LLC",B,Energy,O,NJ,Retail Power Marketer,PJM
2023,59793,"First Point Power, LLC",B,Energy,O,PA,Retail Power Marketer,PJM
2023,59793,"First Point Power, LLC",B,Energy,O,RI,Retail Power Marketer,ISNE
2023,59797,Park Power LLC,B,Energy,O,DC,Retail Power Marketer,PJM
2023,59797,Park Power LLC,B,Energy,O,DE,Retail Power Marketer,PJM
2023,59797,Park Power LLC,B,Energy,O,IL,Retail Power Marketer,PJM
2023,59797,Park Power LLC,B,Energy,O,MD,Retail Power Marketer,PJM
2023,59797,Park Power LLC,B,Energy,O,NJ,Retail Power Marketer,PJM
2023,59797,Park Power LLC,B,Energy,O,OH,Retail Power Marketer,PJM
2023,59797,Park Power LLC,B,Energy,O,PA,Retail Power Marketer,PJM
2023,59799,American Power & Gas,B,Energy,O,IL,Retail Power Marketer,PJM
2023,59799,American Power & Gas,B,Energy,O,MA,Retail Power Marketer,ISNE
2023,59799,American Power & Gas,B,Energy,O,MD,Retail Power Marketer,PJM
2023,59799,American Power & Gas,B,Energy,O,NJ,Retail Power Marketer,PJM
2023,59799,American Power & Gas,B,Energy,O,NY,Retail Power Marketer,NYIS
2023,59799,American Power & Gas,B,Energy,O,OH,Retail Power Marketer,PJM
2023,59799,American Power & Gas,B,Energy,O,PA,Retail Power Marketer,PJM
2023,59807,"Rushmore Energy, LLC",B,Energy,O,DE,Retail Power Marketer,PJM
2023,59807,"Rushmore Energy, LLC",B,Energy,O,IL,Retail Power Marketer,PJM
2023,59807,"Rushmore Energy, LLC",B,Energy,O,IL,Retail Power Marketer,MISO
2023,59807,"Rushmore Energy, LLC",B,Energy,O,MD,Retail Power Marketer,PJM
2023,59807,"Rushmore Energy, LLC",B,Energy,O,NJ,Retail Power Marketer,PJM
2023,59807,"Rushmore Energy, LLC",B,Energy,O,OH,Retail Power Marketer,PJM
2023,59807,"Rushmore Energy, LLC",B,Energy,O,PA,Retail Power Marketer,PJM
2023,59808,MP2 Energy LLC,B,Energy,O,CT,Retail Power Marketer,ISNE
2023,59808,MP2 Energy LLC,B,Energy,O,DC,Retail Power Marketer,PJM
2023,59808,MP2 Energy LLC,B,Energy,O,DE,Retail Power Marketer,PJM
2023,59808,MP2 Energy LLC,B,Energy,O,IL,Retail Power Marketer,PJM
2023,59808,MP2 Energy LLC,B,Energy,O,MA,Retail Power Marketer,ISNE
2023,59808,MP2 Energy LLC,B,Energy,O,MD,Retail Power Marketer,PJM
2023,59808,MP2 Energy LLC,B,Energy,O,ME,Retail Power Marketer,ISNE
2023,59808,MP2 Energy LLC,B,Energy,O,NH,Retail Power Marketer,ISNE
2023,59808,MP2 Energy LLC,B,Energy,O,NJ,Retail Power Marketer,PJM
2023,59808,MP2 Energy LLC,B,Energy,O,NY,Retail Power Marketer,NYIS
2023,59808,MP2 Energy LLC,B,Energy,O,OH,Retail Power Marketer,PJM
2023,59808,MP2 Energy LLC,B,Energy,O,PA,Retail Power Marketer,PJM
2023,59808,MP2 Energy LLC,B,Energy,O,RI,Retail Power Marketer,ISNE
2023,59808,MP2 Energy LLC,B,Energy,O,VA,Retail Power Marketer,PJM
2023,59808,MP2 Energy LLC,D,Bundled,O,TX,Retail Power Marketer,ERCO
2023,59809,"Residents Energy, LLC",B,Energy,O,DE,Retail Power Marketer,PJM
2023,59809,"Residents Energy, LLC",B,Energy,O,IL,Retail Power Marketer,PJM
2023,59809,"Residents Energy, LLC",B,Energy,O,MA,Retail Power Marketer,ISNE
2023,59809,"Residents Energy, LLC",B,Energy,O,NJ,Retail Power Marketer,PJM
2023,59809,"Residents Energy, LLC",B,Energy,O,NY,Retail Power Marketer,NYIS
2023,59809,"Residents Energy, LLC",B,Energy,O,OH,Retail Power Marketer,PJM
2023,59809,"Residents Energy, LLC",B,Energy,O,PA,Retail Power Marketer,PJM
2023,59810,Greenlight Energy Inc.,B,Energy,O,DE,Retail Power Marketer,PJM
2023,59810,Greenlight Energy Inc.,B,Energy,O,IL,Retail Power Marketer,MISO
2023,59810,Greenlight Energy Inc.,B,Energy,O,MD,Retail Power Marketer,PJM
2023,59810,Greenlight Energy Inc.,B,Energy,O,NJ,Retail Power Marketer,PJM
2023,59810,Greenlight Energy Inc.,B,Energy,O,NY,Retail Power Marketer,NYIS
2023,59810,Greenlight Energy Inc.,B,Energy,O,OH,Retail Power Marketer,PJM
2023,59810,Greenlight Energy Inc.,B,Energy,O,PA,Retail Power Marketer,PJM
2023,59811,Santanna Energy Services,B,Energy,O,IL,Retail Power Marketer,PJM
2023,59811,Santanna Energy Services,B,Energy,O,OH,Retail Power Marketer,PJM
2023,59811,Santanna Energy Services,B,Energy,O,PA,Retail Power Marketer,PJM
2023,59812,New Wave Energy Corporation,B,Energy,O,NY,Retail Power Marketer,NYIS
2023,59812,New Wave Energy Corporation,B,Energy,O,OH,Retail Power Marketer,PJM
2023,59812,New Wave Energy Corporation,B,Energy,O,PA,Retail Power Marketer,PJM
2023,59818,Algonquin Energy Services,B,Energy,O,ME,Retail Power Marketer,NBSO
2023,59848,"ResCom Energy, LLC",B,Energy,O,IL,Retail Power Marketer,PJM
2023,59848,"ResCom Energy, LLC",B,Energy,O,OH,Retail Power Marketer,PJM
2023,59931,"MidAmerican Energy Services, LLC",B,Energy,O,DC,Retail Power Marketer,PJM
2023,59931,"MidAmerican Energy Services, LLC",B,Energy,O,DE,Retail Power Marketer,PJM
2023,59931,"MidAmerican Energy Services, LLC",B,Energy,O,IL,Retail Power Marketer,PJM
2023,59931,"MidAmerican Energy Services, LLC",B,Energy,O,IL,Retail Power Marketer,MISO
2023,59931,"MidAmerican Energy Services, LLC",B,Energy,O,MA,Retail Power Marketer,ISNE
2023,59931,"MidAmerican Energy Services, LLC",B,Energy,O,MD,Retail Power Marketer,PJM
2023,59931,"MidAmerican Energy Services, LLC",B,Energy,O,NJ,Retail Power Marketer,PJM
2023,59931,"MidAmerican Energy Services, LLC",B,Energy,O,NY,Retail Power Marketer,NYIS
2023,59931,"MidAmerican Energy Services, LLC",B,Energy,O,OH,Retail Power Marketer,PJM
2023,59931,"MidAmerican Energy Services, LLC",B,Energy,O,PA,Retail Power Marketer,PJM
2023,59931,"MidAmerican Energy Services, LLC",D,Bundled,O,TX,Retail Power Marketer,ERCO
2023,59933,"Texpo Power, L.P.",B,Energy,O,NJ,Retail Power Marketer,PJM
2023,59933,"Texpo Power, L.P.",B,Energy,O,PA,Retail Power Marketer,PJM
2023,59933,"Texpo Power, L.P.",D,Bundled,O,TX,Retail Power Marketer,ERCO
2023,59943,Spruce Finance,A,Bundled,O,AZ,Behind the Meter,AZPS
2023,59943,Spruce Finance,A,Bundled,O,CA,Behind the Meter,CISO
2023,59943,Spruce Finance,A,Bundled,O,CO,Behind the Meter,PACE
2023,59943,Spruce Finance,A,Bundled,O,CT,Behind the Meter,ISNE
2023,59943,Spruce Finance,A,Bundled,O,HI,Behind the Meter,NA
2023,59943,Spruce Finance,A,Bundled,O,LA,Behind the Meter,MISO
2023,59943,Spruce Finance,A,Bundled,O,MA,Behind the Meter,ISNE
2023,59943,Spruce Finance,A,Bundled,O,MD,Behind the Meter,PJM
2023,59943,Spruce Finance,A,Bundled,O,NJ,Behind the Meter,PJM
2023,59943,Spruce Finance,A,Bundled,O,NV,Behind the Meter,NEVP
2023,59943,Spruce Finance,A,Bundled,O,NY,Behind the Meter,ISNE
2023,59943,Spruce Finance,A,Bundled,O,NY,Behind the Meter,PJM
2023,59958,"Mega Energy of Illinois, LLC",B,Energy,O,IL,Retail Power Marketer,PJM
2023,59972,The Regents of the Univ. of California,B,Energy,O,CA,Retail Power Marketer,CISO
2023,59993,Discount Power Inc - (CT),B,Energy,O,DE,Retail Power Marketer,PJM
2023,59993,Discount Power Inc - (CT),B,Energy,O,MA,Retail Power Marketer,ISNE
2023,59993,Discount Power Inc - (CT),B,Energy,O,MD,Retail Power Marketer,PJM
2023,59993,Discount Power Inc - (CT),B,Energy,O,NJ,Retail Power Marketer,PJM
2023,59993,Discount Power Inc - (CT),B,Energy,O,OH,Retail Power Marketer,PJM
2023,59993,Discount Power Inc - (CT),B,Energy,O,PA,Retail Power Marketer,PJM
2023,59993,Discount Power Inc - (CT),B,Energy,O,RI,Retail Power Marketer,ISNE
2023,60025,Greenbacker Renewable Energy Corporation,A,Bundled,O,AR,Behind the Meter,SPA
2023,60025,Greenbacker Renewable Energy Corporation,A,Bundled,O,AZ,Behind the Meter,TEPC
2023,60025,Greenbacker Renewable Energy Corporation,A,Bundled,O,CA,Behind the Meter,CISO
2023,60025,Greenbacker Renewable Energy Corporation,A,Bundled,O,CO,Behind the Meter,PSCO
2023,60025,Greenbacker Renewable Energy Corporation,A,Bundled,O,CT,Behind the Meter,ISNE
2023,60025,Greenbacker Renewable Energy Corporation,A,Bundled,O,FL,Behind the Meter,GVL
2023,60025,Greenbacker Renewable Energy Corporation,A,Bundled,O,HI,Behind the Meter,NA
2023,60025,Greenbacker Renewable Energy Corporation,A,Bundled,O,IN,Behind the Meter,PJM
2023,60025,Greenbacker Renewable Energy Corporation,A,Bundled,O,MA,Behind the Meter,ISNE
2023,60025,Greenbacker Renewable Energy Corporation,A,Bundled,O,MD,Behind the Meter,PJM
2023,60025,Greenbacker Renewable Energy Corporation,A,Bundled,O,NC,Behind the Meter,DUK
2023,60025,Greenbacker Renewable Energy Corporation,A,Bundled,O,NJ,Behind the Meter,PJM
2023,60025,Greenbacker Renewable Energy Corporation,A,Bundled,O,NV,Behind the Meter,NEVP
2023,60025,Greenbacker Renewable Energy Corporation,A,Bundled,O,NY,Behind the Meter,NYIS
2023,60025,Greenbacker Renewable Energy Corporation,A,Bundled,O,RI,Behind the Meter,ISNE
2023,60025,Greenbacker Renewable Energy Corporation,A,Bundled,O,TN,Behind the Meter,PJM
2023,60025,Greenbacker Renewable Energy Corporation,A,Bundled,O,VT,Behind the Meter,ISNE
2023,60124,Spring Energy RRH LLC,B,Energy,O,MD,Retail Power Marketer,PJM
2023,60124,Spring Energy RRH LLC,B,Energy,O,NJ,Retail Power Marketer,PJM
2023,60124,Spring Energy RRH LLC,B,Energy,O,PA,Retail Power Marketer,PJM
2023,60181,CleanPowerSF,B,Energy,O,CA,Community Choice Aggregator,CISO
2023,60202,Electranet Power LLC,D,Bundled,O,TX,Retail Power Marketer,ERCO
2023,60218,MPower Energy NJ LLC,B,Energy,O,DC,Retail Power Marketer,PJM
2023,60218,MPower Energy NJ LLC,B,Energy,O,IL,Retail Power Marketer,PJM
2023,60218,MPower Energy NJ LLC,B,Energy,O,MD,Retail Power Marketer,PJM
2023,60218,MPower Energy NJ LLC,B,Energy,O,NJ,Retail Power Marketer,PJM
2023,60218,MPower Energy NJ LLC,B,Energy,O,OH,Retail Power Marketer,PJM
2023,60218,MPower Energy NJ LLC,B,Energy,O,PA,Retail Power Marketer,PJM
2023,60402,Peninsula Clean Energy Authority,B,Energy,O,CA,Community Choice Aggregator,CISO
2023,60482,CKenergy Electric Cooperative,A,Bundled,O,OK,Cooperative,SWPP
2023,60579,"SFE Energy Ohio, Inc.",B,Energy,O,OH,Retail Power Marketer,PJM
2023,60583,Atlantic Energy LLC,B,Energy,O,DC,Retail Power Marketer,PJM
2023,60583,Atlantic Energy LLC,B,Energy,O,DE,Retail Power Marketer,PJM
2023,60583,Atlantic Energy LLC,B,Energy,O,IL,Retail Power Marketer,PJM
2023,60583,Atlantic Energy LLC,B,Energy,O,MA,Retail Power Marketer,ISNE
2023,60583,Atlantic Energy LLC,B,Energy,O,MD,Retail Power Marketer,PJM
2023,60583,Atlantic Energy LLC,B,Energy,O,NJ,Retail Power Marketer,PJM
2023,60583,Atlantic Energy LLC,B,Energy,O,NY,Retail Power Marketer,NYIS
2023,60583,Atlantic Energy LLC,B,Energy,O,OH,Retail Power Marketer,PJM
2023,60583,Atlantic Energy LLC,B,Energy,O,PA,Retail Power Marketer,PJM
2023,60631,Upper Michigan Energy Resources Corp.,A,Bundled,O,MI,Investor Owned,MISO
2023,60631,Upper Michigan Energy Resources Corp.,C,Delivery,O,MI,Investor Owned,MISO
2023,60696,"Vista Energy Marketing, L.P.",B,Energy,O,IL,Retail Power Marketer,PJM
2023,60696,"Vista Energy Marketing, L.P.",B,Energy,O,IL,Retail Power Marketer,MISO
2023,60696,"Vista Energy Marketing, L.P.",B,Energy,O,NJ,Retail Power Marketer,PJM
2023,60696,"Vista Energy Marketing, L.P.",B,Energy,O,OH,Retail Power Marketer,PJM
2023,60696,"Vista Energy Marketing, L.P.",B,Energy,O,PA,Retail Power Marketer,PJM
2023,60758,Apple Valley Choice Energy,B,Energy,O,CA,Community Choice Aggregator,CISO
2023,60759,Silicon Valley Clean Energy Authority,B,Energy,O,CA,Community Choice Aggregator,CISO
2023,60839,Southern Pioneer Electric Company,A,Bundled,O,KS,Cooperative,SWPP
2023,60868,Redwood Coast Energy Authority,B,Energy,O,CA,Community Choice Aggregator,CISO
2023,60914,Current Power & Gas Inc.,B,Energy,O,OH,Retail Power Marketer,PJM
2023,60977,StateWise Energy Ohio LLC,B,Energy,O,OH,Retail Power Marketer,PJM
2023,60981,"TerraForm US Energy Services, LLC",A,Bundled,O,AZ,Behind the Meter,AZPS
2023,60981,"TerraForm US Energy Services, LLC",A,Bundled,O,CA,Behind the Meter,CISO
2023,60981,"TerraForm US Energy Services, LLC",A,Bundled,O,CO,Behind the Meter,PSCO
2023,60981,"TerraForm US Energy Services, LLC",A,Bundled,O,CT,Behind the Meter,ISNE
2023,60981,"TerraForm US Energy Services, LLC",A,Bundled,O,FL,Behind the Meter,FPC
2023,60981,"TerraForm US Energy Services, LLC",A,Bundled,O,GA,Behind the Meter,SEPA
2023,60981,"TerraForm US Energy Services, LLC",A,Bundled,O,HI,Behind the Meter,HECO
2023,60981,"TerraForm US Energy Services, LLC",A,Bundled,O,MA,Behind the Meter,ISNE
2023,60981,"TerraForm US Energy Services, LLC",A,Bundled,O,MD,Behind the Meter,PJM
2023,60981,"TerraForm US Energy Services, LLC",A,Bundled,O,NH,Behind the Meter,ISNE
2023,60981,"TerraForm US Energy Services, LLC",A,Bundled,O,NJ,Behind the Meter,PJM
2023,60981,"TerraForm US Energy Services, LLC",A,Bundled,O,NY,Behind the Meter,NYIS
2023,60981,"TerraForm US Energy Services, LLC",A,Bundled,O,OR,Behind the Meter,PACW
2023,60981,"TerraForm US Energy Services, LLC",A,Bundled,O,PA,Behind the Meter,PJM
2023,60981,"TerraForm US Energy Services, LLC",A,Bundled,O,TX,Behind the Meter,ERCO
2023,60981,"TerraForm US Energy Services, LLC",A,Bundled,O,VT,Behind the Meter,ISNE
2023,61059,"Renaissance Power & Gas, Inc.",B,Energy,O,DC,Retail Power Marketer,PJM
2023,61059,"Renaissance Power & Gas, Inc.",B,Energy,O,MA,Retail Power Marketer,ISNE
2023,61059,"Renaissance Power & Gas, Inc.",B,Energy,O,NY,Retail Power Marketer,NYIS
2023,61059,"Renaissance Power & Gas, Inc.",B,Energy,O,OH,Retail Power Marketer,PJM
2023,61083,Pico Rivera Innovative Municipal Energy,B,Energy,O,CA,Community Choice Aggregator,CISO
2023,61092,"Stream Energy Illinois, LLC",B,Energy,O,IL,Retail Power Marketer,PJM
2023,61098,Longroad Energy,A,Bundled,O,AZ,Behind the Meter,TEPC
2023,61098,Longroad Energy,A,Bundled,O,CA,Behind the Meter,CISO
2023,61098,Longroad Energy,A,Bundled,O,CA,Behind the Meter,LDWP
2023,61098,Longroad Energy,A,Bundled,O,CO,Behind the Meter,PSCO
2023,61098,Longroad Energy,A,Bundled,O,CT,Behind the Meter,ISNE
2023,61098,Longroad Energy,A,Bundled,O,HI,Behind the Meter,HECO
2023,61098,Longroad Energy,A,Bundled,O,MA,Behind the Meter,ISNE
2023,61098,Longroad Energy,A,Bundled,O,MD,Behind the Meter,PJM
2023,61098,Longroad Energy,A,Bundled,O,NJ,Behind the Meter,PJM
2023,61098,Longroad Energy,A,Bundled,O,OH,Behind the Meter,PJM
2023,61098,Longroad Energy,A,Bundled,O,WI,Behind the Meter,MISO
2023,61131,Freepoint Energy Solutions LLC,B,Energy,O,DC,Retail Power Marketer,PJM
2023,61131,Freepoint Energy Solutions LLC,B,Energy,O,DE,Retail Power Marketer,PJM
2023,61131,Freepoint Energy Solutions LLC,B,Energy,O,IL,Retail Power Marketer,PJM
2023,61131,Freepoint Energy Solutions LLC,B,Energy,O,MD,Retail Power Marketer,PJM
2023,61131,Freepoint Energy Solutions LLC,B,Energy,O,NJ,Retail Power Marketer,PJM
2023,61131,Freepoint Energy Solutions LLC,B,Energy,O,NY,Retail Power Marketer,NYIS
2023,61131,Freepoint Energy Solutions LLC,B,Energy,O,OH,Retail Power Marketer,PJM
2023,61131,Freepoint Energy Solutions LLC,B,Energy,O,PA,Retail Power Marketer,PJM
2023,61131,Freepoint Energy Solutions LLC,D,Bundled,O,TX,Retail Power Marketer,ERCO
2023,61200,"Summer Energy Northeast, LLC",B,Energy,O,MA,Retail Power Marketer,ISNE
2023,61200,"Summer Energy Northeast, LLC",B,Energy,O,NH,Retail Power Marketer,ISNE
2023,61201,"Stream Energy Delaware, LLC",B,Energy,O,DE,Retail Power Marketer,PJM
2023,61206,Total Gas & Power North America Inc,D,Bundled,O,TX,Retail Power Marketer,ERCO
2023,61264,Heritage Power LLC,D,Bundled,O,TX,Retail Power Marketer,ERCO
2023,61265,Pogo Energy LLC,D,Bundled,O,TX,Retail Power Marketer,ERCO
2023,61283,"Palmco Power DC, LLC",B,Energy,O,DC,Retail Power Marketer,PJM
2023,61349,"Palmco Power DE, LLC",B,Energy,O,DE,Retail Power Marketer,PJM
2023,61353,Philadelphia Authority for Industrial Development,A,Bundled,O,PA,Municipal,PJM
2023,61367,South Bay Energy Corp.,B,Energy,O,IL,Retail Power Marketer,PJM
2023,61367,South Bay Energy Corp.,B,Energy,O,NJ,Retail Power Marketer,PJM
2023,61367,South Bay Energy Corp.,B,Energy,O,NY,Retail Power Marketer,NYIS
2023,61367,South Bay Energy Corp.,B,Energy,O,OH,Retail Power Marketer,PJM
2023,61367,South Bay Energy Corp.,B,Energy,O,PA,Retail Power Marketer,PJM
2023,61431,Pioneer Community Energy,B,Energy,O,CA,Community Choice Aggregator,CISO
2023,61432,Central Coast Community Energy,B,Energy,O,CA,Community Choice Aggregator,CISO
2023,61433,San Jacinto Power,B,Energy,O,CA,Community Choice Aggregator,CISO
2023,61462,Valley Clean Energy Alliance,B,Energy,O,CA,Community Choice Aggregator,CISO
2023,61471,Rancho Mirage Energy Authority,B,Energy,O,CA,Community Choice Aggregator,CISO
2023,61475,Ava Community Energy,B,Energy,O,CA,Community Choice Aggregator,CISO
2023,61479,"Stream Ohio Gas & Electric, LLC",B,Energy,O,OH,Retail Power Marketer,PJM
2023,61526,Clean Power Alliance of Southern Califor,B,Energy,O,CA,Community Choice Aggregator,CISO
2023,61570,King City Community Power,B,Energy,O,CA,Community Choice Aggregator,CISO
2023,61823,"Greenskies Renewable Energy, LLC",A,Bundled,O,CA,Behind the Meter,CISO
2023,61823,"Greenskies Renewable Energy, LLC",A,Bundled,O,CO,Behind the Meter,WACM
2023,61823,"Greenskies Renewable Energy, LLC",A,Bundled,O,CT,Behind the Meter,ISNE
2023,61823,"Greenskies Renewable Energy, LLC",A,Bundled,O,FL,Behind the Meter,GVL
2023,61823,"Greenskies Renewable Energy, LLC",A,Bundled,O,MA,Behind the Meter,ISNE
2023,61823,"Greenskies Renewable Energy, LLC",A,Bundled,O,NJ,Behind the Meter,PJM
2023,61823,"Greenskies Renewable Energy, LLC",A,Bundled,O,PA,Behind the Meter,PJM
2023,61855,"Pulse Power, LLC",D,Bundled,O,TX,Retail Power Marketer,ERCO
2023,61858,San Jose Clean Energy,B,Energy,O,CA,Community Choice Aggregator,CISO
2023,61920,"All American Power and Gas, LLC",B,Energy,O,NJ,Retail Power Marketer,PJM
2023,61920,"All American Power and Gas, LLC",B,Energy,O,NY,Retail Power Marketer,NYIS
2023,61920,"All American Power and Gas, LLC",B,Energy,O,OH,Retail Power Marketer,PJM
2023,61920,"All American Power and Gas, LLC",B,Energy,O,PA,Retail Power Marketer,PJM
2023,61922,"Pure Energy USA, LLC",B,Energy,O,IL,Retail Power Marketer,PJM
2023,61922,"Pure Energy USA, LLC",B,Energy,O,NJ,Retail Power Marketer,PJM
2023,61922,"Pure Energy USA, LLC",B,Energy,O,NY,Retail Power Marketer,NYIS
2023,61922,"Pure Energy USA, LLC",B,Energy,O,OH,Retail Power Marketer,PJM
2023,61922,"Pure Energy USA, LLC",B,Energy,O,PA,Retail Power Marketer,PJM
2023,61972,"SunSea Energy, LLC",B,Energy,O,DC,Retail Power Marketer,PJM
2023,61972,"SunSea Energy, LLC",B,Energy,O,MD,Retail Power Marketer,PJM
2023,61972,"SunSea Energy, LLC",B,Energy,O,NJ,Retail Power Marketer,PJM
2023,61972,"SunSea Energy, LLC",B,Energy,O,NY,Retail Power Marketer,NYIS
2023,61972,"SunSea Energy, LLC",B,Energy,O,OH,Retail Power Marketer,PJM
2023,62094,"SFE Energy Illinois, Inc.",B,Energy,O,IL,Retail Power Marketer,MISO
2023,62117,"SFE Energy Texas, Inc.",D,Bundled,O,TX,Retail Power Marketer,ERCO
2023,62148,Powervine Energy,B,Energy,O,OH,Retail Power Marketer,PJM
2023,62148,Powervine Energy,B,Energy,O,PA,Retail Power Marketer,PJM
2023,62154,StateWise Energy Maryland LLC,B,Energy,O,MD,Retail Power Marketer,PJM
2023,62156,"Power UP Energy, LLC",B,Energy,O,NJ,Retail Power Marketer,PJM
2023,62156,"Power UP Energy, LLC",B,Energy,O,NY,Retail Power Marketer,NYIS
2023,62156,"Power UP Energy, LLC",B,Energy,O,PA,Retail Power Marketer,PJM
2023,62790,"Summer Energy Midwest, LLC",B,Energy,O,IL,Retail Power Marketer,PJM
2023,62790,"Summer Energy Midwest, LLC",B,Energy,O,OH,Retail Power Marketer,PJM
2023,62790,"Summer Energy Midwest, LLC",B,Energy,O,PA,Retail Power Marketer,PJM
2023,62862,Chariot Energy,D,Bundled,O,TX,Retail Power Marketer,ERCO
2023,62914,StateWise Energy Pennsylvania LLC,B,Energy,O,PA,Retail Power Marketer,PJM
2023,62952,"Southern Federal Power, LLC",D,Bundled,O,TX,Retail Power Marketer,ERCO
2023,62987,Octopus Energy LLC,D,Bundled,O,TX,Retail Power Marketer,ERCO
2023,63007,First Choice Energy LLC,B,Energy,O,NY,Retail Power Marketer,NYIS
2023,63008,Agressive Energy LLC,B,Energy,O,IL,Retail Power Marketer,PJM
2023,63008,Agressive Energy LLC,B,Energy,O,MD,Retail Power Marketer,PJM
2023,63008,Agressive Energy LLC,B,Energy,O,NJ,Retail Power Marketer,PJM
2023,63008,Agressive Energy LLC,B,Energy,O,NY,Retail Power Marketer,NYIS
2023,63008,Agressive Energy LLC,B,Energy,O,OH,Retail Power Marketer,PJM
2023,63008,Agressive Energy LLC,B,Energy,O,PA,Retail Power Marketer,PJM
2023,63027,Josco Energy Corp-  NY,B,Energy,O,NY,Retail Power Marketer,NYIS
2023,63028,Josco Energy USA LLC,B,Energy,O,MD,Retail Power Marketer,PJM
2023,63028,Josco Energy USA LLC,B,Energy,O,NJ,Retail Power Marketer,PJM
2023,63028,Josco Energy USA LLC,B,Energy,O,OH,Retail Power Marketer,PJM
2023,63028,Josco Energy USA LLC,B,Energy,O,PA,Retail Power Marketer,PJM
2023,63029,Josco Energy IL LLC,B,Energy,O,IL,Retail Power Marketer,PJM
2023,63122,"Approved Energy II, LLC",B,Energy,O,NJ,Retail Power Marketer,PJM
2023,63122,"Approved Energy II, LLC",B,Energy,O,NY,Retail Power Marketer,NYIS
2023,63122,"Approved Energy II, LLC",B,Energy,O,PA,Retail Power Marketer,PJM
2023,63168,Median Energy Corp.,B,Energy,O,DC,Retail Power Marketer,PJM
2023,63168,Median Energy Corp.,B,Energy,O,MD,Retail Power Marketer,PJM
2023,63168,Median Energy Corp.,B,Energy,O,NJ,Retail Power Marketer,PJM
2023,63168,Median Energy Corp.,B,Energy,O,NY,Retail Power Marketer,NYIS
2023,63168,Median Energy Corp.,B,Energy,O,OH,Retail Power Marketer,PJM
2023,63169,Median Energy PA LLC,B,Energy,O,PA,Retail Power Marketer,PJM
2023,63232,"National Gas & Electric, LLC",B,Energy,O,MA,Retail Power Marketer,ISNE
2023,63232,"National Gas & Electric, LLC",B,Energy,O,MD,Retail Power Marketer,PJM
2023,63232,"National Gas & Electric, LLC",B,Energy,O,NJ,Retail Power Marketer,NYIS
2023,63232,"National Gas & Electric, LLC",B,Energy,O,OH,Retail Power Marketer,PJM
2023,63232,"National Gas & Electric, LLC",B,Energy,O,PA,Retail Power Marketer,PJM
2023,63356,SmartestEnergy US LLC,B,Energy,O,CT,Retail Power Marketer,ISNE
2023,63356,SmartestEnergy US LLC,B,Energy,O,DC,Retail Power Marketer,PJM
2023,63356,SmartestEnergy US LLC,B,Energy,O,DE,Retail Power Marketer,PJM
2023,63356,SmartestEnergy US LLC,B,Energy,O,IL,Retail Power Marketer,PJM
2023,63356,SmartestEnergy US LLC,B,Energy,O,MA,Retail Power Marketer,ISNE
2023,63356,SmartestEnergy US LLC,B,Energy,O,MD,Retail Power Marketer,PJM
2023,63356,SmartestEnergy US LLC,B,Energy,O,NJ,Retail Power Marketer,PJM
2023,63356,SmartestEnergy US LLC,B,Energy,O,NY,Retail Power Marketer,NYIS
2023,63356,SmartestEnergy US LLC,B,Energy,O,OH,Retail Power Marketer,PJM
2023,63356,SmartestEnergy US LLC,B,Energy,O,PA,Retail Power Marketer,PJM
2023,63364,"Mirabito Power & Gas, LLC",B,Energy,O,NY,Retail Power Marketer,NYIS
2023,63367,Commercial Energy of California,B,Energy,O,CA,Retail Power Marketer,CISO
2023,63422,Varsity Energy,D,Bundled,O,TX,Retail Power Marketer,ERCO
2023,63489,"Tenaska Power Management, LLC",B,Energy,O,IL,Retail Power Marketer,MISO
2023,63546,"Provision Power & Gas, LLC",B,Energy,O,OH,Retail Power Marketer,PJM
2023,63570,"Chief Energy Power, LLC",B,Energy,O,NY,Retail Power Marketer,NYIS
2023,63695,"RPA Energy, Inc.",B,Energy,O,DC,Retail Power Marketer,PJM
2023,63695,"RPA Energy, Inc.",B,Energy,O,DE,Retail Power Marketer,PJM
2023,63695,"RPA Energy, Inc.",B,Energy,O,IL,Retail Power Marketer,PJM
2023,63695,"RPA Energy, Inc.",B,Energy,O,MD,Retail Power Marketer,PJM
2023,63695,"RPA Energy, Inc.",B,Energy,O,NJ,Retail Power Marketer,PJM
2023,63695,"RPA Energy, Inc.",B,Energy,O,OH,Retail Power Marketer,PJM
2023,63695,"RPA Energy, Inc.",B,Energy,O,PA,Retail Power Marketer,PJM
2023,63725,Pomona Choice Energy (PCE),B,Energy,O,CA,Community Choice Aggregator,CISO
2023,63870,Click Energy LLC,B,Energy,O,PA,Retail Power Marketer,PJM
2023,64011,Rhythm Ops LLC,D,Bundled,O,TX,Retail Power Marketer,ERCO
2023,64195,Desert Community Energy,B,Energy,O,CA,Community Choice Aggregator,CISO
2023,64222,"Grid Power Direct, LLC",B,Energy,O,CT,Retail Power Marketer,ISNE
2023,64222,"Grid Power Direct, LLC",B,Energy,O,DC,Retail Power Marketer,PJM
2023,64222,"Grid Power Direct, LLC",B,Energy,O,IL,Retail Power Marketer,PJM
2023,64222,"Grid Power Direct, LLC",B,Energy,O,MA,Retail Power Marketer,ISNE
2023,64222,"Grid Power Direct, LLC",B,Energy,O,NJ,Retail Power Marketer,NYIS
2023,64222,"Grid Power Direct, LLC",B,Energy,O,NY,Retail Power Marketer,NYIS
2023,64222,"Grid Power Direct, LLC",B,Energy,O,OH,Retail Power Marketer,PJM
2023,64222,"Grid Power Direct, LLC",B,Energy,O,PA,Retail Power Marketer,PJM
2023,64289,San Diego Community Power,B,Energy,O,CA,Community Choice Aggregator,CISO
2023,64312,"JP Energy Resources, LLC",D,Bundled,O,TX,Retail Power Marketer,ERCO
2023,64314,BP Energy Retail LLC,B,Energy,O,CA,Retail Power Marketer,CISO
2023,64314,BP Energy Retail LLC,B,Energy,O,CT,Retail Power Marketer,ISNE
2023,64314,BP Energy Retail LLC,B,Energy,O,DC,Retail Power Marketer,PJM
2023,64314,BP Energy Retail LLC,B,Energy,O,DE,Retail Power Marketer,PJM
2023,64314,BP Energy Retail LLC,B,Energy,O,IL,Retail Power Marketer,PJM
2023,64314,BP Energy Retail LLC,B,Energy,O,MA,Retail Power Marketer,ISNE
2023,64314,BP Energy Retail LLC,B,Energy,O,MD,Retail Power Marketer,PJM
2023,64314,BP Energy Retail LLC,B,Energy,O,ME,Retail Power Marketer,ISNE
2023,64314,BP Energy Retail LLC,B,Energy,O,NH,Retail Power Marketer,ISNE
2023,64314,BP Energy Retail LLC,B,Energy,O,NJ,Retail Power Marketer,PJM
2023,64314,BP Energy Retail LLC,B,Energy,O,NY,Retail Power Marketer,NYIS
2023,64314,BP Energy Retail LLC,B,Energy,O,OH,Retail Power Marketer,PJM
2023,64314,BP Energy Retail LLC,B,Energy,O,PA,Retail Power Marketer,PJM
2023,64314,BP Energy Retail LLC,B,Energy,O,RI,Retail Power Marketer,ISNE
2023,64314,BP Energy Retail LLC,B,Energy,O,VA,Retail Power Marketer,PJM
2023,64314,BP Energy Retail LLC,D,Bundled,O,TX,Retail Power Marketer,ERCO
2023,64326,"Phoenix Energy Group, LLC",B,Energy,O,NY,Retail Power Marketer,NYIS
2023,64425,Clean Energy Alliance,B,Energy,O,CA,Community Choice Aggregator,CISO
2023,64521,Ironhorse Power Services LLC,D,Bundled,O,TX,Retail Power Marketer,ERCO
2023,64543,StateWise Energy Illinois LLC,B,Energy,O,IL,Retail Power Marketer,MISO
2023,64544,"Mega Energy of New Jersey, LLC",B,Energy,O,NJ,Retail Power Marketer,PJM
2023,64554,OhmConnect Texas LLC,D,Bundled,O,TX,Retail Power Marketer,ERCO
2023,64555,Santa Barbara Clean Energy,B,Energy,O,CA,Community Choice Aggregator,CISO
2023,64601,LE Energy,B,Energy,O,OH,Retail Power Marketer,PJM
2023,64653,Declaration Energy LLC,D,Bundled,O,TX,Retail Power Marketer,ERCO
2023,64682,"Gexa Energy, LP",D,Bundled,O,TX,Retail Power Marketer,ERCO
2023,64705,"NTHERM, LLC",B,Energy,O,OH,Retail Power Marketer,PJM
2023,64705,"NTHERM, LLC",B,Energy,O,PA,Retail Power Marketer,PJM
2023,64727,Branch Energy Texas LLC,D,Bundled,O,TX,Retail Power Marketer,ERCO
2023,64906,Mothership,D,Bundled,O,TX,Retail Power Marketer,ERCO
2023,64923,Capital Energy PA LLC,D,Bundled,O,TX,Retail Power Marketer,ERCO
2023,64928,Orange County Power Authority,B,Energy,O,CA,Community Choice Aggregator,CISO
2023,64929,"Good Charlie & Co., LLC",D,Bundled,O,TX,Retail Power Marketer,ERCO
2023,64974,PBF Power Marketing,B,Energy,O,DE,Retail Power Marketer,PJM
2023,64974,PBF Power Marketing,B,Energy,O,NJ,Retail Power Marketer,PJM
2023,64974,PBF Power Marketing,B,Energy,O,OH,Retail Power Marketer,PJM
2023,64975,Mega Energy of Ohio,B,Energy,O,OH,Retail Power Marketer,PJM
2023,64977,Revolution Energy LLC,D,Bundled,O,TX,Retail Power Marketer,ERCO
2023,65242,"Scale Sustainable I, LLC",A,Bundled,O,CA,Behind the Meter,CISO
2023,65242,"Scale Sustainable I, LLC",A,Bundled,O,CO,Behind the Meter,PSCO
2023,65242,"Scale Sustainable I, LLC",A,Bundled,O,DE,Behind the Meter,PJM
2023,65242,"Scale Sustainable I, LLC",A,Bundled,O,NJ,Behind the Meter,PJM
2023,65242,"Scale Sustainable I, LLC",A,Bundled,O,OR,Behind the Meter,PACW
2023,65242,"Scale Sustainable I, LLC",A,Bundled,O,PA,Behind the Meter,PJM
2023,65259,Energy for Palmdale's Independent Choice,B,Energy,O,CA,Community Choice Aggregator,CISO
2023,65261,Gila River Indian Utility Authority (GRICUA),A,Bundled,O,AZ,Cooperative,WALC
2023,65262,"Archer Energy, LLC",B,Energy,O,OH,Retail Power Marketer,PJM
2023,65262,"Archer Energy, LLC",B,Energy,O,RI,Retail Power Marketer,ISNE
2023,65310,Energywell LLC,B,Energy,O,CT,Retail Power Marketer,ISNE
2023,65310,Energywell LLC,B,Energy,O,DC,Retail Power Marketer,PJM
2023,65310,Energywell LLC,B,Energy,O,DE,Retail Power Marketer,PJM
2023,65310,Energywell LLC,B,Energy,O,IL,Retail Power Marketer,PJM
2023,65310,Energywell LLC,B,Energy,O,MA,Retail Power Marketer,ISNE
2023,65310,Energywell LLC,B,Energy,O,MD,Retail Power Marketer,PJM
2023,65310,Energywell LLC,B,Energy,O,ME,Retail Power Marketer,ISNE
2023,65310,Energywell LLC,B,Energy,O,NH,Retail Power Marketer,ISNE
2023,65310,Energywell LLC,B,Energy,O,NJ,Retail Power Marketer,PJM
2023,65310,Energywell LLC,B,Energy,O,NY,Retail Power Marketer,NYIS
2023,65310,Energywell LLC,B,Energy,O,OH,Retail Power Marketer,PJM
2023,65310,Energywell LLC,B,Energy,O,PA,Retail Power Marketer,PJM
2023,65310,Energywell LLC,B,Energy,O,RI,Retail Power Marketer,ISNE
2023,65310,Energywell LLC,D,Bundled,O,TX,Retail Power Marketer,ERCO
2023,65314,"BKV-BPP Retail, LLC",D,Bundled,O,TX,Retail Power Marketer,ERCO
2023,65335,Pay Less Energy LLC,B,Energy,O,NJ,Retail Power Marketer,PJM
2023,65335,Pay Less Energy LLC,B,Energy,O,NY,Retail Power Marketer,NYIS
2023,65352,Umpqua Indian Utility Cooperative,A,Bundled,O,OR,Cooperative,BPAT
2023,65353,Arrow Energy TX LLC,D,Bundled,O,TX,Retail Power Marketer,ERCO
2023,65413,Tesla Energy Ventures,D,Bundled,O,TX,Retail Power Marketer,ERCO
2023,65439,CPV Retail Energy LP,B,Energy,O,DC,Retail Power Marketer,PJM
2023,65439,CPV Retail Energy LP,B,Energy,O,DE,Retail Power Marketer,PJM
2023,65439,CPV Retail Energy LP,B,Energy,O,IL,Retail Power Marketer,PJM
2023,65439,CPV Retail Energy LP,B,Energy,O,MD,Retail Power Marketer,PJM
2023,65439,CPV Retail Energy LP,B,Energy,O,NJ,Retail Power Marketer,PJM
2023,65439,CPV Retail Energy LP,B,Energy,O,OH,Retail Power Marketer,PJM
2023,65439,CPV Retail Energy LP,B,Energy,O,PA,Retail Power Marketer,PJM
2023,65610,Ammper Power LLC,D,Bundled,O,TX,Retail Power Marketer,ERCO
2023,65613,"ABN Energy, LLC",B,Energy,O,NY,Retail Power Marketer,NYIS
2023,65649,Community Power Coalition of NH,B,Energy,O,NH,Community Choice Aggregator,ISNE
2023,65873,San Francisco Bay Area Rapid Transit,B,Energy,O,CA,Political Subdivision,CISO
2023,66017,"All Choice Energy, LLC",B,Energy,O,NY,Retail Power Marketer,NYIS
2023,66036,"EverBright, LLC",A,Bundled,O,AZ,Behind the Meter,AZPS
2023,66036,"EverBright, LLC",A,Bundled,O,AZ,Behind the Meter,WALC
2023,66036,"EverBright, LLC",A,Bundled,O,CA,Behind the Meter,CISO
2023,66036,"EverBright, LLC",A,Bundled,O,CA,Behind the Meter,IID
2023,66036,"EverBright, LLC",A,Bundled,O,CA,Behind the Meter,LDWP
2023,66036,"EverBright, LLC",A,Bundled,O,CA,Behind the Meter,BANC
2023,66036,"EverBright, LLC",A,Bundled,O,CT,Behind the Meter,ISNE
2023,66036,"EverBright, LLC",A,Bundled,O,IL,Behind the Meter,PJM
2023,66036,"EverBright, LLC",A,Bundled,O,IL,Behind the Meter,MISO
2023,66036,"EverBright, LLC",A,Bundled,O,MA,Behind the Meter,ISNE
2023,66036,"EverBright, LLC",A,Bundled,O,NH,Behind the Meter,ISNE
2023,66036,"EverBright, LLC",A,Bundled,O,NJ,Behind the Meter,PJM
2023,66036,"EverBright, LLC",A,Bundled,O,RI,Behind the Meter,ISNE
2023,66036,"EverBright, LLC",A,Bundled,O,TX,Behind the Meter,EPE
2023,66036,"EverBright, LLC",A,Bundled,O,TX,Behind the Meter,ERCO
2023,66036,"EverBright, LLC",A,Bundled,O,TX,Behind the Meter,MISO
2023,66036,"EverBright, LLC",A,Bundled,O,TX,Behind the Meter,SWPP
2023,66052,Kirkwood Meadows PUD,A,Bundled,O,CA,Political Subdivision,CISO
2023,66058,Ticaboo Electric Improvement District,A,Bundled,O,UT,Political Subdivision,WALC
2023,66062,Shelter Cove Resort Improvement Dist No. 1,A,Bundled,O,CA,Political Subdivision,CISO
2023,66073,MPD Electric Cooperative,A,Bundled,O,SC,Cooperative,SC
2023,66113,"EcoPlus Power, LLC",B,Energy,O,IL,Retail Power Marketer,PJM
2023,66113,"EcoPlus Power, LLC",B,Energy,O,NJ,Retail Power Marketer,PJM
2023,66113,"EcoPlus Power, LLC",B,Energy,O,OH,Retail Power Marketer,PJM
2023,66113,"EcoPlus Power, LLC",B,Energy,O,PA,Retail Power Marketer,PJM
2023,66116,"Robindale Retail Power Services, LLC",B,Energy,O,PA,Retail Power Marketer,PJM
2023,66164,"TerraForm Renewable Energy Services, LLC",D,Bundled,O,TX,Retail Power Marketer,ERCO
2023,66173,Northeastern Power and Gas LLC,B,Energy,O,NY,Retail Power Marketer,NYIS
2023,66398,Brookfield Renewable Trading and Marketing LP,B,Energy,O,NH,Retail Power Marketer,ISNE
2023,66398,Brookfield Renewable Trading and Marketing LP,B,Energy,O,NY,Retail Power Marketer,NYIS
2023,66399,Brookfield Renewable Energy Marketing US LLC,B,Energy,O,MD,Retail Power Marketer,PJM
2023,66399,Brookfield Renewable Energy Marketing US LLC,B,Energy,O,NV,Retail Power Marketer,NEVP
2023,66399,Brookfield Renewable Energy Marketing US LLC,B,Energy,O,NY,Retail Power Marketer,NYIS
2023,66399,Brookfield Renewable Energy Marketing US LLC,B,Energy,O,WA,Retail Power Marketer,PSEI
2023,88888,Withheld,D,Bundled,O,TX,Retail Power Marketer,ERCO
2023,88888,Withheld,D,Bundled,O,TX,Retail Power Marketer,ERCO
2023,88888,Withheld,D,Bundled,O,TX,Retail Power Marketer,ERCO
2023,99999,Adjustment 2023,A,Bundled,I,AK,,NA
2023,99999,Adjustment 2023,A,Bundled,I,AK,,AMPL
2023,99999,Adjustment 2023,A,Bundled,I,AL,,SOCO
2023,99999,Adjustment 2023,A,Bundled,I,AL,,TVA
2023,99999,Adjustment 2023,A,Bundled,I,AR,,AECI
2023,99999,Adjustment 2023,A,Bundled,I,AR,,SPA
2023,99999,Adjustment 2023,A,Bundled,I,AR,,MISO
2023,99999,Adjustment 2023,A,Bundled,I,AR,,SWPP
2023,99999,Adjustment 2023,A,Bundled,I,AZ,,AZPS
2023,99999,Adjustment 2023,A,Bundled,I,AZ,,CISO
2023,99999,Adjustment 2023,A,Bundled,I,AZ,,PSCO
2023,99999,Adjustment 2023,A,Bundled,I,AZ,,PNM
2023,99999,Adjustment 2023,A,Bundled,I,AZ,,SRP
2023,99999,Adjustment 2023,A,Bundled,I,AZ,,TEPC
2023,99999,Adjustment 2023,A,Bundled,I,AZ,,WALC
2023,99999,Adjustment 2023,A,Bundled,I,CA,,CISO
2023,99999,Adjustment 2023,A,Bundled,I,CA,,IID
2023,99999,Adjustment 2023,A,Bundled,I,CA,,LDWP
2023,99999,Adjustment 2023,A,Bundled,I,CA,,NEVP
2023,99999,Adjustment 2023,A,Bundled,I,CA,,PACW
2023,99999,Adjustment 2023,A,Bundled,I,CA,,
2023,99999,Adjustment 2023,A,Bundled,I,CA,,TIDC
2023,99999,Adjustment 2023,A,Bundled,I,CA,,WALC
2023,99999,Adjustment 2023,A,Bundled,I,CA,,BANC
2023,99999,Adjustment 2023,A,Bundled,I,CO,,PACE
2023,99999,Adjustment 2023,A,Bundled,I,CO,,PSCO
2023,99999,Adjustment 2023,A,Bundled,I,CO,,WACM
2023,99999,Adjustment 2023,A,Bundled,I,CO,,SWPP
2023,99999,Adjustment 2023,A,Bundled,I,CT,,ISNE
2023,99999,Adjustment 2023,A,Bundled,I,DC,,PJM
2023,99999,Adjustment 2023,A,Bundled,I,DE,,PJM
2023,99999,Adjustment 2023,A,Bundled,I,FL,,FPL
2023,99999,Adjustment 2023,A,Bundled,I,FL,,FPC
2023,99999,Adjustment 2023,A,Bundled,I,FL,,GVL
2023,99999,Adjustment 2023,A,Bundled,I,FL,,HST
2023,99999,Adjustment 2023,A,Bundled,I,FL,,JEA
2023,99999,Adjustment 2023,A,Bundled,I,FL,,
2023,99999,Adjustment 2023,A,Bundled,I,FL,,SOCO
2023,99999,Adjustment 2023,A,Bundled,I,FL,,TEC
2023,99999,Adjustment 2023,A,Bundled,I,FL,,SEC
2023,99999,Adjustment 2023,A,Bundled,I,FL,,FMPP
2023,99999,Adjustment 2023,A,Bundled,I,GA,,DUK
2023,99999,Adjustment 2023,A,Bundled,I,GA,,SOCO
2023,99999,Adjustment 2023,A,Bundled,I,GA,,SEPA
2023,99999,Adjustment 2023,A,Bundled,I,HI,,NA
2023,99999,Adjustment 2023,A,Bundled,I,HI,,HECO
2023,99999,Adjustment 2023,A,Bundled,I,IA,,AECI
2023,99999,Adjustment 2023,A,Bundled,I,IA,,MISO
2023,99999,Adjustment 2023,A,Bundled,I,IA,,SWPP
2023,99999,Adjustment 2023,A,Bundled,I,ID,,BPAT
2023,99999,Adjustment 2023,A,Bundled,I,ID,,IPCO
2023,99999,Adjustment 2023,A,Bundled,I,ID,,NWMT
2023,99999,Adjustment 2023,A,Bundled,I,ID,,PACE
2023,99999,Adjustment 2023,A,Bundled,I,ID,,AVA
2023,99999,Adjustment 2023,A,Bundled,I,IL,,PJM
2023,99999,Adjustment 2023,A,Bundled,I,IL,,MISO
2023,99999,Adjustment 2023,A,Bundled,I,IL,,GLHB
2023,99999,Adjustment 2023,A,Bundled,I,IN,,PJM
2023,99999,Adjustment 2023,A,Bundled,I,IN,,MISO
2023,99999,Adjustment 2023,A,Bundled,I,KS,,MISO
2023,99999,Adjustment 2023,A,Bundled,I,KS,,SWPP
2023,99999,Adjustment 2023,A,Bundled,I,KY,,LGEE
2023,99999,Adjustment 2023,A,Bundled,I,KY,,PJM
2023,99999,Adjustment 2023,A,Bundled,I,KY,,TVA
2023,99999,Adjustment 2023,A,Bundled,I,LA,,MISO
2023,99999,Adjustment 2023,A,Bundled,I,LA,,SWPP
2023,99999,Adjustment 2023,A,Bundled,I,MA,,ISNE
2023,99999,Adjustment 2023,A,Bundled,I,MD,,PJM
2023,99999,Adjustment 2023,A,Bundled,I,ME,,NA
2023,99999,Adjustment 2023,A,Bundled,I,ME,,NBSO
2023,99999,Adjustment 2023,A,Bundled,I,ME,,ISNE
2023,99999,Adjustment 2023,A,Bundled,I,MI,,PJM
2023,99999,Adjustment 2023,A,Bundled,I,MI,,MISO
2023,99999,Adjustment 2023,A,Bundled,I,MN,,MISO
2023,99999,Adjustment 2023,A,Bundled,I,MN,,SWPP
2023,99999,Adjustment 2023,A,Bundled,I,MO,,AECI
2023,99999,Adjustment 2023,A,Bundled,I,MO,,SPA
2023,99999,Adjustment 2023,A,Bundled,I,MO,,MISO
2023,99999,Adjustment 2023,A,Bundled,I,MO,,SWPP
2023,99999,Adjustment 2023,A,Bundled,I,MS,,SOCO
2023,99999,Adjustment 2023,A,Bundled,I,MS,,MISO
2023,99999,Adjustment 2023,A,Bundled,I,MT,,BPAT
2023,99999,Adjustment 2023,A,Bundled,I,MT,,NWMT
2023,99999,Adjustment 2023,A,Bundled,I,MT,,WAUW
2023,99999,Adjustment 2023,A,Bundled,I,MT,,WACM
2023,99999,Adjustment 2023,A,Bundled,I,MT,,SWPP
2023,99999,Adjustment 2023,A,Bundled,I,NC,,CPLE
2023,99999,Adjustment 2023,A,Bundled,I,NC,,DUK
2023,99999,Adjustment 2023,A,Bundled,I,NC,,PJM
2023,99999,Adjustment 2023,A,Bundled,I,ND,,WACM
2023,99999,Adjustment 2023,A,Bundled,I,ND,,MISO
2023,99999,Adjustment 2023,A,Bundled,I,ND,,SWPP
2023,99999,Adjustment 2023,A,Bundled,I,NE,,WACM
2023,99999,Adjustment 2023,A,Bundled,I,NE,,SWPP
2023,99999,Adjustment 2023,A,Bundled,I,NH,,ISNE
2023,99999,Adjustment 2023,A,Bundled,I,NJ,,NYIS
2023,99999,Adjustment 2023,A,Bundled,I,NJ,,PJM
2023,99999,Adjustment 2023,A,Bundled,I,NM,,EPE
2023,99999,Adjustment 2023,A,Bundled,I,NM,,ERCO
2023,99999,Adjustment 2023,A,Bundled,I,NM,,PSCO
2023,99999,Adjustment 2023,A,Bundled,I,NM,,PNM
2023,99999,Adjustment 2023,A,Bundled,I,NM,,WALC
2023,99999,Adjustment 2023,A,Bundled,I,NM,,WACM
2023,99999,Adjustment 2023,A,Bundled,I,NM,,SWPP
2023,99999,Adjustment 2023,A,Bundled,I,NV,,BPAT
2023,99999,Adjustment 2023,A,Bundled,I,NV,,CISO
2023,99999,Adjustment 2023,A,Bundled,I,NV,,NEVP
2023,99999,Adjustment 2023,A,Bundled,I,NV,,WALC
2023,99999,Adjustment 2023,A,Bundled,I,NY,,NA
2023,99999,Adjustment 2023,A,Bundled,I,NY,,ISNE
2023,99999,Adjustment 2023,A,Bundled,I,NY,,NYIS
2023,99999,Adjustment 2023,A,Bundled,I,NY,,PJM
2023,99999,Adjustment 2023,A,Bundled,I,OH,,PJM
2023,99999,Adjustment 2023,A,Bundled,I,OK,,AECI
2023,99999,Adjustment 2023,A,Bundled,I,OK,,SPA
2023,99999,Adjustment 2023,A,Bundled,I,OK,,MISO
2023,99999,Adjustment 2023,A,Bundled,I,OK,,SWPP
2023,99999,Adjustment 2023,A,Bundled,I,OR,,BPAT
2023,99999,Adjustment 2023,A,Bundled,I,OR,,PACW
2023,99999,Adjustment 2023,A,Bundled,I,OR,,PGE
2023,99999,Adjustment 2023,A,Bundled,I,PA,,NYIS
2023,99999,Adjustment 2023,A,Bundled,I,PA,,PJM
2023,99999,Adjustment 2023,A,Bundled,I,RI,,ISNE
2023,99999,Adjustment 2023,A,Bundled,I,SC,,CPLE
2023,99999,Adjustment 2023,A,Bundled,I,SC,,DUK
2023,99999,Adjustment 2023,A,Bundled,I,SC,,SCEG
2023,99999,Adjustment 2023,A,Bundled,I,SC,,SC
2023,99999,Adjustment 2023,A,Bundled,I,SD,,WACM
2023,99999,Adjustment 2023,A,Bundled,I,SD,,MISO
2023,99999,Adjustment 2023,A,Bundled,I,SD,,SWPP
2023,99999,Adjustment 2023,A,Bundled,I,TN,,PJM
2023,99999,Adjustment 2023,A,Bundled,I,TN,,TVA
2023,99999,Adjustment 2023,A,Bundled,I,TX,,EPE
2023,99999,Adjustment 2023,A,Bundled,I,TX,,ERCO
2023,99999,Adjustment 2023,A,Bundled,I,TX,,MISO
2023,99999,Adjustment 2023,A,Bundled,I,TX,,SWPP
2023,99999,Adjustment 2023,A,Bundled,I,UT,,BPAT
2023,99999,Adjustment 2023,A,Bundled,I,UT,,PACE
2023,99999,Adjustment 2023,A,Bundled,I,UT,,WACM
2023,99999,Adjustment 2023,A,Bundled,I,VA,,PJM
2023,99999,Adjustment 2023,A,Bundled,I,VT,,ISNE
2023,99999,Adjustment 2023,A,Bundled,I,WA,,BPAT
2023,99999,Adjustment 2023,A,Bundled,I,WA,,PSEI
2023,99999,Adjustment 2023,A,Bundled,I,WA,,TPWR
2023,99999,Adjustment 2023,A,Bundled,I,WA,,AVA
2023,99999,Adjustment 2023,A,Bundled,I,WI,,MISO
2023,99999,Adjustment 2023,A,Bundled,I,WV,,PJM
2023,99999,Adjustment 2023,A,Bundled,I,WY,,NWMT
2023,99999,Adjustment 2023,A,Bundled,I,WY,,PACE
2023,99999,Adjustment 2023,A,Bundled,I,WY,,WAUW
2023,99999,Adjustment 2023,A,Bundled,I,WY,,WACM
2023,99999,Adjustment 2023,B,Energy,I,CA,,CISO
2023,99999,Adjustment 2023,B,Energy,I,CT,,ISNE
2023,99999,Adjustment 2023,B,Energy,I,DC,,PJM
2023,99999,Adjustment 2023,B,Energy,I,DE,,PJM
2023,99999,Adjustment 2023,B,Energy,I,IL,,PJM
2023,99999,Adjustment 2023,B,Energy,I,IL,,MISO
2023,99999,Adjustment 2023,B,Energy,I,MA,,ISNE
2023,99999,Adjustment 2023,B,Energy,I,MD,,PJM
2023,99999,Adjustment 2023,B,Energy,I,ME,,NBSO
2023,99999,Adjustment 2023,B,Energy,I,ME,,ISNE
2023,99999,Adjustment 2023,B,Energy,I,MI,,PJM
2023,99999,Adjustment 2023,B,Energy,I,MI,,MISO
2023,99999,Adjustment 2023,B,Energy,I,MT,,NWMT
2023,99999,Adjustment 2023,B,Energy,I,NH,,ISNE
2023,99999,Adjustment 2023,B,Energy,I,NJ,,NYIS
2023,99999,Adjustment 2023,B,Energy,I,NJ,,PJM
2023,99999,Adjustment 2023,B,Energy,I,NV,,NEVP
2023,99999,Adjustment 2023,B,Energy,I,NY,,NYIS
2023,99999,Adjustment 2023,B,Energy,I,NY,,PJM
2023,99999,Adjustment 2023,B,Energy,I,OH,,PJM
2023,99999,Adjustment 2023,B,Energy,I,OR,,PACW
2023,99999,Adjustment 2023,B,Energy,I,OR,,PGE
2023,99999,Adjustment 2023,B,Energy,I,PA,,NYIS
2023,99999,Adjustment 2023,B,Energy,I,PA,,PJM
2023,99999,Adjustment 2023,B,Energy,I,RI,,ISNE
2023,99999,Adjustment 2023,B,Energy,I,VA,,PJM
2023,99999,Adjustment 2023,B,Energy,I,WA,,PSEI
