zip,FirstOfeiaid
01013,8774
01020,8774
01027,11804
01033,11804
01040,8774
01056,11804
01062,8774
01073,20481
01075,3477
01085,20481
01089,3477
01151,3477
01420,11804
01430,11804
01432,11804
01450,6374
01451,11085
01453,6374
01460,11085
01462,6374
01463,6374
01464,6374
01469,11804
01473,11804
01503,8973
01505,11804
01510,11804
01523,18087
01532,11804
01536,17127
01541,11804
01545,17127
01564,18087
01568,11804
01581,54913
01583,18087
01604,17127
01605,17127
01606,11804
01701,11804
01719,54913
01720,11804
01721,11804
01730,54913
01740,8973
01741,54913
01745,54913
01746,11804
01748,54913
01749,54913
01752,54913
01754,54913
01757,11804
01760,20310
01772,11804
01775,8973
01776,54913
01801,15748
01803,11804
01810,11804
01821,54913
01824,54913
01845,11804
01862,11804
01864,11804
01867,14605
01876,11804
01880,54913
01886,11804
01887,11804
01890,11804
01904,14605
01906,15748
01915,5480
01923,5480
01940,11804
01949,14605
01960,15748
01970,11804
01983,5480
01984,5480
02019,54913
02021,54913
02030,54913
02032,54913
02035,54913
02038,11804
02048,13679
02050,11804
02053,11804
02056,54913
02061,11804
02062,13839
02066,54913
02067,11586
02071,11804
02072,11804
02081,11804
02090,13839
02093,11804
02128,54913
02129,11804
02144,54913
02145,11804
02149,11804
02150,11804
02151,11804
02152,54913
02155,11804
02169,54913
02170,11804
02171,11804
02176,11804
02180,54913
02184,2144
02186,54913
02188,11804
02190,11804
02324,12473
02327,54913
02330,54913
02332,54913
02338,54913
02343,11804
02346,54913
02347,18488
02356,11586
02358,54913
02359,54913
02364,54913
02367,12473
02368,54913
02375,11586
02462,54913
02464,54913
02468,20310
02474,54913
02481,20310
02482,20310
02492,20310
02493,54913
02494,20310
02576,12473
02702,11804
02703,11804
02715,11804
02717,11804
02718,12473
02720,11804
02747,11804
02760,13679
02762,11804
02763,11804
02764,11804
02766,11586
02767,11804
02769,11804
02770,12473
02779,18488
02780,18488
02790,11804
02814,13214
02830,13214
02859,14537
03032,15472
03034,13441
03036,13441
03037,13441
03038,13441
03042,13441
03044,13441
03046,15472
03077,13441
03079,15472
03106,15472
03215,13441
03216,13441
03217,13441
03218,13441
03220,13441
03222,13441
03223,13441
03224,13441
03225,13441
03227,13441
03229,15472
03230,15472
03234,13441
03235,13441
03237,13441
03240,13441
03241,13441
03243,13441
03246,13441
03249,15472
03251,13441
03253,13441
03255,13441
03256,13441
03257,15472
03258,15472
03259,13441
03260,13441
03261,15472
03263,13441
03264,13441
03266,13441
03268,24590
03269,13441
03275,13441
03276,13441
03278,15472
03279,13441
03280,13441
03284,13441
03285,15472
03287,13441
03290,13441
03291,13441
03301,15472
03303,13441
03304,15472
03307,24590
03456,13441
03464,13441
03561,13441
03574,15472
03575,13441
03576,13441
03580,13441
03581,15472
03582,13441
03585,13441
03586,13441
03589,13441
03590,13441
03592,13441
03602,13441
03603,13441
03605,15472
03740,13441
03741,13441
03743,15472
03745,15472
03748,13441
03752,13441
03753,15472
03755,15472
03765,13441
03768,13441
03771,13441
03773,13441
03774,13441
03777,13441
03779,13441
03780,15472
03781,13441
03782,13441
03785,13441
03809,13441
03810,13441
03811,15472
03812,13441
03813,13441
03814,15472
03816,15472
03818,13441
03819,13441
03824,13441
03825,13441
03826,15472
03830,13441
03833,15472
03835,13441
03836,13441
03837,13441
03840,15472
03841,13441
03842,15472
03845,13441
03846,13441
03848,15472
03849,13441
03855,15472
03856,15472
03860,13441
03861,15472
03862,15472
03864,13441
03865,15472
03872,13441
03873,13441
03875,13441
03882,15472
03883,13441
03884,13441
03885,15472
03886,13441
03887,13441
03890,15472
04401,1179
04408,5609
04416,1179
04417,1179
04418,5609
04419,3266
04421,1179
04422,1179
04426,1179
04427,1179
04429,1179
04435,1179
04443,3266
04444,1179
04450,1179
04451,1179
04455,5609
04456,1179
04457,1179
04459,1179
04464,1179
04471,5609
04472,1179
04474,3266
04476,3266
04481,1179
04487,1179
04488,3266
04496,1179
04497,1179
04605,1179
04614,1179
04622,1179
04623,5609
04628,1179
04630,1179
04634,5609
04654,5609
04657,5609
04666,1179
04667,1179
04676,1179
04684,1179
04686,1179
04730,8883
04776,1179
04911,3266
04928,3266
04930,1179
04932,1179
04938,3266
04939,1179
04950,3266
04953,1179
04957,3266
04958,3266
05033,7601
05036,7601
05038,7601
05039,7601
05040,7601
05041,7601
05042,7601
05046,7601
05051,7601
05060,7601
05061,7601
05068,7601
05069,20151
05072,7601
05076,7601
05077,7601
05079,7601
05083,7601
05086,7601
05401,2548
05403,2548
05404,7601
05408,2548
05441,7601
05444,7601
05446,2548
05448,7601
05450,7601
05452,19791
05454,7601
05455,7601
05459,7601
05461,19791
05462,7601
05464,7601
05465,7601
05468,19791
05477,7601
05478,7601
05482,7601
05483,7601
05486,7601
05487,7601
05488,19791
05489,19791
05494,7601
05495,2548
05602,7601
05641,20151
05647,20151
05648,7601
05650,7601
05651,7601
05654,7601
05658,7601
05660,7601
05661,19791
05663,7601
05666,20151
05667,7601
05672,7601
05673,20151
05675,20151
05676,7601
05677,7601
05679,20151
05680,20151
05682,7601
05821,7601
05828,7601
05837,19791
05839,19791
05842,19791
05851,7601
05862,7601
05866,19791
05873,7601
05905,7601
05906,7601
06231,2089
06237,2089
06249,2089
06254,13831
06266,4176
06280,2089
06330,2089
06333,2089
06334,2089
06335,7716
06339,4176
06340,4176
06351,4176
06355,7716
06360,2089
06365,2089
06370,2089
06375,2089
06380,4176
06382,2089
06383,4176
06385,2089
06389,2089
06401,4176
06405,4176
06410,19497
06415,2089
06418,19497
06420,4176
06422,4176
06437,4176
06450,4176
06451,4176
06455,4176
06468,4176
06470,4176
06471,4176
06472,4176
06473,20038
06478,4176
06483,4176
06484,4176
06492,4176
06494,19497
06495,19497
06512,4176
06514,4176
06518,19497
06524,4176
06525,4176
06611,4176
06612,4176
06824,4176
06880,4176
06883,4176
06890,19497
06896,4176
07004,9726
07006,9726
07016,9726
07033,9726
07035,9726
07039,9726
07040,9726
07041,15477
07045,9726
07052,15477
07058,9726
07059,9726
07068,9726
07069,9726
07076,9726
07078,9726
07079,9726
07081,15477
07082,15477
07083,9726
07088,9726
07090,9726
07092,9726
07401,15477
07403,9726
07405,9726
07417,15477
07422,9726
07423,15477
07432,16213
07435,9726
07436,9726
07438,9726
07442,16213
07456,9726
07458,16213
07460,9726
07463,15477
07465,9726
07470,9726
07480,16213
07481,15477
07506,15477
07508,15477
07621,15477
07626,15477
07627,15477
07628,15477
07630,15477
07632,15477
07640,15477
07641,15477
07642,15477
07649,15477
07656,16213
07670,15477
07675,15477
07676,16213
07677,15477
07827,9726
07866,16213
07901,9726
07920,9726
07922,9726
07936,15477
07974,9726
08003,963
08005,963
08008,963
08012,963
08015,963
08019,963
08021,15477
08022,9726
08041,9726
08043,963
08050,963
08051,963
08053,963
08055,963
08061,963
08062,15477
08066,963
08068,9726
08080,963
08083,963
08084,963
08086,963
08088,963
08090,963
08096,963
08097,963
08318,963
08328,963
08332,963
08340,963
08341,963
08344,19856
08360,963
08361,19856
08501,9726
08502,9726
08512,9726
08515,9726
08520,9726
08525,9726
08534,9726
08550,9726
08551,9726
08560,9726
08562,9726
08620,15477
08691,9726
08758,963
08759,963
08807,9726
08816,9726
08828,9726
08831,9726
08836,15477
08844,9726
08853,9726
08857,15477
08872,9726
08876,9726
08882,15477
08884,15477
10501,4226
10506,4226
10507,4226
10512,3249
10516,14154
10524,13511
10535,4226
10536,4226
10537,4226
10547,4226
10549,4226
10567,13511
10576,4226
10579,13511
10588,4226
10598,4226
10914,3249
10916,14154
10924,3249
10928,14154
10930,3249
10941,3249
10953,3249
10992,14154
10996,3249
11001,4226
11003,4226
11004,4226
11040,4226
11096,4226
11362,4226
11363,4226
11411,4226
11422,4226
11429,4226
11510,6775
11516,4226
11520,6775
11559,4226
11566,6775
11575,6775
11580,4226
11581,4226
11691,4226
12015,3249
12018,13511
12019,13511
12020,13511
12023,3249
12033,3249
12036,13511
12037,13511
12045,3249
12046,3249
12051,3249
12052,13511
12059,3249
12060,13511
12061,13511
12062,13511
12065,13511
12067,3249
12075,13511
12076,3249
12090,13511
12093,13511
12106,13511
12115,13511
12116,13573
12118,13511
12121,13511
12122,3249
12123,13511
12130,13511
12131,13511
12136,13511
12138,13573
12143,3249
12144,13511
12147,13573
12153,13511
12154,13511
12155,13511
12156,13573
12158,3249
12167,13573
12170,13511
12173,3249
12175,13511
12180,13573
12184,13511
12186,3249
12193,3249
12194,13511
12196,13511
12197,13511
12198,13511
12204,13511
12207,13573
12405,3249
12407,3249
12410,3249
12412,3249
12414,3249
12416,3249
12421,3249
12422,13511
12424,3249
12428,3249
12430,3249
12435,3249
12439,3249
12442,3249
12444,3249
12450,3249
12455,3249
12457,3249
12464,13511
12465,3249
12468,3249
12469,3249
12470,3249
12473,3249
12480,3249
12485,3249
12492,13511
12494,13511
12495,3249
12496,3249
12501,3249
12502,13511
12503,13511
12516,3249
12518,3249
12520,3249
12521,13511
12522,3249
12523,3249
12526,3249
12531,3249
12533,13511
12534,3249
12540,3249
12545,3249
12546,3249
12549,14154
12564,3249
12566,13511
12567,3249
12570,3249
12571,3249
12575,3249
12577,3249
12582,3249
12583,3249
12586,3249
12589,3249
12592,3249
12594,3249
12701,13511
12719,13511
12723,14711
12725,3249
12732,13511
12737,13511
12740,3249
12741,13511
12743,14154
12758,13511
12760,14711
12763,3249
12765,3249
12768,13511
12770,13511
12775,13511
12777,14154
12788,3249
12789,3249
12790,3249
12809,13573
12816,13511
12823,13573
12827,13511
12832,13511
12834,13511
12837,13511
12842,13511
12847,13511
12851,13511
12852,13573
12855,13511
12865,13511
12866,13511
12871,13511
12873,13573
12879,13511
12887,13511
12901,15145
12903,15145
12912,13511
12917,13573
12920,13511
12926,13511
12936,13511
12941,13511
12942,13573
12943,13511
12946,13511
12953,13573
12955,13511
12956,13511
12962,13511
12969,13511
12972,13511
12981,13511
12985,13511
12986,13573
12987,13511
12989,13511
12993,13511
12997,13573
12998,13511
13021,13511
13027,16183
13031,13511
13032,13511
13033,13573
13035,13573
13040,13511
13045,13573
13052,13573
13053,13511
13060,13511
13061,13573
13068,13511
13069,13573
13072,13573
13073,13511
13074,13573
13077,13511
13080,13511
13101,13573
13108,13511
13110,13511
13111,13573
13112,13573
13118,13511
13122,13511
13124,13511
13126,13573
13136,13573
13140,13511
13141,13511
13146,13511
13152,13511
13155,13511
13156,16183
13158,13511
13159,13511
13164,13511
13166,13511
13204,13573
13209,17512
13215,13511
13219,13573
13318,13511
13320,13511
13322,13511
13323,13511
13326,13511
13328,13511
13331,13573
13334,13511
13340,13511
13357,13573
13360,13511
13361,13511
13402,13511
13407,13511
13408,13511
13409,13511
13421,13511
13425,13573
13436,13511
13450,13511
13456,13511
13468,13511
13477,13573
13480,13511
13488,13573
13491,13511
13662,11811
13732,13511
13748,13511
13750,13511
13754,13511
13783,13511
13795,13511
13803,13511
13812,13511
13820,13511
13827,13511
13835,13573
13850,14711
13865,13511
13903,13511
14001,13511
14004,13573
14009,13511
14010,13511
14011,13511
14024,13511
14030,13573
14031,13511
14032,13511
14036,13511
14040,13573
14042,13511
14051,13511
14054,13511
14055,13511
14057,13511
14060,13573
14062,13573
14065,13573
14066,13511
14067,13511
14068,13511
14070,13511
14075,13511
14081,13511
14094,13511
14111,13511
14113,13511
14127,13511
14129,13511
14134,13511
14136,13511
14138,13511
14141,13511
14167,13511
14171,13511
14173,13573
14218,13511
14221,13573
14224,13511
14225,13511
14227,13511
14228,13511
14416,13573
14420,13573
14424,16183
14425,13511
14427,13511
14428,13573
14432,13511
14433,16183
14435,13573
14437,13511
14450,16183
14454,13511
14462,13511
14467,13573
14468,13573
14469,13573
14471,13511
14472,13573
14475,13573
14481,13511
14489,13511
14502,13511
14505,13511
14507,13511
14510,13511
14512,13511
14513,13511
14514,13573
14517,13511
14519,13511
14522,16183
14525,13511
14530,13511
14533,13511
14536,16183
14543,13573
14545,13511
14546,16183
14551,13511
14556,13573
14559,13573
14560,13511
14561,13511
14564,16183
14568,13511
14569,13511
14572,13511
14586,13573
14591,13511
14701,14711
14702,13573
14708,13573
14709,13511
14711,13573
14714,13573
14715,13573
14717,13573
14719,13573
14720,9645
14721,13573
14723,13511
14724,13573
14727,13573
14729,13511
14733,13573
14735,16183
14736,13573
14737,13573
14738,13573
14739,13573
14740,13511
14743,13573
14744,13573
14747,13511
14753,13573
14754,14711
14755,13511
14760,13573
14767,13573
14770,13573
14772,13511
14775,13573
14779,13573
14782,13511
14803,13511
14804,13511
14806,13573
14813,13511
14822,13511
14825,13511
14836,13511
14839,13511
14846,13511
14858,13511
14871,13511
14877,13511
14880,16183
14884,13511
14885,13511
14892,13511
14894,13511
14895,13511
14897,13511
15005,14716
15007,5487
15009,5487
15010,5487
15017,5487
15019,5487
15021,5487
15024,5487
15025,20387
15026,5487
15037,5487
15042,5487
15043,5487
15044,20387
15047,5487
15049,5487
15050,5487
15051,5487
15052,5487
15057,5487
15059,5487
15063,20387
15066,5487
15068,5487
15071,5487
15074,5487
15076,5487
15084,20387
15085,5487
15101,5487
15102,5487
15108,5487
15122,5487
15126,5487
15131,20387
15132,5487
15135,5487
15137,5487
15139,5487
15142,5487
15143,5487
15144,5487
15146,5487
15147,5487
15228,5487
15234,5487
15236,5487
15237,5487
15238,5487
15239,5487
15241,5487
15243,5487
15275,5487
15411,14711
15424,14711
15431,14711
15446,14711
15459,14711
15464,14711
15469,40167
15470,20387
15485,14711
15501,14711
15502,14711
15510,14711
15520,14711
15521,40221
15522,40221
15530,14711
15531,14711
15532,14711
15533,20387
15534,14711
15535,14711
15536,40221
15537,20387
15538,14711
15539,14711
15540,40167
15541,40167
15542,14711
15544,14711
15545,14711
15546,40167
15547,14711
15548,14711
15549,14711
15550,14711
15551,40167
15552,40167
15553,14711
15554,14711
15555,14711
15557,40167
15558,14711
15559,14711
15560,14711
15561,14711
15562,40167
15563,40167
15564,14711
15565,14711
15613,14711
15618,14711
15622,14711
15627,20387
15642,20387
15655,14711
15658,14711
15668,5487
15670,14711
15677,40167
15681,14711
15686,20387
15687,14711
15701,14711
15705,14711
15710,14711
15712,14711
15713,14711
15714,14711
15715,14711
15716,14711
15717,40292
15720,14711
15722,14711
15723,14711
15724,14711
15725,40292
15727,40292
15728,14711
15729,14711
15731,14711
15732,20387
15734,14711
15736,20387
15737,14711
15738,14711
15739,40292
15741,40292
15742,14711
15744,14711
15745,14711
15746,14711
15747,14711
15748,14711
15750,14711
15752,14711
15753,14711
15754,40292
15756,40292
15758,14711
15759,14711
15760,14711
15761,40292
15762,14711
15763,14711
15765,14711
15767,14711
15771,40292
15772,40292
15773,14711
15774,14711
15775,14711
15777,40292
15779,20387
15780,14711
15783,14711
15801,20387
15823,14711
15824,14711
15828,14711
15829,14711
15832,14711
15834,20387
15846,20387
15849,14711
15853,14711
15860,20387
15861,20387
15864,14711
15868,20387
15901,14711
15902,14711
15904,14711
15905,40167
15906,20387
15909,14711
15920,14711
15921,40292
15922,40292
15923,14711
15924,14711
15925,14711
15926,40167
15927,40292
15928,14711
15929,14711
15930,14711
15931,40292
15934,14711
15935,14711
15936,14711
15937,14711
15938,14711
15940,14711
15942,40292
15943,14711
15944,14711
15945,14711
15946,14711
15948,14711
15949,14711
15951,14711
15952,14711
15953,14711
15954,20387
15955,14711
15956,14711
15957,40292
15958,40292
15959,14711
15960,14711
15961,14711
15962,14711
15963,14711
16001,14716
16002,14716
16016,40224
16017,40224
16018,20387
16020,14711
16021,20387
16022,20387
16023,20387
16025,20387
16028,20387
16029,20387
16030,20387
16033,14716
16034,20387
16035,20387
16036,14711
16037,14716
16038,14711
16039,20387
16040,20387
16041,20387
16046,5487
16048,20387
16049,14711
16050,20387
16051,20387
16052,20387
16053,14716
16054,14711
16055,20387
16056,5487
16057,14716
16058,14711
16059,40224
16061,20387
16063,5487
16066,5487
16101,14716
16110,14716
16111,14711
16115,5487
16125,14711
16127,14711
16130,14711
16131,14711
16134,14716
16145,14711
16153,14711
16156,14716
16201,20387
16210,20387
16211,14711
16213,14711
16214,14711
16217,14711
16218,20387
16220,14711
16221,20387
16222,20387
16224,20387
16225,14711
16226,20387
16229,40224
16230,20387
16232,14711
16233,14711
16234,20387
16235,14711
16239,14711
16240,14711
16242,40224
16245,20387
16246,14711
16248,14711
16249,40292
16254,14711
16255,14711
16256,14711
16257,14711
16258,14711
16259,20387
16260,14711
16262,40224
16301,40224
16311,14711
16314,14711
16316,14711
16317,14711
16319,14711
16323,40293
16326,14711
16327,14711
16328,14711
16331,14711
16332,14711
16334,40224
16335,14711
16341,14711
16342,14711
16343,14711
16346,14711
16347,14711
16353,40224
16354,40293
16360,14711
16361,14711
16362,14711
16364,14711
16372,14711
16373,40224
16374,40224
16375,14711
16388,14711
16401,14711
16403,14711
16404,40293
16405,14711
16406,14711
16407,14711
16410,14711
16411,14711
16412,14711
16413,14711
16415,14711
16417,14711
16420,14711
16422,14711
16424,14711
16426,14711
16427,40293
16432,14711
16433,14711
16434,14711
16435,14711
16438,14711
16440,40293
16441,14711
16442,14711
16443,14711
16444,14711
16475,14711
16509,40293
16601,14711
16602,14711
16611,14711
16613,14711
16617,14711
16621,20387
16622,14711
16623,14711
16624,14711
16625,14711
16627,14711
16629,40292
16630,14711
16631,14711
16635,40222
16636,14711
16637,14711
16638,14711
16639,14711
16640,14711
16641,14711
16646,14711
16647,14711
16648,14711
16650,40221
16652,14711
16655,14711
16657,14711
16660,14711
16662,14711
16664,14711
16665,14711
16667,14711
16668,14711
16669,14711
16670,14711
16673,14711
16674,20387
16675,14711
16678,14711
16683,14711
16685,14711
16686,14711
16689,20387
16691,20387
16692,14711
16693,14711
16699,14711
16720,14711
16726,14711
16735,14711
16738,14711
16743,20387
16746,14711
16748,14711
16749,20387
16750,40290
16801,14711
16820,20387
16822,14715
16828,14711
16830,14711
16832,14711
16836,14711
16841,14715
16844,14711
16845,14711
16864,20387
16865,14711
16866,14711
16868,14711
16870,20387
16871,14711
16872,14715
16874,14711
16875,14711
16877,40222
16882,14711
16901,14711
16910,14711
16911,40290
16912,14711
16914,14711
16915,14711
16917,14711
16920,14711
16921,14711
16922,14711
16923,14711
16925,14711
16926,14711
16927,14711
16928,40290
16929,40290
16930,14711
16932,14711
16933,14711
16935,14711
16936,14711
16937,14711
16938,14711
16939,14711
16940,14711
16941,14711
16942,14711
16943,14711
16945,14711
16946,20334
16947,40289
16948,14711
16950,14711
17002,14711
17004,40222
17006,14711
17007,12390
17013,14715
17015,12390
17018,12390
17019,12390
17021,14711
17022,12390
17027,12390
17028,12390
17029,14711
17032,12390
17033,12390
17034,12390
17035,14711
17036,12390
17037,40222
17038,12390
17040,14711
17042,12390
17044,14715
17047,14711
17049,14711
17051,14711
17052,14711
17054,14711
17055,12390
17057,12390
17058,40222
17059,14715
17060,14711
17063,20387
17065,40220
17066,14711
17067,12390
17070,12390
17073,12390
17075,14711
17078,12390
17082,14715
17084,14711
17087,12390
17112,12390
17113,12390
17201,40220
17202,3329
17213,14711
17214,20387
17215,14711
17217,14711
17219,14711
17220,14711
17221,40220
17222,20387
17223,20387
17224,40222
17228,20387
17229,14711
17232,14711
17233,40220
17238,20387
17239,14711
17240,14711
17241,14711
17243,14711
17244,14711
17246,14711
17249,14711
17251,14711
17253,14711
17255,40220
17257,12390
17260,14711
17262,14711
17264,14711
17265,14711
17266,14711
17267,20387
17271,14711
17301,12390
17302,14940
17303,40220
17304,12390
17306,12390
17307,12390
17309,14715
17310,12390
17311,12390
17313,12390
17314,14940
17315,12390
17316,12390
17319,12390
17320,40220
17321,40220
17322,12390
17323,12390
17324,12390
17325,12390
17327,40220
17329,12390
17331,12390
17332,12390
17333,12390
17334,12390
17339,12390
17340,12390
17342,12390
17343,40220
17344,12390
17349,12390
17350,12390
17352,12390
17353,40220
17354,40220
17355,12390
17356,12390
17358,12390
17360,12390
17361,40220
17362,12390
17363,12390
17364,12390
17365,12390
17366,12390
17368,12390
17370,12390
17371,12390
17372,12390
17402,40220
17403,12390
17404,12390
17406,12390
17407,40220
17408,40220
17509,14715
17516,12390
17517,12390
17518,14715
17527,14715
17532,14715
17536,14940
17543,12390
17545,12390
17547,12390
17555,12390
17563,14715
17565,14940
17569,12390
17582,12390
17701,14715
17723,20387
17724,14711
17727,40290
17728,14711
17729,14711
17735,40289
17737,14711
17739,20387
17740,14715
17745,40290
17747,14715
17751,14715
17754,14715
17756,14711
17758,14711
17764,20387
17765,40289
17768,14711
17769,20387
17771,20387
17774,14711
17776,14711
17778,14715
17812,14711
17813,14711
17814,40289
17837,3597
17841,14711
17844,20387
17845,14711
17847,3597
17855,3597
17856,14715
17857,3597
17878,14715
17889,3597
17922,12390
17960,12390
17961,12390
17963,12390
17972,12390
17980,12390
18011,12390
18014,14715
18020,12390
18031,12390
18038,12390
18041,12390
18042,14715
18045,12390
18051,14715
18052,14715
18053,12390
18054,12390
18055,12390
18058,12390
18059,14715
18062,12390
18064,12390
18066,14715
18067,14715
18069,12390
18070,12390
18071,12390
18073,12390
18074,12390
18076,14715
18077,12390
18088,12390
18092,12390
18211,14715
18235,12390
18301,12390
18302,12390
18321,12390
18322,14715
18328,12390
18337,12390
18353,12390
18354,12390
18360,14715
18407,14711
18411,14715
18414,14711
18415,14711
18417,14711
18419,14711
18425,12390
18428,12390
18433,14711
18439,14711
18441,14711
18446,14711
18453,14711
18458,12390
18465,14711
18470,14711
18603,14715
18612,40289
18614,14711
18615,14711
18616,14711
18617,14715
18618,19390
18623,14711
18628,40289
18629,40289
18630,14711
18634,14715
18636,19390
18640,19390
18643,14711
18644,14715
18655,14715
18656,14711
18657,14711
18660,14715
18701,14715
18702,14715
18704,14715
18705,19390
18706,19390
18707,14715
18801,14711
18810,14711
18812,14711
18813,14711
18814,14711
18815,14711
18816,14711
18817,14711
18818,14711
18820,40289
18821,14711
18822,14711
18823,14711
18824,14711
18826,14711
18828,40289
18829,14711
18830,14711
18831,14711
18832,14711
18833,14711
18834,40289
18837,14711
18840,14711
18842,14711
18843,40289
18844,40289
18845,14711
18846,14711
18847,14711
18848,14711
18850,14711
18851,40289
18853,14711
18854,14711
18914,14715
18915,14715
18917,14715
18923,14715
18930,12390
18932,14715
18938,12390
18942,12390
18944,14940
18947,12390
18951,12390
18964,14715
18969,14940
19310,14715
19320,14715
19330,14715
19343,12390
19344,14715
19362,14940
19363,14940
19365,14715
19438,14940
19440,14940
19446,14715
19464,12390
19465,12390
19473,12390
19501,12390
19504,14715
19507,12390
19512,12390
19518,14940
19520,14715
19525,12390
19526,12390
19529,14715
19533,12390
19538,12390
19539,12390
19540,12390
19543,12390
19549,12390
19551,14715
19565,12390
19567,12390
19601,14715
19607,12390
19608,14715
19609,14715
19610,12390
19611,12390
19709,5027
19711,5027
19713,5027
19716,13519
19717,5027
19734,5070
19901,5027
19904,5070
19930,5027
19933,5070
19934,5335
19938,5027
19939,5027
19940,5027
19941,5070
19943,5070
19944,5027
19945,5027
19946,5027
19947,5027
19950,5027
19951,5070
19952,5027
19953,5027
19954,5027
19956,5070
19958,5070
19960,5027
19962,5027
19963,12540
19964,5027
19966,5027
19967,5027
19968,5027
19970,5027
19971,5027
19973,5027
19975,5027
19977,5027
19979,5027
20105,13640
20109,11560
20110,11560
20111,11560
20112,19876
20115,40228
20117,13640
20119,13640
20120,19876
20121,19876
20124,13640
20130,13640
20132,13640
20135,13640
20136,13640
20137,13640
20141,13640
20144,19876
20148,13640
20151,13640
20152,13640
20155,13640
20158,13640
20166,13640
20169,19876
20175,13640
20176,13640
20180,13640
20181,13640
20184,13640
20186,19876
20187,13640
20197,13640
20198,13640
20607,15270
20613,15270
20639,1167
20689,1167
20705,1167
20706,1167
20708,1167
20711,1167
20721,1167
20732,1167
20735,15270
20736,1167
20754,1167
20758,1167
20770,15270
20772,1167
20774,1167
20785,1167
20833,15270
20837,15263
20841,15263
20860,1167
20861,1167
20868,15270
20874,15263
20876,15263
20882,1167
20886,15263
20904,15270
20905,15270
21015,1167
21028,1167
21034,1167
21050,1167
21078,5027
21084,1167
21132,1167
21154,5027
21157,1167
21158,1167
21601,5625
21607,3503
21613,3503
21617,3503
21620,5027
21622,5027
21623,3503
21625,3503
21626,3503
21627,3503
21628,5027
21629,3503
21631,3503
21632,3503
21635,5027
21636,5027
21639,3503
21640,3503
21641,3503
21643,3503
21645,3503
21648,3503
21649,3503
21650,3503
21651,3503
21655,3503
21657,3503
21658,3503
21659,5027
21660,3503
21667,3503
21668,5027
21672,3503
21673,3503
21677,5027
21678,3503
21679,3503
21740,7908
21742,7908
21769,15263
21771,1167
21776,1167
21784,1167
21787,1167
21791,15263
21795,7908
21797,1167
21801,3503
21804,3503
21811,3503
21813,3503
21817,3503
21821,3503
21822,3503
21824,84
21826,3503
21829,5027
21830,5027
21837,3503
21838,3503
21841,5027
21842,3503
21849,3503
21850,3503
21851,84
21853,3503
21856,3503
21862,3503
21863,84
21864,3503
21865,5027
21869,3503
21871,3503
21872,3503
21874,3503
21875,3503
21903,1167
21912,3503
21915,3503
21919,3503
22025,13640
22026,13640
22030,13640
22039,13640
22134,13640
22172,13640
22191,13640
22192,13640
22193,13640
22405,13762
22406,13640
22407,19876
22408,13762
22427,19876
22432,13762
22435,19876
22436,19876
22437,19876
22443,13762
22454,19876
22460,13762
22469,13762
22473,19876
22482,13762
22485,13762
22488,13762
22503,13762
22504,19876
22508,19876
22511,13762
22514,19876
22520,13762
22534,40228
22538,19876
22539,13762
22542,19876
22551,40228
22553,19876
22554,13640
22556,40228
22560,19876
22567,19876
22572,13762
22576,13762
22580,19876
22601,17066
22602,17066
22603,17066
22610,40228
22611,17066
22624,17066
22630,40228
22639,19876
22640,19876
22641,17066
22642,40228
22643,40228
22644,17066
22645,17066
22650,17066
22652,17066
22655,17066
22656,17066
22657,17066
22660,17066
22664,19876
22701,19876
22712,19876
22713,19876
22714,19876
22718,19876
22720,13640
22724,40228
22726,19876
22727,17066
22728,13640
22729,19876
22732,19876
22733,19876
22734,19876
22735,19876
22736,13640
22740,17066
22741,19876
22742,19876
22747,17066
22801,8198
22802,8198
22810,17066
22812,17066
22815,17066
22821,17066
22824,19876
22827,40228
22831,17066
22832,17066
22834,17066
22835,17066
22840,17066
22841,17066
22842,17066
22843,17066
22844,17066
22845,19876
22846,17066
22847,17066
22849,17066
22850,19876
22851,40228
22853,17066
22901,3291
22902,733
22903,3291
22911,19876
22920,19876
22922,3291
22931,733
22932,3291
22935,19876
22936,19876
22937,733
22938,733
22939,17066
22940,40228
22942,3291
22947,40228
22949,3291
22952,3291
22957,19876
22958,3291
22959,19876
22960,40228
22963,3291
22964,733
22967,17066
22968,19876
22969,733
22971,733
22972,19876
22973,17066
22974,3291
22976,733
22980,17066
23002,19876
23004,3291
23005,19876
23009,19876
23022,3291
23023,40228
23024,19876
23027,3291
23032,19876
23038,3291
23039,19876
23040,3291
23055,3291
23059,19876
23063,3291
23065,3291
23069,19876
23079,19876
23083,19876
23084,3291
23085,19876
23086,40228
23091,19876
23093,40228
23102,40228
23103,19876
23106,19876
23108,19876
23110,19876
23111,19876
23112,19876
23116,40228
23117,40228
23120,19876
23123,3291
23124,19876
23129,19876
23139,3291
23146,40228
23148,19876
23149,19876
23153,40228
23156,19876
23160,19876
23161,19876
23177,19876
23181,19876
23430,15410
23803,19876
23805,15410
23821,19876
23824,19876
23828,19876
23829,19876
23830,15410
23832,19876
23833,19876
23838,19876
23839,15410
23840,19876
23841,21244
23842,15410
23843,12260
23844,12260
23846,15410
23847,19876
23850,21244
23856,12260
23857,12260
23860,15410
23866,15410
23867,15410
23868,12260
23872,21244
23875,15410
23876,19876
23879,12260
23881,15410
23882,15410
23883,15410
23885,19876
23888,15410
23889,19876
23890,15410
23893,12260
23894,19876
23897,15410
23899,15410
23901,3291
23915,12260
23917,12260
23920,12260
23921,3291
23922,19876
23923,12260
23924,12260
23927,12260
23930,21244
23934,19876
23936,3291
23937,12260
23938,19876
23942,19876
23944,12260
23947,19876
23950,19876
23952,12260
23954,19876
23958,19876
23959,19876
23960,3291
23962,12260
23964,12260
23966,19876
23967,19876
23968,12260
23970,12260
23974,12260
24017,733
24018,733
24019,733
24060,733
24066,733
24085,733
24095,733
24104,733
24121,733
24122,733
24137,12260
24139,12260
24153,733
24161,733
24174,733
24184,733
24201,733
24202,733
24210,733
24216,733
24219,733
24224,733
24230,733
24243,10171
24244,733
24245,733
24248,10171
24251,733
24263,10171
24265,10171
24272,10171
24273,733
24277,10171
24279,733
24281,10171
24282,10171
24283,733
24293,733
24401,17066
24416,3291
24421,17066
24430,17066
24431,19876
24432,17066
24437,17066
24439,17066
24440,17066
24441,17066
24459,17066
24467,17066
24471,17066
24472,3291
24476,17066
24477,17066
24479,17066
24482,17066
24483,3291
24486,17066
24504,733
24517,21244
24520,19876
24521,733
24522,733
24523,1456
24526,733
24527,733
24528,12260
24529,19876
24530,733
24531,733
24534,12260
24538,19876
24540,733
24541,733
24549,12260
24550,21244
24551,733
24553,733
24554,733
24555,733
24556,21244
24557,12260
24558,733
24562,3291
24563,21244
24566,733
24569,12260
24571,19876
24572,733
24574,733
24577,12260
24579,733
24580,19876
24581,733
24588,733
24589,19876
24590,19876
24592,12260
24593,3291
24594,733
24597,733
24598,12260
24599,733
24910,12796
24918,733
24931,733
24935,733
24941,733
24945,12796
24977,12796
24983,733
24984,733
24985,733
24991,733
25005,733
25019,733
25043,733
25045,733
25133,733
25164,733
25243,12796
25244,12796
25248,733
25252,733
25266,733
25271,12796
25275,12796
25285,733
25286,733
25404,12796
25411,12796
25419,12796
25422,15263
25425,12796
25427,12796
25434,12796
25443,12796
25801,1764
25827,733
25854,733
25878,733
25908,1764
25918,733
25921,733
25938,733
25951,12796
25969,733
25976,733
25978,733
25981,733
25984,733
26003,12796
26032,12796
26033,12796
26055,12796
26060,12796
26070,12796
26074,12796
26155,12796
26164,733
26261,733
26419,12796
26575,20521
26651,733
26678,733
26679,733
26680,733
26684,733
26690,733
26705,12796
26707,12796
26716,15263
26717,15263
26719,12796
26720,12796
26722,12796
26726,12796
26739,12796
26750,12796
26753,12796
26764,15263
26767,15263
27006,5416
27007,5416
27009,5416
27011,5416
27012,18339
27013,5416
27014,5416
27016,5416
27017,1889
27018,5416
27019,5416
27020,5416
27021,18339
27022,18339
27023,5416
27024,1889
27025,21632
27027,21632
27028,5416
27030,5416
27040,5416
27041,18339
27042,5416
27043,5416
27045,5416
27046,5416
27047,18339
27048,21632
27049,5416
27050,5416
27051,5416
27052,5416
27053,5416
27054,21632
27055,5416
27106,5416
27107,5416
27111,21632
27127,5416
27203,3046
27204,3046
27205,3046
27207,3046
27208,3046
27209,3046
27212,3046
27217,3046
27229,14717
27230,3046
27231,3046
27233,5416
27235,5416
27239,5416
27242,3046
27243,5416
27244,5416
27248,15671
27249,5416
27252,3046
27253,5416
27256,3046
27258,5416
27260,5416
27261,5416
27262,21632
27265,5416
27278,5416
27281,3046
27282,5416
27283,5416
27284,5416
27285,5416
27291,3046
27292,10966
27293,5416
27294,5416
27295,5416
27298,15671
27299,21632
27302,3046
27305,3046
27306,5416
27310,5416
27312,3046
27313,15671
27314,15023
27316,3046
27317,3046
27320,21632
27325,3250
27330,3046
27332,3046
27341,3046
27343,3046
27344,15671
27349,15671
27350,5416
27351,5416
27355,3046
27356,3046
27357,5416
27358,5416
27360,5416
27370,5416
27371,3046
27373,5416
27374,5416
27376,15671
27379,3046
27409,5416
27498,5416
27502,719
27503,5416
27504,3046
27505,3046
27507,3046
27509,3046
27510,5416
27511,3046
27512,5416
27513,3046
27514,5416
27515,3046
27516,3046
27517,5416
27519,3046
27521,3046
27522,3046
27523,5416
27524,18957
27525,3046
27526,3046
27530,3046
27534,3046
27537,3046
27541,15023
27542,3046
27544,3046
27545,19981
27546,17572
27549,3046
27551,3046
27553,3046
27557,3046
27559,3046
27560,5416
27562,3046
27563,3046
27565,19876
27569,3046
27571,3046
27572,3046
27573,3046
27574,12260
27576,3046
27581,3046
27582,3046
27583,3046
27587,3046
27589,12260
27591,3046
27596,3046
27597,3046
27602,5416
27604,3046
27607,3046
27609,3046
27611,3046
27612,5416
27613,3046
27614,3046
27615,3046
27616,3046
27617,3046
27619,3046
27620,3046
27621,3046
27622,3046
27623,5416
27624,3046
27625,3046
27626,3046
27627,3046
27628,3046
27629,3046
27634,3046
27635,3046
27636,3046
27640,5416
27650,3046
27656,3046
27658,3046
27661,3046
27668,3046
27675,5416
27676,5416
27690,3046
27697,3046
27698,3046
27699,5416
27702,5416
27703,5416
27704,3046
27705,5416
27706,3046
27707,5416
27711,3046
27712,3046
27715,3046
27717,3046
27722,5416
27801,3046
27803,16226
27804,3046
27805,16101
27806,3046
27807,3046
27808,19108
27809,3046
27810,3046
27812,19876
27814,3046
27815,3046
27817,3046
27818,16101
27819,3046
27820,19876
27821,3046
27822,3046
27823,3046
27826,19108
27830,3046
27831,19876
27832,16101
27834,3046
27837,3046
27839,16101
27840,5656
27842,3046
27843,19876
27845,16101
27846,3046
27847,3046
27849,16101
27850,12260
27851,3046
27852,3046
27853,16101
27855,19876
27857,3046
27858,3046
27860,19108
27862,16101
27863,3046
27864,3046
27865,3046
27866,19876
27869,3046
27870,3046
27871,19876
27872,19876
27874,3046
27875,3046
27876,19876
27881,3046
27884,3046
27886,19876
27889,3046
27890,3046
27891,3046
27892,3046
27893,5656
27896,3046
27897,16101
27909,5760
27910,19876
27916,240
27917,240
27919,240
27921,240
27922,16101
27923,240
27924,16101
27925,19108
27926,240
27928,19108
27929,19876
27932,240
27935,16101
27937,16101
27938,19876
27939,19876
27942,16101
27944,240
27946,19876
27947,240
27953,19108
27956,240
27957,19876
27958,19876
27962,3046
27965,240
27969,19876
27970,3046
27973,240
27974,240
27976,240
27979,240
27980,240
27983,16101
27985,19876
27986,16101
28001,232
28002,232
28006,5416
28009,3046
28010,5416
28012,16496
28016,16496
28018,5416
28020,5416
28021,5416
28025,5416
28026,4150
28027,4150
28031,21632
28033,16496
28034,5416
28035,5416
28036,21632
28037,21632
28040,5416
28042,5416
28043,16496
28052,21002
28053,5416
28054,5416
28056,21002
28070,5416
28071,5416
28073,5416
28075,5416
28077,5416
28078,5416
28079,5416
28080,21632
28081,21632
28086,5416
28090,16496
28091,3046
28092,5416
28097,5416
28103,5416
28104,5416
28105,5416
28107,5416
28108,19435
28109,5416
28110,5416
28111,5416
28112,5416
28115,21632
28117,5416
28119,3046
28120,5416
28123,5416
28124,19435
28125,5416
28127,3046
28128,19435
28129,19435
28133,3046
28135,19435
28136,5416
28137,5416
28139,2212
28144,21632
28146,5416
28147,5416
28150,5416
28151,5416
28152,5416
28163,5416
28164,5416
28166,5416
28167,5416
28168,5416
28169,5416
28170,3046
28173,5416
28174,14717
28214,5416
28215,5416
28216,5416
28227,5416
28263,19435
28269,5416
28270,5416
28277,19435
28278,5416
28301,3046
28303,6235
28304,11291
28305,3046
28306,3046
28311,3046
28312,3046
28314,11291
28315,14717
28318,3046
28320,3046
28323,17572
28326,3046
28327,3046
28328,3046
28330,3046
28332,3046
28333,3046
28334,3046
28337,6640
28338,14717
28339,3046
28340,3046
28341,3046
28342,3046
28343,11291
28344,3046
28345,3046
28347,3046
28348,17572
28349,6640
28351,3046
28352,14717
28356,17572
28357,3046
28358,3046
28360,3046
28363,3046
28364,3046
28365,3046
28366,3046
28368,3046
28369,3046
28371,17572
28372,11291
28373,3046
28375,3046
28376,3046
28377,11291
28378,3046
28379,3046
28382,3046
28383,3046
28384,17572
28385,17572
28386,3046
28390,3046
28391,3046
28392,6640
28393,3046
28394,3046
28395,17572
28396,11291
28398,3046
28399,3046
28401,24889
28412,24889
28420,24889
28421,3046
28422,3046
28423,3046
28424,3046
28425,3046
28428,24889
28430,3046
28431,3046
28432,3046
28433,6640
28434,3046
28435,3046
28436,3046
28438,11291
28439,11291
28441,3046
28442,3046
28443,9837
28444,6640
28445,3046
28447,3046
28448,3046
28449,3046
28450,3046
28451,3046
28452,3046
28453,3046
28454,3046
28455,3046
28456,3046
28457,3046
28458,3046
28460,3046
28461,3046
28462,24889
28463,3046
28464,3046
28465,3046
28466,9837
28467,24889
28468,3046
28469,3046
28470,3046
28472,3046
28478,6640
28479,3046
28501,3046
28504,18957
28508,18957
28510,3046
28511,3046
28512,3046
28515,3046
28516,3107
28518,3046
28520,3046
28521,9837
28524,3046
28525,3046
28526,3046
28527,3046
28528,3107
28529,3046
28532,3046
28537,19108
28539,3046
28540,3046
28544,3046
28546,3046
28547,3046
28551,3046
28552,3046
28553,3046
28555,3046
28556,3046
28557,3046
28560,3046
28562,3107
28570,3046
28571,3046
28572,3046
28573,3046
28574,3046
28577,3046
28578,3046
28579,3046
28580,18957
28581,3046
28582,3046
28584,9837
28585,9837
28587,3046
28594,3107
28601,21632
28602,5416
28604,1889
28605,13027
28606,1889
28607,1889
28609,5416
28610,21632
28611,1889
28612,1889
28613,5416
28615,13027
28616,13027
28618,1889
28621,18339
28622,18642
28623,1889
28624,1889
28625,21632
28626,5416
28627,1889
28628,5416
28629,1889
28630,1889
28633,1889
28634,5416
28635,1889
28636,21632
28638,1889
28640,1889
28641,5416
28642,5416
28644,1889
28645,1889
28646,1889
28647,18642
28649,5416
28650,5416
28651,1889
28652,13027
28653,18642
28654,5416
28655,1889
28656,5416
28657,1889
28658,5416
28659,18339
28660,21632
28661,1889
28662,13027
28664,13027
28665,5416
28667,1889
28668,1889
28669,5416
28670,5416
28673,21632
28675,1889
28676,5416
28677,5416
28678,21632
28679,18642
28680,5416
28681,1889
28682,5416
28683,1889
28685,1889
28687,5416
28688,21632
28689,21632
28692,1889
28694,5416
28697,5416
28698,1889
28699,5416
28701,3046
28702,5416
28704,3046
28705,3046
28707,8333
28708,5416
28709,3046
28710,3046
28711,18642
28712,8333
28713,5416
28714,16496
28715,5416
28716,3046
28717,1891
28718,5416
28719,3046
28721,6784
28722,5416
28723,3046
28724,3046
28725,18642
28727,3046
28728,3046
28729,5416
28730,18642
28731,5416
28732,3046
28733,5416
28734,5416
28735,5416
28736,18642
28738,8333
28739,5416
28740,18642
28741,18642
28742,5416
28743,3046
28744,5416
28745,3046
28746,3046
28747,5416
28748,6784
28750,3046
28751,3046
28752,5416
28753,3046
28754,3046
28756,5416
28757,3046
28758,5416
28759,3046
28760,5416
28761,5416
28762,3046
28763,8333
28766,5416
28768,5416
28770,3046
28771,18642
28772,5416
28773,5416
28774,5416
28775,18642
28776,3046
28777,3046
28778,18642
28779,18642
28781,5416
28782,2212
28783,18642
28784,3046
28785,3046
28786,3046
28787,18642
28788,8333
28789,5416
28790,5416
28791,5416
28792,3046
28793,3046
28801,3046
28802,3046
28803,18642
28804,18642
28805,3046
28806,3046
28810,3046
28813,3046
28814,18642
28815,3046
28816,3046
28901,5416
28902,18642
28903,19154
28904,1891
28905,5416
28906,18642
28909,1891
29001,1763
29003,162
29006,12462
29009,3046
29010,1763
29014,5416
29015,17539
29016,5929
29018,5644
29020,1763
29030,17539
29031,2212
29032,1763
29036,17539
29037,17539
29038,17539
29039,162
29040,1763
29042,162
29044,3046
29045,3046
29047,1763
29048,1613
29051,1763
29052,5929
29053,17539
29054,12462
29055,5416
29056,1613
29058,5929
29059,5644
29061,5929
29063,12462
29065,17539
29067,3046
29069,1763
29070,17539
29072,17539
29073,12462
29075,17539
29078,17539
29080,1763
29081,5644
29082,5644
29101,1763
29102,1613
29104,3046
29105,17539
29107,162
29108,162
29111,1763
29112,162
29113,162
29114,16606
29115,17539
29118,162
29122,5416
29123,12462
29125,1763
29126,13524
29127,5416
29128,1763
29129,17539
29130,17539
29133,5644
29135,1763
29137,162
29138,162
29142,1763
29145,17539
29146,162
29148,1763
29150,1763
29152,1763
29153,1763
29154,1763
29160,12462
29161,1763
29162,1763
29163,17539
29164,17539
29166,162
29168,1763
29170,17539
29172,12462
29178,2212
29180,5929
29203,5929
29209,17539
29210,12462
29212,5929
29229,5929
29302,2212
29303,5416
29306,2212
29307,2212
29316,5416
29321,2212
29322,2212
29323,2212
29325,5416
29330,2212
29331,5416
29332,13524
29334,1890
29335,2212
29340,5416
29341,2212
29342,5416
29349,2212
29351,5416
29353,2212
29355,13524
29356,1890
29360,5416
29364,5416
29365,1890
29369,2212
29370,5416
29372,2212
29374,5416
29376,2212
29379,10768
29384,5416
29385,2212
29388,10768
29395,2212
29406,1613
29412,1613
29414,1613
29426,1613
29429,1613
29432,17539
29434,17539
29435,1613
29436,1613
29437,17539
29438,1613
29440,1613
29445,1613
29448,17539
29449,17539
29450,1613
29453,17539
29455,1613
29456,1613
29458,1613
29461,1613
29464,17539
29466,1613
29468,1613
29470,1613
29471,5644
29472,1613
29474,5644
29475,5644
29477,5644
29479,3046
29481,17539
29483,1613
29485,1613
29487,17539
29488,5644
29492,1613
29510,1613
29511,3046
29518,1763
29520,11355
29527,8786
29530,3046
29541,16606
29544,3046
29545,3046
29546,3046
29550,11355
29554,8786
29555,3046
29556,1763
29560,16606
29564,1613
29566,3046
29568,17543
29569,3046
29571,3046
29572,8786
29574,3046
29575,17543
29576,17543
29577,8786
29579,8786
29580,3046
29581,3046
29582,3046
29583,3046
29584,3046
29588,8786
29590,16606
29591,3046
29593,3046
29607,1890
29611,5416
29615,1890
29617,1890
29620,5416
29621,5416
29625,1890
29627,10768
29628,17539
29630,1890
29631,1890
29635,8333
29638,10768
29640,1890
29641,5416
29642,6709
29643,1890
29644,1890
29645,5416
29646,5416
29648,5416
29649,7646
29650,1890
29651,1890
29652,7654
29653,10768
29654,5416
29657,1890
29658,1890
29661,1890
29662,1890
29664,1890
29665,1890
29666,162
29667,1890
29669,1890
29670,1890
29671,5416
29672,1890
29673,1890
29675,1890
29676,1890
29678,1890
29680,1890
29681,1890
29682,1890
29685,8333
29686,1890
29687,1890
29689,1890
29690,5416
29691,5416
29692,5416
29693,1890
29696,1890
29697,5416
29702,21002
29704,5416
29706,21002
29707,21002
29708,5416
29709,3046
29710,5416
29712,5416
29714,5416
29715,21002
29717,2212
29718,3046
29720,21002
29726,5416
29727,3046
29728,5416
29729,5929
29730,5416
29731,5416
29732,16195
29733,16195
29734,5416
29741,3046
29742,5929
29743,2212
29745,5416
29801,162
29803,162
29805,162
29810,5644
29812,5644
29817,5644
29819,5416
29821,162
29824,17539
29827,5644
29828,162
29829,162
29831,162
29832,162
29834,17539
29835,162
29836,5644
29838,162
29839,17539
29841,162
29842,162
29843,5644
29845,162
29847,162
29848,162
29849,5644
29850,162
29851,162
29853,162
29856,162
29860,162
29906,14398
29909,14398
29910,14398
29911,5644
29912,17539
29915,14398
29916,14398
29918,5644
29922,14398
29924,14398
29926,14398
29927,14398
29932,5644
29934,14398
29936,14398
29943,14398
29944,14398
29945,14398
30004,16865
30005,16865
30008,3916
30009,7140
30011,7140
30012,17832
30013,7140
30014,20065
30016,3248
30017,7140
30019,20065
30022,16865
30024,7140
30025,7140
30028,562
30038,7140
30039,20065
30040,7140
30041,7140
30043,10800
30044,10800
30045,7140
30046,7140
30047,9601
30052,7140
30054,4433
30055,3248
30056,3248
30058,7140
30060,3916
30062,11646
30064,3916
30066,3916
30067,3916
30068,3916
30071,7140
30075,16865
30076,7140
30078,7140
30080,11646
30082,3916
30083,7140
30084,7140
30087,7140
30092,7140
30093,7140
30094,7140
30096,16865
30097,9601
30101,3916
30102,3916
30103,13716
30105,7140
30106,3916
30107,16865
30108,3081
30110,3081
30113,3081
30114,7140
30115,16865
30116,3081
30117,3081
30120,7140
30121,562
30122,7090
30125,3081
30126,3916
30127,7090
30132,3081
30134,7090
30135,7140
30139,562
30141,7090
30143,562
30144,3916
30152,3916
30153,3081
30157,3081
30165,7140
30168,7090
30170,7140
30171,13716
30175,562
30176,3081
30177,562
30179,3081
30180,3081
30182,3081
30183,562
30184,562
30185,3081
30187,3081
30188,3916
30189,7140
30204,10624
30205,3248
30206,3248
30213,4432
30214,4432
30215,3248
30216,3248
30217,7140
30218,7140
30220,4432
30222,19219
30223,7140
30224,3248
30228,3248
30230,19219
30233,3248
30234,17832
30236,17832
30238,4432
30240,3081
30241,10585
30248,7140
30251,4432
30252,17832
30253,17832
30256,7140
30257,3248
30258,7140
30259,7140
30261,19219
30263,3081
30265,7090
30268,4432
30269,4432
30273,7140
30276,3248
30277,4432
30281,17832
30285,7140
30290,4432
30291,7090
30292,7140
30293,7140
30294,7140
30295,10624
30310,7140
30311,5582
30315,5582
30328,3916
30331,7140
30336,7090
30337,3939
30344,3939
30349,7140
30350,3916
30354,3939
30401,407
30410,407
30413,9689
30415,5905
30417,2903
30420,2903
30421,2903
30425,5905
30426,14649
30427,16674
30428,407
30434,7140
30436,2903
30439,407
30441,9689
30442,7140
30445,407
30446,7140
30450,14649
30452,5905
30453,407
30454,20146
30455,5905
30456,7140
30457,407
30458,5905
30461,14649
30467,5905
30470,407
30471,5905
30473,7140
30474,407
30477,5905
30501,7140
30504,7140
30506,7140
30507,7140
30510,7887
30511,7140
30512,562
30513,19154
30516,7140
30518,2487
30519,9601
30520,7140
30521,7140
30522,562
30523,1891
30525,7887
30527,7140
30528,562
30529,7140
30530,7140
30531,7140
30533,562
30534,562
30535,7140
30536,562
30537,8333
30538,7140
30540,562
30541,562
30542,16865
30543,9601
30545,562
30546,1891
30547,8210
30548,9601
30549,7140
30552,7140
30553,7140
30554,7140
30555,562
30557,7140
30558,7140
30559,1891
30560,1891
30563,8210
30564,562
30565,7140
30566,16865
30567,9601
30568,7140
30571,7140
30572,562
30575,7140
30576,7140
30577,7140
30601,7140
30605,7140
30606,7140
30607,7140
30619,7140
30620,9601
30621,7140
30622,7140
30624,7140
30625,15700
30627,8210
30628,7140
30629,15700
30630,15700
30631,7140
30633,7140
30634,7140
30635,7140
30641,7140
30642,7140
30643,8210
30646,9601
30648,7140
30650,3248
30656,20065
30660,7140
30662,7140
30663,3248
30666,9601
30667,7140
30668,7140
30669,20065
30673,9689
30677,7140
30678,20146
30680,20065
30683,7140
30701,2812
30705,7140
30707,3475
30708,13716
30710,3408
30711,19154
30720,4744
30721,4744
30725,13716
30728,13716
30730,7140
30731,7140
30733,7140
30734,13716
30736,3408
30738,3408
30740,7140
30741,13716
30742,3408
30747,7140
30750,3408
30753,13716
30755,7140
30757,3408
30802,7140
30803,7140
30805,7140
30808,7140
30810,9689
30813,7140
30814,7140
30815,7140
30816,9689
30817,9689
30818,7140
30820,7140
30821,9689
30823,7140
30824,7140
30828,20146
30830,14649
30833,7140
30904,7140
30905,7140
30906,7140
30909,7140
31001,7140
31002,407
31005,6411
31006,6411
31007,6411
31008,6411
31012,7140
31014,13962
31015,4538
31016,6411
31017,7140
31018,9689
31019,7140
31020,6411
31021,20146
31022,7140
31024,3248
31025,6411
31027,13962
31029,3248
31030,6411
31031,18956
31032,7140
31033,3248
31035,7140
31036,6411
31038,18956
31041,6411
31042,7140
31044,7140
31045,7140
31046,7140
31047,6411
31049,7140
31050,10624
31052,6411
31054,7140
31057,6411
31058,6411
31061,7140
31063,6411
31064,7140
31065,7140
31066,6411
31068,6411
31069,7140
31072,4538
31076,6411
31077,7140
31078,6411
31079,9431
31081,6411
31082,7140
31085,7140
31087,7140
31089,20146
31090,20146
31091,6411
31092,4538
31093,6411
31094,9689
31096,407
31097,6411
31098,13962
31204,18956
31210,3248
31211,3248
31216,6411
31217,7140
31220,3248
31301,3843
31302,2903
31303,7140
31305,3843
31308,2903
31309,2903
31312,5905
31313,7140
31315,2903
31316,2903
31320,3843
31321,5905
31323,3843
31324,2903
31329,7140
31331,3843
31419,2903
31501,31833
31503,7140
31510,7140
31512,7140
31513,16674
31516,16674
31519,7140
31523,7140
31525,3843
31527,7140
31532,7140
31533,7140
31535,5325
31537,7140
31539,407
31542,16674
31543,16674
31544,9431
31545,2903
31546,31833
31547,7140
31548,7140
31549,407
31550,7140
31551,7140
31552,7140
31553,7140
31554,7140
31555,2903
31557,7140
31558,7140
31560,7140
31563,7140
31565,7140
31566,7140
31568,7140
31569,31833
31601,7140
31602,7140
31605,7140
31606,40212
31620,40212
31622,7140
31624,7140
31625,7140
31626,7450
31629,7140
31631,7140
31632,7140
31635,40212
31636,7140
31637,7140
31638,7140
31639,40212
31641,7140
31642,7140
31643,7140
31645,7140
31647,40212
31650,7140
31699,7140
31701,7140
31705,230
31707,12706
31709,18305
31711,6411
31712,4538
31714,7140
31716,7140
31719,7140
31721,7140
31730,7140
31733,7140
31735,18305
31738,40212
31743,4538
31744,7140
31749,7140
31750,7140
31756,12706
31757,7140
31763,12706
31764,7140
31765,7140
31768,40212
31771,7140
31772,7140
31773,7140
31774,7140
31775,7140
31778,7140
31779,7140
31780,18305
31781,12706
31783,7140
31784,7140
31787,7140
31788,7450
31789,12706
31790,7140
31791,7140
31792,18848
31793,40212
31794,7140
31795,7140
31796,9431
31798,7140
31801,6411
31803,18305
31804,19219
31805,6411
31806,6411
31807,7140
31808,7140
31811,7140
31812,6411
31815,7140
31816,7140
31820,6411
31822,7140
31823,7140
31824,7140
31825,18305
31826,19219
31827,6411
31829,6411
31830,7140
31831,6411
31833,7140
31836,6411
31903,18305
31904,7140
31905,6411
31907,6411
31909,19219
32003,3757
32006,9617
32008,6455
32009,6452
32011,6452
32024,18360
32025,3757
32030,3757
32033,6452
32034,6457
32035,6457
32038,3757
32040,3757
32041,6457
32043,3757
32044,3757
32046,6452
32050,9617
32052,19161
32053,6455
32054,3757
32055,18360
32058,3757
32059,6455
32060,18360
32061,6452
32063,6452
32064,6452
32065,3757
32066,6455
32067,3757
32068,3757
32073,9617
32081,6452
32082,6452
32083,3757
32087,3757
32091,3757
32092,6452
32094,6452
32095,9617
32096,6455
32097,6452
32102,18304
32110,3757
32112,3757
32113,6455
32130,6452
32131,3757
32134,18304
32139,3757
32140,3757
32148,3757
32159,18304
32162,18304
32168,6452
32169,6452
32177,3757
32179,6455
32180,6455
32181,6452
32189,3757
32190,3757
32193,6452
32195,6455
32218,6452
32219,6452
32220,9617
32221,3757
32222,3757
32226,31833
32233,9616
32234,31833
32240,9616
32244,3757
32250,9616
32259,6452
32266,9616
32301,18445
32302,18445
32303,18445
32304,18445
32305,18445
32306,18445
32307,18445
32308,18445
32309,18449
32311,18445
32312,18445
32313,18445
32314,18449
32315,18445
32316,18445
32317,18449
32320,6455
32321,7785
32322,6455
32324,6457
32327,18449
32328,18449
32329,6455
32331,6455
32334,18449
32336,6455
32340,6455
32344,6455
32346,6455
32347,6455
32348,6455
32350,19161
32351,20371
32358,6455
32359,18360
32395,18445
32404,6457
32413,7785
32420,6457
32421,6457
32423,20371
32424,20371
32428,7785
32430,20371
32431,20371
32432,6457
32433,3502
32435,3502
32437,3502
32438,6457
32442,6457
32443,6457
32445,20371
32446,20371
32448,6457
32449,6457
32455,7785
32456,7785
32460,6457
32462,3502
32464,20371
32465,6455
32466,6457
32601,6909
32603,3757
32605,3757
32606,3757
32607,3757
32608,6455
32609,3757
32611,3757
32615,3757
32617,6455
32618,3245
32619,18360
32621,3245
32622,3757
32626,3245
32628,3245
32639,3245
32640,3757
32641,6455
32643,18360
32653,3757
32656,6452
32666,3757
32667,3245
32668,3245
32669,3245
32680,3245
32686,6455
32693,3245
32694,3757
32696,6452
32701,6455
32702,6455
32703,6455
32707,6452
32708,6452
32709,6452
32712,6455
32713,18304
32720,6455
32724,6455
32725,6455
32726,6455
32730,6455
32735,6455
32736,6455
32746,6452
32750,6452
32751,6455
32757,6455
32763,6452
32765,6452
32767,6455
32771,18304
32773,6452
32776,6452
32778,18304
32780,6455
32784,6455
32792,14610
32803,6455
32804,14610
32805,6455
32806,6455
32807,6455
32808,6455
32810,6455
32811,6455
32812,6455
32814,6455
32817,6452
32818,14610
32820,6455
32821,6455
32822,6455
32826,6452
32828,6455
32830,6455
32833,6452
32835,6455
32836,15776
32839,6455
32904,6452
32907,6452
32909,6452
32926,6452
32927,6452
32940,6452
32948,6452
32966,14606
33030,8795
33032,6452
33033,6443
33034,6452
33036,10857
33037,10857
33040,6443
33050,6452
33157,6443
33187,6452
33196,6452
33332,6452
33405,6452
33406,6452
33440,6452
33458,6452
33460,6452
33461,6452
33462,6452
33471,6452
33480,6452
33513,20885
33514,6455
33523,6455
33525,20885
33540,18454
33541,18454
33542,6455
33543,6455
33544,6455
33545,6455
33547,14606
33548,6455
33549,6455
33556,6455
33558,6455
33559,6455
33565,10623
33566,10623
33567,10623
33570,6452
33585,6455
33597,6455
33598,6452
33626,18454
33801,18454
33803,10623
33805,10623
33809,20885
33810,10623
33811,10623
33812,10623
33813,10623
33823,10623
33825,6455
33830,18454
33834,6455
33841,14606
33843,6455
33844,6455
33849,10623
33852,6455
33857,6452
33859,6455
33860,10623
33865,6452
33868,6455
33870,14606
33872,14606
33875,6455
33880,18454
33881,18454
33884,6455
33890,10857
33897,6455
33898,6455
33904,10857
33905,10857
33908,6452
33909,6452
33912,6452
33913,10857
33917,6452
33919,6452
33920,6452
33922,6452
33928,6452
33930,10857
33935,6452
33936,7264
33946,10857
33947,10857
33948,6452
33950,6452
33953,10857
33955,10857
33960,7264
33966,6452
33967,10857
33971,6452
33972,6452
33974,7264
33981,6452
33982,6452
33990,6452
33991,6452
33993,10857
34102,6452
34112,10857
34113,6452
34114,6452
34117,6452
34119,10857
34120,6452
34135,6452
34138,6452
34141,10857
34142,6452
34202,14606
34211,6452
34212,14606
34219,6452
34221,6452
34223,6452
34224,6452
34240,6452
34241,6452
34251,14606
34266,6452
34269,10857
34275,6452
34288,6452
34289,6452
34291,6452
34292,6452
34293,6452
34420,6455
34428,20885
34429,6455
34431,3245
34432,18304
34433,6455
34434,6455
34436,6455
34442,6455
34446,20885
34448,6455
34449,3245
34450,6455
34452,6455
34453,6455
34461,6455
34465,6455
34470,6455
34471,6455
34472,6455
34474,6455
34475,6455
34476,18304
34479,6455
34480,6455
34481,18304
34482,18304
34484,6455
34488,6455
34491,18304
34498,20885
34601,6455
34602,6455
34604,6455
34606,20885
34608,6455
34609,6455
34610,6455
34613,6455
34637,6455
34638,6455
34639,6455
34654,6455
34655,6455
34667,6455
34669,6455
34677,6455
34688,18454
34705,18304
34711,6455
34714,6455
34715,6455
34731,18304
34736,6455
34737,6455
34739,6452
34741,10376
34744,6455
34748,6455
34753,6455
34756,6455
34762,6455
34773,6452
34785,6455
34786,6455
34787,6455
34788,6455
34797,6455
34946,6452
34947,6452
34950,6616
34972,6452
34974,6452
34982,6452
35004,18642
35005,195
35006,195
35010,195
35013,195
35014,4327
35015,195
35016,195
35019,750
35020,195
35021,1640
35022,18642
35023,195
35031,195
35033,195
35034,195
35036,195
35040,195
35043,18642
35044,195
35045,195
35046,195
35048,195
35049,195
35051,4327
35053,195
35054,195
35055,195
35056,4618
35057,9739
35058,195
35060,195
35061,195
35062,195
35063,195
35064,195
35068,195
35070,4618
35071,18642
35072,195
35073,195
35077,4618
35078,195
35079,195
35080,195
35083,18642
35085,195
35087,750
35089,195
35091,195
35094,195
35096,195
35097,195
35098,4618
35111,1640
35115,195
35116,195
35117,195
35118,18642
35119,18642
35120,195
35121,195
35123,195
35124,195
35126,195
35127,195
35128,195
35130,195
35131,195
35133,195
35135,195
35136,195
35139,195
35142,195
35143,3222
35146,18642
35147,195
35150,195
35151,195
35160,195
35171,195
35172,195
35173,195
35175,9094
35176,195
35178,195
35179,4618
35180,195
35181,195
35184,195
35186,195
35201,195
35202,195
35203,195
35204,18642
35205,18642
35206,195
35207,195
35208,195
35209,18642
35210,195
35211,195
35212,195
35213,195
35214,195
35215,195
35216,18642
35217,195
35218,195
35219,195
35220,18642
35221,18642
35222,195
35223,195
35224,195
35226,195
35228,195
35229,195
35231,195
35232,195
35233,195
35234,195
35235,18642
35236,195
35237,195
35238,195
35242,18642
35243,18642
35244,195
35246,195
35249,195
35253,195
35254,195
35255,18642
35259,195
35260,195
35261,195
35266,195
35282,195
35283,195
35285,195
35287,195
35288,195
35290,18642
35291,195
35292,195
35293,195
35294,195
35295,195
35296,18642
35297,18642
35298,195
35401,195
35405,195
35441,195
35442,195
35443,195
35444,195
35446,195
35447,18642
35459,195
35460,195
35461,195
35462,195
35463,195
35464,1780
35466,1780
35470,195
35474,1780
35503,195
35504,195
35540,18642
35541,18642
35543,195
35544,195
35548,18642
35549,18642
35551,195
35552,195
35553,195
35554,18642
35559,18642
35563,195
35564,195
35565,195
35570,195
35571,195
35572,195
35575,195
35576,195
35577,18642
35578,195
35581,195
35582,17033
35585,195
35586,195
35592,18642
35593,18642
35594,195
35601,944
35602,4958
35603,944
35609,4958
35610,944
35611,18642
35612,944
35613,944
35614,944
35615,944
35616,6717
35617,6422
35618,944
35619,4618
35620,944
35621,4618
35622,4618
35630,18642
35631,18642
35632,6422
35633,6422
35634,18642
35640,18642
35643,944
35645,6422
35646,18642
35647,944
35648,6422
35649,944
35650,9739
35651,9739
35652,944
35653,16458
35654,6717
35660,17033
35661,6422
35662,13144
35670,750
35671,944
35672,6717
35673,18642
35674,19307
35677,6422
35699,18642
35739,18642
35740,13669
35741,9094
35742,944
35744,16629
35745,13669
35746,13669
35747,750
35748,13669
35749,9094
35750,9094
35751,9094
35752,18642
35754,18642
35755,13669
35756,18642
35757,18642
35758,944
35759,9094
35760,18642
35761,18642
35762,9094
35763,9094
35764,9094
35765,16629
35766,13669
35767,9094
35768,9094
35769,11714
35771,13669
35772,13669
35773,18642
35774,18642
35775,9094
35776,9094
35801,9094
35802,9094
35803,9094
35804,9094
35805,9094
35806,9094
35807,9094
35808,9094
35810,9094
35811,9094
35812,9094
35813,18642
35814,9094
35815,9094
35816,9094
35824,9094
35893,9094
35894,9094
35895,9094
35896,9094
35897,9094
35899,9094
35901,195
35902,195
35903,195
35904,195
35905,4327
35906,18642
35907,195
35950,241
35951,241
35952,195
35953,195
35954,195
35956,195
35957,11714
35958,18642
35959,3426
35960,195
35961,11714
35962,195
35963,11714
35964,11714
35966,13669
35967,3426
35968,11714
35971,16629
35972,195
35973,3426
35974,11714
35975,16629
35976,750
35978,16629
35979,16629
35980,195
35981,16629
35983,195
35984,3426
35986,18642
35987,195
35988,16629
35989,16629
35990,195
36003,195
36005,5204
36006,195
36009,4430
36010,14602
36013,5204
36016,5204
36017,14602
36020,195
36022,195
36024,195
36025,195
36026,195
36027,195
36029,17534
36031,195
36033,195
36034,4430
36036,17534
36037,4430
36040,195
36041,195
36042,195
36043,195
36046,195
36047,195
36048,14602
36049,4430
36051,195
36053,195
36054,195
36064,195
36066,195
36067,195
36069,195
36071,4430
36075,195
36078,5204
36079,19225
36080,195
36081,5204
36082,17534
36083,195
36089,195
36091,195
36092,195
36093,195
36105,195
36108,195
36110,195
36116,195
36117,195
36201,195
36202,195
36203,195
36204,195
36205,18642
36206,195
36207,195
36250,195
36251,195
36253,195
36254,195
36255,195
36256,195
36257,195
36258,18203
36260,18642
36264,195
36265,195
36266,195
36268,195
36271,195
36272,195
36274,195
36275,3426
36276,195
36277,195
36278,195
36279,195
36280,195
36301,195
36303,195
36305,195
36310,195
36311,14602
36312,195
36314,195
36316,195
36318,195
36319,195
36320,195
36321,195
36322,195
36323,17534
36330,195
36340,195
36343,20841
36344,20841
36345,195
36346,4430
36350,195
36351,195
36352,195
36353,195
36360,195
36362,195
36370,195
36373,195
36375,195
36376,195
36401,195
36420,4430
36421,604
36425,195
36426,195
36427,17646
36432,195
36435,195
36436,195
36441,195
36442,4430
36444,17646
36445,195
36451,195
36453,4430
36456,195
36460,40127
36467,20841
36471,195
36474,4430
36477,195
36480,195
36481,195
36482,195
36483,4430
36502,195
36505,195
36507,17646
36513,195
36518,17252
36522,17252
36524,1780
36525,195
36527,195
36529,40127
36532,1149
36535,195
36538,1780
36539,40127
36540,40127
36541,195
36545,40127
36548,195
36550,1149
36551,195
36553,195
36558,1780
36560,195
36562,17646
36579,40127
36584,195
36587,17252
36608,195
36701,195
36703,195
36720,195
36722,195
36726,195
36727,1780
36728,195
36732,195
36736,1780
36738,195
36740,195
36742,195
36744,195
36748,1780
36749,195
36750,195
36751,195
36752,195
36754,195
36756,1780
36758,195
36759,195
36765,195
36769,195
36773,195
36776,1780
36782,40127
36783,195
36784,195
36786,195
36790,195
36792,3222
36793,195
36801,195
36802,195
36803,14146
36804,18203
36830,195
36832,195
36850,18203
36852,195
36853,195
36854,195
36855,195
36858,195
36860,195
36861,195
36862,195
36863,195
36866,195
36869,18203
36871,18203
36874,195
36875,195
36877,19219
36879,195
36901,195
36904,195
36907,195
36908,40127
36912,1780
36915,195
36916,195
36919,40127
36921,40127
36922,195
36925,195
37010,4624
37011,18642
37012,19574
37013,12470
37014,12470
37015,18642
37016,18642
37018,5399
37019,5399
37020,5399
37022,19162
37023,4624
37024,13216
37025,5148
37026,5399
37027,12470
37028,4624
37029,5148
37030,18642
37031,18642
37032,18642
37033,12330
37034,5399
37035,18642
37036,18642
37037,5399
37040,3704
37041,4624
37042,3704
37043,3704
37044,3704
37046,5399
37047,5399
37048,4624
37049,4624
37050,4624
37051,4624
37052,4624
37055,5148
37056,5148
37057,19162
37058,1578
37059,2960
37060,12470
37061,12330
37062,5148
37063,5399
37064,5399
37065,12470
37066,4624
37067,12470
37068,18642
37069,12470
37070,13216
37071,12470
37072,13216
37073,4624
37074,12470
37075,12470
37076,12470
37077,13216
37078,12330
37079,4624
37080,4624
37082,5148
37083,18642
37085,12470
37086,12470
37087,4624
37088,12470
37089,18642
37090,19574
37091,5399
37095,2960
37096,18642
37097,10968
37098,5148
37101,18642
37110,18642
37111,12186
37115,13216
37116,13216
37118,18642
37119,4624
37121,12470
37122,4624
37127,18642
37128,18642
37129,12470
37130,12470
37134,12330
37135,13216
37136,12470
37137,5148
37138,18642
37140,18642
37141,4624
37142,4624
37143,13216
37144,15507
37145,19162
37146,4624
37148,4624
37149,18642
37150,19574
37151,18642
37152,4624
37153,18642
37160,18642
37161,5399
37162,5399
37165,5148
37166,19574
37167,13216
37171,4624
37172,18642
37174,18642
37175,1578
37178,4624
37179,18642
37180,18642
37181,4624
37183,5399
37184,19574
37185,18642
37186,4624
37187,5148
37188,4624
37189,13216
37190,2960
37191,4624
37201,13216
37202,13216
37203,13216
37204,18642
37205,13216
37206,13216
37207,13216
37208,13216
37209,13216
37210,13216
37211,13216
37212,13216
37213,13216
37214,18642
37215,18642
37216,13216
37217,13216
37218,13216
37219,13216
37220,13216
37221,12470
37222,13216
37224,13216
37227,13216
37228,13216
37229,18642
37230,13216
37232,13216
37234,13216
37235,13216
37236,13216
37238,18642
37240,13216
37241,13216
37242,13216
37243,13216
37244,13216
37246,18642
37250,13216
37301,2960
37302,18642
37303,19898
37304,3408
37305,2960
37306,5399
37307,18642
37308,18642
37309,6008
37310,18642
37311,3758
37312,3408
37313,16930
37314,6608
37315,3408
37316,19898
37317,18642
37318,5399
37320,3758
37321,4920
37322,3408
37323,3408
37324,5399
37325,6008
37326,18642
37327,18642
37328,18642
37329,6008
37330,5399
37331,19898
37332,19898
37333,6608
37334,18642
37335,18642
37336,18642
37337,18642
37338,3408
37339,18642
37340,18642
37341,3408
37342,2960
37343,3408
37345,6234
37347,16930
37348,5399
37349,5399
37350,18642
37351,3408
37352,5399
37353,3408
37354,6008
37355,12470
37356,5399
37357,2960
37359,5399
37360,5399
37361,18642
37362,18642
37363,19898
37364,18642
37365,16930
37366,5399
37367,18642
37369,6608
37370,6008
37371,947
37373,18642
37374,18642
37375,5399
37376,5399
37377,18642
37378,2960
37379,3408
37380,3408
37381,3408
37382,2960
37383,5399
37384,3408
37385,19154
37387,18642
37388,5399
37389,5399
37391,18642
37394,2960
37396,3408
37397,3408
37398,5399
37401,3408
37402,18642
37403,3408
37404,3408
37405,3408
37406,18642
37407,18642
37408,3408
37409,3408
37410,3408
37411,3408
37412,3408
37414,18642
37415,3408
37416,3408
37419,3408
37421,3408
37422,3408
37424,18642
37450,3408
37501,814
37544,18642
37601,18642
37602,9777
37604,5763
37605,9777
37614,9777
37615,2247
37616,7625
37617,2247
37618,5763
37620,2247
37621,2247
37640,18642
37641,5763
37642,18642
37643,18642
37644,5763
37645,10331
37650,6784
37656,2247
37657,18642
37658,18642
37659,2247
37660,2247
37662,2247
37663,2247
37664,2247
37665,2247
37669,18642
37680,13027
37681,5763
37682,5763
37683,13027
37684,18642
37686,2247
37687,6784
37688,5763
37690,5763
37691,13027
37692,5763
37694,2247
37699,2247
37701,577
37705,3812
37707,18642
37708,18642
37709,727
37710,18642
37711,18642
37713,7625
37714,3812
37715,18642
37716,18642
37717,3812
37719,3812
37721,18642
37722,18642
37723,3812
37724,10579
37725,13550
37726,15141
37727,6784
37729,3812
37730,10579
37731,8764
37732,15141
37733,18642
37737,6608
37738,577
37742,11222
37743,7625
37744,7625
37745,7625
37748,8147
37752,15293
37753,13550
37754,3812
37755,18642
37756,18642
37757,3812
37760,727
37762,3812
37763,11222
37764,727
37765,15293
37766,3812
37769,3812
37770,18642
37771,3812
37772,6608
37773,15293
37774,3812
37777,18642
37778,8764
37779,3812
37801,11789
37802,18642
37803,577
37804,577
37806,10421
37807,3812
37809,7625
37810,13550
37811,8764
37813,727
37814,12988
37815,12988
37816,12988
37818,7625
37819,4622
37820,727
37821,727
37822,18642
37824,15293
37825,3812
37826,6008
37828,18642
37829,18642
37830,3812
37831,13933
37840,18642
37841,15141
37843,18642
37845,3812
37846,6008
37847,3812
37848,3812
37849,3812
37851,10579
37852,19898
37853,18642
37854,3812
37857,10331
37860,7625
37861,727
37862,577
37863,577
37864,16949
37865,577
37866,3812
37867,15293
37868,16949
37869,15293
37870,18642
37871,18642
37872,15141
37873,8764
37874,18384
37876,10421
37877,727
37878,6608
37879,18642
37880,3812
37881,727
37882,16949
37885,11222
37886,577
37887,3812
37888,727
37890,727
37891,7625
37892,3812
37902,10421
37909,10421
37912,10421
37914,10421
37915,10421
37916,18642
37917,10421
37918,10421
37919,577
37920,577
37921,10421
37922,577
37923,10421
37924,10421
37929,10421
37931,3812
37932,10421
37934,10421
37938,3812
37996,10421
37998,10421
38001,7174
38002,18642
38004,814
38006,7174
38007,40236
38008,40166
38010,17694
38011,814
38012,7174
38014,814
38015,814
38016,12293
38017,12293
38018,814
38019,18642
38021,18642
38023,814
38024,5509
38025,18642
38027,814
38028,814
38029,814
38030,40236
38034,40236
38036,17694
38037,7174
38039,1936
38040,7174
38041,814
38042,40166
38044,18642
38045,18642
38046,1936
38047,18642
38048,40166
38049,40166
38050,7174
38052,1936
38053,17694
38054,12293
38055,814
38057,1936
38058,814
38059,7174
38060,18642
38061,18642
38063,40236
38066,18642
38067,1936
38068,40166
38069,40166
38070,18642
38071,814
38075,18642
38076,18642
38077,7174
38079,7174
38080,7174
38083,814
38088,814
38101,814
38103,814
38104,18642
38105,814
38106,814
38107,18642
38108,18642
38109,814
38111,814
38112,18642
38113,12293
38114,814
38115,814
38116,814
38117,814
38118,814
38119,814
38120,814
38122,814
38124,814
38125,814
38126,814
38127,814
38128,814
38130,814
38131,814
38132,814
38133,814
38134,814
38135,814
38136,814
38137,814
38138,814
38139,814
38141,814
38145,814
38147,814
38148,814
38150,814
38151,814
38152,18642
38157,18642
38159,814
38161,814
38163,814
38166,814
38167,814
38168,814
38173,18642
38174,18642
38175,814
38177,814
38181,18642
38182,18642
38183,814
38184,814
38186,12293
38187,814
38188,814
38190,814
38193,12293
38194,12293
38197,814
38201,20228
38220,20228
38221,1578
38222,18642
38223,14455
38224,14455
38225,18642
38226,18642
38229,20228
38230,7174
38231,3075
38232,18642
38233,20228
38235,3075
38236,3075
38237,7174
38238,18642
38240,7174
38241,14455
38242,14455
38251,18642
38253,7174
38254,7174
38255,7174
38256,18642
38257,20228
38258,3075
38259,7174
38260,7174
38261,18642
38271,7174
38281,18642
38301,9612
38302,9612
38303,9612
38305,7174
38308,9612
38310,15016
38311,10968
38313,17694
38314,17694
38315,18642
38316,20228
38317,1578
38318,1578
38320,12330
38321,3075
38324,3075
38326,15016
38327,15016
38328,3075
38329,3075
38330,18642
38331,7174
38332,3075
38333,1578
38334,18642
38336,7174
38337,7174
38338,7174
38339,15016
38340,17694
38341,3075
38342,1578
38343,9023
38344,3075
38345,3075
38346,7174
38347,18642
38348,20228
38351,3075
38352,17694
38355,17694
38356,1936
38357,15016
38358,18642
38359,18642
38361,15016
38362,17694
38363,18642
38365,15016
38366,17694
38367,15016
38368,3075
38369,20228
38370,18643
38371,3075
38372,10968
38374,3075
38375,15016
38376,15016
38377,1936
38378,18642
38379,15016
38380,1578
38381,18642
38382,40236
38387,1578
38388,3075
38389,18642
38390,3075
38391,17694
38392,1936
38393,18642
38401,18642
38402,3855
38425,10968
38449,15507
38450,18643
38451,5399
38452,18642
38453,6234
38454,5399
38455,15507
38456,5399
38457,18642
38459,18642
38460,10799
38461,5399
38462,18643
38463,10799
38464,10799
38468,15507
38469,18642
38471,18642
38472,5399
38473,18642
38474,13039
38475,18642
38476,18642
38477,15507
38478,5399
38481,10799
38482,12470
38483,5399
38485,18643
38486,18643
38487,5399
38488,6234
38501,19574
38502,19574
38503,4294
38504,15141
38505,4294
38506,4294
38541,18642
38542,18642
38543,19898
38544,18642
38545,18642
38547,12470
38548,19574
38549,19898
38550,2960
38551,18642
38552,19574
38553,19898
38554,18642
38555,18642
38556,15141
38557,18642
38558,19898
38559,2960
38560,18642
38562,18642
38563,19574
38564,19574
38565,18642
38567,18642
38568,18642
38569,19574
38570,19898
38571,15141
38572,2960
38573,19574
38574,18642
38575,18642
38577,19898
38578,18642
38579,2960
38580,18642
38581,2960
38582,18642
38583,18642
38585,2960
38587,2960
38588,19574
38589,18642
38601,8748
38602,18447
38603,8748
38606,18642
38609,12685
38610,13412
38611,13735
38614,18642
38617,12685
38618,12685
38619,18642
38620,12685
38621,12685
38622,18447
38625,19007
38626,12685
38627,18642
38628,18642
38629,18943
38632,12685
38633,8748
38634,8748
38635,12685
38637,12685
38638,12685
38641,12685
38642,18642
38643,12685
38645,12685
38646,12685
38647,8748
38649,18642
38650,13412
38651,12685
38652,15211
38654,12685
38655,14275
38658,12685
38659,8748
38661,18642
38663,18943
38664,12685
38665,12685
38666,18642
38668,13735
38670,12685
38671,12685
38672,18642
38673,40302
38674,276
38675,18642
38676,12685
38677,18642
38679,18642
38680,12685
38683,276
38685,18642
38686,12685
38701,12685
38703,12685
38725,12685
38726,12685
38730,12685
38732,12685
38736,12685
38737,12685
38740,12685
38746,12685
38748,22815
38751,22815
38753,12685
38754,12685
38756,12685
38759,12685
38761,22815
38762,12685
38769,12685
38771,22815
38774,12685
38778,12685
38801,19273
38802,18642
38803,18642
38804,13412
38820,15211
38821,571
38824,15334
38825,571
38826,13412
38827,18642
38828,13412
38829,18642
38833,276
38834,276
38835,276
38838,15334
38839,13227
38841,13412
38843,40303
38844,18642
38846,276
38847,18642
38848,18642
38849,15334
38850,13227
38851,18642
38852,18951
38855,18642
38856,15334
38857,18642
38858,14078
38859,15334
38860,15211
38862,18642
38863,40302
38864,40302
38865,276
38866,18642
38868,18642
38869,13412
38870,18642
38871,18642
38873,18642
38874,15211
38875,14078
38876,40303
38877,14078
38878,13227
38879,18642
38880,15334
38901,18642
38902,18642
38913,15211
38914,12685
38915,15211
38916,15211
38917,12685
38920,22815
38921,22815
38922,12685
38923,12685
38924,22815
38925,22815
38926,12685
38927,12685
38928,18642
38929,13227
38930,7651
38940,18447
38941,7651
38944,12685
38945,22815
38947,12685
38948,12685
38949,15211
38950,18447
38951,13227
38952,12685
38953,18642
38954,22815
38955,13227
38957,12685
38958,12685
38959,12685
38960,18642
38961,18642
38962,18447
38963,12685
38964,18642
38965,40302
38966,12685
38967,12685
39038,22815
39039,12685
39040,12685
39041,12685
39042,2849
39043,12685
39044,12685
39045,2849
39046,2849
39047,12685
39051,5578
39054,12685
39057,2849
39059,17683
39063,2849
39066,12685
39067,2849
39071,12685
39073,18642
39074,18642
39078,12685
39079,12685
39080,12686
39082,12685
39083,12685
39086,12685
39087,12686
39090,18642
39092,2849
39094,17647
39095,21114
39097,12685
39098,2849
39107,2849
39108,5578
39109,2849
39111,17647
39113,21114
39114,12685
39116,12685
39117,17647
39119,12685
39120,12685
39140,17647
39145,12685
39146,12685
39148,12685
39149,12685
39150,17683
39151,18642
39152,17647
39153,12685
39157,18642
39159,21114
39160,2849
39166,12685
39167,12685
39168,5175
39169,12685
39170,12685
39171,2849
39175,12685
39176,12685
39179,12685
39180,12685
39183,12685
39189,2849
39191,11519
39192,2849
39193,17647
39194,12685
39208,12685
39211,12685
39218,12685
39232,12685
39272,12685
39288,12685
39298,12685
39301,5578
39305,5578
39307,5578
39309,5578
39320,5578
39322,5175
39323,2849
39325,2849
39326,5578
39327,12686
39328,2849
39330,5578
39332,5578
39335,5578
39336,2849
39337,17647
39338,12686
39339,2849
39341,5578
39345,12686
39346,2849
39347,12686
39350,2849
39352,5578
39354,6641
39355,12686
39356,17647
39358,5578
39359,2849
39360,5578
39361,5578
39362,5175
39363,5578
39364,5578
39365,2849
39366,5578
39367,5175
39401,17647
39402,14563
39421,14563
39422,12686
39423,5175
39425,5175
39426,3841
39427,14563
39428,5175
39429,3841
39437,12686
39439,5578
39440,5175
39443,17647
39451,17252
39452,12686
39455,3841
39456,17252
39459,12686
39460,5175
39462,5175
39465,5175
39466,3841
39470,3841
39474,14563
39475,12686
39476,12686
39478,11519
39479,17647
39480,17647
39481,5175
39482,12686
39483,14563
39501,3841
39503,3841
39520,3841
39530,3841
39531,3841
39532,3841
39540,17252
39553,12686
39560,12686
39561,14563
39562,12686
39563,12686
39564,12686
39565,14563
39567,12686
39571,3841
39573,14563
39574,3841
39576,3841
39577,12686
39581,12686
39601,12685
39629,11519
39630,11519
39631,12685
39638,11519
39641,11519
39643,11519
39645,12685
39647,11519
39648,11519
39652,11519
39653,11519
39654,11519
39656,14563
39657,11519
39661,12685
39663,12685
39665,11519
39666,11519
39667,11519
39669,12685
39701,4068
39702,4068
39703,4068
39704,18642
39705,4068
39710,6641
39730,571
39735,5578
39736,6641
39737,13227
39739,5578
39740,6641
39741,6641
39743,6641
39744,13227
39745,2849
39746,40303
39747,22815
39750,6641
39751,6641
39752,18642
39753,18642
39754,18642
39755,6641
39756,6641
39759,5578
39760,6641
39762,18006
39766,6641
39767,12685
39769,5578
39771,13227
39772,18642
39773,13227
39776,6641
39813,12706
39815,7140
39817,7140
39819,7140
39823,7140
39824,18499
39825,7140
39826,7140
39834,7140
39837,7140
39840,7140
39841,18499
39842,18305
39845,7140
39846,7140
39851,7140
39854,7140
39859,7140
39861,7140
39862,7140
39867,18305
39870,7140
39877,7140
39886,7140
39897,7140
40003,1886
40004,690
40006,10171
40007,10171
40008,10171
40009,10171
40011,10171
40012,1886
40013,10171
40014,11249
40019,10171
40022,10171
40023,10171
40031,10171
40033,16587
40036,10171
40037,9292
40040,16587
40045,17044
40046,1886
40047,11249
40048,690
40050,17044
40051,9292
40052,9292
40055,17044
40057,10171
40060,9292
40061,10171
40062,9292
40065,10171
40067,17044
40068,10171
40069,9292
40070,10171
40071,10171
40075,10171
40076,1886
40077,11249
40078,1886
40107,16587
40108,11249
40109,11249
40111,9964
40115,13651
40117,12243
40118,11249
40119,12243
40121,10171
40140,12243
40145,12243
40150,16587
40152,18642
40160,10171
40162,13651
40165,11249
40175,13651
40177,11249
40229,11249
40245,11249
40272,11249
40291,11249
40299,11249
40311,1886
40312,9575
40313,11011
40316,3687
40322,3687
40324,10171
40330,1886
40336,10171
40337,10171
40342,1886
40346,3687
40347,6708
40350,6442
40351,3687
40353,3687
40355,10171
40356,1886
40358,6442
40359,17044
40360,3687
40361,1886
40370,1886
40371,3687
40372,1886
40374,1886
40376,3687
40379,14251
40380,3687
40383,1886
40385,1886
40387,3687
40390,1886
40391,10171
40403,1886
40409,9575
40419,9292
40422,9292
40437,9292
40440,9292
40442,9292
40444,1886
40445,9575
40447,1886
40456,1886
40460,9575
40461,1886
40464,9292
40468,9292
40472,3687
40475,10171
40484,9292
40489,17564
40509,3687
40511,1886
40513,1886
40514,1886
40515,3687
40516,3687
40517,1886
40601,1886
40701,4622
40729,10171
40730,9697
40734,4622
40737,9575
40740,10171
40741,18642
40744,4622
40759,4622
40763,4622
40769,17564
40771,10171
40801,10171
40806,4622
40808,4622
40810,4622
40813,10171
40815,10171
40816,22053
40818,10171
40819,10171
40820,10171
40823,4622
40824,18642
40826,22053
40827,4622
40828,4622
40829,10171
40830,10171
40831,18642
40840,4622
40843,10171
40845,10171
40847,10171
40849,4622
40854,10171
40855,4622
40856,10171
40858,22053
40862,4622
40863,10171
40865,4622
40868,9575
40870,4622
40873,4622
40874,4622
40902,4622
40903,10171
40906,4622
40913,4622
40915,10171
40927,10171
40935,10171
40940,9697
40958,10171
40962,4622
40964,10171
40965,18642
40972,9575
40977,4622
40979,9575
40981,9575
40988,4622
40995,4622
40997,4622
41001,14251
41002,10171
41003,14251
41004,1886
41005,14251
41006,10171
41007,19446
41008,14251
41010,1886
41015,14251
41017,14251
41018,14251
41030,14251
41031,10171
41033,19446
41034,6442
41035,10171
41039,6442
41040,1886
41041,6442
41042,14251
41043,1886
41044,6442
41045,10171
41046,10171
41048,14251
41051,14251
41052,10171
41055,6442
41056,6442
41059,14251
41063,14251
41064,10171
41080,14251
41083,10171
41086,10171
41091,14251
41092,14251
41093,6442
41094,14251
41095,10171
41097,1886
41098,10171
41121,7558
41124,1708
41135,22053
41141,6442
41143,6442
41144,22053
41149,11011
41159,1708
41164,6442
41171,7558
41174,7558
41175,7558
41179,22053
41180,7558
41204,1708
41214,1708
41216,1708
41219,1708
41222,1708
41224,1708
41226,1708
41230,1708
41232,1708
41234,1708
41238,1708
41240,22053
41254,1708
41255,1708
41256,1708
41257,1708
41260,22053
41262,1708
41263,1708
41264,1708
41265,1708
41271,22053
41274,22053
41301,3687
41310,11011
41311,11011
41314,22053
41339,1708
41360,3687
41364,9575
41365,9575
41366,11011
41385,22053
41397,9575
41421,7558
41425,3687
41465,1708
41472,7558
41501,1708
41502,18642
41503,18642
41512,22053
41513,22053
41514,18642
41517,18642
41519,18642
41520,18642
41522,18642
41524,22053
41526,18642
41527,18642
41528,18642
41531,18642
41534,18642
41535,18642
41537,18642
41538,18642
41539,18642
41540,22053
41542,18642
41543,18642
41544,18642
41547,18642
41548,18642
41549,22053
41553,22053
41554,18642
41555,18642
41557,18642
41558,18642
41559,22053
41560,18642
41561,18642
41562,18642
41563,18642
41564,18642
41566,22053
41567,22053
41568,18642
41572,18642
41601,1708
41602,22053
41603,1708
41604,18642
41606,18642
41607,1708
41612,18642
41615,1708
41616,1708
41621,1708
41622,1708
41630,22053
41631,18642
41632,1708
41635,18642
41636,18642
41640,1708
41642,1708
41643,1708
41645,1708
41647,18642
41649,1708
41650,22053
41653,11011
41655,1708
41660,18642
41666,22053
41667,22053
41669,18642
41714,9575
41721,9575
41731,18642
41735,4622
41749,9575
41762,9575
41763,18642
41772,1708
41777,22053
41804,18642
41810,18642
41812,18642
41815,22053
41819,18642
41821,18642
41824,18642
41825,18642
41826,18642
41828,18642
41831,1708
41832,18642
41833,4622
41835,18642
41836,18642
41837,4622
41838,18642
41839,1708
41840,18642
41843,18642
41844,18642
41845,18642
41847,18642
41848,18642
41849,18642
41855,22053
41858,4622
41862,18642
42001,14371
42002,14371
42003,9605
42020,18642
42021,18642
42022,10171
42023,9605
42024,9605
42025,14724
42027,9605
42028,9605
42029,9605
42031,10171
42032,10171
42035,9605
42036,18642
42038,9964
42039,9605
42040,18642
42041,18642
42044,14724
42045,9605
42047,18642
42048,20377
42049,18642
42050,7174
42051,9605
42053,9605
42054,18642
42055,9605
42056,9605
42058,9605
42060,9605
42061,9605
42063,18642
42064,9605
42066,9605
42069,9605
42070,20377
42071,20377
42076,18642
42078,9605
42079,20377
42081,9605
42082,9605
42083,9605
42085,18642
42086,9605
42087,9605
42088,18642
42101,2056
42102,2056
42103,2056
42104,20130
42120,19162
42122,18642
42123,6194
42124,18642
42127,10171
42128,18642
42129,6194
42130,6194
42131,18642
42133,18642
42134,6718
42135,18642
42140,18642
42141,6194
42142,7270
42151,19162
42152,18642
42153,18642
42154,6194
42156,6194
42157,18642
42159,19162
42160,6194
42163,18642
42164,20130
42166,18642
42167,6194
42170,18642
42171,10171
42201,18642
42202,14724
42204,14724
42206,20130
42207,20130
42210,18642
42211,14724
42214,6194
42215,10171
42216,14724
42217,10171
42219,18642
42220,14724
42221,14724
42223,4624
42232,14724
42234,14724
42236,14724
42240,14724
42241,18642
42252,18642
42254,14724
42256,14724
42259,10171
42261,14724
42262,14724
42265,14724
42266,18642
42273,20130
42274,18642
42275,18642
42276,14724
42280,14724
42285,18642
42286,14724
42288,18642
42301,9964
42303,9964
42320,9964
42321,10171
42323,10171
42324,10171
42325,9964
42326,10171
42327,9964
42328,9964
42330,9964
42332,18642
42333,20130
42337,10171
42338,9964
42339,14724
42343,10171
42344,10171
42345,18642
42347,20130
42348,9964
42349,18642
42350,9964
42352,18642
42354,10171
42361,12243
42366,9964
42367,10171
42368,9964
42369,9964
42370,20130
42371,18642
42372,9964
42374,10171
42376,9964
42378,18642
42404,9964
42406,9964
42408,18642
42409,9964
42411,9605
42413,9964
42420,8449
42431,9964
42436,9964
42437,9964
42440,18642
42441,9964
42442,10171
42445,9964
42450,18642
42452,9964
42453,10171
42455,9964
42456,9964
42459,9964
42461,9964
42462,9964
42464,18642
42501,18642
42503,9575
42516,17564
42518,10171
42519,10171
42528,17564
42533,10171
42539,9292
42541,9292
42553,10171
42565,17564
42566,10171
42567,9292
42602,17564
42629,17564
42633,17564
42634,4622
42635,10171
42638,10171
42642,10171
42647,10171
42649,17564
42653,10171
42701,10171
42712,10171
42713,6194
42715,19162
42716,18498
42717,6194
42718,18498
42720,18498
42721,10171
42722,18498
42724,13651
42726,6194
42728,18498
42729,6194
42731,18642
42732,10171
42733,9292
42740,10171
42741,17564
42742,6194
42743,6194
42746,6194
42748,9292
42749,18642
42754,10171
42755,10171
42757,10171
42759,18642
42762,10171
42764,13651
42765,10171
42776,10171
42782,6194
42784,6194
42788,10171
43001,10668
43003,12990
43004,4065
43006,10668
43009,4922
43011,10668
43013,12990
43014,8761
43015,12990
43016,4065
43017,19501
43019,10668
43022,10668
43023,10668
43025,14006
43026,13998
43028,10668
43029,4922
43031,14006
43036,13998
43037,10668
43040,13998
43044,4922
43045,4922
43046,18085
43050,10668
43054,4065
43055,14006
43056,10668
43060,4922
43061,13998
43062,10668
43064,4922
43065,19501
43066,14006
43067,4922
43068,4065
43071,10668
43072,13998
43076,14006
43078,4922
43080,10668
43081,4065
43082,4065
43084,4922
43085,4065
43105,14006
43107,14006
43110,4065
43115,18085
43119,4065
43123,4065
43125,4065
43130,14006
43137,4065
43138,14006
43140,13998
43143,4922
43145,4922
43146,4065
43147,14006
43148,14006
43149,14006
43150,14006
43153,4922
43155,14006
43157,14006
43160,4922
43164,4922
43207,4065
43217,4065
43229,4065
43231,4065
43302,13998
43311,4922
43314,13998
43315,12990
43316,8034
43318,4922
43319,4922
43320,13998
43321,12990
43323,13693
43325,13998
43326,14006
43332,13998
43334,12990
43337,14006
43338,12990
43340,13998
43341,13998
43342,12990
43343,4922
43344,12990
43345,4922
43351,14006
43356,12990
43357,4922
43358,19501
43359,14006
43360,4922
43402,2054
43406,8034
43407,8034
43410,3824
43413,18997
43420,13998
43431,8034
43449,13998
43450,8034
43451,8034
43452,18997
43457,8034
43462,8034
43464,18997
43466,8034
43469,8034
43501,18997
43502,18997
43511,8034
43512,14599
43515,18997
43516,8034
43521,18997
43524,8034
43526,14006
43527,8034
43529,8034
43533,12377
43534,8034
43535,8034
43536,14006
43548,18997
43556,14006
43557,12377
43560,18997
43567,12377
43569,8034
43570,12377
43701,7891
43713,7891
43716,14006
43718,14006
43719,18085
43720,7891
43724,7891
43725,7891
43727,7891
43730,18085
43731,7891
43734,7891
43739,7891
43740,7891
43746,7891
43747,14006
43749,7891
43754,14006
43756,7891
43760,18085
43762,7891
43764,14006
43766,14006
43767,14006
43771,7891
43773,7891
43777,7891
43778,7891
43779,18085
43780,7891
43782,14006
43783,14006
43788,14006
43793,14006
43802,7891
43804,8761
43812,8761
43821,14006
43822,7891
43824,8761
43830,14006
43832,14006
43837,7891
43843,8761
43844,10668
43845,14006
43901,14006
43906,14006
43907,18085
43912,14006
43915,14006
43917,14006
43920,14006
43933,14006
43935,18085
43942,14006
43943,18085
43945,14006
43947,14006
43950,14006
43973,14006
43976,14006
43977,14006
43983,14006
43986,14006
43988,14006
44001,11200
44003,3755
44011,13998
44012,3755
44021,3755
44023,3755
44028,13998
44032,3755
44035,3755
44039,13998
44044,11200
44047,3755
44050,13998
44054,3755
44056,3755
44062,3755
44067,3755
44074,11200
44076,3755
44077,3755
44082,3755
44085,3755
44090,11200
44093,3755
44105,3755
44106,3755
44107,3755
44108,3755
44109,3762
44110,3755
44111,3755
44112,3755
44116,3762
44117,3755
44119,3755
44120,3755
44121,3762
44122,3755
44125,3755
44126,3755
44128,3762
44129,3762
44130,3755
44131,3755
44133,3755
44134,3755
44135,3755
44136,13998
44137,3755
44138,3755
44139,3755
44141,13998
44142,3762
44144,3755
44146,3755
44147,3755
44149,3755
44202,13998
44214,8761
44217,14006
44221,4683
44223,4683
44224,4683
44231,3755
44233,3755
44234,3755
44253,11200
44254,11200
44256,11200
44262,13998
44264,3755
44270,13998
44273,11200
44275,11200
44276,8761
44278,4683
44280,13998
44281,19951
44286,3755
44287,8761
44310,4683
44427,13998
44432,13998
44437,13998
44440,13602
44446,13602
44450,3755
44484,13602
44601,13998
44606,8761
44608,13998
44611,8761
44612,13998
44615,13998
44618,13998
44621,14006
44622,5336
44624,14006
44627,8761
44628,8761
44629,7891
44633,8761
44637,8761
44638,8761
44641,14006
44645,13998
44646,13998
44651,13998
44654,8761
44657,13998
44662,14006
44663,5336
44667,13998
44669,13998
44676,8761
44677,8761
44680,13998
44681,14006
44683,14006
44685,13998
44689,8761
44691,14006
44695,14006
44699,7891
44706,13998
44708,13998
44710,13998
44718,13998
44720,13998
44721,13998
44802,13693
44804,8034
44805,11200
44807,14006
44811,13693
44813,10668
44817,18997
44818,13693
44820,13693
44822,10668
44827,13693
44830,8034
44833,12990
44836,13693
44837,11200
44840,8761
44841,8034
44842,8761
44844,13693
44849,13693
44851,11200
44853,13693
44854,13693
44855,13998
44864,13998
44865,13693
44866,8761
44867,13693
44875,13693
44878,13998
44880,11200
44882,13693
44883,14006
44887,14006
44889,11200
44890,13693
44903,12990
44904,12990
44907,13998
45003,2651
45005,3542
45011,2651
45013,7977
45014,3542
45015,3542
45030,2651
45036,10830
45042,2651
45053,2651
45054,3542
45056,2651
45064,4922
45066,3542
45067,2651
45068,3542
45103,3542
45106,3542
45107,3542
45113,4922
45118,3542
45123,18085
45133,4922
45135,4922
45142,18085
45146,4922
45148,3542
45152,3542
45154,3542
45159,4922
45171,3542
45176,3542
45251,2651
45252,3542
45302,4922
45303,4922
45306,4922
45311,2651
45312,13998
45314,13998
45317,4922
45318,4922
45324,4922
45326,4922
45327,2651
45331,14006
45333,4922
45334,4922
45340,15054
45341,4922
45342,3542
45344,4922
45348,4922
45356,15095
45362,4922
45363,4922
45365,4922
45368,4922
45369,13998
45371,4922
45373,13998
45377,4922
45380,4922
45383,15054
45385,13998
45387,4922
45388,4922
45390,15054
45414,4922
45424,4922
45458,3542
45502,4922
45601,2502
45613,14006
45619,2502
45620,2502
45623,2502
45628,4922
45629,2502
45638,2502
45640,2502
45645,2502
45648,14006
45651,2502
45653,2502
45656,2502
45657,14006
45659,2502
45661,14006
45669,2502
45678,2502
45680,14006
45682,2502
45686,2502
45690,14006
45694,2502
45696,2502
45697,18085
45715,7891
45741,14006
45760,14006
45764,2502
45769,2502
45775,14006
45801,12515
45805,12515
45806,14006
45807,14599
45810,8034
45813,14006
45814,14006
45817,8034
45819,12515
45821,14006
45822,3216
45827,14006
45828,4922
45830,12515
45831,18997
45832,14599
45833,12515
45835,8034
45836,8034
45840,8034
45841,8034
45843,8034
45844,12515
45845,4922
45846,4922
45849,14006
45850,4922
45851,14006
45856,8034
45858,8034
45860,4922
45862,4922
45863,12515
45865,12515
45867,8034
45868,8034
45869,4922
45871,12515
45872,14006
45873,14006
45874,4922
45875,14006
45877,8034
45879,14006
45880,14006
45881,14006
45882,12515
45883,4922
45885,4922
45886,14599
45887,12515
45889,8034
45890,8034
45891,12515
45894,12515
45895,4922
45896,4922
45897,8034
45898,12515
46011,636
46012,636
46013,636
46016,636
46017,636
46031,9324
46032,9273
46033,15470
46035,24753
46036,9324
46037,9273
46038,9273
46040,15470
46041,6707
46044,9324
46048,8000
46050,15470
46051,9324
46052,8447
46055,15470
46056,9324
46058,15470
46060,9273
46064,8000
46065,15470
46069,24753
46071,24753
46074,9273
46075,9273
46076,15470
46077,24753
46104,15470
46106,15470
46110,9778
46112,8447
46113,8447
46115,8000
46117,8000
46118,8447
46120,8447
46121,8447
46122,8447
46123,8447
46124,15470
46126,15470
46128,8447
46130,8000
46131,9778
46133,15470
46135,8447
46140,17038
46142,15470
46143,9273
46146,15470
46147,8447
46148,15470
46149,8447
46150,15470
46151,15470
46155,17038
46156,4960
46157,8447
46158,12929
46160,15470
46161,8000
46162,9778
46163,15470
46164,9778
46165,8447
46166,12929
46167,8447
46168,8447
46171,12929
46172,8447
46173,4960
46176,15470
46180,8447
46181,9778
46182,15470
46184,15470
46186,15470
46217,9273
46221,9273
46229,8000
46231,15470
46234,15470
46235,8000
46236,8000
46239,8000
46241,9273
46259,9778
46278,9273
46302,13756
46307,9999
46310,9665
46340,9999
46341,9999
46346,9999
46347,9665
46348,9999
46350,13756
46360,9324
46365,9324
46366,9999
46371,9324
46374,9665
46382,9999
46383,9999
46385,9999
46390,9999
46392,9665
46504,10448
46506,10448
46507,12377
46508,10448
46510,10448
46511,9999
46514,12377
46516,9324
46517,9324
46524,10448
46526,13756
46528,13756
46530,9324
46531,9999
46532,9999
46534,13756
46536,13756
46538,10448
46539,10448
46540,12377
46542,10448
46543,13647
46544,12674
46545,9324
46550,10448
46554,13756
46555,10448
46561,9324
46562,13647
46563,9324
46565,9324
46567,10448
46570,13756
46571,13756
46573,9324
46574,9999
46580,10448
46582,10448
46590,13756
46613,9324
46614,9324
46615,12674
46635,9324
46701,13647
46705,9324
46706,9324
46710,13647
46714,1896
46723,13647
46725,13647
46730,13647
46732,13647
46733,9324
46738,13756
46742,9324
46743,9324
46746,9324
46747,13756
46748,20603
46750,15470
46755,13647
46763,13647
46764,13647
46767,13647
46773,9324
46779,13756
46784,13647
46787,10448
46793,13756
46794,13756
46795,13647
46797,9324
46814,9324
46818,9324
46825,9324
46845,9324
46910,10448
46911,15470
46914,14839
46919,9324
46920,18940
46923,18940
46928,9324
46933,15470
46936,9324
46939,13756
46940,9324
46947,11142
46951,10448
46952,9324
46953,9324
46960,9999
46962,15470
46970,14839
46974,10448
46975,10448
46978,13756
46982,10448
46985,27599
46986,9324
46996,27599
47001,15470
47003,15470
47006,20216
47010,15470
47012,15470
47016,15470
47018,15470
47022,15470
47023,15470
47024,4960
47025,17599
47030,17038
47031,4960
47032,15470
47036,17038
47037,15470
47041,4960
47042,15470
47043,17599
47060,15470
47102,9576
47106,22822
47108,9576
47111,15470
47112,8179
47114,15470
47115,15470
47116,5394
47118,5394
47119,22822
47120,15470
47122,8179
47124,8179
47125,8179
47126,9576
47130,15470
47136,8179
47137,8179
47138,9576
47140,9576
47141,15470
47143,15470
47145,8179
47147,9576
47150,22822
47161,8179
47164,8179
47165,9576
47166,15470
47167,9576
47170,9576
47172,15470
47201,1283
47203,15470
47220,9576
47223,4960
47224,15470
47227,17599
47229,9576
47230,9576
47231,9576
47232,9576
47234,4960
47235,1283
47236,15470
47240,17599
47243,9576
47244,1283
47246,15470
47250,9576
47260,9576
47264,9576
47265,4960
47270,9576
47272,4960
47273,1283
47274,1283
47281,9576
47283,4960
47320,9324
47324,20216
47327,15470
47331,15470
47339,15470
47340,9324
47341,15470
47346,15470
47352,15470
47353,15470
47354,9324
47356,9324
47357,15470
47358,15470
47360,9324
47362,15470
47368,9324
47374,15470
47380,9324
47386,9324
47387,15470
47392,15470
47393,15470
47401,12929
47403,15470
47404,12929
47408,12929
47421,4848
47424,15470
47427,19667
47429,12929
47431,12929
47432,4848
47433,12929
47436,9576
47438,15470
47441,15470
47443,4848
47446,4848
47448,9576
47449,15470
47451,4848
47452,9576
47454,5394
47456,8447
47460,12929
47462,4848
47464,12929
47465,15470
47469,15470
47470,19667
47471,15470
47501,4848
47512,25295
47513,19445
47515,5394
47516,15470
47519,4848
47522,4848
47523,5394
47524,15470
47527,4848
47528,4848
47529,4848
47532,19445
47541,5394
47542,5394
47546,25295
47550,17633
47553,19667
47557,15470
47558,4848
47561,15470
47562,4848
47564,4848
47567,4848
47568,4848
47576,19445
47577,5394
47578,4848
47579,19445
47581,4848
47585,15470
47590,5394
47591,15470
47597,4848
47598,15470
47601,17633
47611,17633
47612,15470
47613,15470
47615,19445
47616,15470
47619,15470
47631,15470
47633,15470
47634,17633
47635,17633
47637,15470
47638,17633
47640,15470
47648,15470
47649,15470
47660,25295
47665,25295
47666,15470
47670,15470
47802,15470
47833,12929
47834,19667
47838,15470
47840,12929
47841,15470
47846,19667
47848,15470
47850,15470
47858,15470
47861,15470
47866,25295
47868,12929
47879,15470
47882,15470
47885,15470
47905,15470
47906,15470
47909,15470
47918,18940
47920,15470
47922,9665
47923,27599
47926,13756
47929,13756
47930,15470
47932,18940
47933,24753
47940,15470
47943,13756
47946,9665
47948,9665
47949,15470
47950,13756
47952,15470
47954,4508
47957,9665
47959,27599
47960,13756
47968,8447
47970,18940
47974,15470
47977,9665
47978,9665
47980,13756
47987,15470
47990,15470
47992,15470
47993,15470
47994,15470
47995,9665
48115,4254
48118,4254
48133,4254
48137,4254
48140,4254
48144,4254
48145,4254
48146,21048
48158,12377
48161,4254
48169,4254
48182,5109
48192,21048
48193,5109
48195,5109
48415,4254
48418,5109
48420,5109
48421,4254
48423,4254
48430,5109
48438,4254
48439,4254
48442,4254
48462,4254
48463,5109
48464,4254
48614,4254
48617,4254
48619,4254
48621,4254
48622,4254
48625,4254
48632,4254
48636,4254
48647,4254
48653,4254
48654,4254
48655,4254
48661,38084
48662,19396
48705,4254
48706,1366
48708,1366
48721,4254
48728,392
48732,1366
48733,4254
48734,5109
48737,4254
48740,4254
48742,4254
48746,4254
48757,4254
48758,4254
48761,4254
48762,15340
48768,4254
48801,19396
48806,4254
48807,4254
48809,4254
48811,4254
48812,4254
48813,19396
48815,4254
48818,4254
48819,19396
48820,19396
48821,4254
48822,4254
48823,4254
48827,19396
48829,4254
48830,4254
48831,4254
48832,4254
48833,4254
48834,19396
48835,4254
48836,4254
48837,4254
48838,38084
48840,5109
48842,4254
48843,4254
48845,4254
48846,19396
48847,4254
48849,4254
48850,4254
48851,4254
48852,4254
48853,4254
48854,4254
48855,4254
48856,4254
48858,4254
48860,4254
48861,4254
48864,4254
48866,4254
48871,4254
48872,4254
48873,4254
48874,4254
48875,4254
48876,19396
48877,4254
48878,4254
48879,4254
48880,4254
48881,4254
48883,4254
48884,4254
48886,4254
48888,4254
48889,19396
48890,4254
48891,4254
48892,4254
48893,19396
48894,19396
48895,4254
48896,4254
48897,4254
48906,4254
48910,4254
48911,4254
48912,4254
48917,4254
49001,4254
49002,4254
49004,4254
49006,4254
49008,4254
49009,4254
49010,4254
49011,12377
49012,4254
49013,4254
49014,4254
49017,38084
49019,4254
49021,4254
49022,12377
49024,9324
49026,4254
49031,12377
49032,12377
49035,4254
49036,3915
49038,12377
49039,9324
49040,4254
49042,4254
49043,12377
49045,12377
49046,4254
49047,4254
49048,4254
49050,4254
49051,4254
49052,4254
49055,4254
49056,12377
49057,12377
49058,4254
49060,4254
49061,9324
49062,9324
49064,9324
49065,4254
49066,4254
49067,12377
49070,4254
49071,4254
49072,4254
49073,38084
49076,4254
49077,4254
49078,4254
49079,12377
49080,38084
49081,4254
49083,4254
49087,12377
49088,4254
49089,4254
49090,4254
49091,12377
49093,4254
49095,9324
49096,4254
49097,4254
49098,9324
49099,4254
49111,9324
49112,9324
49120,12377
49130,9324
49201,4254
49220,12377
49221,4254
49228,4254
49229,5109
49230,12377
49233,4254
49235,4254
49236,12377
49238,4254
49240,4254
49247,4254
49248,4254
49249,4254
49251,4254
49253,12377
49256,4254
49259,4254
49264,4254
49265,12377
49267,4254
49268,4254
49269,19396
49270,12377
49272,4254
49276,4254
49277,19396
49279,4254
49284,4254
49285,4254
49286,5109
49287,4254
49288,4254
49289,4254
49302,4254
49303,4254
49304,38084
49305,4254
49307,4254
49309,38084
49310,19396
49311,4254
49312,4254
49314,4254
49315,4254
49316,4254
49318,4254
49319,4254
49320,4254
49322,38084
49323,38084
49325,4254
49326,4254
49327,38084
49328,4254
49329,4254
49330,4254
49332,4254
49333,38084
49335,38084
49336,4254
49337,4254
49338,4254
49339,4254
49340,4254
49341,4254
49342,4254
49343,4254
49344,4254
49345,4254
49346,4254
49347,4254
49348,38084
49349,38084
49401,4254
49402,4254
49403,4254
49404,4254
49405,4254
49408,4254
49410,38084
49411,4254
49412,4254
49415,4254
49417,4254
49418,4254
49419,4254
49420,4254
49421,4254
49423,38084
49424,4254
49425,4254
49426,4254
49427,4254
49428,4254
49429,38084
49430,38084
49431,4254
49435,4254
49436,4254
49437,4254
49442,38084
49444,4254
49446,4254
49448,4254
49449,4254
49450,4254
49451,4254
49452,4254
49454,4254
49455,4254
49456,38084
49457,4254
49458,4254
49459,4254
49460,4254
49461,4254
49463,4254
49464,4254
49534,4254
49601,4254
49610,3436
49611,4254
49612,3436
49614,4254
49615,4254
49616,3436
49617,3436
49618,4254
49619,4254
49620,3436
49621,3436
49622,4254
49623,4254
49625,3436
49626,4254
49627,38084
49629,4254
49630,3436
49631,4254
49632,38084
49633,38084
49634,4254
49635,3436
49636,3436
49637,4254
49638,38084
49639,4254
49640,3436
49642,4254
49643,4254
49644,4254
49645,3436
49646,3436
49648,4254
49649,38084
49650,4254
49651,4254
49653,3436
49654,3436
49655,4254
49656,4254
49657,38084
49659,4254
49660,3436
49663,3436
49664,3436
49665,4254
49666,3436
49668,3436
49670,3436
49674,4254
49675,3436
49676,3436
49677,4254
49679,4254
49680,3436
49682,3436
49683,3436
49684,3436
49685,4254
49686,19125
49688,4254
49689,3436
49690,3436
49696,3436
49701,4254
49705,4254
49706,4254
49707,4254
49709,4254
49712,4254
49713,4254
49716,4254
49717,4254
49718,4254
49720,38084
49721,38084
49722,4254
49727,4254
49729,38084
49730,4254
49733,4254
49734,4254
49735,4254
49738,15340
49739,4254
49740,4254
49743,38084
49744,15340
49746,392
49747,392
49749,38084
49751,4254
49753,392
49755,4254
49756,4254
49759,4254
49761,15340
49764,38084
49765,4254
49766,392
49769,15340
49770,4254
49776,392
49777,15340
49779,4254
49791,15340
49795,4254
49796,4254
49797,4254
49799,15340
49806,305
49807,305
49808,305
49812,305
49814,19578
49816,19578
49817,305
49818,305
49821,19578
49822,305
49829,305
49835,19578
49836,3828
49837,305
49839,305
49841,305
49845,19578
49849,305
49853,305
49854,19578
49855,19578
49862,305
49864,305
49866,305
49868,305
49878,19578
49880,305
49883,305
49884,305
49885,19578
49891,305
49892,305
49895,305
49908,1196
49910,13780
49912,13780
49925,13780
49946,10508
49947,13780
49953,13780
49962,305
49968,13780
50005,9417
50006,9417
50007,11788
50010,11788
50014,554
50021,12341
50022,9417
50023,11788
50026,9417
50027,9417
50028,9417
50029,9417
50034,9417
50035,11788
50036,12450
50039,9417
50046,9417
50049,9417
50050,9417
50051,9417
50054,9417
50055,9417
50056,9417
50057,9417
50058,9417
50059,9417
50064,9417
50066,9417
50070,9417
50071,15291
50072,9417
50073,11788
50075,9417
50078,9417
50101,9417
50104,9417
50105,9417
50106,11788
50107,9417
50112,9417
50120,9417
50122,9417
50124,9417
50126,9417
50128,9417
50129,9417
50130,9417
50132,9417
50134,554
50135,9417
50139,9417
50141,9417
50146,9417
50148,9417
50150,9417
50151,9417
50152,9417
50153,12341
50154,9417
50156,9417
50157,9417
50158,9417
50161,9417
50162,9417
50167,9417
50168,11788
50170,9417
50171,9417
50201,12450
50206,12450
50208,9417
50212,9417
50217,9417
50220,9417
50223,12450
50226,9417
50227,9417
50230,9417
50231,12450
50232,9417
50233,9417
50234,9417
50235,9417
50236,9417
50239,9417
50240,9417
50242,12341
50243,9417
50244,9417
50246,9417
50247,11788
50248,12450
50249,9417
50251,9417
50257,9417
50258,9417
50259,9417
50268,9417
50271,9417
50276,9417
50278,9417
50420,9417
50421,9417
50423,9417
50424,8319
50428,9417
50430,9417
50432,9417
50433,2652
50434,9417
50435,8319
50436,8319
50438,9417
50439,9417
50440,9417
50441,12341
50444,8319
50446,8319
50447,9417
50448,8319
50449,15291
50450,6782
50451,8319
50452,12341
50453,8319
50455,6782
50456,8319
50457,9417
50458,8319
50459,8319
50460,8319
50461,8319
50464,8319
50466,9417
50468,2652
50469,9417
50470,9417
50471,2652
50472,6782
50473,6782
50475,9417
50476,9417
50478,8319
50479,9417
50480,8319
50482,9417
50483,9417
50484,8319
50501,12341
50510,9417
50511,9417
50514,6258
50515,9425
50516,12341
50517,9417
50519,9417
50525,9417
50527,9417
50528,9417
50530,9417
50531,9417
50532,15291
50533,12341
50536,9425
50538,12341
50539,9425
50540,12341
50541,9425
50542,12341
50543,9417
50544,12450
50546,9425
50554,9417
50556,9417
50557,12450
50559,9417
50560,9417
50562,9417
50563,12341
50565,9417
50568,9425
50569,12341
50570,9417
50571,9425
50574,9425
50575,9425
50576,9417
50577,15291
50578,9417
50581,9417
50583,9425
50585,9417
50588,12341
50590,6258
50591,12341
50593,9425
50594,12341
50595,12450
50597,9417
50598,9417
50601,12341
50602,2652
50603,8319
50604,2652
50605,2652
50606,9417
50607,5588
50608,2652
50611,2652
50612,5588
50613,12341
50616,2652
50619,2652
50620,8319
50621,12450
50622,9417
50624,3203
50625,2652
50626,5588
50627,12450
50628,9417
50629,2652
50630,2652
50632,11788
50635,9417
50636,2652
50641,5588
50642,9417
50643,9417
50644,5588
50645,2652
50647,3203
50648,12341
50649,2652
50650,5588
50651,5588
50653,2652
50654,5588
50655,5588
50658,2652
50659,2652
50660,3203
50662,5588
50664,2652
50665,2652
50666,12341
50668,2652
50669,9417
50670,2652
50671,5588
50672,9417
50674,2652
50675,9417
50676,2652
50677,12341
50680,12450
50681,5588
50682,5588
50701,3203
50703,3203
50833,9417
50864,9417
51001,12341
51002,9417
51003,12341
51005,9417
51006,12341
51011,12341
51012,9425
51014,9425
51016,12341
51018,12341
51019,17260
51020,17260
51022,9425
51023,12341
51024,12341
51025,17260
51027,12341
51028,9425
51029,9425
51030,12341
51031,17260
51033,9417
51034,12341
51035,9425
51036,17260
51037,9425
51038,12341
51039,12341
51041,12341
51046,9425
51047,9417
51048,9425
51049,12341
51050,17260
51053,9425
51058,9417
51061,9425
51108,12341
51109,12341
51201,17260
51231,17260
51232,9417
51234,12341
51235,12341
51237,12341
51238,17260
51239,12341
51240,12341
51244,17260
51245,12341
51246,9417
51247,12341
51248,9417
51250,17260
51301,9425
51331,9417
51333,9417
51334,6258
51338,9417
51340,9425
51343,9417
51345,6258
51346,9425
51347,6258
51350,9417
51351,9417
51357,9425
51358,12341
51360,6258
51363,9417
51364,9417
51365,9425
51366,9425
51431,12341
51439,17260
51443,9417
51445,12341
51448,12341
51453,12341
51458,12341
51461,12341
51462,12450
51532,12341
51535,9417
52001,9417
52002,9417
52003,9417
52030,9417
52031,12642
52032,9417
52033,9417
52035,9417
52037,12642
52038,12642
52039,9417
52040,9417
52041,9417
52042,9417
52045,12642
52046,9417
52048,9417
52050,9417
52052,9417
52053,9417
52054,9417
52057,9417
52060,11611
52064,9417
52065,9417
52068,9417
52069,5605
52070,5605
52073,9417
52074,12642
52075,9417
52076,5588
52077,5588
52078,9417
52079,9417
52101,19157
52134,6782
52136,9417
52142,9417
52154,2652
52155,9417
52160,9417
52169,5588
52171,2652
52201,5605
52202,11053
52203,11053
52205,9417
52206,5588
52207,5605
52208,5588
52209,5588
52210,5588
52211,9417
52212,9417
52213,5588
52214,9417
52216,12642
52217,5588
52218,5588
52219,9417
52221,12341
52222,12341
52223,9417
52224,5588
52225,5588
52227,9417
52228,5588
52229,5588
52233,9417
52236,11053
52237,12642
52240,5605
52241,11053
52245,11053
52246,5605
52247,5605
52249,5588
52253,5605
52254,5605
52255,5605
52257,5588
52301,471
52302,9417
52305,9417
52306,5605
52309,12642
52310,9417
52313,5588
52314,9417
52315,5588
52317,9417
52318,5588
52320,5605
52321,9417
52322,5605
52323,5605
52324,11053
52325,9417
52327,5605
52328,9417
52329,5588
52330,9417
52332,5588
52333,9417
52334,471
52336,11053
52337,9417
52338,9417
52340,9417
52341,9417
52345,5588
52346,5588
52349,5588
52351,9417
52352,9417
52353,5605
52354,5588
52356,12341
52358,9417
52361,9417
52362,9417
52402,9417
52403,9417
52404,9417
52405,9417
52411,9417
52501,9417
52530,16611
52531,9417
52533,9417
52535,9417
52540,9417
52543,12341
52550,9417
52551,9417
52553,9417
52554,16611
52556,9417
52560,9417
52561,9417
52563,16611
52565,9417
52566,9417
52567,9417
52576,9417
52577,9417
52580,9417
52585,16611
52586,9417
52588,9417
52601,16611
52619,9417
52620,9417
52621,5605
52623,16611
52625,9417
52627,9417
52630,9417
52635,16611
52637,5605
52638,5605
52640,5605
52641,9417
52644,5605
52645,5605
52646,5605
52649,16611
52650,5605
52651,9417
52653,5605
52654,9417
52655,9417
52656,16611
52658,9417
52659,5605
52660,5605
52701,5605
52720,9417
52721,5605
52726,5605
52727,5605
52728,5605
52729,5605
52730,5605
52731,5605
52732,9417
52734,5605
52737,5605
52738,5605
52739,5605
52742,5605
52745,5605
52746,5605
52747,5605
52748,5605
52749,5605
52750,9417
52751,5605
52753,5605
52754,5605
52755,9417
52756,9417
52757,5605
52759,5605
52760,5605
52761,9417
52765,5605
52766,5605
52768,5605
52769,9417
52771,9417
52772,5605
52773,5605
52774,5605
52776,9417
52777,5605
52778,5605
52804,5605
52806,9417
53001,20847
53006,20847
53010,20847
53011,20847
53012,3208
53014,20856
53015,20847
53019,20847
53020,20847
53023,20847
53024,3208
53027,20847
53032,20847
53034,9124
53035,9124
53039,9124
53042,13448
53044,20856
53048,20847
53049,20847
53050,20847
53057,20856
53059,9124
53061,13448
53066,13963
53070,20847
53073,20856
53078,8212
53079,13448
53083,20847
53085,20847
53086,17324
53091,20847
53097,3208
53098,9124
53105,20856
53114,16196
53115,16196
53121,16196
53128,20847
53147,20847
53181,20856
53190,16196
53501,16196
53502,16196
53504,16740
53505,16196
53510,16740
53511,16196
53512,16196
53515,11479
53516,16740
53518,16740
53520,2273
53521,20856
53522,16740
53523,16196
53525,16196
53527,11479
53528,20856
53529,20856
53530,16740
53531,20847
53532,11479
53534,16196
53536,6043
53537,16196
53538,16196
53541,20856
53542,16196
53543,16740
53545,16196
53546,20847
53547,20856
53548,16196
53549,9690
53550,16196
53551,20856
53554,16740
53555,11125
53558,11479
53559,20182
53562,11479
53563,16196
53565,16740
53566,16196
53569,16740
53570,16196
53572,11479
53573,13145
53574,13438
53575,11479
53576,16196
53578,20856
53581,15978
53583,11479
53585,16196
53586,16740
53587,16740
53589,16196
53590,18312
53593,11479
53594,108
53596,18312
53597,11479
53704,11479
53711,11479
53717,11479
53718,11479
53719,11479
53801,16740
53803,16740
53804,16740
53805,1997
53806,16740
53807,20856
53809,16740
53810,16740
53811,16740
53813,16740
53816,16740
53818,16740
53820,16740
53821,16740
53825,16740
53826,16740
53827,20856
53901,108
53910,108
53913,108
53916,108
53920,108
53923,108
53924,13936
53925,108
53926,108
53929,13936
53930,108
53932,108
53933,108
53934,108
53936,108
53941,13936
53944,108
53946,20856
53948,13936
53949,108
53950,13936
53952,108
53954,108
53955,108
53956,108
53959,20856
53960,108
53963,20213
53964,20856
53965,108
53968,13936
54001,13780
54004,13780
54005,1251
54007,13780
54009,13780
54017,13481
54020,5574
54022,13780
54024,5574
54025,15344
54026,15344
54110,20847
54115,20847
54121,20860
54124,20847
54126,20847
54129,20847
54130,20847
54135,20847
54136,10056
54137,20847
54140,10056
54149,20847
54150,20856
54151,20847
54154,13965
54155,20847
54156,20847
54162,20847
54165,20847
54166,17011
54170,20856
54174,20847
54175,20856
54177,20847
54201,307
54220,11571
54235,18249
54241,11571
54406,20856
54407,20856
54408,20856
54409,20860
54410,11740
54411,13780
54412,11740
54414,20856
54416,20856
54418,20856
54420,11740
54423,20856
54426,20860
54427,20856
54436,13780
54440,20856
54443,20856
54449,20860
54452,13780
54454,20856
54455,20860
54456,13936
54457,108
54459,13780
54464,20860
54466,13936
54467,4247
54469,20862
54470,13780
54471,20856
54473,20856
54475,20862
54479,13780
54481,4247
54482,20856
54484,11740
54487,13780
54488,13780
54489,20856
54491,20856
54494,108
54495,20862
54499,20856
54511,20847
54512,13780
54513,13780
54514,13780
54519,20847
54521,5551
54526,13780
54527,13697
54530,13697
54537,13780
54538,13780
54540,13780
54542,20847
54545,20860
54547,13780
54548,13780
54552,13697
54554,20860
54555,13697
54557,13780
54561,20847
54564,20860
54566,20856
54610,13780
54612,13780
54613,108
54615,1776
54616,16060
54618,20856
54619,13780
54622,13780
54624,13780
54625,16060
54626,16740
54627,13780
54628,13780
54629,13780
54630,13780
54631,13780
54636,13780
54638,13936
54642,13780
54646,108
54648,20856
54650,13780
54655,16740
54656,13780
54657,16740
54659,13780
54660,13936
54661,13780
54666,13936
54667,13780
54670,13936
54703,5417
54721,13780
54724,1251
54725,5417
54728,1251
54729,5417
54730,5417
54733,1251
54736,5417
54737,5417
54738,13780
54739,13780
54747,13780
54751,5417
54755,5417
54756,13780
54757,1251
54758,13780
54759,13780
54762,1251
54763,1251
54770,13780
54772,5417
54773,16060
54801,1251
54805,1251
54810,13780
54812,1251
54813,1251
54817,13780
54819,1251
54820,4715
54821,4715
54822,1251
54824,13815
54826,15344
54828,13697
54829,1251
54830,5574
54832,4715
54837,13780
54838,1251
54840,5574
54841,1251
54843,1251
54845,15344
54847,4715
54848,13697
54853,13815
54856,4715
54858,13815
54859,1251
54868,1251
54870,1251
54871,1251
54872,13815
54873,13780
54874,4715
54875,1251
54876,1251
54880,4715
54888,1251
54889,1251
54893,1251
54895,1251
54896,13697
54902,20856
54904,20860
54909,108
54911,10056
54913,10056
54915,10056
54921,108
54922,20847
54923,108
54929,20847
54930,108
54932,20856
54937,20847
54940,20847
54941,108
54943,20856
54945,20847
54947,20847
54949,20847
54950,20856
54952,12298
54956,12298
54960,108
54961,13467
54962,20847
54963,20856
54964,20856
54965,108
54966,20856
54968,108
54970,108
54971,20856
54977,20856
54979,20856
54981,108
54982,108
54983,20847
54984,108
54986,20847
55005,689
55008,689
55009,13781
55012,13781
55013,689
55014,689
55018,13781
55019,13781
55020,12651
55021,12651
55024,13781
55025,13781
55031,13781
55032,5574
55033,13781
55037,13815
55038,689
55040,689
55041,13781
55044,13781
55046,12651
55047,689
55049,13781
55052,18047
55053,18047
55054,12651
55056,5574
55057,13781
55060,13781
55063,5574
55065,13781
55068,13781
55072,5574
55073,689
55074,5574
55079,689
55084,13815
55085,13781
55087,13781
55088,12651
55089,13781
55092,689
55124,13781
55301,13781
55302,13781
55303,689
55304,691
55308,689
55309,689
55313,13781
55314,13781
55315,12651
55316,689
55318,12651
55319,689
55320,689
55321,13781
55322,13781
55324,12227
55325,20996
55327,20996
55328,13781
55329,12227
55330,689
55331,13781
55334,1884
55338,12651
55339,20996
55342,12227
55347,13781
55349,13781
55350,9130
55352,12651
55353,12227
55355,13781
55356,13781
55358,13781
55359,13781
55360,20996
55362,13781
55363,13781
55364,13781
55367,13781
55368,13781
55369,13781
55371,689
55372,12651
55373,20996
55374,13781
55376,13781
55379,12651
55381,12227
55382,12227
55385,12227
55386,13781
55387,20996
55388,13781
55389,12227
55390,13781
55391,20996
55395,13781
55397,13781
55433,20996
55434,13781
55448,689
55449,689
55602,10697
55702,10697
55704,5574
55705,10697
55707,12647
55709,12647
55711,10697
55712,5574
55717,12647
55718,12647
55720,10697
55721,10697
55724,12647
55731,10697
55733,10697
55734,10697
55735,5574
55736,10697
55738,10697
55744,10697
55746,10697
55749,10697
55750,10697
55751,10697
55756,12647
55760,10697
55763,10697
55765,10697
55767,10697
55769,10697
55771,10697
55775,10697
55779,10697
55783,10697
55785,4577
55795,10697
55797,5574
55803,10697
55804,10697
55806,10697
55807,10697
55810,12647
55811,10697
55901,14468
55902,14468
55904,14468
55906,13781
55909,6782
55910,13781
55912,6782
55917,14468
55918,6782
55920,13781
55923,14468
55924,13781
55925,13781
55926,6782
55927,18047
55929,14468
55932,13781
55935,14468
55936,19157
55940,6782
55941,13781
55943,13781
55944,14468
55945,13781
55946,13781
55947,13781
55951,6782
55952,13781
55953,6782
55955,13781
55956,13781
55957,13781
55959,14468
55960,14468
55961,6782
55963,13781
55964,13781
55967,19157
55969,13781
55971,13781
55972,14468
55973,13781
55976,14468
55977,6782
55979,13781
55981,13781
55982,6782
55985,13781
55987,14468
55990,14468
55991,13781
56001,1884
56003,1884
56007,6782
56009,1884
56010,1884
56011,12651
56013,6258
56014,1884
56016,6782
56017,12651
56021,1884
56023,1884
56024,12651
56025,1884
56026,18047
56027,8319
56028,12651
56029,1884
56031,6258
56033,1884
56034,1884
56036,6782
56037,1884
56039,1884
56041,1884
56042,13781
56044,12651
56045,6782
56048,1884
56050,1884
56051,1884
56052,12651
56054,1884
56055,10596
56057,12651
56058,1884
56060,17550
56062,17550
56063,12651
56065,1884
56068,1884
56069,12651
56071,12651
56072,6782
56073,1884
56074,1884
56078,1884
56082,1884
56083,13781
56087,13781
56088,6258
56090,1884
56091,13781
56093,13781
56096,12651
56097,1884
56098,1884
56101,6258
56111,6258
56115,17267
56118,6258
56123,17550
56128,13781
56131,6258
56134,13781
56137,6258
56139,13781
56143,6258
56144,13781
56147,13781
56149,14232
56159,6258
56164,13781
56170,17267
56171,17550
56175,13781
56176,17550
56178,17267
56180,13781
56181,6258
56186,13781
56187,6258
56201,13781
56207,155
56208,155
56209,13781
56212,14232
56214,13781
56215,155
56218,13781
56220,14232
56221,155
56222,13781
56223,13781
56226,155
56227,155
56228,12227
56229,13781
56231,155
56232,14232
56235,16368
56237,40304
56239,14232
56241,13781
56243,12227
56244,13781
56245,13781
56248,155
56249,155
56252,155
56253,12227
56256,155
56257,14232
56258,14232
56260,13781
56262,155
56263,14232
56264,14232
56265,155
56267,155
56271,40304
56274,14232
56276,155
56278,155
56280,14232
56282,13781
56285,13781
56289,16368
56291,14232
56292,13781
56295,13781
56297,13781
56301,689
56303,13781
56304,13781
56307,18019
56308,295
56309,10618
56310,12647
56311,14232
56312,16368
56314,5574
56315,10618
56316,16368
56318,12647
56319,14232
56320,13781
56323,13781
56324,10618
56326,10618
56327,13781
56329,13781
56331,12647
56332,14232
56334,13781
56336,12647
56338,4577
56339,16368
56340,12647
56342,5574
56343,14232
56345,18019
56347,18019
56349,14232
56350,5574
56352,18019
56353,12546
56354,10618
56355,14232
56356,13781
56358,5574
56359,5574
56360,12647
56361,10618
56362,12227
56364,4577
56367,4577
56368,12227
56371,13781
56373,4577
56374,18019
56377,5574
56378,12647
56379,5574
56381,13781
56382,4577
56384,12647
56385,13781
56386,5574
56389,12647
56401,4577
56425,4577
56431,10697
56433,9475
56435,4577
56437,10618
56438,12647
56440,12647
56441,12546
56443,4577
56444,4577
56446,12647
56447,4577
56449,4577
56450,4577
56452,9475
56453,10618
56455,4577
56458,1529
56461,12647
56464,9475
56465,4577
56466,4577
56467,9475
56468,12647
56469,4577
56470,1529
56472,4577
56473,4577
56474,4577
56475,4577
56477,10618
56481,4577
56482,12647
56484,9475
56501,20639
56510,20639
56511,10618
56514,10618
56515,10618
56517,14232
56519,13781
56520,10618
56521,14232
56522,14232
56524,10618
56527,10618
56528,10618
56529,12894
56531,14232
56533,14232
56534,10618
56535,14232
56537,10618
56540,14232
56542,14232
56543,10618
56544,9475
56545,13781
56547,13781
56549,10618
56551,10618
56553,10618
56554,10618
56556,14232
56557,14232
56560,10618
56565,10618
56567,10618
56569,14232
56571,14232
56572,14232
56573,10618
56575,9475
56576,10618
56578,9475
56579,10618
56580,10618
56583,10618
56584,13781
56585,13781
56586,10618
56587,10618
56588,10618
56589,14232
56590,14232
56592,14232
56594,10618
56601,14232
56621,1529
56626,1529
56630,10697
56633,9475
56636,10697
56644,1529
56655,4577
56661,1529
56662,10697
56663,1529
56667,1529
56672,10697
56676,14232
56681,1529
56716,14232
56727,1529
56736,14232
57001,12341
57002,14232
57003,13781
57004,12341
57005,17267
57006,2285
57012,13781
57013,19293
57014,19293
57015,13781
57017,14232
57018,17267
57020,17267
57021,13781
57022,13781
57024,14232
57026,14232
57027,12341
57028,14232
57030,13781
57032,13781
57033,17267
57034,12341
57035,17267
57036,19293
57039,13781
57042,19293
57043,19293
57047,13781
57048,17267
57050,17267
57051,17267
57053,13781
57054,3236
57055,13781
57057,14232
57058,3236
57064,13781
57065,14232
57068,17267
57071,14232
57075,14232
57076,13781
57077,13781
57103,13781
57104,13781
57106,17267
57107,17267
57108,13781
57110,13781
57201,14232
57212,14232
57213,14232
57220,14232
57231,3236
57234,17267
57268,17267
57276,14232
57311,13781
57312,4720
57314,3236
57319,3236
57321,13781
57322,4720
57323,3236
57324,3236
57331,3236
57332,3236
57334,3236
57337,3236
57339,4720
57340,13781
57341,3236
57348,4720
57349,13781
57350,3236
57353,3236
57362,3236
57365,16286
57366,19293
57369,3236
57370,3236
57371,3236
57374,3236
57381,3236
57382,3236
57385,3236
57401,12199
57430,14232
57441,13750
57442,4720
57451,12199
57456,13750
57469,4720
57470,13750
57473,4720
57475,4720
57476,4720
57481,12199
57533,3236
57548,3236
57569,16286
57701,1769
57702,1769
57703,19545
57706,20401
57719,19545
57722,1769
57725,1769
57730,1769
57732,1769
57735,1769
57744,20401
57745,1769
57747,1769
57751,1769
57754,1769
57759,1769
57760,19545
57761,1769
57766,1769
57769,19545
57772,1769
57780,1769
57785,20401
57788,19545
57793,19545
58004,14232
58005,13781
58006,14232
58007,14232
58008,14232
58009,12301
58011,14232
58012,13781
58013,4717
58015,14232
58016,13196
58017,4717
58018,14232
58021,13781
58027,14232
58029,24949
58030,4717
58031,14232
58032,4717
58033,4717
58035,12301
58036,13781
58038,12301
58040,4717
58041,14232
58042,24949
58043,4717
58045,12301
58046,12301
58047,13781
58048,24949
58049,14232
58051,14232
58052,4717
58053,4717
58054,4717
58056,13196
58057,4717
58058,4717
58059,14232
58060,14232
58061,4717
58062,14232
58063,14232
58064,24949
58065,24949
58067,4717
58068,4717
58069,24949
58071,14232
58072,14232
58075,4717
58077,24949
58078,24949
58079,14232
58081,4717
58102,13781
58210,12301
58212,12301
58216,12301
58220,14232
58222,12301
58225,12301
58227,12301
58229,12301
58230,12301
58231,12301
58233,12301
58235,12301
58238,14232
58240,13196
58241,12301
58243,12301
58244,12301
58250,14232
58254,12301
58256,12301
58259,14232
58260,12301
58261,12301
58262,12301
58265,12301
58266,12301
58267,12301
58270,12301
58271,12301
58272,12301
58273,12301
58274,12301
58276,12301
58277,12301
58282,14232
58301,14232
58310,13196
58316,13196
58317,14232
58318,13694
58321,12301
58323,13196
58324,13196
58325,13196
58327,14232
58329,14232
58330,12301
58331,13196
58332,13196
58335,14232
58341,13196
58343,13196
58344,12301
58345,14232
58346,14232
58351,13196
58352,13196
58353,13196
58356,13196
58357,13196
58361,13196
58362,12301
58363,13196
58365,13196
58366,13196
58367,13196
58368,13196
58369,13694
58370,13196
58372,13196
58374,12301
58377,14232
58380,13196
58381,12301
58382,12301
58384,13196
58385,13196
58386,13196
58401,24949
58413,4717
58415,4717
58416,13196
58418,13196
58421,13196
58422,14232
58423,13196
58424,4717
58425,14232
58426,24949
58428,12199
58429,13196
58430,14232
58431,14232
58433,14232
58436,4717
58438,13196
58439,4717
58440,4717
58441,4717
58442,4717
58444,2985
58448,14232
58451,13196
58454,4717
58455,13196
58456,12199
58458,14232
58460,4717
58461,4717
58463,19790
58466,14232
58467,4717
58472,4717
58474,24949
58476,13196
58477,2985
58479,14232
58480,14232
58481,13196
58482,12199
58483,4717
58486,13196
58487,13196
58488,14232
58490,4717
58492,13196
58494,14232
58497,4717
58503,2985
58504,12199
58521,2985
58523,12090
58524,2985
58530,2985
58531,12090
58532,12199
58540,12087
58541,12090
58544,12199
58545,55959
58554,2985
58558,2985
58559,14232
58560,2985
58562,12199
58563,12199
58565,12090
58571,12090
58572,2985
58575,12090
58576,55959
58577,55959
58579,2985
58580,12090
58601,12199
58602,12199
58620,17261
58621,11272
58622,17261
58623,12199
58625,12087
58626,55959
58627,12087
58630,12199
58631,12199
58632,12199
58634,12087
58636,12087
58638,12199
58639,12199
58640,12087
58641,17261
58642,55959
58643,12199
58645,17261
58646,12199
58647,12199
58649,12199
58650,12199
58651,12199
58652,55959
58653,12199
58654,12087
58655,12199
58656,12199
58701,14232
58710,13196
58712,14232
58713,13694
58716,12090
58718,12199
58721,2394
58723,19790
58725,12199
58727,2394
58730,2394
58731,13694
58734,20413
58735,12090
58736,14232
58737,12199
58740,19790
58741,13694
58744,14232
58746,2394
58748,13694
58750,13694
58752,2394
58755,2394
58756,20413
58757,20413
58758,14232
58759,12090
58760,13694
58761,2394
58762,13694
58763,12087
58765,12199
58768,19790
58769,2394
58770,12087
58771,14232
58772,2394
58773,2394
58776,12087
58778,12090
58779,12087
58781,14232
58782,13694
58783,13694
58784,2394
58785,13694
58787,2394
58788,13196
58789,13694
58790,14232
58792,14232
58793,13694
58794,20413
58795,20413
58801,11272
58830,2394
58831,12199
58833,2394
58835,12087
58838,12199
58843,20413
58844,2394
58845,2394
58849,20413
58852,12199
58854,12087
58856,20413
59011,12825
59012,12825
59014,12825
59015,12825
59019,12825
59024,20997
59025,12825
59026,20997
59034,12825
59035,12825
59036,12825
59037,12825
59038,20997
59041,12825
59044,12825
59046,12825
59053,12825
59054,12825
59055,21513
59057,20997
59059,12825
59062,12825
59063,12825
59066,20997
59067,12825
59072,21513
59073,21513
59074,12825
59078,12825
59079,20997
59083,12825
59085,12825
59088,20997
59089,12825
59101,12825
59102,12825
59103,12825
59104,12825
59105,12825
59106,12825
59108,12825
59112,12825
59212,12199
59217,11272
59218,11272
59221,12199
59243,11272
59248,12199
59255,11272
59259,11272
59262,11272
59270,12199
59274,12199
59311,19156
59315,11272
59327,12199
59330,11272
59353,11272
59412,12825
59418,12825
59424,12825
59430,12825
59442,21513
59446,12825
59447,12825
59450,12825
59452,12825
59453,21513
59457,12825
59462,12825
59463,12825
59464,12825
59465,12825
59469,12825
59479,21513
59520,12825
59538,12825
59639,12692
59645,12825
59713,12692
59720,6169
59731,12692
59739,6169
59758,6169
59801,12692
59802,12692
59803,12692
59804,12692
59807,12692
59808,12692
59812,12692
59820,12825
59821,12692
59823,12692
59825,12692
59826,12692
59831,12692
59832,12692
59833,12692
59834,12692
59843,12692
59844,13758
59845,6395
59846,12825
59848,6395
59851,12692
59854,12692
59858,12825
59859,12692
59860,12692
59864,19603
59865,19603
59866,12692
59867,12825
59868,12692
59870,12692
59872,12692
59873,6395
59874,13758
59911,6395
59922,6395
59923,6395
59925,6395
59935,6395
60119,4110
60134,1325
60174,7096
60175,4110
60184,4110
60185,4110
60502,1325
60510,1325
60518,4110
60531,4110
60536,4362
60537,56697
60539,4110
60540,4110
60541,4110
60542,1325
60545,56697
60548,4110
60549,4362
60551,4362
60560,4362
60563,4110
60911,5585
60912,4110
60918,5585
60921,4110
60922,4110
60924,56697
60926,56697
60927,4110
60928,5585
60929,4110
60930,5585
60931,56697
60936,5585
60938,5585
60941,4110
60942,5585
60945,5585
60946,5585
60948,56697
60949,5585
60951,5585
60952,5585
60953,56697
60955,5585
60956,5585
60957,5585
60958,4110
60959,5585
60960,56697
60962,5585
60963,5585
60964,4110
60966,5585
60968,5585
60970,5585
60973,5585
60974,5585
61001,4110
61011,4110
61014,9750
61019,4110
61024,4110
61025,16740
61028,9750
61036,4110
61046,4110
61051,4110
61053,4110
61062,4110
61065,4110
61068,4110
61072,4110
61073,4110
61075,4110
61079,4110
61080,4110
61085,4110
61087,4110
61089,4110
61101,16196
61103,16196
61230,4110
61231,12341
61234,4110
61235,4110
61238,56697
61242,4110
61250,12341
61252,9750
61254,4110
61257,4110
61259,12341
61260,12341
61270,9750
61272,12341
61277,4110
61281,12341
61283,4110
61285,4110
61301,56697
61312,4362
61314,4362
61317,4362
61320,4362
61323,4362
61325,4362
61326,56697
61327,4362
61329,4362
61330,56697
61334,4110
61335,4110
61336,4362
61337,56697
61341,4110
61342,4110
61344,4362
61345,4362
61348,4110
61349,4110
61350,4110
61354,4362
61356,4362
61361,4110
61362,4362
61367,4110
61368,4362
61369,4110
61370,4362
61371,4362
61373,4362
61374,4110
61375,4110
61376,4110
61379,4362
61401,56697
61413,12341
61414,4362
61419,56697
61421,4362
61428,56697
61434,4362
61443,4362
61448,4362
61449,4362
61465,12341
61467,56697
61483,56697
61485,4362
61486,12341
61489,4362
61490,12341
61491,56697
61501,12395
61516,4110
61520,12395
61530,4362
61532,56697
61534,12395
61540,4362
61546,12395
61560,4362
61561,4362
61567,12395
61704,4362
61705,4362
61720,56697
61721,4362
61722,4362
61724,5585
61725,56697
61726,56697
61727,4362
61728,4362
61729,4362
61730,5585
61731,56697
61732,4362
61733,4362
61734,12395
61735,56697
61736,56697
61737,4362
61738,4110
61739,56697
61740,4110
61741,4110
61742,4362
61743,4110
61744,56697
61745,56697
61748,4362
61749,4362
61750,4362
61752,4362
61753,4362
61754,4362
61755,4362
61756,4362
61758,4362
61759,4362
61760,4110
61761,4362
61764,4110
61769,4110
61770,5585
61771,4362
61772,4362
61773,5585
61774,56697
61775,56697
61776,4362
61777,4362
61802,5585
61810,56697
61811,5585
61812,5585
61813,3931
61814,56697
61815,56697
61816,5585
61817,5585
61818,3931
61822,5585
61830,5585
61831,5585
61832,5585
61834,56697
61839,56697
61840,5585
61841,5585
61842,4362
61843,56697
61844,5585
61845,5585
61846,5585
61847,5585
61849,5585
61850,5585
61851,5585
61852,5585
61853,5585
61854,4362
61855,3931
61856,5585
61858,5585
61859,5585
61862,5585
61863,5585
61864,5585
61865,5585
61866,5585
61870,5585
61872,5585
61873,56697
61874,5585
61875,5585
61876,5585
61877,5585
61878,5585
61880,5585
61882,4362
61884,5585
61910,56697
61911,3931
61912,3931
61913,3931
61914,3931
61917,56697
61919,5585
61920,3931
61924,5585
61925,3931
61928,56697
61929,56697
61930,3931
61931,3931
61936,56697
61937,56697
61938,3931
61940,5585
61942,5585
61943,56697
61951,3931
61953,3931
61956,56697
61957,56697
62001,17697
62002,17697
62010,17697
62011,17697
62012,56697
62014,17697
62015,17040
62017,17697
62019,56697
62021,17697
62025,17697
62032,56697
62051,17040
62061,56697
62067,17697
62074,56697
62075,56697
62080,17040
62086,17697
62088,17697
62091,56697
62094,17040
62097,17697
62214,18955
62215,18955
62216,17697
62217,56697
62218,56697
62231,18955
62233,5535
62237,5535
62238,5535
62241,5535
62242,5535
62246,17697
62249,56697
62253,17697
62254,17697
62255,5535
62257,5535
62258,18955
62261,5535
62262,17697
62263,56697
62264,5535
62265,18955
62268,5535
62271,18955
62272,5535
62274,5535
62275,17697
62277,5535
62278,56697
62280,56697
62281,17697
62284,17697
62286,5535
62288,5535
62293,17697
62294,17697
62297,5535
62401,3931
62410,13032
62411,56697
62413,56697
62414,17040
62417,13292
62418,17697
62419,13292
62420,3931
62421,13292
62422,17040
62424,13292
62425,13292
62426,13292
62427,13292
62428,56697
62431,56697
62432,13292
62433,13292
62434,13292
62436,13292
62439,56697
62440,3931
62441,13292
62442,13292
62443,17697
62445,13292
62446,20222
62447,3931
62448,13292
62449,13292
62450,13292
62451,13292
62452,13292
62454,13292
62458,17697
62459,56697
62460,13032
62461,13292
62463,17040
62465,17040
62466,13292
62467,13292
62468,3931
62469,13292
62471,56697
62473,13292
62474,3931
62475,13292
62476,20222
62477,13292
62478,13292
62479,13292
62480,13292
62481,13292
62501,4362
62510,17040
62513,17040
62515,12395
62520,12395
62521,17040
62522,17040
62526,56697
62531,17040
62534,3931
62538,56697
62539,12395
62543,4362
62544,17040
62545,17040
62546,17040
62547,12395
62548,12395
62549,17040
62550,17040
62551,12395
62553,17040
62554,17040
62555,56697
62556,17040
62557,17040
62558,17040
62560,17040
62561,12395
62563,12395
62565,17040
62567,17040
62568,17040
62571,56697
62573,12395
62601,12395
62611,12395
62612,12395
62613,12395
62617,12395
62618,12395
62624,12395
62625,12395
62627,12395
62628,12395
62631,12395
62633,56697
62634,56697
62642,12395
62643,12395
62644,12395
62650,12395
62655,12395
62664,12395
62665,12395
62666,56697
62670,12395
62671,12395
62673,12395
62675,12395
62677,12395
62681,12395
62682,12395
62684,12395
62688,12395
62691,12395
62693,12395
62701,17828
62702,17828
62703,17828
62704,17828
62706,17828
62707,12395
62711,12395
62712,12395
62756,17828
62801,18955
62803,56697
62806,20222
62807,18955
62808,18955
62810,56697
62812,17585
62814,18955
62816,18955
62817,17585
62818,13032
62820,20222
62821,17585
62823,56697
62824,13292
62827,20222
62828,20222
62830,18955
62831,56697
62832,5535
62834,20222
62835,20222
62836,17585
62837,20222
62838,17697
62839,20222
62842,20222
62843,56697
62844,20222
62846,17585
62849,56697
62850,56697
62851,18955
62853,18955
62854,18955
62856,17585
62858,13292
62859,17585
62860,20222
62861,56697
62862,20222
62863,13032
62864,18955
62865,56697
62867,56697
62868,13292
62869,17585
62870,56697
62871,56697
62872,18955
62875,17697
62877,56697
62880,18955
62881,18955
62882,18955
62883,18955
62885,56697
62886,20222
62887,20222
62888,5535
62889,20222
62890,56697
62892,17697
62893,18955
62894,18955
62895,56697
62896,56697
62898,18955
62899,20222
62901,5535
62902,17585
62903,56697
62905,5535
62907,5535
62908,17585
62909,56697
62910,56697
62912,17585
62916,5535
62917,17585
62918,5535
62919,56697
62920,5535
62922,17585
62924,5535
62928,17585
62930,17585
62931,17585
62932,5535
62934,17585
62935,56697
62938,17585
62939,17585
62940,5535
62942,56697
62943,56697
62946,17585
62947,17585
62950,5535
62951,56697
62954,56697
62955,17585
62958,5535
62959,17585
62960,17585
62966,5535
62967,17585
62972,56697
62974,17585
62975,5535
62977,17585
62979,56697
62982,56697
62984,17585
62985,17585
62987,17585
62994,56697
62995,17585
62998,5535
63005,19436
63010,4524
63012,4524
63013,4524
63014,16751
63015,19436
63016,4524
63017,4675
63019,4524
63020,19436
63023,4524
63025,4524
63026,4524
63028,3600
63030,4524
63031,4675
63034,4675
63036,4524
63037,4524
63038,4524
63039,4524
63041,4524
63042,4675
63049,4524
63050,4524
63051,19436
63052,4524
63055,4524
63056,4524
63060,19436
63061,4524
63065,4524
63066,4524
63068,4524
63069,19436
63070,19436
63071,4524
63072,4524
63073,4524
63077,4524
63079,4524
63080,19436
63084,4524
63087,3600
63089,19436
63090,19436
63091,4524
63122,10370
63126,10370
63127,4524
63128,4524
63131,10370
63138,4675
63146,4675
63301,19436
63303,4675
63304,4675
63330,4675
63332,19436
63333,4675
63334,4237
63336,4675
63339,4237
63341,4524
63342,4675
63343,4675
63344,4675
63345,4237
63347,4675
63348,4675
63349,4675
63350,4237
63351,4237
63352,4237
63353,4675
63357,4524
63359,4675
63361,4160
63362,4675
63363,4160
63366,4675
63367,4675
63368,4675
63369,4675
63370,4675
63373,19436
63376,19436
63377,4675
63378,4675
63379,4675
63380,4675
63381,4675
63382,19436
63383,4675
63384,4160
63385,4675
63386,19436
63388,4160
63389,4675
63390,4675
63401,8055
63434,11463
63437,4237
63438,12700
63440,19436
63443,4237
63447,12700
63450,4237
63451,19436
63454,12700
63456,4237
63459,19436
63461,12700
63462,4237
63468,4237
63469,11463
63471,12700
63501,11463
63534,10000
63547,11463
63549,11463
63557,11463
63558,10000
63559,11463
63601,1775
63621,19436
63622,1775
63623,1775
63624,1775
63625,1775
63626,3600
63627,3600
63628,1775
63629,1775
63630,19436
63631,1775
63637,1775
63638,19436
63640,19436
63645,1775
63648,1775
63650,1775
63653,1775
63654,19436
63656,1775
63660,1775
63662,3600
63664,1775
63666,1775
63670,1775
63674,3600
63701,16805
63730,1775
63735,16805
63736,16805
63739,1775
63740,16805
63743,1775
63747,1775
63750,1775
63755,1775
63764,1775
63766,1775
63769,1775
63771,16805
63775,19436
63780,16805
63781,1775
63782,1775
63785,1775
63787,1775
63801,16805
63822,19436
63823,19436
63825,16805
63834,16805
63841,14285
63845,16805
63846,19436
63852,3712
63857,19436
63862,19436
63863,14285
63867,16805
63869,19436
63870,19436
63873,16805
63876,3712
63901,14285
63931,8934
63933,3712
63935,14285
63936,19436
63937,1775
63941,8934
63942,8934
63951,1775
63952,1775
63953,14285
63954,14285
63957,1775
63960,14285
63961,3712
63965,14285
63966,1775
63967,1775
64011,12698
64012,10000
64014,9231
64015,20363
64016,20363
64017,12698
64018,12698
64019,12698
64020,10000
64021,10000
64022,6181
64024,15138
64029,10000
64030,10000
64034,12698
64035,6181
64037,10000
64040,14192
64048,15138
64050,9231
64052,9231
64053,9231
64054,9231
64055,9231
64056,9231
64057,9231
64058,19436
64060,15138
64061,12698
64062,15138
64063,20363
64064,9231
64067,20363
64068,15138
64069,12698
64070,12698
64071,10000
64072,19436
64074,12698
64075,12698
64076,12698
64077,12698
64078,10000
64079,12698
64080,12698
64081,10000
64082,10000
64083,10000
64084,6181
64085,12698
64086,10000
64088,10000
64089,12698
64093,12698
64096,6181
64097,20363
64098,15138
64120,9231
64125,9231
64126,9231
64129,9231
64133,9231
64134,10000
64136,9231
64138,10000
64139,10000
64144,19436
64145,10000
64152,12698
64153,12698
64154,10000
64155,19436
64156,19436
64157,10000
64158,10000
64161,9231
64163,12698
64164,15138
64165,15138
64166,15138
64167,15138
64188,10000
64401,12698
64424,19436
64429,6181
64439,12698
64440,12698
64444,19436
64448,12698
64454,12698
64465,15138
64469,6181
64474,12698
64477,15138
64484,15138
64490,12698
64492,19436
64493,19436
64497,6181
64601,6181
64620,6181
64622,10000
64624,10000
64625,6181
64628,6181
64631,11463
64633,10000
64635,6181
64636,6181
64637,19436
64638,19436
64640,6181
64642,6181
64643,10000
64644,6181
64647,6181
64648,6181
64649,6181
64650,19436
64651,19436
64652,6181
64653,6181
64656,6181
64657,6181
64658,11463
64659,6181
64664,6181
64668,12698
64670,6181
64671,6181
64674,11463
64676,10000
64681,6181
64682,6181
64683,6181
64688,19436
64689,19436
64701,12698
64720,12698
64722,12698
64723,14192
64724,12698
64725,12698
64726,12698
64730,12698
64733,14192
64734,14192
64735,3268
64738,5860
64739,20363
64740,27238
64741,12698
64742,10000
64743,12698
64744,12698
64746,10000
64747,12698
64748,5860
64750,12698
64752,12698
64755,5860
64759,5860
64761,20363
64763,12698
64770,12698
64771,14192
64772,12698
64776,5860
64778,12698
64779,12698
64780,14192
64783,12698
64788,12698
64790,12698
64804,5860
64831,5860
64836,13520
64840,5860
64842,5860
64843,5860
64844,5860
64847,5860
64848,14288
64850,5860
64854,3093
64856,13520
64859,5860
64861,5860
64862,5860
64863,3093
64865,5860
64866,5860
64867,5860
64873,14288
65001,16751
65010,2001
65011,16751
65013,16751
65014,4524
65016,16751
65017,16751
65018,4063
65020,4063
65023,4063
65024,16751
65025,4063
65026,4063
65032,16751
65034,4063
65035,16751
65037,4063
65039,16751
65040,19436
65041,4160
65043,19436
65046,19436
65047,10603
65048,16751
65049,4063
65050,4063
65051,19436
65052,4063
65053,16751
65054,19436
65055,19436
65058,16751
65059,4160
65061,16751
65062,16751
65063,2001
65064,16751
65065,4063
65066,4524
65067,4237
65068,4063
65069,4160
65072,4063
65074,16751
65075,19436
65076,16751
65077,4160
65078,3268
65079,10603
65080,4160
65081,4063
65082,16751
65083,16751
65084,4063
65085,19436
65101,4160
65109,2001
65201,2001
65202,4045
65203,2001
65230,10000
65231,4160
65232,4237
65233,19436
65237,19436
65239,4237
65240,2001
65243,19436
65244,11463
65248,2001
65250,19436
65251,19436
65255,2001
65256,2001
65257,19436
65258,19436
65259,2001
65260,4237
65262,19436
65263,19436
65264,4160
65265,4160
65270,4237
65274,2001
65275,4237
65276,19436
65279,4063
65280,4237
65281,10000
65284,19436
65285,19436
65287,2001
65301,12698
65320,4063
65322,4063
65323,14192
65324,4063
65325,3268
65326,4063
65329,19436
65332,12698
65333,3268
65334,3268
65335,12698
65336,20363
65337,3268
65338,3268
65340,3268
65345,3268
65347,3268
65348,4063
65350,3268
65351,3268
65354,4063
65355,3268
65360,3268
65401,7024
65436,9331
65439,1775
65440,1775
65441,4524
65443,19436
65444,9331
65446,1775
65449,4524
65452,7024
65453,4524
65456,1775
65457,7024
65459,7024
65461,9331
65462,9331
65463,10603
65464,8934
65466,19436
65470,9331
65473,9331
65484,9331
65486,19436
65536,10603
65542,9331
65543,9331
65548,8934
65550,7024
65552,9331
65556,7024
65559,4524
65560,1775
65565,19436
65566,19436
65571,8934
65580,9331
65582,7024
65583,7024
65584,7024
65588,1775
65590,27238
65591,7024
65601,5860
65604,5860
65605,5860
65609,8934
65610,20574
65611,20574
65612,5860
65616,3093
65617,27238
65619,14288
65620,20318
65622,5860
65624,14288
65625,5860
65631,14288
65632,20318
65633,5860
65634,5860
65635,5860
65637,8934
65638,8934
65640,5860
65644,10603
65646,5860
65647,13520
65648,20318
65649,5860
65650,5860
65652,20574
65653,5860
65656,3093
65660,10603
65661,5860
65663,5860
65668,5860
65672,20574
65674,5860
65679,5860
65681,3093
65682,14288
65685,5860
65686,3093
65689,8934
65704,20574
65705,5860
65706,10603
65707,5860
65708,14288
65710,5860
65711,8934
65712,5860
65713,10603
65714,5860
65717,10603
65721,5860
65722,10603
65723,13520
65725,5860
65731,5860
65732,5860
65734,5860
65737,3093
65738,5860
65739,3093
65740,5860
65742,5860
65745,13520
65746,10603
65747,3093
65752,5860
65753,20574
65756,5860
65757,17833
65760,8934
65764,27238
65767,5860
65768,8934
65769,5860
65770,5860
65772,3093
65774,5860
65778,14285
65779,27238
65781,5860
65783,10603
65785,12698
65786,19436
65787,4063
65791,3712
65802,5860
65803,5860
65804,20318
65807,14288
65809,17833
65810,14288
66006,10000
66007,22500
66010,10005
66012,9996
66015,10000
66018,22500
66025,10000
66030,10000
66032,10000
66043,22500
66046,10000
66047,10000
66048,22500
66049,10019
66050,10019
66061,10000
66062,10000
66067,10000
66073,10019
66076,10000
66083,10000
66091,10000
66093,10000
66095,10000
66103,9996
66104,9996
66105,9996
66106,22500
66109,22500
66111,9996
66112,9996
66115,10000
66118,10000
66202,9996
66203,9996
66205,9996
66216,22500
66217,9996
66218,9996
66220,22500
66227,10000
66402,10019
66409,22500
66413,10019
66414,10019
66418,10019
66422,10019
66423,10019
66431,22500
66432,10019
66440,22500
66451,10000
66507,22500
66509,10019
66510,10000
66523,10000
66524,10000
66526,10019
66528,22500
66533,10019
66536,10019
66537,10019
66539,10019
66540,10019
66542,10019
66543,10000
66546,10019
66610,10019
66614,10019
66615,22500
66618,10019
66619,10019
66701,10000
66720,3355
66725,10005
66736,10005
66748,10005
66762,5860
66767,10000
66776,10005
66781,5860
66783,10005
66839,10005
66851,10005
66852,10005
66856,10000
66866,10005
66868,10019
66871,10000
67003,296
67005,10005
67009,296
67018,296
67019,10005
67020,22500
67022,296
67023,10005
67029,2774
67045,10005
67054,2774
67063,10005
67068,10005
67071,296
67074,10005
67107,22500
67118,10005
67119,20813
67122,22500
67127,296
67132,10005
67142,10005
67146,10005
67152,20510
67156,10005
67301,10005
67336,22500
67337,3892
67349,22500
67351,10005
67356,22500
67357,10005
67427,12524
67428,10005
67444,12524
67450,20476
67459,12524
67460,22500
67468,13799
67490,12524
67491,12524
67501,10005
67510,12524
67514,22500
67520,12524
67521,12524
67522,10005
67525,12524
67530,12524
67543,10005
67544,12524
67546,22500
67547,12524
67548,12524
67550,12524
67556,12524
67563,12524
67564,12524
67565,12524
67566,12524
67570,10005
67575,12524
67579,22500
67601,12524
67625,20476
67626,12524
67631,12524
67632,20476
67634,12524
67635,12524
67637,12524
67642,20476
67643,13799
67645,12524
67650,13799
67651,13799
67654,12524
67656,12524
67657,13799
67658,12524
67659,12524
67663,12524
67665,20476
67667,12524
67672,12524
67701,12524
67730,12524
67731,12524
67732,12524
67734,12524
67735,12524
67736,12524
67737,20476
67738,12524
67740,12524
67741,12524
67743,12524
67745,12524
67748,12524
67749,12524
67751,20476
67752,12524
67753,12524
67756,12524
67757,12524
67758,20510
67761,12524
67762,12524
67764,12524
67831,2774
67834,2774
67837,19820
67842,2774
67846,6941
67853,15073
67854,12524
67857,15073
67860,15073
67861,12524
67864,19160
67865,19820
67868,15073
67869,15073
67870,15073
67871,12524
67876,12524
67878,15073
67879,12524
67880,15073
67901,15073
67950,19160
67951,15073
67954,15073
68003,13337
68005,14127
68014,2643
68017,2643
68018,2643
68025,6779
68036,2643
68040,2643
68050,2643
68065,13664
68066,2643
68070,2643
68102,13337
68104,13337
68107,14127
68108,13337
68110,13337
68111,13337
68112,13337
68118,13337
68127,13337
68128,13337
68130,14127
68134,13337
68137,14127
68138,14127
68144,13337
68147,13337
68152,14127
68154,13337
68157,13337
68164,13337
68301,13337
68303,13664
68304,13337
68317,13337
68319,21111
68322,13664
68323,13337
68326,13664
68332,13337
68335,13664
68344,13337
68347,13337
68351,21111
68357,13337
68359,13664
68366,13337
68367,2643
68371,21111
68381,13337
68406,13664
68416,13664
68418,13337
68428,13664
68436,13664
68443,13337
68453,21111
68458,13337
68461,13337
68462,13664
68502,11018
68503,11018
68504,13664
68505,13664
68506,11018
68507,11018
68508,11018
68510,13664
68512,11018
68516,11018
68521,11018
68522,11018
68527,13337
68528,11018
68601,4373
68620,4373
68622,5780
68624,2643
68627,4373
68628,4373
68633,4373
68636,4373
68638,4373
68640,11251
68642,5780
68644,4373
68648,2643
68649,13337
68652,11251
68654,17642
68659,4373
68660,5780
68661,4373
68663,4373
68701,5780
68717,3205
68723,3205
68728,3205
68732,3205
68739,3205
68740,5780
68745,3205
68747,3205
68748,4373
68751,3205
68757,3205
68758,4373
68761,4373
68765,3205
68767,5780
68769,13739
68771,3205
68776,13739
68781,5780
68786,3205
68787,3205
68792,3205
68801,40606
68803,17642
68818,21111
68820,4911
68824,4911
68825,4671
68826,11251
68834,4671
68836,4911
68840,4911
68843,17642
68844,4911
68845,4911
68847,4911
68850,4911
68852,4671
68855,4671
68858,4911
68860,4671
68863,4911
68864,11251
68866,4671
68869,17642
68876,4911
68878,4671
68883,17642
68901,8245
68924,4911
68927,17642
68955,8245
68956,4911
68958,4911
68959,4911
68976,4911
68979,17642
69021,8570
69023,8570
69030,17692
69032,12539
69033,8570
69045,12539
69101,4671
69120,4671
69121,4671
69122,8570
69123,4671
69129,8570
69130,4911
69132,12539
69134,12539
69138,4671
69140,17692
69143,4671
69150,12539
69155,4671
69162,8570
69163,4671
69165,4671
69168,8570
69169,12539
69170,12539
70001,11241
70005,11241
70030,11241
70032,11241
70036,11241
70037,11241
70039,17565
70040,11241
70043,11241
70049,11241
70051,5202
70052,5202
70053,11241
70055,13478
70056,11241
70057,11241
70058,11241
70067,11241
70068,11241
70069,11241
70070,11241
70071,11241
70072,17565
70075,11241
70079,11241
70080,17565
70084,11241
70086,5202
70090,11241
70092,11241
70094,11241
70114,11241
70115,11241
70117,11241
70118,11241
70121,13478
70128,11241
70129,13478
70130,11241
70131,11241
70301,11241
70339,3265
70341,17565
70342,17565
70343,11241
70344,11241
70345,11241
70346,15175
70352,17565
70353,11241
70354,11241
70355,11241
70356,11241
70357,11241
70358,11241
70359,11241
70360,8884
70361,11241
70363,8884
70364,8884
70371,11241
70372,11241
70373,11241
70374,11241
70375,17565
70377,11241
70380,3265
70390,11241
70392,17565
70393,11241
70394,11241
70395,11241
70397,17565
70401,21567
70403,5202
70420,3265
70421,11241
70422,11241
70426,11241
70427,3265
70429,21567
70431,21567
70433,3265
70435,3265
70436,11241
70437,21567
70438,3265
70441,5202
70442,11241
70443,21567
70444,11241
70445,3265
70446,5202
70447,11241
70448,21567
70449,5202
70450,3265
70452,21567
70454,3265
70455,3265
70456,21567
70458,21567
70460,3265
70461,3265
70462,5202
70463,11241
70466,5202
70467,11241
70471,21567
70501,17684
70503,9096
70506,9096
70507,17684
70508,17684
70512,3265
70515,9682
70516,17684
70517,3265
70518,3265
70525,3265
70526,3265
70527,3265
70532,1458
70533,3265
70534,9682
70535,9682
70538,3265
70542,9682
70543,3265
70544,3265
70546,9682
70548,9682
70549,9682
70552,3265
70554,1458
70556,9682
70559,17684
70560,3265
70563,3265
70570,3265
70577,17684
70578,3265
70582,3265
70583,9096
70586,1458
70589,3265
70592,17684
70611,1458
70633,1458
70634,1458
70639,1458
70643,9682
70647,1458
70648,1458
70652,1458
70653,1458
70654,1458
70655,3265
70656,1458
70657,1458
70658,1458
70660,3265
70661,1458
70662,1458
70668,1458
70710,5202
70711,5202
70715,15175
70719,15175
70721,5202
70723,5202
70725,5202
70729,5202
70734,5202
70736,5202
70739,5202
70743,5202
70750,15175
70753,15175
70756,15175
70759,5202
70760,5202
70763,5202
70764,5202
70767,5202
70774,11241
70775,4153
70776,5202
70778,5202
70780,5202
70783,5202
70788,11241
70791,5202
70792,5202
70801,5202
70802,5202
70805,5202
70807,5202
70810,5202
70814,11241
70815,5202
70818,5202
70819,5202
70820,5202
71001,3641
71002,3641
71003,3641
71004,14424
71006,3641
71007,14424
71008,11241
71009,14424
71016,3641
71018,17698
71019,17698
71023,3641
71024,3641
71028,11241
71029,14424
71030,3265
71031,3265
71032,17698
71033,17698
71037,3641
71038,3641
71039,3641
71040,3641
71043,17698
71044,14424
71045,3641
71046,3265
71047,17698
71048,11241
71049,3265
71051,11241
71052,3265
71055,3641
71060,14424
71061,14424
71063,3265
71064,17698
71065,3265
71067,11241
71068,3641
71069,14424
71070,3265
71071,3641
71072,3641
71073,3641
71075,11241
71078,3265
71079,3641
71080,3641
71082,14424
71106,14424
71107,14424
71111,14424
71112,14424
71115,14424
71118,14424
71119,14424
71129,14424
71202,3641
71203,3641
71211,11241
71219,11241
71220,3641
71222,3641
71223,11241
71225,3641
71226,3641
71227,3641
71229,3641
71230,11241
71232,11241
71234,3641
71235,11241
71237,11241
71238,3641
71241,3641
71243,13783
71245,11241
71247,3641
71249,11241
71250,11241
71251,3641
71253,11241
71254,13783
71256,3641
71259,11241
71260,3641
71261,13783
71263,13783
71264,3641
71266,11241
71268,3641
71269,11241
71270,11241
71272,11241
71273,11241
71275,3641
71276,13783
71277,11241
71280,3641
71282,11241
71286,13783
71291,3641
71292,3641
71295,11241
71303,3265
71306,11241
71307,298
71315,298
71316,3265
71322,17684
71325,1458
71326,4153
71328,11241
71331,3265
71333,3265
71334,4153
71336,11241
71340,4153
71342,3265
71343,3265
71350,3265
71351,3265
71353,3265
71354,4153
71355,4153
71356,3265
71357,4153
71358,15175
71362,3265
71363,4153
71366,13783
71367,1458
71368,4153
71369,3265
71371,11241
71373,15175
71375,4153
71377,4153
71378,13783
71401,4153
71403,1458
71404,3265
71411,3265
71416,17698
71417,3265
71418,3641
71419,3265
71422,3641
71423,4153
71425,4153
71426,11241
71427,3265
71429,3265
71430,1458
71432,3265
71433,1458
71435,13783
71438,1458
71439,3265
71441,11241
71446,1458
71447,3265
71449,17698
71450,17698
71454,3265
71455,3265
71456,11241
71457,3265
71459,1458
71461,1458
71462,17698
71463,3265
71465,4153
71467,3265
71468,11241
71469,11241
71471,11241
71473,3641
71477,11241
71479,4153
71483,3265
71486,3265
71601,814
71602,814
71603,2678
71631,814
71635,814
71638,814
71639,814
71642,814
71643,814
71644,814
71646,814
71647,814
71651,814
71652,814
71654,814
71655,814
71660,814
71662,814
71665,2678
71667,814
71670,814
71671,814
71674,814
71675,814
71678,814
71701,814
71711,14238
71720,14238
71722,814
71725,814
71726,14238
71730,814
71742,814
71743,17540
71744,14238
71745,814
71751,814
71753,814
71758,814
71763,814
71764,814
71765,814
71766,14238
71770,814
71801,17698
71822,17671
71823,17671
71825,814
71826,814
71827,17671
71828,814
71831,17671
71832,17671
71833,17698
71834,17671
71835,814
71836,17671
71837,17698
71838,17698
71839,814
71840,814
71841,17671
71842,17671
71845,17671
71846,17671
71847,814
71851,17671
71852,17540
71853,17671
71854,814
71855,17671
71857,17698
71858,17671
71859,17671
71860,814
71861,814
71862,8840
71866,17671
71901,814
71909,6342
71920,814
71921,814
71922,814
71923,17540
71929,17540
71933,814
71935,814
71937,3527
71940,814
71941,17540
71943,17540
71944,17671
71949,814
71953,814
71958,814
71961,814
71962,814
71965,814
71971,17540
71972,17671
71973,17698
72002,814
72003,6342
72004,6342
72006,814
72007,814
72010,20963
72011,6342
72012,814
72013,814
72015,2678
72016,6342
72017,814
72018,814
72019,814
72020,6342
72021,20963
72022,814
72023,814
72024,814
72025,814
72026,6342
72027,814
72028,814
72029,814
72030,14864
72031,14864
72032,814
72033,814
72034,814
72035,4280
72036,814
72037,814
72038,814
72039,814
72040,20963
72042,814
72044,814
72045,814
72046,814
72047,14864
72048,814
72051,814
72055,2678
72057,814
72058,814
72060,814
72061,814
72063,814
72064,6342
72065,814
72066,814
72067,814
72069,20963
72070,814
72072,814
72073,814
72076,814
72080,814
72081,814
72084,17540
72085,6342
72086,814
72087,814
72088,814
72099,814
72101,20963
72102,814
72103,814
72104,814
72106,6342
72108,814
72110,814
72111,814
72112,814
72113,13718
72114,814
72115,814
72116,814
72117,814
72118,13718
72119,13718
72120,814
72121,814
72122,814
72125,814
72126,6342
72127,814
72129,814
72130,814
72131,814
72132,814
72134,814
72135,814
72136,6342
72137,14864
72140,814
72141,814
72142,6342
72143,20963
72150,814
72152,814
72153,6342
72158,814
72160,814
72166,2678
72167,814
72168,814
72173,814
72175,6342
72176,814
72179,814
72190,13718
72199,13718
72201,814
72202,814
72206,6342
72207,13718
72209,814
72210,814
72212,814
72223,814
72301,20382
72303,814
72315,814
72320,20963
72322,814
72324,814
72326,20963
72327,20382
72330,814
72331,814
72333,20963
72335,814
72338,814
72341,814
72342,814
72346,814
72347,814
72348,20963
72354,814
72355,814
72358,12681
72360,20963
72364,814
72365,814
72366,814
72368,20963
72370,814
72372,814
72373,20963
72374,814
72376,814
72377,814
72384,814
72386,814
72387,814
72390,814
72392,814
72394,20963
72395,814
72396,814
72401,814
72402,814
72403,814
72404,814
72410,814
72411,814
72412,814
72413,3712
72414,814
72415,814
72416,814
72417,814
72419,4509
72421,814
72422,814
72424,814
72425,814
72427,814
72430,814
72432,814
72433,4509
72434,4509
72435,814
72436,814
72437,814
72438,814
72440,814
72441,814
72442,814
72443,4509
72444,3712
72445,814
72447,814
72449,814
72450,814
72451,814
72453,814
72454,814
72455,3712
72456,3712
72458,814
72459,814
72460,3712
72461,4509
72462,814
72464,814
72465,814
72466,13676
72467,9879
72469,814
72470,814
72471,814
72472,20963
72473,814
72476,814
72478,814
72479,4509
72482,13676
72512,814
72513,814
72515,13676
72517,814
72519,814
72520,814
72521,814
72523,6342
72524,4509
72528,814
72529,814
72530,6342
72531,814
72532,814
72533,814
72534,814
72536,814
72537,13676
72538,13676
72539,814
72540,814
72542,814
72543,814
72544,814
72546,814
72550,814
72554,814
72556,814
72560,814
72565,814
72566,13676
72568,6342
72569,814
72572,814
72576,814
72577,814
72578,814
72579,814
72581,814
72583,13676
72584,814
72585,814
72587,814
72601,814
72611,3093
72613,3093
72616,814
72617,814
72619,814
72623,814
72624,3093
72626,814
72628,814
72629,814
72631,17698
72632,814
72634,814
72635,814
72636,14864
72638,814
72639,814
72640,814
72641,814
72642,814
72645,14864
72648,814
72650,814
72651,814
72653,814
72655,14864
72658,814
72659,814
72660,814
72661,13676
72662,3093
72666,814
72670,814
72675,814
72679,814
72680,814
72683,814
72685,14864
72686,817
72687,814
72701,14289
72703,14289
72704,3093
72712,1586
72714,3093
72715,3093
72716,1586
72717,817
72718,17698
72719,17698
72722,3093
72727,14289
72729,17698
72730,14289
72732,3093
72734,3093
72736,3093
72738,3093
72739,3093
72740,814
72742,14289
72744,3093
72745,3093
72747,3093
72749,14289
72751,17698
72752,814
72753,17698
72756,17698
72758,1586
72761,17184
72762,5860
72764,3093
72768,3093
72769,3093
72770,14289
72773,3093
72774,817
72776,3093
72802,814
72821,14063
72823,814
72824,814
72827,814
72830,817
72832,814
72833,814
72834,14063
72835,814
72837,814
72839,3093
72840,14063
72841,814
72842,814
72843,814
72845,14063
72846,817
72847,814
72851,14063
72852,814
72853,814
72854,814
72855,814
72856,3093
72857,814
72863,814
72865,14063
72903,817
72904,817
72905,817
72908,817
72916,817
72919,817
72921,817
72923,14063
72926,17698
72927,814
72928,817
72930,817
72932,817
72933,817
72934,817
72936,817
72937,817
72938,817
72940,817
72941,817
72943,817
72944,17698
72946,14063
72947,817
72948,817
72949,814
72950,814
72951,817
72952,17698
72955,17698
72956,817
72958,814
72959,817
73002,14062
73003,3478
73004,14062
73007,14063
73010,14062
73011,16382
73012,3478
73013,3226
73014,3478
73016,3478
73017,14062
73018,14062
73020,14062
73023,14062
73025,14063
73026,14062
73027,3226
73028,3226
73030,16382
73034,3226
73036,3478
73040,15474
73042,14062
73043,3478
73044,3226
73045,2911
73047,14063
73048,3478
73049,3226
73051,2911
73052,14062
73054,2911
73055,15474
73056,3478
73057,14063
73058,3226
73059,14063
73061,9246
73063,3226
73064,14062
73065,15474
73067,14062
73068,2911
73071,14062
73072,14062
73073,14063
73074,14062
73075,14063
73077,3226
73078,3478
73079,14062
73080,14062
73082,14062
73086,14063
73089,15474
73090,14063
73092,14062
73093,14062
73095,14062
73098,14775
73099,3478
73150,14062
73165,14063
73170,14062
73173,14062
73401,14063
73433,14063
73434,14063
73438,15746
73439,15746
73440,14063
73442,15746
73443,14063
73444,14063
73446,14063
73447,15746
73448,15746
73449,14063
73450,14063
73453,15746
73455,14063
73456,4401
73458,14063
73459,14063
73460,15746
73461,15474
73463,14063
73481,16382
73488,15746
73491,4401
73501,4401
73503,15474
73505,15474
73507,4401
73521,416
73527,4401
73533,4401
73538,4401
73541,14062
73546,4401
73548,4401
73549,15474
73551,4401
73552,4401
73553,4401
73565,4401
73566,4401
73568,4401
73573,4401
73625,15474
73638,13807
73639,13807
73646,3478
73654,13807
73658,14063
73659,14063
73660,13807
73663,3478
73667,3478
73669,3478
73701,296
73703,14063
73705,3478
73716,296
73717,296
73718,296
73719,296
73720,3478
73722,296
73724,3478
73726,14063
73727,14063
73728,296
73729,296
73730,14063
73731,296
73733,3478
73734,3478
73735,296
73736,10012
73737,3478
73738,3478
73739,296
73741,14063
73742,3478
73744,3478
73749,296
73750,14063
73753,14063
73754,296
73755,3478
73756,3478
73757,10012
73758,14063
73759,296
73760,296
73761,14063
73762,14063
73763,3478
73766,296
73768,296
73771,296
73772,3478
73773,3478
73801,296
73832,15474
73834,296
73835,13807
73838,296
73840,13807
73841,14063
73842,296
73843,13807
73844,13807
73848,19160
73852,296
73853,13807
73857,13807
73858,14063
73859,13807
73860,296
73937,17715
73946,17715
74002,19785
74003,9246
74006,15474
74008,15474
74010,5598
74011,10599
74012,10599
74014,19785
74015,10599
74016,13734
74017,3647
74019,13734
74020,9246
74021,19785
74023,5598
74027,15474
74028,14063
74029,19785
74030,3226
74032,3226
74033,5598
74035,9246
74036,10599
74037,5598
74038,9246
74039,5598
74041,5598
74042,13734
74044,9246
74045,9246
74047,5598
74048,15474
74051,19785
74052,14063
74053,13734
74054,9246
74055,15474
74056,9246
74058,3226
74059,3226
74060,9246
74061,19785
74062,14063
74063,9246
74066,5598
74070,15474
74073,15474
74074,3226
74075,3226
74077,3226
74078,14063
74079,14063
74080,19785
74081,9246
74084,9246
74085,14063
74116,15474
74126,15474
74131,15474
74137,5598
74301,13734
74330,13734
74331,13734
74332,13734
74333,5860
74337,10599
74338,13734
74340,13734
74343,5860
74344,13734
74346,5860
74347,10599
74350,13734
74352,10599
74354,5860
74359,10599
74361,13734
74363,5860
74364,13734
74365,13734
74366,13734
74367,13734
74369,19785
74370,13734
74401,5598
74403,4296
74421,5598
74422,5598
74423,4296
74425,2911
74426,4296
74427,4296
74428,5598
74429,5598
74432,14063
74434,5598
74435,4296
74436,14063
74437,2911
74441,14063
74442,2911
74445,5598
74447,5598
74450,4296
74451,4296
74452,10599
74454,15474
74455,15474
74457,10599
74458,10599
74461,14063
74462,2911
74464,13734
74467,10599
74469,4296
74470,14063
74471,14289
74472,4296
74501,2911
74502,10170
74521,10170
74523,3527
74525,3527
74528,3527
74533,14063
74535,15474
74536,15474
74538,10170
74545,10170
74547,3527
74549,3527
74552,4296
74553,15474
74555,14775
74556,14775
74560,15474
74561,10170
74563,4296
74565,15474
74569,14775
74570,10170
74571,3527
74572,14063
74574,3527
74576,14775
74577,3527
74578,10170
74601,10012
74604,9246
74630,14063
74631,14063
74632,10012
74633,9246
74636,10012
74637,9246
74640,296
74641,9246
74643,10012
74644,9246
74646,10012
74647,9246
74650,9246
74651,3226
74652,15474
74653,10012
74701,14063
74723,17603
74726,14063
74727,3527
74728,3527
74729,17603
74730,17603
74731,14063
74733,14063
74734,3527
74735,3527
74736,3527
74738,3527
74740,3527
74741,17603
74743,3527
74745,3527
74748,14063
74750,3527
74753,14063
74754,3527
74756,3527
74759,3527
74764,3527
74766,15474
74801,2911
74804,2911
74818,2911
74820,14063
74824,3226
74825,2911
74826,2911
74827,14063
74829,2911
74831,2911
74832,3226
74833,2911
74834,2911
74839,15474
74840,2911
74842,14063
74843,14063
74845,2911
74848,15474
74849,14063
74850,2911
74851,2911
74852,2911
74854,2911
74855,2911
74856,14063
74857,14063
74859,15474
74860,2911
74864,2911
74865,14063
74867,2911
74868,2911
74869,2911
74871,14063
74872,14063
74873,2911
74875,3226
74878,2911
74880,2911
74881,2911
74883,2911
74884,2911
74902,817
74930,4296
74931,4296
74932,817
74936,14063
74937,817
74939,817
74940,15474
74941,10170
74944,15474
74948,817
74949,3527
74953,15474
74954,817
74955,4296
74956,817
74959,14063
74960,817
74962,14063
74964,13734
74966,3527
75002,7559
75006,5078
75009,5078
75013,5078
75023,5078
75024,5078
75025,7559
75034,5078
75035,5078
75044,6958
75048,6958
75069,5078
75070,5078
75071,7559
75074,7559
75078,5078
75082,7559
75093,5078
75098,7559
75140,20927
75287,7559
75410,6182
75417,6182
75432,6182
75435,6182
75437,6182
75440,6182
75451,19579
75455,2049
75457,17698
75460,6182
75471,17698
75477,10649
75478,17698
75480,2049
75481,17698
75482,17698
75487,6182
75494,20927
75497,6182
75501,2049
75503,17671
75550,10649
75551,2049
75554,10649
75555,14424
75556,2049
75559,17698
75560,17698
75561,2049
75562,2049
75563,17698
75566,2049
75567,2049
75568,2049
75570,17671
75571,17698
75572,2049
75574,2049
75602,16461
75603,17698
75605,17698
75630,17698
75631,16461
75633,4975
75638,17698
75639,17698
75640,17698
75641,16461
75643,17698
75644,20927
75645,17698
75650,16461
75651,17698
75652,16461
75654,3470
75656,2049
75657,2049
75661,14424
75662,16461
75667,17698
75668,19579
75669,16461
75670,16461
75672,19579
75681,3470
75683,2049
75684,17698
75686,17698
75691,14424
75692,17698
75755,19579
75760,3470
75765,17698
75766,3470
75773,17698
75783,17698
75784,3470
75789,3470
75801,8898
75803,8898
75831,16146
75833,8898
75835,8898
75838,55937
75839,8898
75844,8898
75845,8898
75846,55982
75847,55937
75850,12452
75851,8898
75852,12452
75855,8898
75856,8898
75858,8898
75860,16146
75862,55937
75901,16613
75904,8898
75925,3470
75926,8898
75928,9668
75929,9668
75930,4975
75931,4975
75932,4975
75933,9668
75934,55937
75935,4975
75936,16613
75938,9668
75939,8898
75941,8898
75946,4975
75948,4975
75949,9668
75951,4975
75954,17698
75956,9668
75959,4975
75960,16613
75961,4975
75965,17698
75966,55937
75968,4975
75969,8898
75972,4975
75973,17698
75974,17698
75975,4975
75977,9668
75979,55937
75980,55937
76031,8620
76033,19490
76043,19490
76048,19159
76049,19159
76052,5078
76070,19490
76078,5078
76088,19159
76093,8620
76177,5078
76201,5063
76202,5063
76203,5063
76204,5063
76205,5063
76207,5063
76208,5063
76209,5078
76226,5078
76228,4262
76230,20948
76233,7559
76234,4262
76238,4262
76239,4262
76240,4262
76246,4262
76247,5078
76249,20948
76251,4262
76255,4262
76258,5078
76259,19159
76261,20948
76262,5078
76263,4262
76265,4262
76266,5078
76271,5078
76430,1591
76432,4295
76442,4295
76455,7979
76457,7979
76458,19159
76487,19159
76501,1273
76502,55982
76503,1273
76504,1273
76505,1273
76508,1273
76511,1273
76513,1273
76518,1273
76519,1273
76520,55937
76522,7979
76523,1273
76524,1273
76525,7979
76527,55982
76528,1273
76530,1273
76531,7979
76533,1273
76534,55937
76537,1273
76539,55982
76540,1273
76541,1273
76542,1273
76543,1273
76544,1273
76547,55982
76548,1273
76549,1273
76550,7979
76554,1273
76556,1273
76557,1273
76559,1273
76564,1273
76565,7979
76566,55982
76567,1273
76569,1273
76570,55982
76571,55982
76574,1273
76577,1273
76578,1273
76579,1273
76627,8620
76629,1273
76642,16146
76649,55982
76652,8620
76653,16146
76656,55982
76665,19490
76671,8620
76680,55937
76687,16146
76690,19490
76692,8620
76801,4295
76832,3282
76837,4146
76841,14626
76849,3282
76853,7979
76854,3282
76859,3282
76870,7979
76871,7979
76877,3282
76890,4295
76904,4146
76930,4146
76932,4146
76935,17693
76936,4146
76941,4146
76943,17693
76950,16057
77301,55937
77302,12452
77303,12452
77304,12452
77305,12452
77306,55937
77316,55937
77318,12452
77320,12452
77325,12452
77327,12452
77328,12452
77331,16613
77333,12452
77334,12452
77335,55937
77336,12452
77338,12452
77339,12452
77340,55937
77341,55937
77342,12452
77343,12452
77344,12452
77348,12452
77349,55937
77351,16613
77353,12452
77354,12452
77355,55937
77356,55937
77357,12452
77358,12452
77359,12452
77360,16613
77362,55937
77363,12452
77364,16613
77365,12452
77367,12452
77368,16613
77369,16613
77371,16613
77372,12452
77373,12452
77374,16613
77375,12452
77376,55937
77377,12452
77378,12452
77380,12452
77381,12452
77382,12452
77384,12452
77385,12452
77386,12452
77387,12452
77389,12452
77393,12452
77414,20472
77418,1892
77426,1892
77442,7752
77445,1892
77447,12452
77455,9590
77465,20472
77474,16638
77484,12452
77488,9590
77660,9668
77801,2442
77802,12452
77803,2442
77807,12452
77808,2442
77830,12452
77831,12452
77833,1892
77835,1273
77836,12452
77837,1273
77838,1273
77840,55937
77843,3940
77845,55937
77850,16146
77852,1273
77853,1273
77856,16146
77857,1273
77859,1273
77861,12452
77863,1273
77864,55937
77865,16146
77866,12452
77867,55937
77868,1892
77871,12452
77872,12452
77873,55937
77875,12452
77876,12452
77878,1273
77879,1273
77880,12452
77954,7752
77957,7752
77963,10009
77964,19806
77968,9590
77969,9590
77975,7752
77984,7752
77990,19806
77994,7752
77995,7752
78004,1175
78006,1175
78007,10009
78009,16604
78010,3282
78013,1175
78014,10009
78015,1175
78016,12268
78021,10009
78022,13830
78023,1175
78024,1175
78025,1175
78027,1175
78028,1175
78039,12268
78045,16057
78052,10009
78056,16604
78057,12268
78058,1175
78059,10009
78061,12268
78063,16604
78064,10009
78065,10009
78066,1175
78069,16604
78070,14626
78071,10009
78072,10009
78073,10009
78101,16604
78108,7752
78111,19806
78112,16604
78113,7752
78114,6427
78116,10009
78118,10009
78119,10009
78121,7752
78124,16604
78130,1892
78132,7752
78140,10009
78141,10009
78148,7752
78151,10009
78152,16604
78154,7752
78155,1892
78159,19806
78160,7752
78163,1175
78164,10009
78223,16604
78253,1175
78264,10009
78353,12268
78355,13830
78357,12268
78372,13830
78377,16627
78383,13830
78385,13830
78521,11501
78526,2409
78536,11501
78566,2409
78582,11501
78586,11501
78588,12268
78605,1273
78606,3282
78607,3282
78608,1273
78609,3282
78610,1015
78611,3282
78613,1015
78617,1015
78621,1273
78624,14626
78626,14626
78628,1273
78629,7752
78630,1273
78631,14626
78632,1892
78633,1273
78636,3282
78638,1892
78639,14626
78640,14626
78641,1273
78642,1273
78643,3282
78644,1892
78645,1015
78646,14626
78648,1892
78650,1273
78652,1015
78653,1892
78654,3282
78655,1892
78656,1892
78657,3282
78660,1273
78663,3282
78666,1892
78669,14626
78671,3282
78672,3282
78675,14626
78681,1015
78717,1015
78719,1015
78726,14626
78727,1273
78728,1015
78729,1015
78730,1015
78732,1015
78734,1015
78735,1015
78736,1015
78738,1015
78739,1015
78744,1015
78747,1015
78748,14626
78749,1015
78750,1015
78759,1015
78801,16057
78802,1175
78827,12268
78828,1175
78832,16057
78833,14626
78834,12268
78836,12268
78837,14626
78838,12268
78839,16057
78840,14626
78851,16057
78861,1175
78871,16057
78872,12268
78877,12268
78880,16057
78881,1175
78884,1175
78931,1892
78932,1892
78933,1892
78934,20472
78940,1892
78941,1892
78942,1892
78944,1892
78945,1892
78946,1273
78947,55982
78949,1892
78950,1892
78953,1892
78954,1892
78957,1892
78959,1892
78962,16638
79001,4939
79005,13757
79007,13757
79009,1169
79010,16063
79011,13757
79013,16063
79014,13757
79015,4939
79018,16063
79019,11014
79022,16063
79024,17718
79027,17718
79029,17718
79031,1169
79034,13757
79035,17718
79036,16063
79039,7561
79040,13757
79041,17561
79042,7561
79044,16063
79045,4939
79046,13757
79052,11014
79056,13757
79057,7561
79058,17718
79059,17718
79061,7561
79062,13757
79063,4939
79064,10625
79065,7561
79070,19160
79072,17718
79079,7561
79080,13757
79081,13757
79082,1169
79083,16063
79084,19160
79085,17718
79086,16063
79087,16063
79088,11014
79092,16063
79093,17718
79094,7561
79095,7561
79096,17698
79097,13757
79108,16063
79201,17561
79226,7561
79230,7561
79233,11014
79235,11014
79237,11014
79239,7561
79240,7561
79241,11014
79243,17561
79244,17561
79245,7561
79250,11014
79251,17698
79252,7561
79256,11014
79257,7561
79259,17698
79261,17698
79311,11014
79312,10625
79313,10625
79314,10817
79316,17718
79322,11014
79323,10817
79324,10625
79325,17718
79329,17561
79330,1591
79331,11364
79336,11364
79339,10625
79342,11364
79343,17718
79345,11364
79346,1169
79347,17718
79351,11364
79355,10817
79356,1591
79357,11014
79358,11364
79359,11364
79360,10817
79363,17561
79364,17561
79366,17561
79370,11014
79371,10625
79373,1591
79376,11364
79379,17718
79381,17561
79382,11364
79401,11292
79403,17718
79404,11292
79407,10625
79411,11292
79412,11292
79413,11292
79414,11292
79415,17718
79416,17561
79423,11292
79424,17561
79502,1591
79506,4146
79517,1591
79528,1591
79532,1591
79536,27369
79540,1591
79541,4295
79545,1591
79546,1591
79549,1591
79556,27369
79561,1591
79601,1591
79714,11364
79720,1591
79735,16057
79738,1591
79781,16057
79839,5701
79847,17718
79848,16057
79851,5701
79855,5701
79938,5701
80015,9336
80016,9336
80022,19499
80023,15466
80026,15466
80101,13058
80102,9336
80103,9336
80104,13058
80105,13058
80106,9336
80107,9336
80108,9336
80111,9336
80112,9336
80116,9336
80117,9336
80118,9336
80125,9336
80127,9336
80132,9336
80133,9336
80134,9336
80135,9336
80136,12860
80137,15466
80138,9336
80229,15466
80233,15466
80241,15466
80249,15466
80301,15257
80302,15257
80303,15466
80304,15466
80401,15466
80403,19499
80420,9336
80421,9336
80422,19499
80423,21081
80424,9336
80426,15466
80428,13050
80430,13050
80433,9336
80435,9336
80436,15466
80438,15466
80439,9336
80440,9336
80446,13050
80447,15466
80448,9336
80452,9336
80455,15466
80456,9336
80459,13050
80461,9336
80463,13050
80465,9336
80466,13050
80467,13050
80468,15466
80470,9336
80477,15466
80479,15466
80480,13050
80481,13050
80482,13050
80487,13050
80498,13050
80501,11187
80503,11187
80504,11187
80510,13050
80512,13050
80513,15257
80515,15257
80516,15466
80517,15257
80521,6604
80524,6604
80525,15257
80526,11256
80528,6604
80534,19499
80535,15257
80536,15257
80537,15466
80538,15466
80540,13050
80542,15257
80543,15257
80545,13050
80547,15257
80549,15257
80550,15257
80602,15466
80603,15466
80610,19499
80611,15466
80612,15257
80615,15257
80620,15466
80624,12860
80631,15257
80634,15466
80640,15466
80642,9336
80643,9336
80644,12860
80645,15466
80648,27058
80650,15466
80651,15466
80701,6610
80720,21075
80722,8570
80723,12860
80728,12860
80729,27058
80733,8570
80736,27058
80740,13058
80741,8570
80742,8570
80743,21075
80745,8570
80747,8570
80751,27058
80754,12860
80757,9336
80758,8570
80759,21075
80801,21075
80802,10066
80804,10066
80807,21075
80808,17592
80809,9336
80810,10066
80812,10066
80813,56146
80814,9336
80815,10066
80816,9336
80817,6638
80818,13058
80820,9336
80821,10066
80822,10066
80823,13058
80824,10066
80825,10066
80829,56146
80831,3989
80833,13058
80834,10066
80840,13058
80862,10066
80863,9336
80864,13058
80902,56146
80904,3989
80906,3989
80908,13058
80910,56146
80911,3989
80913,3989
80915,3989
80916,3989
80917,3989
80918,3989
80919,56146
80920,3989
80921,3989
80922,3989
80923,3989
80924,3989
80925,56146
80926,13058
80927,3989
80928,13058
80929,13058
80938,3989
80939,3989
80951,3989
81001,13058
81004,16616
81005,16616
81006,13058
81007,13058
81008,16616
81019,16616
81021,13058
81022,16616
81023,16616
81025,13058
81027,17715
81029,17592
81036,10066
81039,56146
81040,56146
81044,17592
81045,10066
81047,20510
81049,16616
81050,17592
81052,17592
81054,17592
81055,16616
81057,17592
81059,16616
81062,17592
81063,17592
81064,17592
81067,16616
81069,16616
81071,17592
81073,56146
81076,17592
81089,56146
81090,19160
81091,15466
81101,15466
81120,16603
81122,15466
81123,15466
81125,56146
81128,15466
81130,10539
81131,56146
81132,16603
81133,15466
81136,15466
81138,15466
81140,15466
81143,15466
81144,15466
81146,56146
81147,10539
81149,15466
81151,15466
81152,15466
81154,15466
81155,15466
81201,9336
81211,9336
81212,9336
81220,16622
81222,15466
81223,15466
81226,16616
81228,15466
81230,15466
81233,15466
81235,5086
81243,16622
81251,9336
81252,15466
81253,56146
81301,16622
81320,5862
81324,5862
81325,5862
81326,10539
81328,5862
81332,5862
81401,5086
81403,5086
81411,15466
81413,7563
81416,5086
81418,15466
81419,15466
81424,5086
81425,5086
81429,15466
81430,5862
81432,5086
81433,16622
81434,15466
81435,5862
81501,7563
81503,7563
81504,15466
81505,7563
81506,7563
81507,7563
81520,7563
81521,7563
81522,15466
81523,15466
81524,7563
81525,7563
81526,7563
81527,15466
81601,8773
81610,12866
81611,8773
81620,8773
81621,8773
81623,5086
81624,5086
81625,20576
81626,12866
81630,8773
81631,8773
81632,8773
81633,20576
81635,7563
81637,8773
81638,15466
81639,15466
81640,20576
81641,20576
81642,8773
81645,8773
81647,8773
81648,12866
81650,8773
81652,8773
81654,8773
81657,8773
82001,3461
82007,3461
82009,27058
82052,3461
82059,3461
82070,3461
82072,3461
82190,12825
82301,8566
82321,21081
82323,14354
82325,14354
82327,8566
82329,8566
82332,14354
82334,14354
82401,8566
82414,11273
82421,12825
82426,14354
82431,12825
82432,14354
82433,8566
82435,12825
82441,12825
82442,19156
82443,14354
82501,8566
82512,8566
82513,11273
82516,8566
82520,8566
82523,8566
82601,14354
82604,8566
82609,8566
82620,8566
82633,14354
82637,8566
82639,8566
82642,14354
82649,8566
82701,19156
82716,19156
82718,14354
82720,19156
82723,19156
82730,19156
82801,12199
82832,12199
82834,12199
82835,12825
82836,12199
82838,19156
82839,12825
82844,12199
82901,14354
82925,8566
82942,14354
83001,8566
83012,11273
83013,8566
83014,6169
83110,11273
83112,11273
83113,11273
83115,11273
83126,11273
83213,9191
83214,14354
83217,9191
83221,9191
83236,9191
83238,11273
83243,9191
83244,14354
83245,9191
83250,9191
83251,9191
83252,9191
83253,9191
83254,11273
83274,11273
83276,11273
83278,9191
83311,9191
83318,9191
83323,9191
83336,9191
83340,9191
83342,22814
83346,9191
83350,19502
83401,9187
83402,9187
83404,9187
83414,6169
83420,6169
83422,6169
83424,6169
83427,11273
83428,6169
83436,6169
83443,14354
83445,6169
83446,6169
83449,6169
83452,6169
83455,6169
83464,9191
83467,9191
83501,14354
83522,14354
83542,14354
83546,12692
83549,9191
83554,20169
83623,9191
83637,9191
83801,10454
83803,10454
83804,8699
83808,10454
83809,13758
83810,10454
83811,10454
83813,20169
83814,10454
83815,10454
83816,10454
83822,8699
83825,20169
83833,10454
83835,10454
83836,13758
83839,10454
83840,13758
83841,13758
83842,10454
83846,13758
83850,10454
83851,10454
83852,20169
83854,8699
83856,8699
83858,20169
83860,13758
83861,10454
83864,13758
83869,10454
83873,13758
83876,20169
83877,20169
84003,10879
84010,14354
84014,2010
84017,12866
84020,14354
84021,12866
84022,13073
84023,12866
84027,12866
84031,12866
84032,12866
84035,12866
84036,12866
84043,10879
84045,10879
84046,14354
84047,13137
84052,12866
84054,2010
84058,14354
84063,12866
84065,10879
84078,12866
84082,12866
84083,13073
84084,13137
84087,2010
84097,14354
84107,13137
84117,13137
84121,13137
84123,14354
84313,14354
84318,11135
84321,14354
84329,14354
84332,11135
84335,11135
84339,11135
84341,11135
84511,5862
84512,13314
84522,6957
84525,6957
84530,14354
84531,13314
84533,6957
84534,5862
84535,5862
84536,13314
84601,14354
84604,15444
84606,15444
84628,13073
84635,13073
84651,14354
84653,18206
84655,14354
84660,17732
84663,12866
84664,17845
84701,6957
84712,6957
84714,40165
84716,14354
84719,6957
84720,14354
84721,14354
84722,40165
84726,6957
84728,13073
84729,6957
84733,14354
84734,6957
84735,6957
84737,6957
84738,17874
84740,6957
84741,6957
84743,6957
84744,14354
84747,6957
84750,6957
84753,14354
84754,6957
84755,6957
84759,6957
84760,6957
84762,6957
84765,14354
84767,6957
84770,40165
84773,6957
84775,6957
84780,6957
84781,14354
84782,14354
84784,6957
84790,14354
85003,803
85004,803
85007,803
85008,803
85009,803
85012,803
85013,16572
85014,16572
85015,803
85016,803
85017,803
85018,803
85020,803
85021,16572
85029,16572
85034,803
85037,803
85053,803
85118,803
85120,12351
85121,16572
85122,15048
85123,803
85128,803
85130,15048
85131,19604
85132,803
85138,19604
85139,803
85142,12351
85145,19189
85147,16572
85172,803
85192,803
85193,803
85194,803
85201,12351
85202,12351
85203,16572
85204,16572
85205,12351
85206,12351
85207,12351
85208,12351
85209,12351
85210,16572
85212,12351
85213,12351
85215,16572
85216,16572
85224,12351
85225,12351
85233,12351
85234,16572
85248,803
85250,803
85251,803
85253,16572
85255,803
85256,803
85257,803
85258,803
85259,16572
85260,803
85262,803
85263,803
85274,12351
85277,12351
85281,803
85282,12351
85283,12351
85297,16572
85304,803
85305,16572
85306,803
85307,803
85308,803
85321,803
85323,803
85329,803
85331,16572
85339,16572
85344,803
85345,803
85353,16572
85357,803
85360,21538
85377,803
85381,803
85382,803
85392,803
85501,803
85502,803
85533,12919
85540,12919
85541,803
85545,803
85553,16572
85601,19189
85602,803
85603,18280
85607,803
85611,803
85614,19189
85615,803
85617,803
85618,803
85619,19189
85622,19189
85623,803
85624,18280
85629,19189
85631,803
85635,18280
85637,18280
85638,803
85640,19189
85641,18280
85643,803
85645,19189
85646,19189
85648,19728
85650,18280
85653,803
85658,24211
85718,19189
85735,24211
85737,19189
85739,803
85742,19189
85743,24211
85745,19189
85746,19189
85747,19189
85749,24211
85750,19189
85755,19189
85757,19189
85901,803
85912,803
85923,803
85924,803
85928,803
85929,803
85930,803
85931,13318
85933,803
85934,803
85935,803
85937,803
85940,803
86001,803
86003,13314
86004,803
86016,803
86020,803
86022,6957
86023,803
86025,803
86028,803
86030,803
86031,803
86032,803
86034,803
86035,13314
86036,13314
86040,6957
86042,803
86044,13314
86045,803
86046,803
86047,803
86305,803
86321,19728
86322,803
86333,803
86401,803
86404,21538
86406,803
86409,19728
86411,19728
86426,21538
86429,21538
86434,803
86436,19728
86437,6957
86440,19728
86442,21538
86444,19728
86502,13314
86506,13314
86510,803
87001,9699
87002,3273
87004,9699
87006,4265
87008,3273
87010,9699
87013,4265
87015,3273
87016,3273
87018,9699
87020,13314
87023,3273
87025,9699
87029,13314
87031,15473
87035,3273
87041,9699
87042,3273
87043,3273
87045,4265
87047,3273
87052,9699
87053,4265
87059,3273
87062,3273
87064,9699
87068,3273
87083,15473
87105,3273
87114,4265
87120,4265
87121,4265
87122,3273
87124,4265
87144,4265
87301,4265
87302,4265
87311,4265
87312,13314
87313,4265
87316,4265
87322,4265
87323,13314
87326,4265
87327,4265
87347,4265
87357,4265
87365,4265
87401,6204
87410,9699
87412,9699
87413,13314
87501,9699
87506,9699
87507,9699
87508,9699
87510,10378
87512,10378
87515,9699
87516,9699
87518,9699
87525,10378
87530,10378
87531,9699
87532,9699
87537,9699
87539,9699
87544,9699
87548,9699
87549,9699
87553,10378
87558,10378
87571,10378
87574,9699
87576,9699
87578,9699
87579,9699
87710,10378
87718,10378
87722,17826
87723,9699
87733,6198
87740,17826
87743,17826
87746,6198
87747,17715
87832,3273
87901,5701
88012,14224
88025,13318
88030,5701
88039,15473
88051,13318
88081,16057
88101,22690
88114,10817
88116,10817
88118,6198
88119,3273
88125,10817
88130,6198
88135,22690
88136,6198
88201,3273
88203,14224
88210,14224
88211,3287
88213,3287
88220,16057
88230,3287
88232,17718
88240,17718
88242,10817
88250,3287
88253,17718
88256,16057
88260,3287
88267,22690
88301,3273
88310,5701
88312,14224
88317,14224
88318,3273
88330,5701
88337,14224
88338,3273
88340,14224
88341,14224
88344,14224
88345,14224
88346,14224
88351,3273
88352,15473
88401,6198
88410,17715
88414,17826
88415,15473
88416,6198
88418,17715
88419,17715
88422,17715
88424,17715
88426,17718
88430,6198
88435,3273
88439,6198
89001,13407
89002,2008
89003,13073
89005,2008
89010,17166
89013,17166
89019,13407
89020,13073
89022,13073
89045,13073
89047,19840
89049,17166
89060,13407
89115,14245
89124,13407
89135,13407
89161,19840
89412,17166
89415,17166
89419,17166
89422,19840
89445,18260
89510,17166
89801,13073
89815,13073
89821,13073
89822,13073
89825,20332
89828,13073
89830,20332
89833,13073
89835,13073
89883,13073
90001,11208
90002,11208
90011,11208
90023,11208
90027,2507
90032,11208
90033,11208
90039,7294
90040,17609
90041,7294
90042,11208
90043,11208
90044,11208
90045,11208
90047,11208
90056,11208
90058,11208
90059,11208
90061,11208
90063,11208
90065,7294
90068,2507
90245,11208
90247,17609
90248,11208
90255,17609
90265,11208
90270,17609
90272,11208
90275,11208
90290,11208
90293,11208
90301,11208
90302,11208
90304,11208
90305,11208
90501,11208
90502,11208
90620,590
90621,590
90630,590
90680,590
90710,17609
90717,11208
90731,11208
90732,11208
90744,11208
90745,17609
90802,11208
90810,11208
90813,11208
91001,14534
91006,14534
91010,17609
91011,7294
91020,11208
91024,14534
91030,11208
91040,17609
91042,11208
91103,7294
91104,14534
91105,7294
91106,14534
91107,17609
91108,14534
91201,7294
91202,11208
91204,7294
91205,7294
91206,17609
91208,2507
91214,7294
91302,11208
91304,11208
91307,11208
91311,11208
91321,11208
91326,11208
91331,17609
91342,11208
91344,11208
91352,2507
91356,11208
91364,11208
91367,11208
91501,2507
91502,2507
91504,2507
91505,11208
91506,2507
91601,2507
91602,2507
91605,2507
91606,2507
91702,1050
91706,1050
91722,1050
91741,17609
91754,11208
91801,11208
91803,17609
91934,16609
92004,9216
92025,5969
92026,5969
92027,5969
92028,16609
92029,5969
92036,9216
92059,16609
92061,17609
92069,5969
92078,5969
92082,5969
92086,16609
92201,9216
92203,9216
92210,9216
92211,9216
92225,9216
92233,9216
92239,9216
92240,9216
92241,9216
92251,9216
92252,9216
92253,17609
92259,9216
92262,17609
92266,9216
92270,9216
92274,17609
92276,9216
92277,9216
92283,17609
92284,9216
92305,17609
92308,17609
92313,4003
92314,17609
92315,17609
92316,4003
92324,55787
92328,17609
92354,17609
92356,17609
92376,4003
92384,19840
92386,17609
92389,17609
92408,4003
92410,17609
92501,16088
92503,4390
92504,16088
92505,16088
92506,17609
92507,17609
92508,16088
92509,16088
92518,55787
92530,16609
92536,16609
92539,16609
92551,17609
92553,17609
92555,17609
92557,16088
92562,17609
92571,17609
92590,16609
92592,16609
92630,16609
92637,16609
92651,16609
92653,17609
92656,16609
92675,16609
92677,16609
92679,16609
92688,16609
92691,16609
92692,17609
92694,17609
92801,590
92802,590
92804,590
92805,590
92806,590
92807,590
92808,17609
92831,590
92832,590
92833,590
92840,590
92841,590
92860,16088
92865,590
92867,590
92868,590
92870,590
92877,4390
92878,17609
92879,17609
92880,4390
92881,4390
92882,4390
92883,4390
92886,17609
92887,590
93105,14328
93117,17609
93203,14328
93212,14328
93215,17609
93219,14328
93222,14328
93225,14328
93230,14328
93243,14328
93245,14328
93250,17609
93252,14328
93254,14328
93256,14328
93262,14328
93271,11208
93272,14328
93274,14328
93280,14328
93286,14328
93291,14328
93292,14328
93306,14328
93307,14328
93308,14328
93427,14328
93436,14328
93460,14328
93463,14328
93512,17609
93513,19840
93514,19840
93517,14328
93518,14328
93522,11208
93526,11208
93527,11208
93529,14328
93530,11208
93536,14328
93545,11208
93546,14328
93549,11208
93561,14328
93602,14328
93603,14328
93604,14328
93615,14328
93618,14328
93628,11208
93631,14328
93634,14328
93642,14328
93643,17609
93647,14328
93664,11208
94005,14328
94014,14328
94015,14328
94020,14328
94022,14328
94025,14328
94028,14328
94040,14328
94043,14401
94085,16655
94086,14328
94087,14328
94089,14328
94112,14328
94124,14328
94130,207
94132,14328
94133,14328
94134,14328
94301,14328
94303,14328
94304,14328
94305,14401
94306,14401
94501,207
95014,14328
95033,14328
95050,14328
95051,14328
95054,16655
95070,14401
95110,16655
95126,14328
95128,14328
95129,14328
95134,14328
95215,14328
95220,11124
95228,14328
95230,12745
95236,14328
95240,11124
95242,11124
95252,12745
95301,12312
95303,12312
95304,12745
95307,12745
95313,14328
95316,14328
95320,12745
95323,12745
95324,14328
95326,12745
95327,12745
95329,12745
95333,12312
95334,12312
95336,12745
95337,12745
95340,12312
95341,14328
95348,12312
95351,12745
95356,12745
95357,12745
95358,12745
95360,19281
95361,12745
95363,14328
95364,14328
95365,12312
95366,12745
95367,14328
95368,14328
95369,12312
95374,12312
95380,14328
95385,14328
95386,19281
95388,12312
95389,14328
95525,14328
95548,14328
95555,14328
95556,14328
95568,14328
95605,16534
95610,16534
95612,16534
95615,16534
95621,16295
95626,16534
95630,14328
95632,14328
95638,14328
95639,14328
95640,14328
95641,16534
95659,14328
95661,14328
95662,16295
95668,14328
95669,14328
95677,16295
95678,14328
95682,16534
95683,16534
95690,14328
95691,16534
95728,14328
95742,16534
95746,14328
95747,14328
95762,14328
95765,16295
95776,16534
95814,16534
95818,16534
95822,16534
95831,16534
95832,14328
95833,14328
95834,16534
95836,14328
95837,14328
95843,16534
95959,14328
96001,15783
96003,15783
96006,14354
96009,18260
96010,14354
96011,14328
96013,14328
96015,14354
96019,14328
96028,14328
96031,14328
96033,14328
96039,14328
96051,14328
96052,14328
96054,14328
96056,14328
96058,14328
96065,14328
96101,18260
96104,14354
96107,14328
96108,14354
96112,18260
96115,14354
96118,14328
96119,18260
96120,57483
96124,57483
96125,14328
96126,14328
96130,18260
96134,14354
96141,57483
96142,57483
96146,57483
96150,57483
96161,14328
97016,14354
97021,13788
97028,15248
97031,13788
97037,13788
97041,14354
97048,28541
97049,15248
97051,40438
97053,40438
97054,40438
97056,40438
97058,13788
97065,13788
97101,12187
97102,14354
97108,15248
97111,18917
97112,18917
97114,15248
97116,15248
97117,15248
97119,18917
97122,15248
97128,12187
97131,14354
97133,15248
97138,14354
97141,15248
97144,18917
97148,18917
97149,18917
97231,40438
97301,16555
97302,16555
97303,16555
97304,14354
97305,16555
97306,15248
97317,15248
97325,15248
97327,40437
97329,4743
97330,4743
97333,14354
97338,4743
97341,4743
97344,4743
97345,6022
97346,4743
97347,18917
97348,14354
97350,14354
97351,15248
97352,15248
97355,4743
97357,14354
97358,4743
97360,14354
97361,14354
97365,4743
97367,4743
97368,18917
97370,14354
97371,14354
97374,4743
97376,3264
97378,12187
97380,4743
97381,15248
97385,15248
97386,40437
97391,4743
97392,15248
97394,3264
97396,15248
97401,17839
97402,40437
97403,17839
97404,6022
97405,40437
97406,4317
97408,17839
97411,4317
97413,10681
97414,14354
97415,14354
97416,4317
97420,14354
97423,14354
97424,40437
97426,10681
97431,10681
97434,14354
97435,40437
97438,10681
97446,14354
97447,12439
97448,4743
97449,3264
97450,4317
97451,40437
97452,10681
97453,10681
97454,14354
97455,10681
97456,14354
97458,4317
97459,3264
97462,14354
97463,14354
97466,14354
97467,14354
97469,4317
97476,4317
97477,17839
97478,6022
97479,40437
97480,4743
97487,40437
97488,10681
97489,14354
97490,10681
97497,14354
97498,4743
97523,14354
97532,4317
97534,14354
97538,4317
97620,18260
97621,18260
97624,12439
97630,18260
97635,18260
97636,14354
97638,3240
97640,18260
97701,3240
97702,14354
97707,14354
97711,14354
97720,14109
97730,4743
97731,14354
97733,12439
97734,4743
97738,3240
97739,10681
97741,14354
97751,3240
97753,3240
97754,14354
97756,3240
97759,3240
97760,3240
97801,19325
97810,19325
97813,14354
97814,9191
97817,9191
97818,19325
97819,9191
97820,3240
97824,14354
97825,14109
97826,14354
97827,14109
97828,4041
97834,14109
97835,14354
97837,9191
97838,14354
97840,9191
97842,9191
97843,14354
97844,14354
97846,9191
97850,14109
97857,14109
97859,14354
97862,4041
97868,19325
97869,9191
97870,9191
97875,14354
97876,14109
97882,14354
97883,14109
97885,14109
97886,14109
97904,14109
98003,15500
98004,15500
98011,15500
98019,15500
98020,16868
98021,15500
98022,1625
98023,15500
98026,16868
98028,15500
98033,15500
98034,15500
98036,16868
98039,15500
98040,15500
98043,16868
98072,15500
98077,15500
98106,16868
98108,16868
98112,16868
98118,15500
98122,15500
98126,15500
98133,17470
98146,15500
98155,16868
98168,15500
98177,16868
98178,15500
98221,15500
98223,15500
98224,15500
98237,15500
98241,3413
98244,15500
98251,17470
98267,14055
98272,15500
98273,15500
98274,17470
98283,17470
98288,3413
98292,17470
98296,17470
98303,14668
98312,15419
98320,3644
98328,18429
98329,15500
98332,15500
98338,15500
98349,15500
98351,14668
98354,15500
98355,15500
98359,14668
98361,1625
98362,3644
98363,15231
98367,15500
98368,15500
98371,18429
98373,5832
98374,15500
98375,5832
98376,15500
98377,4442
98380,15500
98382,15500
98387,18429
98388,18429
98406,18429
98407,18429
98409,18429
98422,18429
98424,18429
98443,18429
98444,15500
98445,5832
98446,5832
98466,18429
98467,14668
98498,10627
98499,18429
98502,15419
98512,15500
98520,14324
98524,14668
98528,15500
98530,10944
98531,15500
98532,14324
98533,15500
98537,14324
98538,4442
98541,7548
98547,7548
98557,7548
98560,7548
98563,7548
98564,10944
98568,10944
98570,15500
98572,10944
98575,7548
98576,15500
98577,7548
98579,7548
98580,15500
98581,10944
98584,15500
98588,15500
98589,10944
98591,10944
98593,4442
98596,10944
98597,15500
98601,3660
98603,3660
98605,1625
98611,4442
98612,4442
98616,3660
98619,1625
98620,1625
98632,10944
98647,14324
98649,10944
98650,1625
98674,4442
98801,3413
98802,3413
98812,14055
98813,14055
98814,3413
98815,3413
98816,3413
98817,3413
98822,3413
98823,5326
98826,17470
98828,3413
98830,14624
98831,14055
98832,1723
98833,3413
98840,5326
98843,3413
98845,5326
98846,3413
98847,3413
98848,5326
98850,3413
98851,5326
98852,3413
98856,3413
98857,1723
98858,14055
98901,15500
98903,1625
98908,14354
98922,1625
98923,1625
98926,14624
98930,14354
98932,1625
98935,1625
98936,14354
98937,1625
98938,14354
98942,14354
98944,14624
98947,1625
98948,1625
98952,10393
99001,20169
99004,8699
99005,8699
99006,8699
99008,8699
99009,8699
99011,8699
99012,10454
99013,20169
99014,8699
99016,8699
99017,1723
99018,20169
99019,20169
99020,8699
99021,8699
99022,20169
99023,20169
99025,8699
99026,8699
99027,20169
99029,20169
99030,20169
99031,20169
99032,20169
99033,20169
99034,8699
99036,8699
99037,20169
99039,8699
99040,8699
99102,20169
99103,20169
99105,1723
99109,14653
99110,20169
99111,20169
99113,8699
99114,14653
99115,5326
99116,5326
99117,8699
99119,20169
99122,8699
99123,14624
99125,20169
99128,8699
99129,8699
99130,8699
99133,5326
99134,8699
99135,14624
99136,8699
99138,20169
99139,20169
99140,8699
99143,4041
99144,20169
99147,20169
99148,20169
99149,8699
99153,14653
99154,20169
99156,10454
99158,20169
99159,8699
99161,8699
99163,8699
99169,20169
99170,8699
99171,8699
99174,8699
99176,8699
99180,20169
99185,8699
99201,12744
99205,20169
99206,19784
99207,20169
99208,20169
99212,20169
99214,8699
99215,8699
99216,8699
99217,8699
99218,20169
99219,20169
99223,8699
99224,8699
99228,8699
99251,8699
99301,1579
99320,14624
99322,1625
99323,1579
99326,6716
99328,1723
99330,1723
99333,20169
99335,20169
99336,6716
99337,1625
99338,1579
99341,1723
99343,14624
99344,6716
99345,1579
99346,1579
99347,14354
99348,14354
99349,1579
99350,1625
99352,1579
99353,1579
99354,15979
99356,10393
99357,14624
99360,4041
99361,14354
99362,14354
99371,1723
99402,8699
99403,20169
99501,3522
99502,3522
99503,3522
99505,11824
99506,3522
99507,11824
99513,11824
99515,3522
99516,3522
99518,3522
99540,3522
99567,3522
99574,3522
99577,3522
99587,3522
99605,3522
99611,3522
99623,3522
99631,3522
99645,11824
99672,19558
99676,7353
99683,11824
99730,221
99737,7353
99738,219
99752,221
99756,7353
99760,221
99901,10210
