ORIS Code,Last Verified,Organization,Facility Name,City,County,State,Zip,TAP Region,SIC Code,NAICS Code,OpYear,Latest Install Year,Capacity (kW),Status,CHP Fuel,CHP Prime Mover,Electric Utility,Sales to Utility,Owner Type
50711,1/28/2026,University of Alaska-Fairbanks,University of Alaska Fairbanks,Fairbanks,Fairbanks North Star,AK,99709,Northwest,8220,61131,2020,2020,17000,Operational,Coal,Boiler/Steam Turbine,Golden Valley Elec Assn Inc,Yes,Utility
57052,11/7/2023,Alaska Village Electric Cooperative,"Savoonga, Alaska",Savoonga,Nome,AK,99769,Northwest,,,2008,2008,1670,Operational,Fuel Oil,Reciprocating Engine,"Alaska Village Elec Coop, Inc",Yes,Utility
57067,11/8/2023,Alaska Village Electric Cooperative,"Toksook Bay, Alaska",Toksook Bay,Bethel,AK,99637,Northwest,,,2005,2005,1300,Operational,Diesel,Reciprocating Engine,"Alaska Village Elec Coop, Inc",Yes,Utility
50392,5/11/2022,U.S. Military,"Eielson AFB, SE of Fairbanks",Fairbanks,Fairbanks North Star,AK,99702,Northwest,9711,928110,1955,1987,20000,Operational,Coal,Boiler/Steam Turbine,Golden Valley Elec Assn Inc,No,End User
50308,5/11/2022,U.S. Military,Fort Wainwright,Wainwright,North Slope,AK,99703,Northwest,9711,928110,1955,1989,20000,Operational,Coal,Boiler/Steam Turbine,,No,Unknown
58199,1/29/2026,Arizona State University,Arizona State University,Tempe,Maricopa,AZ,85281,Western,8220,61131,2006,2019,17100,Operational,Natural Gas,Combined Cycle,Salt River Project,No,End User
58914,1/28/2025,U.S. Military,"Twenty-nine Palms Marine Corps Air Ground Combat Center, Twenty-nine Palms",Twentynine Palms,San Bernardino,CA,92277,Western,9711,928110,2003,2013,16400,Operational,Natural Gas,Combustion Turbine,Southern California Edison,Yes,End User
57584,2/7/2024,University of California-San Diego,UC San Diego Microgrid,San Diego,San Diego,CA,92093,Western,8220,61131,2001,2013,32800,Operational,Natural Gas,Combustion Turbine,San Diego Gas & Electric,Yes,End User
58625,8/6/2024,Alameda County,"Alameda County’s Santa Rita Jail Microgrid, Dublin",Dublin,Alameda,CA,94568,Western,,9221,2016,2016,1400,Operational,Natural Gas,Fuel Cell,Pacific Gas & Electric,,Community
57122,1/29/2026,University of California-Irvine,University of California Irvine (UCI) Microgrid,Irvine,Orange,CA,92612,Western,8220,61131,2006,2006,19500,Operational,Natural Gas,Combined Cycle,Southern California Edison,,End User
58960,1/26/2026,City of Santa Rosa,"Laguna Wastewater Treatment Plant Microgrid, Santa Rosa",Santa Rosa,Sonoma,CA,95407,Western,4952,221320,2018,2018,2200,Operational,Biogas,Reciprocating Engine,Pacific Gas & Electric,No,Community
58158,1/28/2025,Wesleyan University,"Wesleyan University, Middletown",Middletown,Middlesex,CT,06457,New England,8220,61131,2009,2014,3076,Operational,Natural Gas,Reciprocating Engine,Connecticut Light & Power,,End User
56928,1/26/2026,Fairfield University,"Fairfield University, Fairfield",Fairfield,Fairfield,CT,06824,New England,8220,61131,2007,2007,4600,Operational,Natural Gas,Combustion Turbine,Connecticut Light & Power,,End User
63438,1/26/2026,University of Bridgeport,University of Bridgeport,Bridgeport,Fairfield,CT,06604,New England,8220,61131,2016,2016,1400,Operational,Natural Gas,Fuel Cell,United Illuminating,,Mixed
56518,1/28/2025,University of Florida / Gainesville Regional Utilities,GRU South Energy Center / UF Shands Hospital,Gainesville,Alachua,FL,32601,Southeast,8220,61131,2007,2018,11500,Operational,Natural Gas,Reciprocating Engine,Gainesville Regional Utilities,,Utility
1594,8/22/2024,Harvard University,Harvard University,Cambridge,Middlesex,MA,02139,New England,8220,61131,2003,2015,13300,Operational,Natural Gas,Combustion Turbine,Massachusetts Electric Co,No,End User
54937,1/28/2025,Wellesley College,Wellesley College,Wellesley,Norfolk,MA,02481,New England,8220,61131,1985,2021,6800,Operational,Natural Gas,Reciprocating Engine,NSTAR Electric Company,Yes,End User
54907,1/26/2026,Massachusetts Institute of Technology,MIT Microgrid,Cambridge,Middlesex,MA,02139,New England,8220,61131,2021,2021,43400,Operational,Natural Gas,Combustion Turbine,NSTAR Electric Company,Yes,End User
10883,1/27/2026,MATEP (Medical Area Total Energy Plant),Longwood Medical Area Microgrid,Boston,Suffolk,MA,02120,New England,8062,62211,1980,2017,60800,Operational,Natural Gas,Combustion Turbine,NSTAR Electric Company,Yes,Mixed
54228,1/26/2026,Erving Paper Mills Inc.,Erving Paper Mills Inc.,Erving,Franklin,MA,01344,New England,,3221,2013,2015,6720,Operational,Natural Gas,Combustion Turbine,Massachusetts Electric Co,Yes,End User
58207,8/22/2024,U.S. Food & Drug Administration,"FDA Campus, White Oak",White Oak,Montgomery,MD,20903,Mid-Atlantic,,923120,2003,2014,52000,Operational,Natural Gas,Combined Cycle,Potomac Electric Power,No,End User
10328,1/26/2026,Michigan State University,"Michigan State University, East Lansing",East Lansing,Ingham,MI,48910,Midwest,8220,61131,1965,2022,127900,Operational,Natural Gas,Boiler/Steam Turbine,Consumers Energy,Yes,End User
58161,,Western Michigan University,"Western Michigan University, Kalamazoo",Kalamazoo,Kalamazoo,MI,49007,Midwest,8220,61131,1992,1997,21173,Operational,Natural Gas,Combustion Turbine,Consumers Energy,,End User
59093,,City of Holland  Board of Public Works,Holland Energy Park,Holland,Ottawa,MI,49423,Midwest,,,2017,2017,145000,Operational,Natural Gas,Combined Cycle,Holland Board of Public Works,Yes,Unknown
58165,1/26/2026,The College of New Jersey,"The College of New Jersey, Ewing",Ewing,Mercer,NJ,08618,New York-New Jersey,8220,61131,1999,2009,5800,Operational,Natural Gas,Combustion Turbine,Public Service Electric & Gas,,End User
58584,7/17/2024,Princeton University,Princeton University Microgrid,Princeton,Mercer,NJ,08540,New York-New Jersey,8220,61131,2012,2012,15000,Operational,Natural Gas,Combustion Turbine,Public Service Electric & Gas,No,End User
63501,1/28/2025,Montclair State University,Montclair State University,Montclair,Essex,NJ,07424,New York-New Jersey,8220,61131,2013,2017,11800,Operational,Natural Gas,Combustion Turbine,Public Service Electric & Gas,Yes,End User
61822,7/2/2024,NRG Energy Center Princeton / Princeton Healthcare,University Medical Center of Princeton at Plainsboro Microgrid,Plainsboro,Middlesex,NJ,08619,New York-New Jersey,8062,62211,2010,2010,4500,Operational,Natural Gas,Combustion Turbine,Public Service Electric & Gas,,3rd Party
50136,1/26/2026,Long Island Home,South Oaks Hospital,Amityville,Suffolk,NY,11701,New York-New Jersey,8062,62211,2007,2007,1250,Operational,Natural Gas,Reciprocating Engine,Consolidated Edison,Yes,End User
62920,1/26/2026,Burrstone LLC,"Burrstone Energy Center, Utica",Utica,Oneida,NY,13502,New York-New Jersey,8062,62211,2009,2009,3634,Operational,Natural Gas,Reciprocating Engine,National Grid,Yes,3rd Party
54808,8/26/2024,New York University,NYU/Washington Square Campus Cogeneration Plant,New York,New York,NY,10012,New York-New Jersey,8220,61131,2011,2019,13725,Operational,Natural Gas,Combustion Turbine,Consolidated Edison,Yes,End User
50368,6/18/2025,Cornell University,Cornell University Ithaca Campus,Ithaca,Tompkins,NY,14850,New York-New Jersey,8220,61131,2009,2009,30000,Operational,Natural Gas,Combustion Turbine,New York State Electric and Gas,Yes,End User
52168,8/26/2024,Co-Op City,"Co-Op City, Bronx",New York,Bronx,NY,10475,New York-New Jersey,,53111,2010,2010,40000,Operational,Natural Gas,Combined Cycle,Consolidated Edison,Yes,End User
54149,1/26/2026,,"Stony Brook University, Stony Brook",Stony Brook,Suffolk,NY,11794,New York-New Jersey,8220,61131,1995,1995,47000,Operational,Natural Gas,Combined Cycle,PSEG Long Island,Yes,End User
61488,1/29/2026,New York University,NYU Langone Medical Center,New York,New York,NY,10016,New York-New Jersey,8062,62211,2016,2016,11000,Operational,Natural Gas,Combustion Turbine,Consolidated Edison,No,End User
63236,1/26/2026,Con Edison,Kings Plaza Shopping Center,New York,Kings,NY,11234,New York-New Jersey,,531120,2007,2007,12800,Operational,Natural Gas,Reciprocating Engine,Consolidated Edison,Yes,Utility
10025,1/29/2026,RED Rochester,Eastman Business Park Microgrid,Rochester,Monroe,NY,14615,New York-New Jersey,,3,1964,2015,120400,Operational,Natural Gas,Boiler/Steam Turbine,Rochester Gas and Electric,,Unknown
58140,1/26/2026,Kent State University,Kent State University,Kent,Portage,OH,44243,Midwest,8220,61131,2003,2005,12400,Operational,Natural Gas,Combustion Turbine,,,Unknown
50118,1/27/2026,University of Texas,"University of Texas, Austin",Austin,Travis,TX,78712,Southcentral,8220,61131,1979,2010,133200,Operational,Natural Gas,Combined Cycle,Austin Energy,No,End User
56374,8/14/2024,Seton Healthcare Family,Dell Children’s Medical Center/Richard Mueller Energy Center,Austin,Travis,TX,78723,Southcentral,8062,62211,2007,2007,4300,Operational,Natural Gas,Combustion Turbine,Austin Energy,Yes,Utility
62762,1/26/2026,National Aeronautics and Space Administration,NASA Johnson Space Center,Houston,Harris,TX,77058,Southcentral,,5417,2017,2017,11900,Operational,Natural Gas,Combined Cycle,,,End User
59860,1/26/2026,ZF Energy Development LLC,HP Hood LLC,Winchester,Winchester City,VA,22602,Mid-Atlantic,,311,2016,2016,14500,Operational,Natural Gas,Combined Cycle,Shenandoah Valley Elec Coop,Yes,End User
58585,1/26/2026,Sierra Nevada,Sierra Nevada Brewing,Chico,Butte,CA,95928,Western,,31212,2016,2016,2000,Operational,Natural Gas,Microturbine,Pacific Gas & Electric,No,End User
68493,8/6/2024,University of Massachusetts,University of Massachusetts - Amherst,Amherst,Hampshire,MA,01003,New England,8220,61131,2009,2009,16000,Operational,Natural Gas,Combustion Turbine,Eversource,No,End User
61186,1/26/2026,Boston Medical Center,Yawkey Ambulatory Care Center,Boston,Suffolk,MA,02118,New England,8062,62211,2017,2017,2000,Operational,Natural Gas,Reciprocating Engine,Eversource,Yes,End User
50743,12/9/2019,Starrett City,Starrett City Power Plant,New York,Kings,NY,11239,New York-New Jersey,,53111,1974,1974,18100,Operational,Natural Gas,Boiler/Steam Turbine,Consolidated Edison,No,End User
54775,7/10/20225,University of Iowa/ Engie,University of Iowa Main Campus / The Sustainable Energy Discovery District,Iowa City,Johnson,IA,52242,Central,8220,61131,1974,2022,38800,Operational,Coal,Boiler/Steam Turbine,MidAmerican Energy,No,End User
63347,1/26/2026,Architect of the Capitol,U.S. Capitol Power Plant,Washington,District of Columbia,DC,20003,Mid-Atlantic,,921110,2018,2018,7500,Operational,Natural Gas,Combustion Turbine,Potomac Electric Power,No,End User
62289,6/24/2024,Ford Motor Company,Ford Dearborn Central Energy Plant at Ford Research & Engineering Center,Dearborn,Wayne,MI,48120,Midwest,,336110,2019,2019,34000,Operational,Natural Gas,Combined Cycle,DTE,Yes,End User
59335,8/7/2024,U.S. Military,Marine Corps Logistics Base Albany,Albany,Dougherty,GA,31704,Southeast,9711,928110,2011,2017,12500,Operational,Biogas,Reciprocating Engine,Georgia Power,No,End User
7488,11/8/2023,North Slope Borough Power Generation & Distribution,"Wainwright, Alaska",Wainwright,North Slope,AK,99782,Northwest,,,1988,1988,3190,Operational,Fuel Oil,Reciprocating Engine,North Slope Borough Power Generation & Distribution,Yes,Utility
58195,1/26/2026,Pennsylvania State University,Penn State East Campus Facility,University Park,Centre,PA,16802,Mid-Atlantic,8220,61131,2010,2010,8000,Operational,Natural Gas,Combustion Turbine,,No,End User
54372,8/14/2024,University of Colorado Boulder,University of Colorado Boulder,Boulder,Boulder,CO,80309,Upper-West,8220,61131,2012,2015,32500,Operational,Natural Gas,Combustion Turbine,Xcel Energy,Yes,Utility
63485,1/26/2026,Cordia,Duquesne University,Pittsburgh,Allegheny,PA,15282,Mid-Atlantic,8220,61131,1997,1997,5500,Operational,Natural Gas,Combustion Turbine,,No,3rd Party
50061,1/26/2026,San Diego State University,San Diego State University,San Diego,San Diego,CA,92182,Western,8220,61131,2002,2002,14400,Operational,Natural Gas,Combustion Turbine,San Diego Gas & Electric,Yes,End User
52073,1/28/2026,University of California-Los Angeles,UCLA South Campus Cogeneration Plant,Los Angeles,Los Angeles,CA,90095,Western,8220,61131,1994,1994,28500,Operational,Natural Gas,Combined Cycle,Los Angeles Department of Water and Power,No,End User
52048,5/2/2025,Vanderbilt University,Vanderbilt University,Nashville,Davidson,TN,37240,Southeast,8220,61131,2015,2017,13500,Operational,Natural Gas,Combustion Turbine,,No,End User
50431,7/10/2025,University of Michigan,University of Michigan Central Power Plant,Ann Arbor,Washtenaw,MI,48109,Midwest,8220,61131,1975,2022,50500,Operational,Natural Gas,Combined Cycle,DTE,Yes,End User
54780,8/4/2021,University of Illinois - Urbana-Champaign,University of Illinois-Urbana Champaign Abbot Power Plant,Champaign,Champaign,IL,61801,Midwest,8220,61131,1940,2004,85000,Operational,Natural Gas,Combined Cycle,,No,End User
54809,5/23/2025,University of Washington,University of Washington Power Plant,Seattle,King,WA,98195,Northwest,8220,61131,2023,2023,3000,Operational,Natural Gas,Boiler/Steam Turbine,Seattle City Light,No,End User
58201,1/26/2026,Monroe County Community College,Monroe County Community College,Rochester,Monroe,NY,14623,New York-New Jersey,8220,61131,2004,2004,5400,Operational,Natural Gas,Reciprocating Engine,Rochester Gas & Electric,,End User
58157,1/26/2026,University of Rochester,University of Rochester Power Plant,Rochester,Monroe,NY,14627,New York-New Jersey,8220,61131,2006,2006,25000,Operational,Natural Gas,Boiler/Steam Turbine,,,End User
50969,1/28/2026,University of Missouri,University of Missouri,Columbia,Boone,MO,65211,Central,8220,61131,1961,2017,68600,Operational,Natural Gas,Boiler/Steam Turbine,,No,End User
59197,11/10/2025,University of Minnesota,University of Minnesota Twin Cities,Minneapolis,Hennepin,MN,55455,Midwest,8220,61131,1998,2017,35800,Operational,Natural Gas,Combustion Turbine,,Yes,End User
58166,1/26/2026,Smith College,Smith College Microgrid,Northampton,Hampshire,MA,01063,New England,8220,61131,2008,2008,3500,Operational,Natural Gas,Combustion Turbine,,,End User
54333,8/14/2024,Bucknell University,Bucknell University,Lewisburg,Union,PA,17837,Mid-Atlantic,8220,61131,1998,1998,6000,Operational,Natural Gas,Combustion Turbine,,Yes,End User
58194,1/16/2025,Pennsylvania State University,Penn State West Campus Facility,State College,Centre,PA,16804,Mid-Atlantic,8220,61131,2017,2021,14000,Operational,Natural Gas,Combustion Turbine,,No,End User
59452,1/26/2026,Eastern Michigan University,EMU Energy Center,Ypsilanti,Washtenaw,MI,48197,Midwest,8220,61131,2018,2018,7800,Operational,Natural Gas,Combustion Turbine,DTE,No,End User
50310,1/28/2026,Pensacola Christian College,Pensacola Christian College,Pensacola,Escambia,FL,32504,Southeast,8220,61131,1988,2006,13700,Operational,Natural Gas,Reciprocating Engine,,No,End User
58181,1/26/2026,Loyola University Medical Center,University Medical Center,Maywood,Cook,IL,60153,Midwest,8062,62211,2005,2005,11000,Operational,Natural Gas,Combustion Turbine,,,End User
50087,5/27/2025,University of Massachusetts,University of Massachusetts Medical School,Shrewsbury,Worcester,MA,01545,New England,8220,6113,1974,2012,17500,Operational,Natural Gas,Boiler/Steam Turbine,,No,End User
61795,1/20/2026,Pacific Union College,Pacific Union College,Angwin,Napa,CA,94508,Western,8220,61131,2006,2006,1500,Operational,Natural Gas,Combustion Turbine,PG&E,,
50089,1/26/2026,University of San Francisco,University of San Francisco,San Francisco,San Francisco,CA,94117,Western,8220,61131,1988,1988,1500,Operational,Natural Gas,Reciprocating Engine,PG&E,No,
58185,1/26/2026,Amherst College,Amherst College,Amherst,Hampshire,MA,01002,New England,8220,61131,2009,2009,1600,Operational,Natural Gas,Combustion Turbine,,,
54201,1/26/2026,Iowa State University,Iowa State University Power Plant,Ames,Story,IA,50011,Central,8220,61131,1970,2005,39800,Operational,Natural Gas,Boiler/Steam Turbine,,No,End User
54975,1/26/2026,New Mexico State University,New Mexico State University Central Heating Plant,Las Cruces,Dona Ana,NM,88001,Southcentral,8220,61131,1996,1996,4700,Operational,Natural Gas,Combustion Turbine,El Paso Electric,No,
52052,9/23/2021,,North Shore Towers,Floral Park,Nassau,NY,11005,New York-New Jersey,,53111,2014,2014,4800,Operational,Natural Gas,Reciprocating Engine,Con Edison,No,
57504,1/29/2026,Thermal Energy Corp (TECO),Texas Medical Center,Houston,Harris,TX,77021,Southcentral,8062,62211,2010,2024,114000,Operational,Natural Gas,Combustion Turbine,,Yes,
59453,8/15/2024,Albany Medical Center,Albany Medical Center,Albany,Albany,NY,12208,New York-New Jersey,8062,62211,2020,2022,5305,Operational,Natural Gas,Reciprocating Engine,,,
58152,1/26/2026,,Danbury Hospital,Danbury,Fairfield,CT,06810,New England,8062,62211,2011,2011,4500,Operational,Natural Gas,Combustion Turbine,,,
54224,1/26/2026,Mayo Clinic,Mayo Clinic - Franklin Heating Station,Rochester,Olmstead,MN,55902,Midwest,8062,62211,1951,2021,34000,Operational,Natural Gas,Boiler/Steam Turbine,,No,
59381,1/26/2026,,Houston Methodist Hospital,Houston,Harris,TX,77303,Southcentral,8062,62211,2011,2011,4600,Operational,Natural Gas,Combustion Turbine,,,
58223,9/23/2021,,Hoag Memorial Hospital,Newport Beach,Orange,CA,92663,Western,8062,62211,2005,2014,7500,Operational,Natural Gas,Reciprocating Engine,,,
10115,1/26/2026,,Sharp Grossmont Hospital,La Mesa,San Diego,CA,92042,Western,8062,62211,2013,2013,4400,Operational,Natural Gas,Combustion Turbine,,Yes,
56339,9/23/2021,,Albemarle Hospital,Elizabeth City,Pasquotank,NC,27906,Southeast,8062,62211,2006,2006,1800,Operational,Diesel,Reciprocating Engine,,,
59794,1/26/2026,U.S. Department of Veterans Affairs,Jesse Brown VA Medical Center,Chicago,Cook,IL,60612,Midwest,8062,62211,2003,2003,3400,Operational,Natural Gas,Combustion Turbine,,,
63673,1/26/2026,,Norwalk Hospital,Norwalk,Fairfield,CT,06856,New England,8062,62211,2015,2015,3000,Operational,Natural Gas,Reciprocating Engine,,Yes,
54203,1/26/2026,Baptist Memorial Health Care,Mississippi Baptist Medical Center,Jackson,Hinds,MS,39202,Southeast,8062,62211,1991,1991,4200,Operational,Natural Gas,Combustion Turbine,,No,
10206,1/23/2025,International Power Technology,Loma Linda University Hospital,Loma Linda,San Bernardino,CA,92350,Western,8062,62211,1989,2018,11600,Operational,Fuel Oil,Reciprocating Engine,,Yes,
61238,1/23/2025,NY Presbyterian Hospital,NY Presbyterian Hospital - Weill Cornell Medical Center,New York,New York,NY,10065,New York-New Jersey,8062,62211,1997,2017,21200,Operational,Natural Gas,Combustion Turbine,,,
58507,5/23/2025,,Montefiore Medical Center Moses Campus,New York,Bronx,NY,10467,New York-New Jersey,8062,62211,1994,2001,13600,Operational,Natural Gas,Combustion Turbine,,Yes,
58198,9/23/2021,University of California - San Francisco,UC San Francisco - Medical Center / Parnassus Heights Central Utility Plant,San Francisco,San Francisco,CA,94143,Western,8062,61131,1998,1998,13400,Operational,Natural Gas,Combined Cycle,PG&E,Yes,
61675,1/29/2026,North Carolina State University,North Carolina State University Campus Utility Plants,Raleigh,Wake,NC,27695,Southeast,8220,61131,2012,2019,17700,Operational,Natural Gas,Combustion Turbine,Duke Energy,No,Customer-Owned
57138,7/1/2025,Department of Energy,DOE Savannah River Site,Aiken,Aiken,SC,29803,Southeast,,5417,2012,2012,20000,Operational,Wood,Boiler/Steam Turbine,Duke Energy,No,Government
57063,11/8/2023,Northwest Arctic Borough,"Shungnak-Kobuk, AK",Shungnak,Northwest Arctic,AK,99773,Northwest,,,1984,1998,1200,Operational,Fuel Oil,Reciprocating Engine,Alaska Village Electric Cooperative,Yes,
58159,1/26/2026,University of Connecticut,UConn Central Utility Plant,Storrs,Tolland,CT,06269,New England,8220,61131,2006,2006,24900,Operational,Natural Gas,Combined Cycle,,,
62736,1/29/2026,HARBEC Plastics,"HARBEC Plastics, Wayne Industrial Sustainability Park (WISP)",Ontario,Wayne,NY,14519,New York-New Jersey,,326199,2015,2015,520,Operational,Natural Gas,Microturbine,,,
61703,1/26/2026,Lockheed Martin,Sikorsky Stratford Facility,Stratford,Fairfield,CT,06614,New England,,336411,2011,2011,10700,Operational,Natural Gas,Combustion Turbine,,No,
54114,12/3/2025,AlphaStruxure/HyAxiom,John F. Kennedy International Airport,New York,Queens,NY,11430,New York-New Jersey,,48111,1994,2025,124960,Operational,Natural Gas,Combined Cycle,,,
57051,12/6/2023,Native Village of Noatak,Noatak Community Microgrid,Noatak,Northwest Arctic,AK,99752,Northwest,,,2008,2022,1300,Operational,Diesel,Reciprocating Engine,Alaska Village Electric Cooperative,Yes,
6555,8/24/2023,McGrath Alaska,McGrath Microgrid,McGrath,Yukon-Koyukuk,AK,99627,Northwest,,,1988,2012,3380,Operational,Diesel,Reciprocating Engine,McGrath Light and Power,Yes,
65898,1/26/2026,Unison Energy / Marriott International,Gaylord Rockies Resort & Convention Center,Aurora,Adams,CO,80019,Upper-West,,7211,2022,2022,4016,Operational,Natural Gas,Reciprocating Engine,Xcel Energy,,
63483,1/26/2026,City of Atlantic City,Town Center Distributed Energy Resources (TC DER) Microgrid,Atlantic City,Atlantic,NJ,08401,New York-New Jersey,,,2012,2012,5400,Operational,Natural Gas,Combustion Turbine,Atlantic City Electric,Yes,
2682,12/16/2025,City of Jamestown,Downtown Jamestown Microgrid,Jamestown,Chautauqua,NY,14701,New York-New Jersey,,,1951,2001,96300,Operational,Natural Gas,Boiler/Steam Turbine,,Yes,
7437,11/6/2023,Galena Village aka Louden Tribe,Galena Islanded Grid,Galena,Yukon-Koyukuk,AK,99765,Northwest,,,1999,2015,3900,Operational,Fuel Oil,Reciprocating Engine,Galena Electric Utility,Yes,
79,1/26/2026,Aurora Energy LLC,Aurora Energy LLC,Fairbanks,Fairbanks North Star,AK,99701,Northwest,,,1952,1975,27500,Operational,Coal,Boiler/Steam Turbine,Golden Valley Electric Association,Yes,
58505,12/16/2025,Rutgers University,Rutgers University,New Brunswick,Middlesex,NJ,08901,New York-New Jersey,8220,61131,1995,1995,15000,Operational,Natural Gas,Combustion Turbine,PSE&G,Yes,
7487,12/5/2023,North Slope Borough Power & Light,"Anaktuvuk Pass, AK",Anaktuvuk Pass,North Slope,AK,99721,Northwest,,,1999,2003,3115,Operational,Fuel Oil,Reciprocating Engine,North Slope Borough Power & Light,Yes,
7482,5/11/2023,North Slope Borough Power & Light,"Atqasuk, AK",Atqasuk,North Slope,AK,99791,Northwest,,,1999,1999,3345,Operational,Fuel Oil,Reciprocating Engine,North Slope Borough Power & Light,Yes,
7173,4/7/2017,North Slope Borough Power & Light,"Barrow, AK",Barrow,North Slope,AK,99723,Northwest,,,1977,2001,20300,Operational,Natural Gas,Combustion Turbine,North Slope Borough Power & Light,Yes,
7464,12/6/2023,Tlingit-Haida Regional Electrical Authority,"Kake, AK",Kake,Prince of Wales-Hyder,AK,99830,Northwest,,,2017,2017,2000,Operational,Fuel Oil,Reciprocating Engine,Tlingit-Haida Regional Electrical Authority,Yes,
57060,5/9/2021,Alaska Village Electric Cooperative,"Elim, AK",Elim,Nome,AK,99739,Northwest,,,2003,2003,600,Operational,Fuel Oil,Reciprocating Engine,Alaska Village Electric Cooperative,Yes,
7174,8/6/2024,Gwitchyaa Zhee Utility Company,"Fort Yukon, AK",Fort Yukon,Yukon-Koyukuk,AK,99740,Northwest,,,2017,2017,2540,Operational,Fuel Oil,Reciprocating Engine,Gwitchyaa Zhee Utility Company,Yes,
57062,12/6/2023,Alaska Village Electric Cooperative,"Gambell, AK",Gambell,Nome,AK,99742,Northwest,,,2006,2022,1800,Operational,Diesel,Reciprocating Engine,Alaska Village Electric Cooperative,Yes,
7483,4/3/2017,North Slope Borough Power & Light,"Kartovik, AK",Kartovik,North Slope,AK,99747,Northwest,,,2000,2000,2600,Operational,Fuel Oil,Reciprocating Engine,North Slope Borough Power & Light,Yes,
57066,12/7/2023,Alaska Village Electric Cooperative,"Kasigluk, AK",Kasigluk,Bethel,AK,99609,Northwest,,,2004,2006,1200,Operational,Diesel,Reciprocating Engine,Alaska Village Electric Cooperative,Yes,
57065,1/2/2015,Alaska Village Electric Cooperative,"Kivalina, AK",Kivalina,Northwest Arctic,AK,99750,Northwest,,,1977,2023,1100,Operational,Fuel Oil,Reciprocating Engine,Alaska Village Electric Cooperative,Yes,
57064,12/7/2023,Kotlik Electric Service,"Kotlik, AK",Kotlik,Wade Hampton,AK,99620,Northwest,,,2007,2007,1400,Operational,Fuel Oil,Reciprocating Engine,Kotlik Electric Service,Yes,
6327,7/28/2014,Alaska Village Electric Cooperative,"Mekoryuk, AK",Mekoryuk,Bethel,AK,99630,Northwest,,,2013,2013,849,Operational,Fuel Oil,Reciprocating Engine,Alaska Village Electric Cooperative,Yes,
6301,12/8/2023,Naknek Electric Association,"Naknek, AK",Naknek,Bristol Bay,AK,99633,Northwest,,,1977,2019,16500,Operational,Fuel Oil,Reciprocating Engine,Naknek Electric Association,Yes,
7484,4/3/2017,North Slope Borough Power & Light,"Nuiqsut, AK",Nuiqsut,North Slope,AK,99789,Northwest,,,1999,2013,4400,Operational,Fuel Oil,Reciprocating Engine,North Slope Borough Power & Light,Yes,
7485,12/8/2023,North Slope Borough Power & Light,"Point Hope, AK",Point Hope,North Slope,AK,99766,Northwest,,,1995,2014,3100,Operational,Fuel Oil,Reciprocating Engine,North Slope Borough Power & Light,Yes,
57057,12/11/2023,Alaska Village Electric Cooperative,"Quinhagak, AK",Quinhagak,Bethel,AK,99655,Northwest,,,1996,2002,700,Operational,Diesel,Reciprocating Engine,Alaska Village Electric Cooperative,Yes,
57056,12/19/2023,Alaska Village Electric Cooperative,"Scammon Bay, AK",Scammon Bay,Wade Hampton,AK,99662,Northwest,,,2001,2007,1300,Operational,Fuel Oil,Reciprocating Engine,Alaska Village Electric Cooperative,Yes,
90,12/19/2023,Nome Joint Utility Systems,"Snake River, AK",Snake River,Nome,AK,99762,Northwest,,,2007,2007,10400,Operational,Fuel Oil,Reciprocating Engine,Nome Joint Utility Systems,Yes,
57055,12/19/2023,Alaska Village Electric Cooperative,"Stebbins, AK",Stebbins,Nome,AK,99671,Northwest,,,2014,2014,2000,Operational,Fuel Oil,Reciprocating Engine,Alaska Village Electric Cooperative,Yes,
57054,12/30/2014,Alaska Village Electric Cooperative,"Upper Kalskag, AK",Upper Kalskag,Bethel,AK,99607,Northwest,,,2004,2004,1100,Operational,Fuel Oil,Reciprocating Engine,Alaska Village Electric Cooperative,Yes,
6637,12/19/2023,"Yakutat Power, Inc.","Yakutat, AK",Yakutat,Hoonah-Angoon,AK,99689,Northwest,,,1999,2012,3800,Operational,Fuel Oil,Reciprocating Engine,"Yakutat Power, Inc.",Yes,
7841,12/19/2023,Copper Valley Electric Association,"Valdez, AK",Valdez,Valdez-Cordova,AK,99686,Northwest,,,2000,2000,5300,Operational,Fuel Oil,Combustion Turbine,Copper Valley Electric Association,,
7460,12/19/2023,Chignik Lagoon Power Utility,"Chignik (Chignik Lagoon), AK",Chignik,Lake and Peninsula,AK,99564,Northwest,,,1999,1999,393,Operational,Diesel,Reciprocating Engine,Chignik Lagoon Power Utility,Yes,
6314,12/19/2023,Alaska Village Electric Cooperative,"Emmonak, AK",Emmonak,Kusilvak,AK,99554,Northwest,,,1995,2016,3200,Operational,Fuel Oil,Reciprocating Engine,Alaska Village Electric Cooperative,Yes,
6316,12/19/2023,Alaska Village Electric Cooperative,"Goodnews Bay, AK",Goodnews Bay,Bethel,AK,99589,Northwest,,,1999,1999,495,Operational,Fuel Oil,Reciprocating Engine,Alaska Village Electric Cooperative,Yes,
7462,12/20/2023,Inside Passage Electric Cooperative,"Angoon, AK",Angoon,Hoonah-Angoon,AK,99820,Northwest,,,1990,2009,1585,Operational,Fuel Oil,Reciprocating Engine,Inside Passage Electric Cooperative,Yes,
6566,12/20/2023,Bethel Utilities Corporation,"Bethel, AK",Bethel,Bethel,AK,99559,Northwest,,,2009,2009,12600,Operational,Diesel,Reciprocating Engine,Bethel Utilities Corporation,,
7493,12/20/2023,King Cove Village,"King Cove, AK",King Cove,Aleutians East,AK,99612,Northwest,,,2006,2006,1800,Operational,Diesel,Reciprocating Engine,King Cove Village,Yes,
57059,12/20/2023,Alaska Village Electric Cooperative,"Koyuk, AK",Koyuk,Nome,AK,99753,Northwest,,,2005,2005,1100,Operational,Diesel,Reciprocating Engine,Alaska Village Electric Cooperative,Yes,
6299,12/20/2023,Unalakleet Valley Electric Cooperative,"Unalakleet, AK",Unalakleet,Nome,AK,99684,Northwest,,,2010,2010,2000,Operational,Diesel,Reciprocating Engine,Unalakleet Valley Electric Cooperative,Yes,
6334,12/26/2023,Alaska Village Electric Cooperative,"New Stuyahok, AK",New Styahok,Dillingham,AK,99636,Northwest,,,2016,2016,1331,Operational,Diesel,Reciprocating Engine,Alaska Village Electric Cooperative,Yes,
7486,12/26/2023,North Slope Borough Power & Light,"Point Lay, AK",Point Lay,North Slope,AK,99759,Northwest,,,2013,2013,2400,Operational,Diesel,Reciprocating Engine,North Slope Borough Power & Light,Yes,
6317,3/6/2024,Alaska Village Electric Cooperative,"Grayling, AK Microgrid",Grayling,Yukon-Koyukuk,AK,99590,Northwest,,,1999,1999,546,Operational,Diesel,Reciprocating Engine,Alaska Village Electric Cooperative,Yes,
10091,1/20/2026,LA Sanitation District - Total Energy Facility,Joint Water Pollution Control Plant,Carson,Los Angeles,CA,90745,Western,4952,22132,1986,2003,37800,Operational,Biogas,Combustion Turbine,Southern California Edison,Yes,Customer-Owned
10026,1/26/2026,Encina Wastewater Authority,Encina Water Pollution Control Facility,Carlsbad,San Diego,CA,92008,Western,4952,22132,2008,2008,3200,Operational,Biogas,Reciprocating Engine,San Diego Gas & Electric,No,Customer-Owned
50224,1/26/2026,City of Oxnard,Oxnard Wastewater Treatment Plant,Oxnard,Ventura,CA,93033,Western,4952,22132,1981,1981,1200,Operational,Biogas,Reciprocating Engine,Southern California Edison,Yes,Customer-Owned
50696,1/28/2025,Orange County Sanitation District,Reclamation Plant No. 1,Fountain Valley,Orange,CA,92728,Western,4952,22132,1993,1993,7500,Operational,Biogas,Reciprocating Engine,Southern California Edison,Yes,Customer-Owned
52099,5/21/2024,Orange County Sanitation District,Treatment Plant No. 2,Huntington Beach,Orange,CA,92646,Western,4952,22132,1993,1993,12000,Operational,Biogas,Reciprocating Engine,Southern California Edison,Yes,Customer-Owned
54951,1/26/2026,Monterey Regional Water Pollution Control,Monterey Regional Water Pollution Control,Marina,Monterey,CA,93933,Western,4952,22132,1988,1988,1800,Operational,Biogas,Reciprocating Engine,Pacific Gas & Electric,No,Customer-Owned
7266,11/1/2023,Modesto Irrigation District,Woodland Generation Plant,Modesto,Stanislaus,CA,95354,Western,4952,22132,1993,2011,199000,Operational,Natural Gas,Combustion Turbine,Pacific Gas & Electric,Yes,Customer-Owned
10339,1/26/2026,Albuquerque Bernalillo County Water Utility Authority,Southside Water Reclamation Plant,Albuquerque,Bernalillo,NM,87102,Southcentral,4941,221320,1987,2002,6600,Operational,Natural Gas,Reciprocating Engine,Public Service Of New Mexico,No,Customer-Owned
10629,5/24/2021,Baltimore Refuse Energy Systems Company /  Wheelabrator,Southwest Resource Recovery Facility / BRESCO,Baltimore,Baltimore,MD,21230,Mid-Atlantic,4953,562213,1985,1985,60000,Operational,MSW,Boiler/Steam Turbine,Baltimore Gas & Electric Co,Yes,3rd Party
50413,9/19/2017,County of Olmsted,Olmsted Waste-To-Energy Facility,Rochester,Olmsted,MN,55906,Midwest,4953,562212,1987,2010,9700,Operational,MSW,Boiler/Steam Turbine,Rochester Public Utilities,Yes,Customer-Owned
10643,7/22/2016,American Ref-Fuel Company,Essex County Waste-To-Energy Facility,Newark,Essex,NJ,07105,New York-New Jersey,4953,562212,1990,1990,65000,Operational,MSW,Boiler/Steam Turbine,Public Service Electric & Gas,Yes,3rd Party
10503,1/26/2026,Adirondack RRA/Foster Wheeler Resources,Adirondack Resource Recovery Associates,Hudson Falls,Washington,NY,12839,New York-New Jersey,4953,562212,1991,1991,14400,Operational,MSW,Boiler/Steam Turbine,,Yes,3rd Party
56309,1/26/2026,Ashley Energy / City of St. Louis,Ashley Plant,St. Louis,St. Louis,MO,63102,Central,4961,22133,1999,2000,34200,Operational,Natural Gas,Combustion Turbine,Amerenue,Yes,3rd Party
50094,1/26/2026,Vicinity Energy Trenton,Trenton District Energy,Trenton,Burlington,NJ,8604,New York-New Jersey,921,22133,1983,1983,6000,Operational,Natural Gas,Combustion Turbine,Public Service Electric & Gas,Yes,3rd Party
10118,1/20/2026,City of Harrisburg,Harrisburg Resource Recovery Facility,Harrisburg,Dauphin,PA,17102,Mid-Atlantic,4953,562212,2006,2006,24000,Operational,MSW,Boiler/Steam Turbine,PPL Electric Utilities Corp,Yes,Customer-Owned
54785,1/26/2026,Vicinity Energy - Grays Ferry Cogeneration Partnership,Grays Ferry - Schuylkill Station,Philadelphia,Philadelphia,PA,19146,Mid-Atlantic,,22133,1997,1997,192600,Operational,Natural Gas,Combined Cycle,Peco Energy Co,Yes,3rd Party
50537,1/26/2026,SRI International / International Power Tech,SRI International Headquarters,Menlo Park,San Mateo,CA,94025,Western,6512,53112,1987,1987,6000,Operational,Natural Gas,Combustion Turbine,Pacific Gas & Electric,Yes,3rd Party
50326,1/26/2026,Nalco Chemical Company,Nalco Chemical Company,Naperville,DuPage,IL,60566,Midwest,2899,325998,1985,1985,4700,Operational,Natural Gas,Combined Cycle,Naperville City Of,No,Customer-Owned
50722,12/22/2023,BP Amoco Chemicals Company,Amoco Corporation Research Center/INEOS Naperville,Naperville,DuPage,IL,60566,Midwest,8731,54171,1990,1990,8300,Operational,Natural Gas,Combustion Turbine,Naperville City Of,Yes,Customer-Owned
10435,5/1/2024,Camden County Energy Recovery Associates,South Camden Industrial Park,Camden,Camden,NJ,8100,New York-New Jersey,4961,22133,1991,1991,28000,Operational,MSW,Boiler/Steam Turbine,Jersey Central Power & Light,Yes,3rd Party
10184,1/20/2026,Minnesota Mining & Manufacturing Co.,3M Research Development & Admin. Center,Austin,Travis,TX,78726,Southcentral,6512,53112,1988,1988,14300,Standby,Natural Gas,Reciprocating Engine,Austin City Of,No,Customer-Owned
55037,1/26/2026,Opryland Hotel,Opryland Hotel,Nashville,Davidson,TN,37214,Southeast,7011,72111,1995,1995,5200,Operational,Natural Gas,Combustion Turbine,Nashville Electric Service,No,Customer-Owned
10215,1/26/2026,"Snowbird, Ltd. / Lone Peak Partners",Snowbird Ski Resort,Snowbird,Salt Lake,UT,84092,Upper-West,7011,72111,2022,2022,6500,Operational,Natural Gas,Reciprocating Engine,Pacificorp,No,3rd Party
10175,1/28/2025,Rady Children's Hospital And Health Center,Children's Hospital And Health Center,San Diego,San Diego,CA,92123,Western,8069,6221,2004,2004,4800,Operational,Natural Gas,Combustion Turbine,San Diego Gas & Electric,Yes,Customer-Owned
50234,1/26/2026,San Antonio Community Hospital,San Antonio Community Hospital,Ontario,San Bernardino,CA,91786,Western,8062,62211,1985,2001,2700,Operational,Natural Gas,Reciprocating Engine,Southern California Edison,Yes,Customer-Owned
50963,1/26/2026,U.S. Navy Regional Medical Center,Balboa Naval Hospital,San Diego,San Diego,CA,95134,Western,8062,62211,2003,2003,4300,Operational,Natural Gas,Combustion Turbine,San Diego Gas & Electric,No,Customer-Owned
50610,1/26/2026,St. John's Hospital,St. John's Hospital And Health Center,Santa Monica,Los Angeles,CA,90404,Western,8062,62211,1990,1990,1080,Operational,Natural Gas,Combustion Turbine,Southern California Edison,No,3rd Party
52061,9/19/2017,DCO Energy / Hartford Steam Company,Hartford Hospital - South End System,Hartford,Hartford,CT,61440,New England,8062,62211,1999,2014,8900,Operational,Natural Gas,Combined Cycle,Connecticut Light & Power,Yes,3rd Party
10008,1/26/2026,Baptist Medical Center,Baptist Hospital,Jacksonville,Duval,FL,32207,Southeast,8062,62211,1983,1993,9000,Operational,Natural Gas,Combustion Turbine,Jacksonville Electric Authority,Yes,Customer-Owned
52091,4/30/2020,New York Methodist Hospital,Methodist Hospital,Brooklyn,Kings,NY,11215,New York-New Jersey,8062,62211,1990,1990,4400,Operational,Natural Gas,Reciprocating Engine,Consolidated Edison,No,Customer-Owned
54769,1/28/2025,Lutheran Medical Center / NYU Langone,Lutheran Medical Center Hospital,Brooklyn,Kings,NY,11220,New York-New Jersey,8062,62211,2006,2006,3000,Operational,Natural Gas,Reciprocating Engine,Consolidated Edison,No,Customer-Owned
59872,5/20/2025,University of California - Davis,University of California - Davis,Davis,Yolo,CA,95616,Western,8221,61131,2014,2014,600,Operational,Biogas,Microturbine,Pacific Gas & Electric,No,Customer-Owned
10548,9/18/2017,San Jose State University,Central Plant,San Jose,Santa Clara,CA,95192,Western,8221,61131,1984,1984,6000,Operational,Natural Gas,Combustion Turbine,Pacific Gas & Electric,Yes,Customer-Owned
50064,4/2/2018,University of California - Santa Cruz,UC Santa Cruz Main Plant,Santa Cruz,Santa Cruz,CA,95064,Western,8221,61131,2015,2015,4400,Operational,Natural Gas,Combustion Turbine,Pacific Gas & Electric,No,Customer-Owned
10262,1/26/2026,California Institute of Technology,Caltech Central Utility Plant,Pasadena,Los Angeles,CA,91125,Western,8221,61131,2003,2003,12560,Operational,Natural Gas,Combined Cycle,Pasadena City Of,No,Customer-Owned
54296,1/26/2026,Biola University,Central Plant,La Mirada,Los Angeles,CA,90639,Western,8221,61131,2002,2023,4000,Operational,Natural Gas,Reciprocating Engine,Southern California Edison,No,Customer-Owned
50849,1/26/2026,Berkeley Cogeneration Project - University of California / PE Berkeley,University of California - Berkeley,Berkeley,Alameda,CA,94701,Western,8221,61131,1987,1987,28500,Operational,Natural Gas,Combined Cycle,Pacific Gas & Electric,Yes,3rd Party
7345,10/10/2023,Florida Power / University of Florida,Gator Power Cogeneration Plant,Gainesville,Alachua,FL,32611,Southeast,8221,61131,1993,1993,42000,Operational,Natural Gas,Combustion Turbine,,No,3rd Party
54044,5/22/2025,University of Illinois,University of Illinois at Chicago,Chicago,Cook,IL,60607,Midwest,8221,61131,1993,2002,50100,Operational,Natural Gas,Combustion Turbine,Commonwealth Edison Co,No,Customer-Owned
50240,1/27/2026,Purdue University,Wade Power Plant,West Lafayette,Tippecanoe,IN,97907,Midwest,8221,61131,1969,2022,59200,Operational,Coal,Boiler/Steam Turbine,Psi Energy Inc,No,Customer-Owned
10408,1/26/2026,Clark University,Clark University,Worcester,Worcester,MA,16100,New England,8221,61131,2013,2013,2000,Operational,Natural Gas,Reciprocating Engine,Massachusetts Electric Co,Yes,Customer-Owned
56190,1/26/2026,Central Michigan University,Central Energy Facility,Mt. Pleasant,Isabella,MI,48859,Midwest,8221,61131,1991,1991,4400,Operational,Natural Gas,Combined Cycle,,No,Customer-Owned
54276,2/1/2025,University of North Carolina,UNC Cogeneration Facility,Chapel Hill,Orange,NC,27599,Southeast,8221,61131,1992,1992,28000,Operational,Coal,Boiler/Steam Turbine,Duke Energy Corp,No,Customer-Owned
54409,12/3/2013,Dartmouth College,Dartmouth College Heating Plant,Hanover,Grafton,NH,37550,New England,8221,61131,1992,1992,4000,Operational,Fuel Oil,Boiler/Steam Turbine,Granite State Electric Co,No,Customer-Owned
54803,1/20/2026,Plymouth Cogeneration L.P.,Plymouth State College Cogen Facility,Plymouth,Grafton,NH,32640,New England,8221,61131,1994,2000,2800,Standby,Fuel Oil,Reciprocating Engine,Public Serice Of New Hampshire,No,3rd Party
50411,1/15/2025,Rutgers Biomedical and Health Sciences,Newark Campus / University Hospital of Newark,Newark,Essex,NJ,7107,New York-New Jersey,8062,622110,2024,2024,18000,Operational,Natural Gas,Combustion Turbine,Public Service Electric & Gas,Yes,Customer-Owned
50906,1/26/2026,University of New Mexico,Ford Utilities Center,Albuquerque,Bernalillo,NM,87131,Southcentral,8221,61131,2005,2014,14600,Operational,Natural Gas,Combustion Turbine,Public Service Of New Mexico,No,Customer-Owned
58134,1/20/2026,Oberlin College,Oberlin College,Oberlin,Lorain,OH,44074,Midwest,8221,61131,1984,1984,773,Operational,Coal,Boiler/Steam Turbine,Oberlin Municipal Light & Power,No,Customer-Owned
50307,1/28/2026,University of Oklahoma,University of Oklahoma,Norman,Cleveland,OK,73019,Southcentral,8221,61131,1949,2012,31800,Operational,Natural Gas,Boiler/Steam Turbine,Oklahoma Gas & Electric Co,No,Customer-Owned
10129,1/26/2026,Indiana University of Pennsylvania,S. W. Jack Cogeneration Plant,Indiana,Indiana,PA,15705,Mid-Atlantic,8221,61131,1988,1988,24300,Operational,Natural Gas,Reciprocating Engine,Pennsylvania Electric Co,Yes,Customer-Owned
58179,1/26/2026,State of Tennessee,Middle Tennessee State University Central Plant,Murfreesboro,Rutherford,TN,37130,Southeast,8221,61131,1998,1998,5000,Operational,Natural Gas,Combustion Turbine,,No,Customer-Owned
50054,1/26/2026,Rice University,Rice University Power Plant,Houston,Harris,TX,77251,Southcentral,8221,61131,1989,1989,7400,Operational,Natural Gas,Combustion Turbine,Reliant Energy Hl&P,Yes,Customer-Owned
58151,1/26/2026,Texas A&M University,Central Utility Plant,College Station,Brazos,TX,77840,Southcentral,8221,61131,2011,2011,45100,Operational,Natural Gas,Combined Cycle,,Yes,Customer-Owned
7991,7/29/2025,University of Wisconsin Madison / Madison Gas & Electric,University of Wisconsin Madison,Madison,Dane,WI,53706,Midwest,8221,61131,1965,2005,159700,Operational,Natural Gas,Combustion Turbine,Madison Gas & Electric Co,Yes,Customer-Owned
55011,5/1/2024,Cogentrix / LS Power Corporation,University of Wisconsin at Whitewater,Whitewater,"Jefferson, Walworth",WI,53190,Midwest,8221,61131,1997,1997,274000,Operational,Natural Gas,Combined Cycle,Wisconsin Electric Power Co,Yes,3rd Party
50674,1/26/2026,City of Palm Springs,City of Palm Springs Municipal Cogeneration Plant,Palm Springs,Riverside,CA,92262,Western,9111,92111,2016,2016,1100,Operational,Natural Gas,Reciprocating Engine,Southern California Edison,Yes,Customer-Owned
50985,1/28/2025,County of Solano,County of Solano Government Complex,Fairfield,Solano,CA,94533,Western,9111,92111,1989,2004,2800,Operational,Natural Gas,Reciprocating Engine,Pacific Gas & Electric,Yes,Customer-Owned
10623,5/28/2014,County of Los Angeles,Los Angeles County Civic Center,Los Angeles,Los Angeles,CA,90012,Western,9100,92119,1989,1989,34500,Operational,Natural Gas,Combined Cycle,Los Angeles Department Of Water & Power,Yes,Customer-Owned
54914,1/26/2026,Brooklyn Navy Yard Development Corp. / Brooklyn Navy Yard Cogen Partners,Brooklyn Navy Yard,Brooklyn,Kings,NY,11205,New York-New Jersey,4961,22133,1996,1996,322000,Operational,Natural Gas,Combined Cycle,Consolidated Edison,Yes,3rd Party
50850,3/3/2017,OLS Energy / Chino Cogeneration Project,Chino Institute For Men,Chino,San Bernardino,CA,95926,Western,9223,92214,1987,1987,30800,Operational,Natural Gas,Combined Cycle,Southern California Edison,Yes,3rd Party
10693,5/30/2014,State of Md. Dept. of General Services,Eastern Correctional Institute,Princess Anne,Somerset,MD,21890,Mid-Atlantic,9223,92214,1988,1988,3800,Operational,Wood,Boiler/Steam Turbine,Delmarva Power & Light Co,Yes,Customer-Owned
50427,1/26/2026,New York Zoological Society / Wildlife Conservation Society,Bronx Zoo,Bronx,Bronx,NY,10460,New York-New Jersey,8421,71213,1991,2010,4280,Operational,Natural Gas,Reciprocating Engine,Consolidated Edison,Yes,Customer-Owned
54131,1/26/2026,Fortistar North Tonawanda,Wheatfield Farms Greenhouse,North Tonawanda,Niagara,NY,14120,New York-New Jersey,182,111419,1993,1993,65700,Operational,Natural Gas,Combined Cycle,National GridPower Corp,Yes,3rd Party
10343,1/26/2026,"Foster Wheeler Power Systems, Inc.",Susquehanna Coal Company,Mt. Carmel,Northumberland,PA,17832,Mid-Atlantic,1231,212113,1989,1989,47300,Operational,Waste Coal,Boiler/Steam Turbine,PPL Electric Utilities Corp,Yes,3rd Party
52085,5/16/2024,"Chevron USA., Inc.",Taft / Cadet 26,Taft,Kern,CA,93268,Western,1311,211111,1982,1982,10000,Operational,Natural Gas,Combustion Turbine,Pacific Gas & Electric,Yes,Customer-Owned
52076,1/26/2026,"Chevron USA., Inc. / Texaco, inc","Chevron USA., Inc. / Texaco, Inc. - McKittrick Project",McKittrick,Kern,CA,93251,Western,1311,211111,2012,2012,12000,Operational,Natural Gas,Combustion Turbine,Pacific Gas & Electric,No,Customer-Owned
10496,1/26/2026,Chevron USA,Kern River Cogeneration,Bakersfield,Kern,CA,93380,Western,1311,211111,1985,1985,300000,Operational,Natural Gas,Combustion Turbine,Southern California Edison,Yes,3rd Party
52169,1/26/2026,Midway Sunset Cogeneration Company / Tenneco Oil / Arco Oil & Gas,Midway Sunset Field - Oxford Lease,Fellows,Kern,CA,93224,Western,1311,211111,1989,1989,234000,Operational,Natural Gas,Combustion Turbine,Pacific Gas & Electric,Yes,Customer-Owned
10677,11/1/2023,"AES Placerita, Inc.",CES Placerita Oil EOR / Phillips 66,Newhall/Placerita Canyon,Los Angeles,CA,91321,Western,1311,211111,1988,1988,90000,Operational,Natural Gas,Combined Cycle,Southern California Edison,Yes,3rd Party
50170,1/26/2026,Berry Petroleum Company,Berry Cogen,Taft,Kern,CA,93268,Western,1311,211111,1986,1986,38000,Operational,Natural Gas,Combustion Turbine,Pacific Gas & Electric,Yes,Customer-Owned
50134,1/26/2026,Sycamore Cogeneration,"Texaco Producing, Inc.",Bakersfield,Kern,CA,93380,Western,1311,211111,1988,1988,300000,Operational,Natural Gas,Combustion Turbine,Pacific Gas & Electric,Yes,3rd Party
50865,3/2/2017,Salinas River Cogeneration Co,San Ardo Field Project/Mobil Oil,San Ardo,Monterey,CA,93450,Western,1311,211111,2011,2011,36800,Operational,Natural Gas,Combustion Turbine,Pacific Gas & Electric,Yes,3rd Party
52082,4/7/2017,"Chevron USA., Inc.",Cymric - Section 6,McKittrick,Kern,CA,93251,Western,1311,211111,1986,1986,5400,Operational,Natural Gas,Combustion Turbine,Pacific Gas & Electric,Yes,Customer-Owned
50495,12/5/2023,"High Sierra Cogen, Inc.",Occidental Petroleum,Bakersfield,Kern,CA,93308,Western,1311,211111,1989,1989,48000,Operational,Natural Gas,Combustion Turbine,Pacific Gas & Electric,Yes,3rd Party
55184,1/26/2026,ExxonMobil Corp / Aera Energy,Aera San Ardo Cogeneration Project,San Ardo,Monterey,CA,93450,Western,1311,211111,2002,2002,6000,Operational,Natural Gas,Combustion Turbine,Pacific Gas & Electric,Yes,Customer-Owned
52081,4/7/2017,"Chevron USA., Inc.",Cymric - Section 31,McKittrick,Kern,CA,93251,Western,1311,211111,1988,1988,5400,Operational,Natural Gas,Combustion Turbine,Pacific Gas & Electric,Yes,Customer-Owned
52107,1/26/2026,"Chevron USA., Inc.",Eastridge / Kern River,Bakersfield,Kern,CA,93306,Western,1311,211111,1988,1988,48800,Operational,Natural Gas,Combustion Turbine,Pacific Gas & Electric,Yes,Customer-Owned
52086,6/7/2018,"Chevron USA., Inc.",Coalinga 2D Cogen Plant,Coalinga,Fresno,CA,93210,Western,1311,211111,1986,1986,11600,Operational,Natural Gas,Combustion Turbine,Pacific Gas & Electric,Yes,Customer-Owned
50622,1/26/2026,"Solar Turbines, Inc. / Berry Petroleum Cogen",Tannehill Enhanced Oil Recovery,Taft,Kern,CA,93268,Western,1311,211111,1987,2012,18000,Operational,Natural Gas,Combustion Turbine,Pacific Gas & Electric,Yes,Customer-Owned
50131,1/26/2026,Coalinga Cogeneration & Power Company,Santa Fe Energy Co / M.H. Whittier Corp.,Coalinga,Fresno,CA,93210,Western,1311,211111,1991,1991,38400,Operational,Natural Gas,Combustion Turbine,Pacific Gas & Electric,Yes,3rd Party
10650,12/5/2023,"Badger Creek Cogen,Inc. /  PSE, Inc.",CITGO / Occidental Petroleum,Bakersfield,Kern,CA,93308,Western,1311,211111,1991,1991,48000,Operational,Natural Gas,Combustion Turbine,Pacific Gas & Electric,Yes,3rd Party
10649,1/26/2026,"Bear Mountain Cogen, Inc.",Texaco / Shell Western E&P EOR Project,Bakersfield,Kern,CA,93306,Western,1311,211111,1995,1995,46000,Operational,Natural Gas,Combustion Turbine,Pacific Gas & Electric,Yes,3rd Party
54768,12/5/2023,"Live Oak Cogen, Inc.","Energy Associated, Inc. / Texaco, Inc.",Bakersfield,Kern,CA,93308,Western,1311,211111,1992,1992,48000,Operational,Natural Gas,Combustion Turbine,Pacific Gas & Electric,Yes,3rd Party
50612,12/5/2023,McKittrick Ltd.,CITGO,Bakersfield,Kern,CA,93312,Western,1311,211111,1991,1991,48000,Operational,Natural Gas,Combustion Turbine,Pacific Gas & Electric,Yes,3rd Party
50864,3/2/2017,Sargent Canyon Cogneration Company,San Ardo Field / Mobil Oil,San Ardo,Monterey,CA,93450,Western,1311,211111,2011,2011,35300,Operational,Natural Gas,Combustion Turbine,Pacific Gas & Electric,Yes,3rd Party
50752,1/26/2026,"Shell California Production, Inc. / Aera Energy Belridge",South Belridge Cogen Facility,McKittrick,Kern,CA,93251,Western,1311,211111,1986,1986,94200,Operational,Natural Gas,Combustion Turbine,Pacific Gas & Electric,Yes,Customer-Owned
50270,1/26/2026,ExxonMobil Corp,Santa Ynez Unit Expansion Project,Goleta,Santa Barbara,CA,93117,Western,1321,211112,1993,1993,49000,Operational,Natural Gas,Combined Cycle,Southern California Edison,Yes,Customer-Owned
54477,1/20/2026,"National Energy Systems, Inc.","Oroville Energy, Inc.",Oroville,Butte,CA,95965,Western,1311,211111,1989,1989,7700,Operational,Natural Gas,Reciprocating Engine,Pacific Gas & Electric,Yes,3rd Party
54447,1/26/2026,Chevron / Nuevo Energy Company,Welport Congeneration Plant,Cymric Field,Kern,CA,93251,Western,1311,211111,1990,1990,5000,Operational,Natural Gas,Combustion Turbine,Pacific Gas & Electric,Yes,3rd Party
52104,1/26/2026,"Chevron USA, Inc.",Cymric - Section 36,McKittrick,Kern,CA,93251,Western,1311,211111,1982,1982,11600,Operational,Natural Gas,Combustion Turbine,Pacific Gas & Electric,Yes,Customer-Owned
50541,11/1/2023,Union Pacific Resources Company,Harbor Cogeneration Facility / Port of Long Beach,Long Beach,Los Angeles,CA,90744,Western,1311,211111,1990,2001,105100,Operational,Natural Gas,Combustion Turbine,Southern California Edison,Yes,3rd Party
50003,1/27/2026,"Chalk Cliff Limited / PSE, inc",Berry Petroleum - Tannehill,Maricopa,Kern,CA,93268,Western,1311,211111,2019,2019,15500,Operational,Natural Gas,Combustion Turbine,Pacific Gas & Electric,Yes,Joint
55400,1/29/2026,"Occidental Petroleum, Inc. / Elk Hills Power",Occidental of Elk Hills,Tupman,Kern,CA,93276,Western,1311,211111,2003,2022,623060,Operational,Natural Gas,Combined Cycle,Pacific Gas & Electric,No,Joint
54443,4/28/2016,Chevron,North Riley Unit,Seminole,Gaines,TX,79360,Southcentral,2911,32411,1992,1992,2000,Operational,Natural Gas,Reciprocating Engine,Southwestern Public Service Co,No,Customer-Owned
52127,1/26/2026,Howell Petroleum Corp. / Amoco Production Company formerly,Elk Basin Gasoline Plant / Winkelman Dome,Powell,Park,WY,82435,Upper-West,1311,211111,1948,1948,1600,Operational,Natural Gas,Boiler/Steam Turbine,Pacificorp,No,Customer-Owned
50115,1/26/2026,U.S. Borax & Chemical,Borax Mine,Boron,Kern,CA,93516,Western,1474,212391,1984,1984,48200,Operational,Natural Gas,Combustion Turbine,Southern California Edison,Yes,Customer-Owned
10849,1/26/2026,Cyprus Silver Bay Power Corporation,Silver Bay Power,Silver Bay,Lake,MN,55614,Midwest,1011,21221,1955,1962,131600,Operational,Coal,Boiler/Steam Turbine,Minnesota Power Inc,Yes,Customer-Owned
10113,1/26/2026,Gilberton Power Company,John B. Rich Memorial Power Station,Frackville,Schuylkill,PA,17931,Mid-Atlantic,1211,21211,1988,1988,88400,Operational,Coal,Boiler/Steam Turbine,Pennsylvania Power & Light,Yes,3rd Party
7337,3/30/2017,Vermont Marble Company,Florence Project,Florence,Rutland,VT,5744,New England,1411,212311,1992,1992,7900,Operational,Natural Gas,Combustion Turbine,,Yes,Customer-Owned
54422,1/26/2026,Unisea,Unisea,Dutch Harbor,Aleutians,AK,99692,Northwest,2092,311712,1990,2012,17500,Operational,Fuel Oil,Reciprocating Engine,Unalaska City Of,No,Customer-Owned
10034,1/26/2026,Calpine - Gilroy Energy Company,"Gilroy Foods, Inc. / McCormick & Company",Gilroy,Santa Clara,CA,95020,Western,2034,311423,1988,1988,130000,Operational,Natural Gas,Combined Cycle,Pacific Gas & Electric,Yes,3rd Party
55084,11/1/2023,"Crockett Cogeneration, LP",Crockett Project / C&H Sugar Refinery,Crockett,Contra Costa,CA,94525,Western,2061,311311,1995,1995,255400,Operational,Natural Gas,Combined Cycle,Pacific Gas & Electric,Yes,3rd Party
10169,11/2/2023,Carson Cogeneration/Western Energy Engineering,Ice Haus II / Mountain Water Ice,Carson,Los Angeles,CA,90746,Western,2097,312113,1990,1990,50400,Operational,Natural Gas,Combined Cycle,Southern California Edison,Yes,3rd Party
10405,1/26/2026,KES Kingsburg LP,Kingsburg Cogeneration / Sun-Maid Growers,Kingsburg,Fresno,CA,93631,Western,2034,311423,1991,1991,36000,Operational,Natural Gas,Combined Cycle,Pacific Gas & Electric,Yes,3rd Party
10349,1/26/2026,"Greenleaf Unit Two Associates, LP","Yuba City Facility / Sunsweet Growers, Inc.",Yuba City,Sutter,CA,95993,Western,2034,311423,1989,1989,49500,Operational,Natural Gas,Combustion Turbine,Pacific Gas & Electric,Yes,3rd Party
52186,1/26/2026,Yuba City Cogeneration Project,Sunsweet Growers / North Walter Avenue,Yuba City,Sutter,CA,95992,Western,2034,311423,1990,1990,49000,Operational,Natural Gas,Combustion Turbine,Pacific Gas & Electric,Yes,3rd Party
57916,1/26/2026,Spreckels Sugar Company,Spreckels Sugar Company,Brawley,Imperial,CA,92227,Western,2063,311313,1948,1948,8900,Operational,Natural Gas,Boiler/Steam Turbine,Imperial Irrigation District,Yes,Customer-Owned
7551,11/1/2023,Siemens Power Corporation,Procter & Gamble - Fruitridge Road Plant,Sacramento,Sacramento,CA,95000,Western,2841,325611,1997,1997,149400,Operational,Natural Gas,Combined Cycle,Sacramento Municipal Utility District,Yes,Customer-Owned
10003,1/26/2026,Molson Coors Beverage Company USA LLC,Molson Coors USA LLC,Golden,Jefferson,CO,80401,Upper-West,2082,31212,1976,1983,35000,Operational,Natural Gas,Boiler/Steam Turbine,Xcel Energy,No,3rd Party
50707,11/1/2023,"Thermo Cogeneration Partnership, LP",Greenhouse At Montfort Packing Site,Fort Lupton,Weld,CO,80621,Upper-West,182,111419,1994,1994,396900,Operational,Natural Gas,Combined Cycle,Xcel Energy,Yes,3rd Party
10030,7/16/2020,DB Energy Assets / DCO Energy,Energy Center Dover,Dover,Kent,DE,19904,Mid-Atlantic,4961,22133,2013,2013,111000,Operational,Natural Gas,Combined Cycle,City Of Dover Electric Department,Yes,3rd Party
10020,7/14/2015,Cutrale USA,Cutrale Citrus Juices,Leesburg,Lake,FL,34748,Southeast,2086,312111,2016,2016,4100,Operational,,,Leesburg City Of,No,Customer-Owned
50482,1/26/2026,United States Sugar Corporation,Clewiston Sugar House,Clewiston,Hendry,FL,33440,Southeast,2062,311312,2004,2007,49000,Operational,Biomass,Boiler/Steam Turbine,Florida Power & Light,Yes,Customer-Owned
10431,1/26/2026,Anheuser-Busch,Anheuser-Busch Brewery,Jacksonville,Duval,FL,32229,Southeast,2082,31212,1987,1987,8600,Operational,Natural Gas,Combustion Turbine,Jacksonville Electric Authority,No,Customer-Owned
50971,1/26/2026,"Tropicana Products, Inc.","Tropicana Products, Inc.",Bradenton,Manatee,FL,34206,Southeast,2037,311411,1990,1990,46800,Operational,Natural Gas,Combustion Turbine,Florida Power & Light,Yes,Customer-Owned
54365,1/26/2026,Orange Cogeneration L.P.,Orange-Co of Florida Plant,Bartow,Polk,FL,33830,Southeast,2037,311411,1995,1995,157200,Operational,Natural Gas,Combined Cycle,Florida Power Corp,Yes,3rd Party
55040,1/26/2026,Mid-Georgia Cogen L.P.,Frito-Lay's Perry Snack Food Plant,Warner Robins,Houston,GA,31047,Southeast,2096,311919,1997,1998,323000,Operational,Natural Gas,Combined Cycle,Georgia Power Co,Yes,3rd Party
10861,1/26/2026,Archer Daniels Midland Company,ADM Des Moines,Des Moines,Polk,IA,50316,Central,2046,311221,1988,1988,7900,Operational,Coal,Boiler/Steam Turbine,MidAmerican Energy Co,No,Customer-Owned
10864,1/26/2026,Archer Daniels Midland Company,ADM Cedar Rapids Corn Wet Milling,Cedar Rapids,Linn,IA,52406,Central,2046,311221,1988,2016,294500,Operational,Coal,Boiler/Steam Turbine,Ies Utilities Inc,Yes,Customer-Owned
10504,1/26/2026,Amalgamated Sugar Company,Amalgamated Sugar Company,Twin Falls,Twin Falls,ID,83301,Northwest,2062,311312,1948,1994,10200,Operational,Coal,Boiler/Steam Turbine,Idaho Power Co,No,Customer-Owned
54578,6/17/2014,Glenns Ferry Cogeneration Partners Ltd.,Magic West Potato Processing,Glenns Ferry,Elmore,ID,83623,Northwest,2034,311423,1997,1997,10400,Operational,Natural Gas,Combustion Turbine,Idaho Power Co,Yes,3rd Party
10867,1/26/2026,"Primary Products Ingredients Americas, LLC",Primient Decatur Plant Cogen,Decatur,Macon,IL,62525,Midwest,2046,311221,1989,1989,64800,Operational,Natural Gas,Boiler/Steam Turbine,Illinois Power Co,Yes,Customer-Owned
54855,1/26/2026,"M&M Mars, Inc.",North Oak Park Ave.,Chicago,Cook,IL,60607,Midwest,2064,31133,1987,1987,3600,Operational,Natural Gas,Combustion Turbine,Commonwealth Edison Co,No,Customer-Owned
10865,1/26/2026,Archer Daniels Midland Company,ADM Decatur,Decatur,Macon,IL,62521,Midwest,2046,311221,1987,2005,335000,Operational,Coal,Boiler/Steam Turbine,Illinois Power Co,Yes,Customer-Owned
50903,2/2/2023,Tate & Lyle Ingredients Americas,Sagamore Cogeneration Plant (North Plant),Lafayette,Tippecanoe,IN,47904,Midwest,2046,311221,1985,1985,5000,Operational,Natural Gas,Boiler/Steam Turbine,Psi Energy Inc,No,Customer-Owned
50316,1/26/2026,"Central Soya Company, Inc.",Central Soya Decatur Plant,Decatur,Adams,IN,46733,Midwest,2075,311222,1950,1950,2000,Operational,Coal,Boiler/Steam Turbine,Indiana Michigan Power Co,No,Customer-Owned
51008,1/26/2026,"M. A. Patout & Son, Ltd",M. A. Patout & Son Sugar Factory,Jeanerette,Iberia,LA,70544,Southcentral,2062,311312,1983,1983,1000,Operational,Biomass,Boiler/Steam Turbine,Central Louisiana Electric Co,No,Customer-Owned
54512,1/26/2026,American Sugar Refining,Domino Sugar / Amstar Corporation,Arabi,St. Bernard,LA,70032,Southcentral,2062,311312,1949,2003,14000,Operational,Natural Gas,Boiler/Steam Turbine,Entergy Louisiana Inc,No,Customer-Owned
10593,3/31/2017,Agrielectric Power Partners Ltd,Farmers Rice Milling,Lake Charles,Calcasieu,LA,70602,Southcentral,2041,311211,1984,1984,12000,Operational,Biomass,Boiler/Steam Turbine,Gulf States Utilities,Yes,3rd Party
54586,3/31/2017,UAE Lowell Power/Lowell Cogeneration Company / L'Energia,Prince Company Spaghetti Plant,Lowell,Middlesex,MA,18520,New England,2098,311823,1992,2008,85100,Operational,Natural Gas,Combined Cycle,New England Power Co,No,3rd Party
54795,1/26/2026,Amstar Corporation/ TASR Co,American Sugar Div. of Amstar Corp.,Baltimore,Baltimore,MD,21230,Mid-Atlantic,2062,311312,1955,2001,17500,Operational,Natural Gas,Boiler/Steam Turbine,Baltimore Gas & Electric Co,Yes,Customer-Owned
57949,1/26/2026,Michigan Sugar Company,Michigan Sugar Company,Sebewaing,Huron,MI,48759,Midwest,2063,311313,1990,1990,1500,Operational,Coal,Boiler/Steam Turbine,,No,Customer-Owned
50772,11/29/2022,Viking Energy of Lincoln,McBain Industrial Park,Lincoln,Alcona,MI,48742,Midwest,2431,321215,1989,1989,18000,Operational,Wood,Boiler/Steam Turbine,Consumers Power,Yes,3rd Party
54211,1/26/2026,American Crystal Sugar Co,American Crystal Sugar Company,Moorhead,Clay,MN,56560,Midwest,2063,311313,1948,1961,5000,Operational,Coal,Boiler/Steam Turbine,Moorhead City Of,No,Customer-Owned
54214,1/26/2026,American Crystal Sugar Co,American Crystal Sugar Company,East Grand Forks,Polk,MN,56721,Midwest,2063,311313,1990,1990,7500,Operational,Coal,Boiler/Steam Turbine,East Grand Forks City Of,No,Customer-Owned
10863,1/26/2026,Archer Daniels Midland Company,ADM Mankato,Mankato,Blue Earth,MN,56001,Midwest,2075,311222,1987,1987,6150,Operational,Natural Gas,Boiler/Steam Turbine,Northern States Power Co,No,Customer-Owned
10430,1/26/2026,Anheuser-Busch,Anheuser-Busch,St. Louis,St. Louis,MO,63118,Central,2082,31212,1939,1948,26100,Operational,Natural Gas,Boiler/Steam Turbine,Union Electric Co,No,Customer-Owned
57914,6/12/2018,Sidney Sugars Factory,Sidney Sugars Factory North,Sidney,Richland,MT,59270,Upper-West,2063,311313,1951,1951,4000,Operational,Coal,Boiler/Steam Turbine,Montana/Dakota Utilities,No,Customer-Owned
54618,1/26/2026,"Ingedion, Inc.","Ingredion, Inc.",Winston-Salem,Forsyth,NC,27107,Southeast,2046,311221,1986,1993,8400,Operational,Wood,Boiler/Steam Turbine,Duke Energy Corp,No,Customer-Owned
54213,1/26/2026,American Crystal Sugar Co.,American Crystal Sugar Company,Drayton,Pembina,ND,58225,Upper-West,2062,311312,1964,1964,6000,Operational,Coal,Boiler/Steam Turbine,Nodak Electric Coop Inc,No,Customer-Owned
54210,1/26/2026,American Crystal Sugar Co.,American Crystal Sugar Hillsboro,Hillsboro,Traill,ND,58045,Upper-West,2062,311312,1990,1990,13300,Operational,Coal,Boiler/Steam Turbine,Nodak Electric Coop Inc,Yes,Customer-Owned
54908,1/20/2026,Archer Daniels Midland Company,ADM Northern Sun Division,Enderlin,Ransom,ND,58027,Upper-West,2074,311224,1982,1982,10200,Standby,Biomass,Boiler/Steam Turbine,Otter Tail Power Co,Yes,Customer-Owned
10862,1/26/2026,Archer Daniels Midland Company,ADM Lincoln,Lincoln,Lancaster,NE,68507,Central,2075,311222,1988,1988,7900,Operational,Coal,Boiler/Steam Turbine,Lincoln Electric System,No,Customer-Owned
10061,1/26/2026,"M&M Mars, Inc.",M&M Mars Hackettstown,Hackettstown,Warren,NJ,7840,New York-New Jersey,2064,31133,1989,1989,11000,Operational,Natural Gas,Combined Cycle,Jersey Central Power & Light,Yes,Customer-Owned
54593,7/25/2016,Seneca Power Partners LP,"O-AT-KA Milk Products Cooperative, Inc.",Batavia,Genessee,NY,14020,New York-New Jersey,2026,311511,1992,1992,64100,Operational,Natural Gas,Combined Cycle,National Grid,Yes,3rd Party
54335,4/20/2018,Morton Salt Company,Morton Salt Rittman,Rittman,Wayne,OH,44270,Midwest,2899,325199,2015,2015,2750,Operational,Steam,Backpressure Steam Turbine,Ohio Edison Co,No,Customer-Owned
54761,1/26/2026,Perennial Power,"Hermiston Generating Plant, Lamb-Weston Potato Processors",Hermiston,Umatilla,OR,97838,Northwest,2034,311423,1996,1996,621200,Operational,Natural Gas,Combined Cycle,Umatilla Electric Coop Assn,Yes,3rd Party
50771,4/25/2024,"Northumberland / Viking, ADI","Furmano Foods, Inc.",Northumberland,Northumberland,PA,17857,Mid-Atlantic,2033,311421,2012,2012,250,Operational,Biogas,Reciprocating Engine,PPL Electric Utilities Corp,Yes,3rd Party
50275,1/26/2026,"Philip Morris, USA, Engineering","Park 500 Philip Morris, USA",Richmond,independent,VA,23836,Mid-Atlantic,2111,312221,1983,1983,13000,Operational,Natural Gas,Boiler/Steam Turbine,Virginia Electric & Power Co,Yes,Customer-Owned
54694,1/26/2026,Yuma Cogeneration Associates,America West Industries,Yuma,Yuma,AZ,85364,Western,2281,313111,1994,1994,62600,Operational,Natural Gas,Combined Cycle,Arizona Public Service Co,Yes,3rd Party
54984,3/31/2017,Enerdyne Ii/Dte Biomass Energy Systems,Hanes Road Landfill/Sara Lee Hosiery,Winston-Salem,Forsyth,NC,27105,Southeast,2251,313312,1996,1996,4500,Operational,Biogas,Combustion Turbine,,Yes,3rd Party
10108,1/28/2025,Foss Manufacturing Co. of New Hampshire,Hampton Facility,Hampton,Rockingham,NH,38420,New England,2297,31323,2000,2000,5000,Operational,Natural Gas,Combustion Turbine,Exeter & Hampton Electric Co,No,Customer-Owned
54238,5/3/2016,Stockton Biomass,Stockton Biomass - Port of Stockton,Stockton,San Joaquin,CA,95203,Western,2421,321113,2014,2014,45000,Operational,Biomass,Boiler/Steam Turbine,Pacific Gas & Electric,Yes,3rd Party
10652,1/26/2026,Big Valley Lumber Company,Burney Forest Products,Burney,Shasta,CA,96013,Western,2421,321113,1989,1989,31500,Operational,Wood,Boiler/Steam Turbine,Pacific Gas & Electric,Yes,3rd Party
50049,12/20/2023,Eel River Power,Humboldt Sawmill Company,Scotia,Humboldt,CA,95565,Western,2421,321113,1988,1988,25000,Operational,Wood,Boiler/Steam Turbine,Pacific Gas & Electric,Yes,3rd Party
10661,1/26/2026,Collins Pine Company,Collins Sawmill Project,Chester,Plumas,CA,96020,Western,2421,321113,2020,2020,5000,Operational,Wood,Boiler/Steam Turbine,Pacific Gas & Electric,Yes,Customer-Owned
50110,1/26/2026,"Sierra Pacific Industries, Inc.",Burney Project,Burney,Shasta,CA,96013,Western,2421,321113,1986,1986,20000,Operational,Wood,Boiler/Steam Turbine,Pacific Gas & Electric,Yes,3rd Party
10144,4/19/2024,"Sierra Pacific Industries, Inc.","Bohemia, Inc. / Lincoln Cogeneration",Lincoln,Placer,CA,95648,Western,2421,321113,2004,2004,17000,Operational,Black Liquor,Boiler/Steam Turbine,Pacific Gas & Electric,Yes,3rd Party
50112,1/28/2026,"Sierra Pacific Industries, Inc.",Sierra Pacific Industries,Quincy,Plumas,CA,95971,Western,2421,321113,2018,2018,35200,Operational,Wood,Boiler/Steam Turbine,Pacific Gas & Electric,Yes,3rd Party
50201,3/31/2017,United Development Group,"Burlington Industries, Inc.",Rabun Gap,Rabun,GA,30568,Southeast,2421,321113,2010,2010,20000,Operational,Wood,Boiler/Steam Turbine,Georgia Power Co,No,3rd Party
50099,1/26/2026,Tamarack Energy Partnership Yanke,"Evergreen Forest Products, Inc.",Tamarack,Valley,ID,83654,Northwest,2421,321113,1983,1983,6200,Operational,Wood,Boiler/Steam Turbine,Idaho Power Co,Yes,3rd Party
55090,1/26/2026,Stimson Lumber,"Pacific Crown Timber Products, Inc.",Plummer,Benewah,ID,83851,Northwest,2421,321113,2006,2006,6500,Operational,Wood,Boiler/Steam Turbine,Plummer Electric,Yes,3rd Party
54850,1/26/2026,Cox Interior Inc.,Wood Products Manufacturing Facility,Campbellsville,Taylor,KY,42718,Southeast,2421,321113,1994,2002,5000,Operational,Wood,Boiler/Steam Turbine,Taylor County Rural E C C,Yes,Customer-Owned
54415,7/25/2016,Beaver Michigan Associates L.P./Atlantic Power Corp.,Cadillac Renewable Energy,Cadillac,Wexford,MI,49601,Midwest,2421,321113,1993,1993,38000,Operational,Wood,Boiler/Steam Turbine,Consumers Energy,Yes,3rd Party
54974,1/26/2026,Sauder Woodworking Co.,Sauder Woodworks Plant,Archbold,Fulton,OH,43502,Midwest,2421,321113,1993,1993,7200,Operational,Wood,Boiler/Steam Turbine,Toledo Edison Co,Yes,Customer-Owned
10869,12/7/2023,Biomass One LP,Dry Kiln Cogen Project,White City,Jackson,OR,97503,Northwest,2421,321113,1985,1985,30000,Operational,Wood,Boiler/Steam Turbine,Pacificorp,Yes,3rd Party
50993,1/20/2026,D R Johnson Lumber Company,Co-Gen II,Riddle,Douglas,OR,97469,Northwest,2421,321113,1987,1987,7500,Standby,Wood,Boiler/Steam Turbine,Pacific Power,Yes,3rd Party
50921,1/20/2026,D R Johnson Lumber Company,Prairie Wood Products Co-Gen I,Prairie City,Grant,OR,97869,Northwest,2421,321113,1986,1986,7500,Standby,Wood,Boiler/Steam Turbine,Oregon Trail Electric Consumers Coop,Yes,3rd Party
50141,1/26/2026,"Snider Industries, inc",Snider Industries Inc,Marshall,Harrison,TX,75671,Southcentral,2421,321113,1983,1983,5000,Operational,Wood,Boiler/Steam Turbine,Southwestern Electric Power Co,Yes,Customer-Owned
50187,3/31/2017,Weyerhaeuser Company,Weyerhaeuser Longview Mill,Longview,Cowlitz,WA,98632,Northwest,2421,321113,1948,1976,59400,Operational,Coal,Boiler/Steam Turbine,Pud No 1 Of Cowlitz County,No,Customer-Owned
54476,11/1/2023,Puget Sound Energy,Sumas Generating Station,Sumas,Whatcom,WA,98295,Northwest,2421,321113,1993,1993,125500,Operational,Natural Gas,Combined Cycle,Puget Sound Energy Inc,Yes,3rd Party
10216,1/26/2026,Georgia Pacific,Alabama River Pulp,Perdue Hill,Monroe,AL,36470,Southeast,2621,322120,1978,1978,48000,Operational,Black Liquor,Boiler/Steam Turbine,Alabama Power Co,Yes,Customer-Owned
54096,1/26/2026,International Paper Company,Hammermill Papers Group,Selma,Dallas,AL,36703,Southeast,2621,322120,1967,1994,104200,Operational,Natural Gas,Combined Cycle,Alabama Power Co,Yes,Customer-Owned
10699,1/26/2026,Georgia-Pacific,Georgia-Pacific Naheola Mill,Pennington,Choctaw,AL,36916,Southeast,2621,322120,1993,2019,87400,Operational,Black Liquor,Boiler/Steam Turbine,Alabama Power Co,No,Customer-Owned
50638,4/28/2016,Clearwater Paper Corporation,Clearwater Paper Corporation,Mcgehee,Desha,AR,71654,Southcentral,2621,322120,1977,1977,20000,Operational,Black Liquor,Boiler/Steam Turbine,Entergy Arkansas Inc,No,Customer-Owned
54104,1/26/2026,Domtar Corporation,"#3 Recovery Boiler, Ashdown Mill",Ashdown,Little River,AR,71822,Southcentral,2621,322120,1968,1991,156500,Operational,Black Liquor,Boiler/Steam Turbine,Southwestern Electric Power Co,No,Customer-Owned
10606,1/26/2026,Georgia-Pacific Corporation / Koch Industries,Crossett Pulp & Paper Mill,Crossett,Ashley,AR,71635,Southcentral,2611,32211,1962,1962,25000,Operational,Natural Gas,Boiler/Steam Turbine,Entergy Arkansas Inc,No,Customer-Owned
50299,6/5/2014,Simpson Paper Company / Ripon Cogeneration incorporated,Ripon Paper Mill Processing Plant,Ripon,San Joaquin,CA,95366,Western,2621,322120,1988,1988,49500,Operational,Natural Gas,Combustion Turbine,Pacific Gas & Electric,Yes,3rd Party
50464,1/26/2026,Procter & Gamble Co,Procter & Gamble Paper Products,Oxnard,Ventura,CA,93030,Western,2621,322120,2020,2020,69000,Operational,Natural Gas,Combined Cycle,Southern California Edison,Yes,Customer-Owned
10427,6/18/2025,New-Indy Containerboard,New-Indy Containerboard,Ontario,San Bernardino,CA,91761,Western,2631,32213,2019,2019,36000,Operational,Natural Gas,Combined Cycle,Southern California Edison,Yes,Customer-Owned
57585,6/13/2025,New-Indy Containerboard,Port Hueneme Project/Oxnard Paper Mill,Oxnard,Ventura,CA,93030,Western,2653,322211,2016,2016,14000,Operational,Natural Gas,Combustion Turbine,Southern California Edison,Yes,Customer-Owned
57564,3/2/2017,"Dynamis, Inc. / Algonquin Power Sanger",Sanger Power And Feed Plant,Sanger,Fresno,CA,93700,Western,2048,311119,1990,2012,54500,Operational,Natural Gas,Combined Cycle,Pacific Gas & Electric,Yes,3rd Party
10567,1/26/2026,"Algonquin Power Cogen Plant Reconfiguration, Hamilton Sundstrand Windsor Locks Facility",Ahlstrom Specialty Paper Mill,Windsor Locks,Hartford,CT,60960,New England,2621,322120,1990,2012,71000,Operational,Natural Gas,Combined Cycle,Connecticut Light & Power,Yes,Customer-Owned
50466,4/28/2016,Georgia-Pacific,Foley Cellulose Mill,Perry,Taylor,FL,32347,Southeast,2611,32211,1953,2011,44010,Operational,Black Liquor,Boiler/Steam Turbine,Florida Power Corp,No,Customer-Owned
50250,1/26/2026,International Paper Co,Pensacola Pulp & Paper Mill,Cantonment,Escambia,FL,32533,Southeast,2621,322120,1981,1981,82800,Operational,Black Liquor,Boiler/Steam Turbine,Gulf Power Co,No,Customer-Owned
10202,1/26/2026,WestRock,Fernandina Beach Mill,Fernandina Beach,Nassau,FL,32034,Southeast,2621,322120,1982,1988,96900,Operational,Black Liquor,Boiler/Steam Turbine,Florida Public Utilities Co,Yes,Customer-Owned
10611,1/26/2026,Georgia-Pacific Corporation,Palatka Pulp & Paper Mill,Palatka,Putnam,FL,32177,Southeast,2611,32211,1965,1993,79800,Operational,Black Liquor,Boiler/Steam Turbine,Florida Power & Light,No,Customer-Owned
50465,11/2/2023,Weyerhaeuser Company,Flint River Plant,Oglethorpe,Macon,GA,31068,Southeast,2611,32211,1980,2015,85100,Operational,Black Liquor,Boiler/Steam Turbine,Flint Electric Membership Corp,Yes,Customer-Owned
54281,1/26/2026,Interstate Paper Company,Riceboro Plant,Riceboro,Liberty,GA,31323,Southeast,2631,32213,1968,1968,14500,Operational,Natural Gas,Boiler/Steam Turbine,Georgia Power Co,No,Customer-Owned
10361,1/26/2026,Georgia-Pacific Corporation,Savannah River Mill,Rincon,Effingham,GA,31326,Southeast,2621,322120,1986,1988,140000,Operational,Coal,Boiler/Steam Turbine,Savannah Electric & Power Co,Yes,Customer-Owned
54101,1/26/2026,Georgia-Pacific Corporation,Cedar Springs Pulp & Paper Mill,Cedar Springs,Early,GA,31732,Southeast,2621,322120,1974,1974,101200,Operational,Black Liquor,Boiler/Steam Turbine,Georgia Power Co,No,Customer-Owned
10605,3/31/2017,Georgia-Pacific Corporation,Brunswick Pulp & Paper Mill,Brunswick,Glynn,GA,31521,Southeast,2611,32211,1954,2000,81200,Operational,Black Liquor,Boiler/Steam Turbine,Georgia Power Co,No,Customer-Owned
54464,4/28/2016,Graphic Packaging,Graphic Packaging,Macon,Bibb,GA,31298,Southeast,2621,322120,1948,2013,72900,Operational,Wood,Boiler/Steam Turbine,Georgia Power Co,No,Customer-Owned
60084,5/22/2025,Georgia-Pacific,Valdosta Mill,Valdosta,Lowndes,GA,31601,Southeast,2621,322120,1955,2011,69900,Operational,Wood,Boiler/Steam Turbine,,Yes,Customer-Owned
50804,1/26/2026,Weyerhaeuser Co,Port Wentworth Mill,Port Wentworth,Chatham,GA,31407,Southeast,2621,322120,1991,2004,72300,Operational,Black Liquor,Boiler/Steam Turbine,Savannah Electric & Power Co,No,Customer-Owned
50637,1/26/2026,Potlatch Corporation,Potlatch Corporation,Lewiston,Nez Perce,ID,83501,Northwest,2621,322120,1950,1991,113800,Operational,Black Liquor,Boiler/Steam Turbine,Avista Corp,Yes,Customer-Owned
50028,1/26/2026,Graphic Packaging International,Plant 31 - Manville/West Monroe Mill,West Monroe,Ouachita,LA,71291,Southcentral,2621,322120,1964,2016,84200,Operational,Black Liquor,Boiler/Steam Turbine,Entergy Louisiana Inc,No,Customer-Owned
54091,1/26/2026,International Paper Company,Mansfield Mill,Mansfield,De Soto,LA,71052,Southcentral,2621,322120,1981,2019,172000,Operational,Wood,Boiler/Steam Turbine,Central Louisiana Electric Co,No,Customer-Owned
54427,4/19/2016,International Paper Company,Crown Zellerbach,Bogalusa,Washington,LA,70427,Southcentral,2631,32213,1977,1999,91000,Operational,Biomass,Boiler/Steam Turbine,Entergy Louisiana Inc,No,Customer-Owned
10613,1/27/2026,Domtar / Georgia-Pacific Corporation,Domtar Woodland Mill,Woodland / Baileyville,Washington,ME,4694,New England,2621,322120,1966,1970,49800,Operational,Black Liquor,Boiler/Steam Turbine,Eastern Maine Electric Coop,Yes,Customer-Owned
50406,1/26/2026,Sappi / S.D. Warren/Scott Paper Company,S.D. Warren Somerset Mill,Hinckley/Skowhegan,Somerset,ME,4976,New England,2621,322120,1976,1990,107100,Operational,Black Liquor,Boiler/Steam Turbine,Central Maine Power Co,Yes,Customer-Owned
10495,1/26/2026,Verso Paper / Rumford Cogen Company,Verso Rumford Cogeneration,Rumford,Oxford,ME,4276,New England,2621,322120,1990,1990,102600,Operational,Black Liquor,Boiler/Steam Turbine,Central Maine Power Co,Yes,3rd Party
54085,6/17/2014,Verso Paper,Androscoggin Mill,Jay,Franklin,ME,4239,New England,2621,322120,1965,1974,80000,Operational,Black Liquor,Boiler/Steam Turbine,Central Maine Power Co,No,Customer-Owned
58146,5/12/2021,Twin Rivers Paper Co.,Madawaska Paper Mill,Madawaska,Aroostook,ME,4742,New England,2621,322120,1989,1989,20000,Operational,Black Liquor,Boiler/Steam Turbine,,Yes,Customer-Owned
54867,1/26/2026,Neenah Paper,Munising Mill,Munising,Alger,MI,49862,Midwest,2621,322120,1940,1940,6200,Operational,Coal,Boiler/Steam Turbine,Upper Peninsula Power Co,No,Customer-Owned
50251,1/26/2026,Verso Paper,Pulp And Paper Mill,Quinnesec,Dickinson,MI,49870,Midwest,2621,322120,1985,2011,56000,Operational,Wood,Boiler/Steam Turbine,Wisconsin Electric Power Co,No,Customer-Owned
50835,1/26/2026,TES Filer City,Consumers Power Company/Packaging Corp of America Containerboard Mill,Filer City,Manistee,MI,49634,Midwest,2621,322120,1950,1990,89500,Operational,Natural Gas,Boiler/Steam Turbine,Consumers Energy Co,Yes,Customer-Owned
58222,5/24/2021,"Domtar Industries, Inc.",Eddy Specialty Papers Facility,Port Huron,St. Clair,MI,48060,Midwest,2621,322120,1969,1969,7000,Operational,Coal,Boiler/Steam Turbine,,,Customer-Owned
10486,1/26/2026,Boise Cascade Corporation,Boise Cascade Corporation,International Falls,Koochiching,MN,56649,Midwest,2621,322120,2015,2015,52300,Operational,Black Liquor,Boiler/Steam Turbine,Minnesota Power Inc,No,Customer-Owned
10686,6/9/2014,Blandin Paper Company,Rapids Energy Center / Blandin Paper Mill,Grand Rapids,Itasca,MN,55744,Midwest,2621,322120,1969,1980,28600,Operational,Wood,Boiler/Steam Turbine,Minnesota Power Inc,No,Customer-Owned
50639,5/23/2025,Sappi Fine Papers,Cloquet Mill,Cloquet,Carlton,MN,55720,Midwest,2621,322120,1975,2001,88300,Operational,Black Liquor,Boiler/Steam Turbine,Minnesota Power Inc,No,Customer-Owned
54100,1/26/2026,International Paper Company,Vicksburg Mill,Vicksburg,Warren,MS,39181,Southeast,2621,322120,1967,1967,50500,Operational,Biomass,Boiler/Steam Turbine,Yazoo Valley Elec Power Assn,No,Customer-Owned
10233,1/26/2026,Georgia-Pacific Corporation,Leaf River Pulp Mill,New Augusta,Perry,MS,39462,Southeast,2611,32211,1984,1984,50000,Operational,Black Liquor,Boiler/Steam Turbine,Dixie Electric Power Assn,Yes,Customer-Owned
10610,1/26/2026,Georgia-Pacific Corporation,Monticello Pulp & Paper Mill,Monticello,Lawrence,MS,39654,Southeast,2621,322120,1968,1968,81500,Operational,Black Liquor,Boiler/Steam Turbine,Southern Pine Elec Power Assn,No,Customer-Owned
50184,11/1/2023,Weyerhaeuser Company,Chemical Recovery Facility,Columbus,Lowndes,MS,39703,Southeast,2611,322110,1982,1990,122600,Operational,Black Liquor,Boiler/Steam Turbine,Tennessee Valley Authority,Yes,Customer-Owned
50188,1/26/2026,Weyerhaeuser Company,Weyerhaeuser Company,New Bern,Craven,NC,28560,Southeast,2611,32211,2014,2014,38100,Operational,Black Liquor,Boiler/Steam Turbine,Carolina Power & Light Co,No,Customer-Owned
50189,1/26/2026,Domtar Paper Company,Plymouth Mill,Plymouth,Washington,NC,27962,Southeast,2621,322120,1976,1978,114000,Operational,Wood,Boiler/Steam Turbine,North Carolina Mun Power Agny,Yes,Customer-Owned
50254,1/26/2026,Kapstone Paper and Packaging Corporation,Roanoke Rapids Mill,Roanoke Rapids,Halifax,NC,27870,Southeast,2621,322120,1990,2012,28100,Operational,Coal,Boiler/Steam Turbine,North Carolina Mun Power Agny,No,Customer-Owned
54350,1/26/2026,Nevada Cogeneration Associates #1,Georgia Pacific Garnet Valley Project,Las Vegas,Clark,NV,89025,Western,2621,322120,1992,1992,94800,Operational,Natural Gas,Combined Cycle,Nevada Power Co,Yes,3rd Party
50450,1/26/2026,"Indeck Energy Services, Inc.",Hammermill Paper/Oswego Energy Center,Oswego,Oswego,NY,13126,New York-New Jersey,2621,322120,1990,1990,57400,Operational,Natural Gas,Combined Cycle,National Grid,Yes,3rd Party
10511,1/26/2026,"Finch, Pruyn & Company, Inc..",Finch Paper,Glens Falls,Warren,NY,12801,New York-New Jersey,2621,322120,1987,1987,29000,Operational,Wood,Boiler/Steam Turbine,National Grid,Yes,Customer-Owned
54574,11/1/2023,"Saranac Energy Company, Inc.",Saranac Energy / Georgia Pacific,Plattsburgh,Clinton,NY,12901,New York-New Jersey,2621,322120,1994,1994,285000,Operational,Natural Gas,Combined Cycle,New York State Elec & Gas Corp,Yes,3rd Party
54099,6/23/2015,International Paper Company,Ticonderoga Mill,Ticonderoga,Essex,NY,12883,New York-New Jersey,2621,322120,1971,1971,41000,Operational,Natural Gas,Boiler/Steam Turbine,National Grid,No,Customer-Owned
10617,1/26/2026,WPS Beaver Falls / Kamine/Besicorp Beaver Falls LP,Specialty Paperboard/Boise Cascade,Beaver Falls,Lewis,NY,13367,New York-New Jersey,2631,32213,1995,1995,107000,Operational,Natural Gas,Combined Cycle,National Grid,Yes,3rd Party
50458,1/26/2026,"Indeck Energy Services, Inc.",International Paper,Corinth,Saratoga,NY,12822,New York-New Jersey,2621,322120,1995,1995,147000,Operational,Natural Gas,Combined Cycle,National Grid,Yes,3rd Party
10244,1/26/2026,"Pixelle Specialty Solution, LLC",Pixelle Specialty Solution LLC- Cillicothe Facility,Chillicothe,Ross,OH,45601,Midwest,2621,322120,1952,1978,92800,Operational,Black Liquor,Boiler/Steam Turbine,American Electric Power Co Inc,Yes,Customer-Owned
10362,1/26/2026,Pacific Muskogee LLC,Georgia-Pacific Muskogee,Muskogee,Muskogee,OK,74403,Southcentral,2621,322120,1979,1982,114000,Operational,Natural Gas,Boiler/Steam Turbine,Oklahoma Gas & Electric Co,Yes,Customer-Owned
56192,5/27/2025,Georgia-Pacific Corporation,Wauna Paper Mill,Wauna,Clatsop,OR,97016,Northwest,2621,322120,1996,1996,39800,Operational,Black Liquor,Boiler/Steam Turbine,Clatskanie People's Utility District,No,Customer-Owned
50463,1/26/2026,Procter & Gamble Co,Mehoopany Plant Cogen Project,Mehoopany,Wyoming,PA,18629,Mid-Atlantic,2621,322120,1984,2014,119600,Operational,Natural Gas,Combustion Turbine,Pennsylvania Electric Co,Yes,Customer-Owned
50410,1/26/2026,Scott Paper Company / Kimberly Clark,Packaged Products Division,Chester,Delaware,PA,19013,Mid-Atlantic,2631,32213,2020,2020,69200,Operational,Natural Gas,Combined Cycle,Peco Energy Co,Yes,3rd Party
50888,11/1/2023,"Cogentrix/ Northampton Generating Company, LP",Ponderosa Fiber De-Inking Facility,Northampton/Allen Tnsp,Northampton,PA,18067,Mid-Atlantic,2611,32211,1995,1995,134000,Operational,Waste Coal,Boiler/Steam Turbine,PPL Electric Utilities Corp,Yes,3rd Party
54638,1/26/2026,"Domtar Paper LLC /  Penntech Papers, Inc.",Domtar Paper Johnsonburg Mill,Johnsonburg,Elk,PA,15845,Mid-Atlantic,2621,322120,1993,1993,54000,Operational,Black Liquor,Boiler/Steam Turbine,West Penn Power Co,Yes,Customer-Owned
52151,1/26/2026,International Paper Company,International Paper Company,Eastover,Richland,SC,29044,Southeast,2621,322120,1984,1991,109400,Operational,Natural Gas,Boiler/Steam Turbine,South Carolina Electric And Gas,Yes,Customer-Owned
50806,1/26/2026,WestRock,Florence Mill,Florence,Florence,SC,29538,Southeast,2621,322120,1963,1987,103800,Operational,Wood,Boiler/Steam Turbine,Carolina Power & Light Co,Yes,Customer-Owned
7737,4/28/2016,Kapstone Paper and Packaging,North Charleston Mill,Charleston,Charleston,SC,29406,Southeast,2631,32213,1999,1999,99200,Operational,Wood,Boiler/Steam Turbine,South Carolina Electric And Gas,No,Customer-Owned
10252,1/26/2026,Domtar Paper,Domtar Kingsport Paper Mill,Kingsport,Sullivan,TN,37662,Southeast,2621,322120,2006,2006,50000,Operational,Biomass,Boiler/Steam Turbine,Kingsport Power Co,No,Customer-Owned
50296,1/26/2026,Packaging Corporation of America,Packaging Corp of America,Counce,Hardin,TN,38326,Southeast,2621,322120,1985,2010,72500,Operational,Wood,Boiler/Steam Turbine,Tennessee Valley Authority,No,Customer-Owned
54248,4/28/2016,WestRock,WestRock,Dallas,Dallas,TX,75221,Southcentral,2631,32213,1959,1959,4000,Operational,Natural Gas,Boiler/Steam Turbine,Dallas Town Of Texas Electric,No,Customer-Owned
10425,1/26/2026,International Paper Company,Orange Pulp & Paper Mill,Orange,Orange,TX,77631,Southcentral,2652,322213,1967,1967,48000,Operational,Black Liquor,Boiler/Steam Turbine,Entergy Gulf States Inc,No,Customer-Owned
50101,1/26/2026,WestRock,Evandale Pulp & Paperboard,Evadale,Jasper,TX,77615,Southcentral,2631,32213,1954,1986,57700,Operational,Black Liquor,Boiler/Steam Turbine,Entergy Gulf States Inc,No,Customer-Owned
54097,1/26/2026,International Paper Company,Texarkana Mill,Texarkana,Bowie,TX,75572,Southcentral,2621,322120,1972,1978,65000,Operational,Black Liquor,Boiler/Steam Turbine,Southwestern Electric Power Co,Yes,Customer-Owned
50900,1/28/2026,WestRock,WestRock Covington,Covington,independent,VA,24426,Mid-Atlantic,2621,322120,1980,2013,150400,Operational,Biomass,Boiler/Steam Turbine,Virginia Electric & Power Co,Yes,Customer-Owned
52152,1/26/2026,International Paper Company,International Paper Franklin Mill,Franklin,independent,VA,23851,Mid-Atlantic,2621,322120,1977,1977,36100,Operational,Black Liquor,Boiler/Steam Turbine,Virginia Electric & Power Co,Yes,Customer-Owned
50479,1/26/2026,Georgia-Pacific/GT Northern,Big Island Facility,Big Island,Bedford,VA,24526,Mid-Atlantic,2621,322120,1966,1966,7500,Operational,Black Liquor,Boiler/Steam Turbine,Appalachian Power Co,No,Customer-Owned
10017,1/26/2026,WestRock,Chesapeake West Point Pulp & Paper Mill,West Point,King William,VA,23181,Mid-Atlantic,2621,322120,1954,1985,101000,Operational,Black Liquor,Boiler/Steam Turbine,Virginia Electric & Power Co,Yes,Customer-Owned
50813,1/26/2026,WestRock,WestRock Hopewell Mill,Hopewell,independent,VA,23860,Mid-Atlantic,2611,32211,1980,1980,47600,Operational,Black Liquor,Boiler/Steam Turbine,Virginia Electric & Power Co,Yes,3rd Party
50544,4/20/2018,Port Townsend Paper Company,Port Townsend Paper Company,Port Townsend,Jefferson,WA,98368,Northwest,2621,322120,1986,1986,11500,Operational,Black Liquor,Boiler/Steam Turbine,Bonneville Power Administration,No,Customer-Owned
54562,1/26/2026,Longview Fibre Company,Longview Fibre,Longview,Cowlitz,WA,98632,Northwest,2621,322120,1958,1966,45000,Operational,Black Liquor,Boiler/Steam Turbine,Pud No 1 Of Cowlitz County,No,Customer-Owned
50614,6/9/2014,Wausau-Mosinee Paper Corporation,Mosinee Paper Corporation,Mosinee,Marathon,WI,54455,Midwest,2621,322120,1951,1976,20000,Operational,Black Liquor,Boiler/Steam Turbine,Wisconsin Public Service Corp,No,Customer-Owned
50395,3/31/2017,Georgia-Pacific/Nekoosa Papers,"Nekoosa Paper, Inc.",Nekoosa,Wood,WI,54469,Midwest,2621,322120,1951,1991,35100,Operational,Natural Gas,Boiler/Steam Turbine,Wisconsin Power & Light Co,No,Customer-Owned
50933,1/26/2026,Wausau Paper,Rhinelander Mill,Rhinelander,Oneida,WI,54501,Midwest,2621,322120,1958,1958,21300,Operational,Coal,Boiler/Steam Turbine,Wisconsin Public Service Corp,No,Customer-Owned
54098,1/26/2026,Ahlstrom,Paper Mill,Kaukauna,Outagamie,WI,54130,Midwest,2621,322120,1951,1977,44600,Operational,Black Liquor,Boiler/Steam Turbine,Kaukauna City Of,No,Customer-Owned
50476,6/10/2014,Georgia-Pacific/GT Northern,Tomahawk Facility,Tomahawk,Lincoln,WI,54487,Midwest,2621,322120,1948,1978,14700,Operational,Wood,Boiler/Steam Turbine,Wisconsin Public Service Corp,No,Customer-Owned
58124,9/6/2017,Domtar Paper Company,Rothschild Biomass Cogen Facility,Rothschild,Marathon,WI,54474,Midwest,2621,322120,1953,2013,55000,Operational,Wood,Boiler/Steam Turbine,Wisconsin Public Service Corp,No,Customer-Owned
10360,1/26/2026,Georgia Pacific,Green Bay West Mill,Green Bay,Brown,WI,54307,Midwest,2621,322120,1963,1969,47600,Operational,Coal,Boiler/Steam Turbine,Wisconsin Public Service Corp,Yes,Customer-Owned
55029,11/1/2023,Depere Energy LLC/Polsky Energy/Skygen,International Paper Nicolet Divsn-Ph I,Depere,Brown,WI,54115,Midwest,2621,322120,1999,1999,192300,Operational,Natural Gas,Combustion Turbine,Wisconsin Public Service Corp,Yes,3rd Party
50200,1/26/2026,McGraw Inc.,B. Braun Medical Company,Irvine,Orange,CA,92711,Western,2834,325412,1981,1995,6100,Operational,Natural Gas,Combustion Turbine,Southern California Edison,No,Customer-Owned
52147,4/13/2016,CP-Kelco / Monsanto Life Sicences,Kelco Division,San Diego,San Diego,CA,92123,Western,2819,325188,2014,2014,26950,Operational,Natural Gas,Combustion Turbine,San Diego Gas & Electric,Yes,Customer-Owned
10684,10/31/2023,"Searles Valley Minerals Operations, Inc. / IMC Global / Ace Cogeneration Company","IMC Chemicals, Argus Plant",Trona,San Bernardino,CA,93592,Western,1474,212391,1978,1978,55000,Operational,Coal,Boiler/Steam Turbine,Southern California Edison,Yes,3rd Party
50148,1/26/2026,Praxair Linde,Union Carbide Corporation-Linde Wilmington,Wilmington,Los Angeles,CA,90744,Western,2813,32512,1988,1988,31000,Operational,Natural Gas,Combined Cycle,Los Angeles Department Of Water & Power,Yes,Customer-Owned
52064,1/26/2026,"Rhodia, Inc. / Rhone Poulenc Chemical Company",Rhodia / Rhone Poulenc Dominguez Plant,Carson,Los Angeles,CA,90746,Western,2819,325188,1976,1976,5000,Operational,Natural Gas,Boiler/Steam Turbine,Southern California Edison,No,Customer-Owned
54912,1/26/2026,Royal Dutch / Shell,Martinez Refining Complex,Martinez,Contra Costa,CA,94553,Western,2911,32411,1995,1995,100000,Operational,Natural Gas,Combined Cycle,Pacific Gas & Electric,No,Customer-Owned
52063,1/26/2026,"Solvay / Eco-Services Operations, LLC",Martinez Facility,Martinez,Contra Costa,CA,94553,Western,2834,325412,1978,1978,4000,Operational,Heat,HRSG/Steam Turbine,Pacific Gas & Electric,Yes,Customer-Owned
54236,1/26/2026,"Pfizer, Inc.",Groton Lab,Groton,New London,CT,63400,New England,2833,325411,1952,2009,37500,Operational,Natural Gas,Boiler/Steam Turbine,Groton City Of,No,Customer-Owned
50291,2/3/2023,Mosaic Co.,South Pierce Operations,Fort Meade,Polk,FL,33841,Southeast,2874,325312,1983,1983,32000,Operational,Heat,HRSG/Steam Turbine,Florida Power Corp,Yes,Customer-Owned
50474,2/3/2023,Potash Corp White Springs Agricultural Chemicals,Swift Creek Plant,White Springs,Hamilton,FL,32096,Southeast,2819,325188,1980,1980,21000,Operational,Heat,HRSG/Steam Turbine,Florida Power Corp,Yes,Customer-Owned
10434,1/27/2026,Mosaic,New Wales,Mulberry,Polk,FL,33860,Southeast,2870,325998,1982,2014,125500,Operational,Heat,HRSG/Steam Turbine,Tampa Electric Co,Yes,Customer-Owned
54466,1/26/2026,"Orlando Cogen Limited, LP",Air Products Air Separation Plant,Orlando,Orange,FL,32801,Southeast,2813,32512,1993,1993,122400,Operational,Natural Gas,Combined Cycle,Florida Power Corp,Yes,3rd Party
54426,11/1/2023,Mulberry Energy/Polk Power Partners,Noralyn Commerce Park/Mulberry Cogeneration Facility,Bartow Area,Polk,FL,33860,Southeast,2813,32512,1994,1994,122000,Operational,Natural Gas,Combined Cycle,Florida Power Corp,Yes,3rd Party
10416,1/26/2026,Ascend Performance Materials,Nylon Plant Cogeneration Facility,Cantonment,Escambia,FL,32575,Southeast,2865,325132,1953,1993,102000,Operational,Natural Gas,Combustion Turbine,Gulf Power Co,Yes,Customer-Owned
54933,1/26/2026,Mondelez International,Nabisco Foods,Rockford,Winnebago,IL,61111,Midwest,2052,311821,1995,1995,4750,Operational,Natural Gas,Combustion Turbine,Commonwealth Edison Co,No,Customer-Owned
55216,1/26/2026,"Calpine - NRG (Morris) Cogen, Llc / Diamond Generation Corp",Millenium Petrochemicals/LyonellBasell,Morris,Grundy,IL,60450,Midwest,2911,32411,1998,2000,218800,Operational,Natural Gas,Combined Cycle,Commonwealth Edison Co,Yes,3rd Party
55308,1/26/2026,"Air Products & Chemicals, Inc.",Calvert City Chemical Plant,Calvert City,Marshall,KY,42029,Southeast,2813,32512,2000,2000,26700,Operational,Natural Gas,Combustion Turbine,Tennessee Valley Authority,Yes,3rd Party
10297,4/28/2016,Rhône-Poulenc,Rhône-Poulenc,Baton Rouge,East Baton Rouge,LA,70821,Southcentral,2819,325188,1972,1972,4000,Operational,Natural Gas,Boiler/Steam Turbine,Entergy Louisiana Inc,No,Customer-Owned
50489,1/26/2026,"PPG Industries, Inc.",PPG Powerhouse C,Lake Charles,Calcasieu,LA,70602,Southcentral,2812,325181,1977,1986,357700,Operational,Natural Gas,Combined Cycle,Entergy Gulf States Inc,No,Customer-Owned
50152,1/26/2026,Dow Chemical / Union Carbide Corporation,St. Charles Operations,Hahnville,St. Charles,LA,70057,Southcentral,2819,325188,1996,2002,323600,Operational,Natural Gas,Combined Cycle,Entergy Louisiana Inc,No,Customer-Owned
1393,11/1/2023,"Entergy, Nelson Industrial Steam Company",Roy Nelson Electric Power Station,Lake Charles,Calcasieu,LA,70602,Southcentral,2869,325199,1959,1959,227000,Operational,Petroleum Coke,Boiler/Steam Turbine,Entergy Gulf States Inc,Yes,Customer-Owned
10596,6/10/2024,Hexion,Momentive Specialty Chemicals,Geismar,Ascension,LA,70734,Southcentral,2821,325211,1986,1986,67300,Operational,Natural Gas,Combustion Turbine,Entergy Gulf States Inc,Yes,Customer-Owned
54518,11/1/2023,"Formosa Plastics Corporation, USA",Baton Rouge Cogen,Baton Rouge,East Baton Rouge,LA,70805,Southcentral,2821,325211,1985,1996,105500,Operational,Natural Gas,Combustion Turbine,Entergy Gulf States Inc,Yes,Customer-Owned
55051,1/26/2026,Georgia Gulf Corporation / Axiall,Georgia Gulf Chemical Mfr. Facility,Plaquemine,Iberville,LA,70764,Southcentral,2821,325211,1997,1997,306000,Operational,Natural Gas,Combustion Turbine,Entergy Louisiana Inc,Yes,Customer-Owned
10319,1/26/2026,BASF Corporation,Geismar Facility,Geismar,Ascension,LA,70734,Southcentral,2813,32512,1985,2005,84100,Operational,Natural Gas,Combustion Turbine,Entergy Gulf States Inc,Yes,3rd Party
10307,11/1/2023,Northeast Energy Associates,Co-2 Facility/Cove & National Energetics,Bellingham,Norfolk,MA,20190,New England,2813,32512,1991,1991,386000,Operational,Natural Gas,Combined Cycle,Boston Edison Co,Yes,3rd Party
54832,1/26/2026,Panda Brandywine LP,Brandywine Power Facility,Brandywine,Prince George's,MD,20613,Mid-Atlantic,2899,325998,1996,1996,288000,Operational,Natural Gas,Combined Cycle,Potomac Electric Power Co,Yes,3rd Party
10745,5/21/2025,Midland Cogeneration Venture,Midland Cogeneration Venture,Midland,Midland,MI,48640,Midwest,2869,325199,1990,1990,1848000,Operational,Natural Gas,Combined Cycle,Consumers Energy Co,Yes,3rd Party
10819,1/26/2026,ADA Cogeneration,Amway Corporation,Ada,Kent,MI,49355,Midwest,2841,325611,1990,1990,33100,Operational,Natural Gas,Combined Cycle,Consumers Energy Co,Yes,3rd Party
54915,1/26/2026,"Michigan Power, L.P.",Dow Chemical Plant,Ludington,Mason,MI,49431,Midwest,2821,325211,1995,1995,138000,Operational,Natural Gas,Combined Cycle,Consumers Energy Co,Yes,3rd Party
54604,4/7/2017,Pfizer,Pfizer,Ann Arbor,Washtenaw,MI,48105,Midwest,2834,325412,1989,1989,3200,Operational,Natural Gas,Combustion Turbine,DTE Electric Co,No,Customer-Owned
58196,5/24/2021,Cargill,Cargill Salt,Hersey,Osceola,MI,49639,Midwest,2899,325998,1999,1999,6170,Operational,Natural Gas,Combustion Turbine,,No,Customer-Owned
55010,1/26/2026,"Cogentrix/ LSP Cottage Grove, LP",3M Plant,Cottage Grove,Washington,MN,55016,Midwest,2891,32552,1997,1997,283500,Operational,Natural Gas,Combined Cycle,Northern States Power Co,Yes,3rd Party
10195,4/24/2025,CF Industries,CF Industries,Yazoo City,Yazoo,MS,39194,Southeast,2873,325311,1984,1984,20000,Operational,Natural Gas,Combustion Turbine,Entergy Mississippi Inc,Yes,Customer-Owned
50509,10/9/2025,PCS Phosphate,PotashCorp,Aurora,Beaufort,NC,27806,Southeast,2819,325188,1984,1984,51900,Operational,Heat,HRSG/Steam Turbine,Duke Energy,Yes,Customer-Owned
50027,4/28/2016,FMC Lithium,Bessemer City Chemical Plant,Bessemer City,Gaston,NC,28016,Southeast,2819,325188,1991,1991,5500,Operational,Coal,Boiler/Steam Turbine,,Yes,Customer-Owned
54887,1/20/2026,DSM Pharmaceuticals,Burroughs WeLLCome Pharmaceuticals,Greenville,Pitt,NC,27834,Southeast,2834,325412,1993,1993,3500,Standby,Fuel Oil,Combustion Turbine,Greenville Utilities Comm,No,Customer-Owned
10525,12/5/2023,Craven County Wood Energy LP,Craven County Industrial Park,New Bern,Craven,NC,28560,Southeast,2813,32512,1990,1990,48000,Operational,Wood,Boiler/Steam Turbine,Carolina Power & Light Co,Yes,3rd Party
10308,11/1/2023,North Jersey Energy Associates,"Hercules, Inc.",Sayreville,Middlesex,NJ,8872,New York-New Jersey,2819,325188,1991,1991,430200,Operational,Natural Gas,Combined Cycle,Jersey Central Power & Light,Yes,3rd Party
10805,1/26/2026,Atlantic Power,Kenilworth Energy Facility,Kenilworth,Union,NJ,70330,New York-New Jersey,2834,325412,1989,1989,28800,Operational,Natural Gas,Combined Cycle,Public Service Electric & Gas,Yes,3rd Party
10224,5/28/2024,"Merck & Company, Inc.",Merck & Company-Rahway Plant,Rahway,Union,NJ,7065,New York-New Jersey,2834,325412,1977,2018,15950,Operational,Natural Gas,Boiler/Steam Turbine,Public Service Electric & Gas,No,Customer-Owned
54829,5/30/2023,"Bristol-Myers Squibb Company, inc",BMS Pharmaceutical Plant,New Brunswick,Middlesex,NJ,8903,New York-New Jersey,2834,325412,1992,1999,12000,Operational,Natural Gas,Combustion Turbine,Public Service Electric & Gas,No,Customer-Owned
54522,7/1/2015,Ashland-Aqualon,Aqualon Company Cogeneration Facility,Parlin,Middlesex,NJ,8859,New York-New Jersey,2869,325199,1936,1946,4500,Operational,Fuel Oil,Boiler/Steam Turbine,Jersey Central Power & Light,No,Customer-Owned
10122,1/26/2026,Hoechst Celanese Corporation,Hoechst-Celanese Plant,Bridgewater,Somerset,NJ,8876,New York-New Jersey,2823,325221,2002,2002,5000,Operational,Natural Gas,Combustion Turbine,Jersey Central Power & Light,No,Customer-Owned
50799,11/1/2023,Calpine - Parlin inc,E.I. Du Pont De Nemours & Co. / Parlin Power Plant,Parlin,Middlesex,NJ,8872,New York-New Jersey,3861,325510,1991,1991,135000,Operational,Natural Gas,Combined Cycle,Jersey Central Power & Light,Yes,3rd Party
58947,4/9/2024,"Bristol-Myers Squibb Company, inc",Bristol-Myers Squibb Central Utility Bld,Lawrenceville,Mercer,NJ,8648,New York-New Jersey,2834,325412,1995,2021,9900,Operational,Natural Gas,Combustion Turbine,Public Service Electric & Gas,No,Customer-Owned
54271,1/26/2026,Paragon Energy Holdings / MSD Capital L.P. Saguaro Power Company,Nevada Power Co. / Saguaro Power Company,Henderson,Clark,NV,89015,Western,2812,325181,1991,1991,127200,Operational,Natural Gas,Combined Cycle,Nevada Power Co,Yes,3rd Party
50472,1/26/2026,American Ref-Fuel Company / Covanta Niagara,Hooker Chemicals & Plastics Corp,Niagara Falls,Niagara,NY,14094,New York-New Jersey,2821,325211,1980,1980,50000,Operational,MSW,Boiler/Steam Turbine,National Grid,Yes,3rd Party
50451,1/26/2026,"Indeck Energy Services, Inc.","E. I. Du Pont De Nemours, Yerkes Energy Center",Tonawanda,Erie,NY,14207,New York-New Jersey,2821,325211,1989,1989,59900,Operational,Natural Gas,Combined Cycle,National Grid,Yes,3rd Party
50449,1/26/2026,"Indeck Energy Services, Inc.",Morton Salt/Silver Springs Energy Center,Silver Springs,Wyoming,NY,14550,New York-New Jersey,2899,325998,1991,1991,56600,Operational,Natural Gas,Combined Cycle,New York State Elec & Gas Corp,Yes,Customer-Owned
10521,1/26/2026,Pfizer,Lederle Laboratories,Pearl River,Rockland,NY,10965,New York-New Jersey,2834,325412,1990,1997,23400,Operational,Natural Gas,Combined Cycle,Orange & Rockland Utils Inc,Yes,Customer-Owned
50978,11/1/2023,Carr Street Generating Station / East Syracuse Generating Co. LP,Carr Street Generating Station,East Syracuse,Onondaga,NY,13209,New York-New Jersey,2834,325412,1993,1993,122600,Operational,Natural Gas,Combined Cycle,,Yes,3rd Party
55990,1/26/2026,Detroit-Edison Energy Services (DTE),INEOS Pigments Ashtabula,Ashtabula,Ashtabula,OH,44004,Midwest,2816,325131,2001,2001,26100,Operational,Natural Gas,Combined Cycle,,Yes,3rd Party
10671,10/31/2023,Oklahoma Gas and Electric (OG&E),River Valley Power Station/ Shady Point Generation Plant,Poteau,Le Flore,OK,74361,Southcentral,2813,32512,1990,1990,320000,Operational,Coal,Boiler/Steam Turbine,Oklahoma Gas & Electric Co,Yes,3rd Party
52149,1/28/2026,"Merck & Company, Inc.","Merck, Sharp & Dohme, Unit II",West Point,Montgomery,PA,19486,Mid-Atlantic,2834,325412,1989,2024,73700,Operational,Natural Gas,Combustion Turbine,Peco Energy Co,Yes,Customer-Owned
55043,1/29/2026,Cherokee County Cogeneration Corporation,Lng Motor Fuel & Ice Project,Gaffney,Cherokee,SC,29340,Southeast,2097,312113,1998,1998,117200,Operational,Natural Gas,Combined Cycle,Duke Energy Corp,Yes,3rd Party
50481,3/19/2024,Eastman Chemical Company,Kingsport Plant,Kingsport,Sullivan,TN,37662,Southeast,2821,325211,1936,1994,200000,Operational,Coal,Boiler/Steam Turbine,Kingsport Power Co,No,Customer-Owned
55047,1/26/2026,Calpine - Pasadena I & II,Chevron/Philips Chemical,Pasadena,Harris,TX,77506,Southcentral,2821,325211,1998,2000,815000,Operational,Natural Gas,Combined Cycle,Reliant Energy Hl&P,Yes,3rd Party
50229,1/26/2026,Texas Petrochemicals Corp,Texas Petrochemicals Houston Plant,Houston,Harris,TX,77017,Southcentral,2911,32411,1982,1982,35000,Operational,Natural Gas,Boiler/Steam Turbine,Reliant Energy Hl&P,Yes,Customer-Owned
52120,1/26/2026,Dow Chemical USA. - Texas Division,Energy Systems And Technical Services,Freeport,Brazoria,TX,77541,Southcentral,2819,325188,1982,1987,603100,Operational,Natural Gas,Combined Cycle,Reliant Energy Hl&P,Yes,Customer-Owned
50815,1/26/2026,Optim Energy LLC / Altura Cogeneration facility,LyondellBasell,Channelview,Harris,TX,77530,Southcentral,2911,32411,1985,1995,643600,Operational,Natural Gas,Combined Cycle,Reliant Energy Hl&P,Yes,3rd Party
50067,1/26/2026,Sid Richardson Carbon & Gas Company,Sid Richardson Carbon & Gas Company-Borger Plant,Borger,Hutchinson,TX,79007,Southcentral,2895,325182,1986,1986,30000,Operational,Natural Gas,Boiler/Steam Turbine,Southwestern Public Service Co,Yes,Customer-Owned
10154,1/26/2026,INEOS USA,Chocolate Bayou Facility - Power Island,Alvin,Brazoria,TX,77512,Southcentral,2911,32411,1985,2020,141000,Operational,Natural Gas,Combustion Turbine,Reliant Energy Hl&P,Yes,Customer-Owned
10789,1/26/2026,E.I. Du Pont De Nemours & Company,Dow DuPont Sabine River Works,Orange,Orange,TX,77631,Southcentral,2879,325320,1987,2001,594900,Operational,Natural Gas,Combined Cycle,Entergy Gulf States Inc,Yes,Customer-Owned
10790,1/26/2026,E.I. Du Pont De Nemours & Company / INVISTA S.a.r.l.,Du Pont Nylon/Polyethyelene Plant/Victoria Texas Plant,Victoria,Victoria,TX,77902,Southcentral,2821,325211,1987,1987,102400,Operational,Natural Gas,Combustion Turbine,Central Power & Light Co,Yes,Customer-Owned
52088,5/9/2023,Calpine,Dow Chemical - Texas City Plant,Texas City,Galveston,TX,77590,Southcentral,2869,325199,1987,1987,453000,Operational,Natural Gas,Combined Cycle,Texas New Mexico Power Co,Yes,3rd Party
50150,1/28/2026,Seadrift Cogeneration,Union Carbide Corporation,Seadrift,Calhoun,TX,77979,Southcentral,2813,32512,1964,2000,162000,Operational,Natural Gas,Combined Cycle,Central Power & Light Co,Yes,3rd Party
52122,1/26/2026,Occidental Petroleum,Wasson Field Cogeneration Facility,Denver City,Yoakum,TX,79323,Southcentral,2813,32512,1988,1988,23400,Operational,Natural Gas,Combustion Turbine,Southwestern Public Service Co,No,Customer-Owned
10568,1/26/2026,Total Petrochemicals USA Inc.,Port Arthur Texas Refinery,Port Arthur,Jefferson,TX,77640,Southcentral,2911,32411,1988,1988,38400,Operational,Natural Gas,Combustion Turbine,Entergy Gulf States Inc,Yes,Customer-Owned
10243,1/26/2026,Hoechst Celanese Corporation / Ticona Polymers,Ticona Polymers Inc.,Bishop,Nueces,TX,78343,Southcentral,2823,325221,1989,1989,44200,Operational,Natural Gas,Combustion Turbine,Central Power & Light Co,Yes,Customer-Owned
10692,5/17/2023,Exxonmobil Baytown Olefins Plant,Exxonmobil Baytown Olefins Plant,Baytown,Harris,TX,77522,Southcentral,2911,32411,1989,2005,378000,Operational,Natural Gas,Combustion Turbine,Reliant Energy Hl&P,No,Customer-Owned
10554,1/26/2026,"Formosa Plastics Corporation, USA",Point Comfort Project,Point Comfort,Calhoun,TX,77978,Southcentral,2821,325211,1987,2023,933400,Operational,Natural Gas,Combined Cycle,Central Power & Light Co,Yes,Customer-Owned
54637,5/14/2024,Huntsman Petrochemicals,JCO Oxides Olefins Plant,Port Neches,Jefferson,TX,77651,Southcentral,2819,325188,1993,1993,71260,Operational,Natural Gas,Combustion Turbine,Entergy Gulf States Inc,No,Customer-Owned
54676,1/26/2026,Dow Chemical USA. - Texas Division,Oyster Creek Project,Freeport,Brazoria,TX,77541,Southcentral,2819,325188,1994,1994,497900,Operational,Natural Gas,Combined Cycle,Center Point Energy Hudson,Yes,3rd Party
50304,1/26/2026,Shell Oil Company,Shell Manufacturing Complex,Deer Park,Harris,TX,77536,Southcentral,2911,32411,1979,1995,274000,Operational,Natural Gas,Combined Cycle,Reliant Energy Hl&P,Yes,Customer-Owned
50153,1/26/2026,Dow Chemical USA,Dow Chemical - Texas City Plant,Texas City,Galveston,TX,77592,Southcentral,2821,325211,1996,1996,45000,Operational,Steam,Boiler/Steam Turbine,Texas-New Mexico Power Co,Yes,Customer-Owned
52065,1/26/2026,Solvay,Houston Facility,Houston,Harris,TX,77012,Southcentral,2834,325412,1970,1970,7500,Operational,Natural Gas,Boiler/Steam Turbine,Reliant Energy Hl&P,Yes,Customer-Owned
55313,1/26/2026,Occidental Energy Ventures & Conoco Global Power,Ingleside Cogeneration Facility,Gregory/Ingleside,San Patricio,TX,78362,Southcentral,2869,325199,1999,1999,517000,Operational,Natural Gas,Combined Cycle,Central Power & Light Co,Yes,3rd Party
55311,11/1/2023,BASF Corp,Freeport Works,Freeport,Brazoria,TX,77541,Southcentral,2819,325188,1999,1999,86700,Operational,Natural Gas,Combined Cycle,Reliant Energy Hl&P,Yes,Customer-Owned
54321,1/26/2026,Goodyear Tire & Rubber Company,Beaumont/East Chemical Plant,Beaumont,Jefferson,TX,77706,Southcentral,2822,325212,1987,1999,34800,Operational,Natural Gas,Combustion Turbine,Entergy Gulf States Inc,Yes,Customer-Owned
50404,1/26/2026,BP Amoco/INEOS,BP Chemicals Green Lake Plant,Port Lavaca,Calhoun,TX,77979,Southcentral,2911,32411,1989,1997,38800,Operational,Other Waste,Boiler/Steam Turbine,Central Power & Light Co,Yes,Customer-Owned
10072,1/26/2026,"Orion Engineered Carbons, Inc.",Engineered Carbons Division,Borger,Hutchinson,TX,79008,Southcentral,2895,325182,1983,1983,20000,Operational,Other Waste,Boiler/Steam Turbine,,Yes,Customer-Owned
58191,1/26/2026,"U.S. Magnesium / Renco Metals, Inc.",Magnesium Corporation of America,Rowley,Tooele,UT,84116,Upper-West,3499,332999,1972,2016,48000,Operational,Natural Gas,Combustion Turbine,Pacificorp,Yes,Customer-Owned
52148,4/9/2024,"Merck & Company, Inc.","Merck & Co., Inc.- Stonewall Plant",Elkton,Rockingham,VA,22827,Mid-Atlantic,2834,325412,1983,2024,13800,Operational,Natural Gas,Boiler/Steam Turbine,Virginia Electric & Power Co,Yes,Customer-Owned
10633,1/26/2026,Hopewell Cogeneration LP,Aqualon Company,Hopewell,independent,VA,23860,Mid-Atlantic,2899,325998,1990,1990,399000,Operational,Natural Gas,Combined Cycle,Virginia Electric & Power Co,Yes,3rd Party
10774,3/10/2015,Dominion Southampton Power Station,Ashland Chemical,Franklin,independent,VA,23851,Mid-Atlantic,2861,325191,2013,2013,51000,Operational,Biomass,Boiler/Steam Turbine,Virginia Electric & Power Co,Yes,3rd Party
10771,10/31/2023,Virginia Electric & Power Co,Hopewell Power Station,Hopewell,independent,VA,23860,Mid-Atlantic,2823,325221,1992,1992,71100,Operational,Wood,Boiler/Steam Turbine,Virginia Electric & Power Co,Yes,3rd Party
54081,1/26/2026,Cogentrix/ Richmond Cogeneration Plant,Du Pont Spruance,Richmond,independent,VA,23234,Mid-Atlantic,2879,32532,1992,1992,114800,Operational,Natural Gas,Boiler/Steam Turbine,Virginia Electric & Power Co,Yes,3rd Party
50491,6/17/2014,"PPG Industries, Inc.","PPG Industries, Inc., Chemicals Group",Natrium,Wetzel,WV,26155,Mid-Atlantic,2819,325188,1954,1966,108000,Operational,Coal,Boiler/Steam Turbine,Wheeling Power Co,Yes,Customer-Owned
55278,1/26/2026,Devon Energy Inc. / Amoco Production Company,Beaver Creek Gas Plant,Beaver Creek,Fremont,WY,82500,Upper-West,2911,32411,1983,2018,5900,Operational,Natural Gas,Combustion Turbine,High Plains Power Inc,No,Customer-Owned
52184,1/26/2026,Andeavor,Tesoro Kenai Cogeneration Plant,North Kenai,Kenai,AK,99611,Northwest,2911,32411,1989,1989,8600,Operational,Natural Gas,Combustion Turbine,"Homer Electric Assn, Inc",No,Customer-Owned
50530,1/26/2026,Tesoro Corp,Wilmington Refinery,Wilmington,Los Angeles,CA,90748,Western,2911,32411,1982,1991,83000,Operational,Process Gas,Combined Cycle,Los Angeles Department Of Water & Power,Yes,Customer-Owned
10342,1/26/2026,Andeavor (Foster Wheeler Martinez / Phillips 66),Phillips 66 / Avon Refinery,Martinez,Contra Costa,CA,94553,Western,2911,32411,1987,1987,113500,Operational,Process Gas,Combined Cycle,Pacific Gas & Electric,Yes,3rd Party
50216,1/26/2026,BP Amoco / Watson Cogen Co. / Mission Energy,BP Amoco Carson Refinery,Carson,Los Angeles,CA,90745,Western,2911,32411,1988,1988,405000,Operational,Natural Gas,Combined Cycle,Southern California Edison,Yes,3rd Party
10213,11/1/2023,"Chevron USA., Inc.",El Segundo Refinery,El Segundo,Los Angeles,CA,90245,Western,2911,32411,1987,2013,171600,Operational,Natural Gas,Combined Cycle,Southern California Edison,Yes,Customer-Owned
52109,1/26/2026,"Chevron USA., Inc.",Chevron Richmond Refinery,Richmond,Contra Costa,CA,94801,Western,2911,32411,1992,2019,173500,Operational,Natural Gas,Combined Cycle,Pacific Gas & Electric,Yes,Customer-Owned
55557,1/26/2026,"Air Products & Chemicals, Inc.","Air Products & Chemicals, Inc./ Wilmington Hydrogen Plant",Wilmington,Los Angeles,CA,90744,Western,2813,325120,1996,1996,31900,Operational,Heat,HRSG/Steam Turbine,Los Angeles Department Of Water & Power,Yes,Customer-Owned
54646,1/26/2026,Kalaeloa Partners LP,"Andeavor / Hawaiian Independent Refinery, Inc.",Honolulu,Honolulu,HI,96707,Western,2911,32411,1989,1991,299400,Operational,Fuel Oil,Combined Cycle,Hawaiian Electric Co,Yes,3rd Party
10194,1/26/2026,Island Energy,Chevron Hawaiian Refinery,Kapolei,Honolulu,HI,96707,Western,2911,32411,1992,2011,12200,Operational,Process Gas,Combustion Turbine,Hawaiian Electric Co,No,Customer-Owned
58075,1/26/2026,Frontier Oil Corporation,El Dorado Refinery,El Dorado,Butler,KS,67042,Central,2911,32411,1996,1996,38900,Operational,Natural Gas,Combustion Turbine,,Yes,Customer-Owned
50389,1/26/2026,Placid Refining Company,Placid Refining Company,Port Allen,West Baton Rouge,LA,70767,Southcentral,2911,32411,1990,1990,7600,Operational,Natural Gas,Combustion Turbine,Entergy Gulf States Inc,No,Customer-Owned
10690,1/26/2026,Exxon Chemical Americas/Exxon Co. USA,Baton Rouge Facilities,Baton Rouge,East Baton Rouge,LA,70821,Southcentral,2911,32411,1990,1990,85300,Operational,Natural Gas,Combustion Turbine,Entergy Gulf States Inc,Yes,Customer-Owned
1391,1/26/2026,ExxonMobil Corp / Entergy Gulf States / Ethos Energy,Exxon Cogeneration Facility - Louisiana 1,Baton Rouge,East Baton Rouge,LA,70821,Southcentral,2911,32411,1951,1999,450900,Operational,Natural Gas,Combined Cycle,Entergy Gulf States Inc,Yes,3rd Party
52084,5/23/2014,"Chevron USA., Inc.",Chevron USA. Pascagoula Refinery,Pascagoula,Jackson,MS,39567,Southeast,2911,32411,1983,1983,6000,Operational,Heat,HRSG/Steam Turbine,Mississippi Power Co,No,Customer-Owned
54918,1/26/2026,"Ergon Refining, Inc.",Vicksburg Refinery Project,Vicksburg,Warren,MS,39180,Southeast,2911,32411,1994,1994,4720,Operational,Natural Gas,Combustion Turbine,Entergy Mississippi Inc,No,Customer-Owned
2047,1/5/2017,Mississippi Power,Chevron Oil Refinery,Pascagoula,Jackson,MS,39567,Southeast,2911,32411,1967,1994,170500,Operational,Natural Gas,Combustion Turbine,Mississippi Power,Yes,Customer-Owned
50931,1/26/2026,"Yellowstone Energy LP / Billings Generation, inc",Exxon Refinery,Billings,Yellowstone,MT,59101,Upper-West,2911,32411,1995,1995,68000,Operational,Petroleum Coke,Boiler/Steam Turbine,Northwestern Energy,Yes,3rd Party
50628,1/28/2026,ExxonMobil Corp,Paulsboro Refinery,Paulsboro,Gloucester,NJ,8066,New York-New Jersey,2911,32411,1982,1991,60500,Operational,Natural Gas,Combustion Turbine,Atlantic City Electric Co,Yes,Customer-Owned
50006,1/26/2026,East Coast Power,Linden Cogeneration Plant,Linden,Union,NJ,7033,New York-New Jersey,2911,32411,1992,2002,974100,Operational,Natural Gas,Combined Cycle,PSEG,Yes,3rd Party
50660,1/26/2026,Covanta Tulsa Renewable Energy LLC,Covanta - Tulsa,Tulsa,Tulsa,OK,74107,Southcentral,2911,32411,1989,1989,16800,Operational,MSW,Boiler/Steam Turbine,Public Service Co Of Oklahoma,Yes,3rd Party
55801,1/26/2026,"Sunoco, Inc.",Marcus Hook Refinery,Marcus Hook,Delaware,PA,19061,Mid-Atlantic,2911,32411,2004,2004,836100,Operational,Natural Gas,Combined Cycle,Peco Energy Co,Yes,3rd Party
10436,5/14/2024,ExxonMobil Corp,Exxon Baytown Refinery,Baytown,Harris,TX,77522,Southcentral,2911,32411,1977,1989,201800,Operational,Natural Gas,Combustion Turbine,Reliant Energy Hl&P,No,Customer-Owned
50121,1/26/2026,Valero Refining Company,Valero Refining Company,Corpus Christi,Nueces,TX,78469,Southcentral,2911,32411,1983,1983,69200,Operational,Petroleum Coke,Boiler/Steam Turbine,Central Power & Light Co,Yes,Customer-Owned
10261,1/26/2026,Enterprise Products Company / Mont Belvieu Complex,Enterprise Products Company,Mont Belvieu,Chambers,TX,77580,Southcentral,2911,32411,1991,1996,20700,Operational,Natural Gas,Combustion Turbine,Reliant Energy Hl&P,No,Customer-Owned
52132,1/26/2026,South Houston Green Power / BP-Amoco Oil Company,Texas City Refinery,Texas City,Galveston,TX,77590,Southcentral,2911,32411,1986,1986,191000,Operational,Natural Gas,Combined Cycle,Texas New Mexico Power Co,Yes,Customer-Owned
50973,1/26/2026,Motiva,Texaco Refining And Marketing Inc.,Port Arthur,Jefferson,TX,77640,Southcentral,2911,32411,1957,2011,276800,Operational,Natural Gas,Combined Cycle,Entergy Gulf States Inc,Yes,Customer-Owned
52176,1/26/2026,"Power Resources, Inc.",Alon,Big Spring,Howard,TX,79720,Southcentral,2911,32411,1987,1987,230000,Operational,Natural Gas,Combined Cycle,Txu Electric Co,Yes,3rd Party
50026,1/26/2026,Flint Hills,Flint Hills,Corpus Christi,Nueces,TX,78403,Southcentral,2911,32411,1988,1988,47000,Operational,Natural Gas,Combustion Turbine,Carolina Power & Light Co,Yes,Customer-Owned
50625,11/1/2023,ExxonMobil Corp,Mobil Beaumont Refinery,Beaumont,Jefferson,TX,77704,Southcentral,2911,32411,2005,2005,670300,Operational,Natural Gas,Combined Cycle,Entergy Gulf States Inc,Yes,Customer-Owned
54628,1/26/2026,Sentinel Peak Resources,Phase II Cogeneration Facility,El Paso,El Paso,TX,79998,Southcentral,3331,331410,1986,1992,19600,Operational,Natural Gas,Combustion Turbine,El Paso Electric Co,No,Customer-Owned
55015,1/26/2026,Phillips 66,Phillips Sweeny Complex,Sweeny,Brazoria,TX,77463,Southcentral,2911,32411,1997,2000,572000,Operational,Natural Gas,Combustion Turbine,Texas-New Mexico Power Co,Yes,3rd Party
55309,1/26/2026,"Premcor Refining Group / Air Products And Chemicals, Inc.",Clark Refining & Marketing / Premcor,Port Arthur,Jefferson,TX,77640,Southcentral,2911,32411,2000,2012,169100,Operational,Natural Gas,Combined Cycle,Entergy Gulf States Inc,No,3rd Party
58069,6/12/2018,Petrobas,Pasadena Refining System,Pasadena,Harris,TX,77251,Southcentral,2911,32411,1984,1984,6000,Operational,Other Waste,Boiler/Steam Turbine,,No,Customer-Owned
54268,1/26/2026,HollyFrontier,HollyFrontier Refinery Anacortes,Anacortes,Skagit,WA,98221,Northwest,2911,32411,1991,1993,139800,Operational,Natural Gas,Combined Cycle,Puget Sound Energy Inc,Yes,3rd Party
54537,11/1/2023,Phillips 66,Ferdale Refinery,Ferndale,Whatcom,WA,98248,Northwest,2911,32411,1994,1994,285500,Operational,Natural Gas,Combined Cycle,Puget Sound Energy Inc,Yes,3rd Party
10725,1/26/2026,"Selkirk Cogen Partners, L.P.",Selkirk Cogen,Selkirk,Albany,NY,12158,New York-New Jersey,3069,326299,1992,1994,445200,Operational,Natural Gas,Combined Cycle,National Grid,Yes,3rd Party
54630,1/26/2026,"National Energy Systems, Inc.",Eagle Gypsum Products,Eagle,Eagle,CO,81637,Upper-West,3275,32742,1990,1990,9600,Operational,Natural Gas,Combustion Turbine,Holy Cross Electric Assn Inc,No,3rd Party
54349,1/26/2026,Nevada Cogeneration Associates #2,Pabco Gypsum Black Mountain Project,Las Vegas,Clark,NV,89124,Western,3275,32742,1992,1992,96300,Operational,Natural Gas,Combined Cycle,Nevada Power Co,Yes,3rd Party
50203,1/26/2026,U.S. Gypsum Company,U.S. Gypsum Company,Oakfield,Genessee,NY,14125,New York-New Jersey,3275,32742,1986,1986,5800,Operational,Natural Gas,Combustion Turbine,National Grid,No,Customer-Owned
50733,1/26/2026,Lakeside Energy,US Steel - Gary Works,Gary,Lake,IN,46402,Midwest,3312,331111,1997,1997,161000,Operational,Blast Furnace Gas,Boiler/Steam Turbine,Northern Indiana Pub Serv Co,Yes,3rd Party
55066,1/26/2026,Primary Energy/Cleveland Cliffs,"Cokenergy, LLC",East Chicago,Lake,IN,46312,Midwest,3312,331110,1998,1998,95000,Operational,Blast Furnace Gas,Boiler/Steam Turbine,Northern Indiana Pub Serv Co,No,3rd Party
54995,1/26/2026,Primary Energy/Cleveland Cliffs,"North Lake, LLC",East Chicago,Lake,IN,46312,Midwest,3312,331111,1996,2015,90000,Operational,Heat,HRSG/Steam Turbine,Northern Indiana Pub Serv Co,Yes,3rd Party
10245,11/16/2018,ArcelorMittal,Burns Harbor Plant,Burns Harbor,Porter,IN,46304,Midwest,3312,331111,1969,1969,177720,Operational,Blast Furnace Gas,Boiler/Steam Turbine,Northern Indiana Pub Serv Co,No,Customer-Owned
10397,5/23/2025,ArcelorMittal,Indiana Harbor Works,East Chicago,Lake,IN,46312,Midwest,3312,331111,1939,2002,152000,Operational,Natural Gas,Boiler/Steam Turbine,Northern Indiana Pub Serv Co,No,Customer-Owned
6705,1/26/2026,Alcoa Generating Corporation,Alcoa Warrick Smelting & Fabrication,Newburgh,Warrick,IN,47629,Midwest,3341,331314,1960,1970,822200,Operational,Coal,Boiler/Steam Turbine,Southern Indiana Gas & Electric,No,Customer-Owned
54547,1/29/2026,Sithe Independence Power Partners Lp,Alcan Rolled Products Company,Scriba,Oswego,NY,13126,New York-New Jersey,3353,331315,1994,1994,1158000,Operational,Natural Gas,Combined Cycle,National Grid,Yes,3rd Party
54592,11/2/2023,Power City Generating/Sithe Energies,Alcoa Project,Massena,St. Lawrence,NY,13617,New York-New Jersey,3341,331314,1992,1992,81000,Operational,Natural Gas,Combined Cycle,,Yes,3rd Party
54207,1/29/2026,Cleveland Cliffs,Cleveland Cliffs Warren Coke,Warren,Trumbull,OH,44482,Midwest,3312,32411,1934,1934,3000,Operational,Process Gas,Boiler/Steam Turbine,Ohio Edison Co,No,Customer-Owned
55611,8/11/2016,Air Liquide America Corp - AE Operations,JSW Steel,Mingo Junction,Jefferson,OH,43938,Midwest,3312,331111,1998,1998,32000,Standby,Blast Furnace Gas,Boiler/Steam Turbine,American Electric Power Co Inc,Yes,3rd Party
50729,1/26/2026,USX Corporation,U.S. Steel / Clairton Works,Clairton,Allegheny,PA,15025,Mid-Atlantic,3312,331111,1955,1955,31000,Operational,Process Gas,Boiler/Steam Turbine,Duquesne Light Co,No,Customer-Owned
50732,1/26/2026,USX Corporation,U.S. Steel / Mon Valley Works,Braddock,Allegheny,PA,15104,Mid-Atlantic,3312,331111,1943,2002,52500,Operational,Blast Furnace Gas,Boiler/Steam Turbine,,No,Customer-Owned
7701,3/31/2017,Peco Energy Partners / Exelon Generation,USX Fairless Works,Fairless Hills,Bucks,PA,19030,Mid-Atlantic,3312,331111,1952,1952,60000,Operational,Biogas,Boiler/Steam Turbine,Philadelphia Electric,Yes,3rd Party
54225,6/26/2020,Gillette Company,Gillette World Shaving Headquarters,Boston,Suffolk,MA,20106,New England,3421,332211,1970,2010,12200,Operational,Natural Gas,Combustion Turbine,Boston Edison Co,No,Customer-Owned
50459,7/25/2016,NRG Energy Inc.,E.I. Dupont - Remington Arms Ilion Plant,Ilion,Herkimer,NY,13357,New York-New Jersey,3484,332994,1993,1993,56000,Operational,Natural Gas,Combined Cycle,National Grid,Yes,3rd Party
54605,1/26/2026,United Technologies,Pratt & Whitney Operations,East Hartford,Hartford,CT,61080,New England,3519,333618,1992,1992,25800,Operational,Natural Gas,Combustion Turbine,Connecticut Light & Power,Yes,Customer-Owned
10039,7/14/2015,John Deere Harvester Works,Deere & Company,East Moline,Rock Island,IL,61244,Midwest,3519,333618,1986,1986,7900,Operational,Coal,Boiler/Steam Turbine,Midamerican Energy Co,No,Customer-Owned
50041,11/1/2023,Norton Company,Norton Abrasives,Worcester,Worcester,MA,16060,New England,3500,32791,1942,1942,5600,Operational,Natural Gas,Boiler/Steam Turbine,Massachusetts Electric Co,No,Customer-Owned
10305,1/26/2026,"Pennsylvania Resource Systems, Inc.",Dutchess County Resource Recovery,Poughkeepsie,Dutchess,NY,12601,New York-New Jersey,3571,334111,1989,1989,9000,Operational,MSW,Boiler/Steam Turbine,Central Hudson Gas & Electric,Yes,3rd Party
54693,11/2/2023,Talen Energy,"Caterpillar, Inc. / City of York",York,York,PA,17402,Mid-Atlantic,3531,33312,1988,1988,52200,Operational,Natural Gas,Combined Cycle,Metropolitan Edison Co,Yes,Customer-Owned
10720,1/26/2026,Bonneville Pacific Corporation,"Kyocera America, Inc.",San Diego,San Diego,CA,92123,Western,3600,334413,2012,2012,3800,Operational,Natural Gas,Reciprocating Engine,San Diego Gas & Electric,No,3rd Party
50002,1/26/2026,Cogentrix/ Altresco Pittsfield LP,General Electric Plastics Facility,Pittsfield,Berkshire,MA,12010,New England,3612,335311,1990,1990,175000,Operational,Natural Gas,Combined Cycle,Western Massachusetts Elec Co,Yes,3rd Party
50205,1/26/2026,Williams Companies / Harvest Midstream / ORMAT,Ignacio Gas Plant,Durango,La Plata,CO,81301,Upper-West,2911,32411,2014,2014,6200,Operational,Heat,Organic Rankine Cycle,La Plata Electric Assn Inc,Yes,Customer-Owned
54041,1/26/2026,Lockport Energy Associates L.P.,Harrison Radiator Division/General Motors,Lockport,Niagara,NY,14094,New York-New Jersey,3714,336399,1992,1992,222200,Operational,Natural Gas,Combined Cycle,New York State Elec & Gas Corp,Yes,3rd Party
6288,10/31/2023,Golden Valley Electric Association,Healy Unit 2 Power Plant,Healy,Denali,AK,99743,Northwest,4911,,1967,1998,92800,Operational,Coal,Boiler/Steam Turbine,Alaska Pacific Energy,Yes,Utility
50624,5/21/2024,"GWF Power Systems Company, inc; Mobil Oil",Torrance Refinery,Torrance,Los Angeles,CA,90509,Western,,32411,1983,1988,41900,Operational,Process Gas,Combined Cycle,Southern California Edison,Yes,3rd Party
57573,1/26/2026,Central Contra Costa Sanitary District,Central Contra Costa Sanitary District,Martinez,Contra Costa,CA,94553,Western,4952,22132,1999,1999,3300,Operational,Natural Gas,Combustion Turbine,Pacific Gas & Electric,No,Customer-Owned
10275,1/26/2026,Citrus World / Florida Growers,Lake Wales Project,Lake Wales,Polk,FL,33859,Southeast,2037,311411,1989,2000,10700,Operational,Natural Gas,Combustion Turbine,Florida Power Corp,No,Customer-Owned
50960,1/26/2026,"Covanta, Ogden Martin Systems, Inc.",Union County Utilities Authority,Rahway,Union,NJ,7033,New York-New Jersey,9631,926130,1994,1994,44000,Operational,MSW,Boiler/Steam Turbine,Public Service Electric & Gas,Yes,3rd Party
54076,1/26/2026,"Indeck Energy Services, Inc.",Indeck Olean Energy Center,Olean,Cattaraugus,NY,14760,New York-New Jersey,3511,333611,1994,1994,90600,Operational,Natural Gas,Combined Cycle,National Grid,Yes,3rd Party
50744,11/2/2023,Alliance Energy Group/ Sterling Power Partners LP,Sterling Power Plant,Sherrill,Oneida,NY,13461,New York-New Jersey,3914,336320,1991,1991,64100,Operational,Natural Gas,Combined Cycle,National Grid,Yes,3rd Party
54250,1/26/2026,Newman & Company,Newman & Company,Philadelphia,Philadelphia,PA,19135,Mid-Atlantic,3900,339999,1964,1964,1800,Operational,Natural Gas,Boiler/Steam Turbine,Peco Energy Co,Yes,Customer-Owned
56692,1/12/2017,Industrial Power Generating Corp,Lanier Road Facility,Rockville,Hanover,VA,23146,Mid-Atlantic,3900,339999,1995,2000,10800,Operational,Fuel Oil,Reciprocating Engine,Virginia Power,No,3rd Party
1595,1/26/2026,Vicinity Energy - Cambridge,Kendall Square Cogeneration Station,Cambridge,Middlesex,MA,21420,New England,4961,,1958,2002,234700,Operational,Natural Gas,Combined Cycle,Cambridge Electric Light Co,Yes,Customer-Owned
10004,1/26/2026,Mosaic Fertilizer LLC / IMC Phosphates Co,Mosiac South Pierce Operations,Mulberry,Polk,FL,33860,Southeast,2870,325998,1978,1992,45500,Operational,Heat,HRSG/Steam Turbine,Tampa Electric Co,Yes,Customer-Owned
10042,1/26/2026,Kaweah Delta Hospital,Kaweah Delta District Hospital,Visalia,Tulare,CA,93291,Western,8062,62211,2008,2008,3515,Operational,Natural Gas,Combustion Turbine,Southern California Edison,No,Customer-Owned
58258,1/26/2026,Los Angeles International Airport (LAX) Airport,Central Utility Plant,Los Angeles,Los Angeles,CA,90045,Western,4581,488119,2015,2015,8800,Operational,Natural Gas,Combustion Turbine,Los Angeles Department Of Water & Power,Yes,Customer-Owned
10050,1/26/2026,Little Rock Wastewater Utility,Fourche Creek Wastewater,Little Rock,Pulaski,AR,72206,Southcentral,4952,22132,2009,2009,1300,Operational,Biogas,Reciprocating Engine,Entergy Arkansas Inc,Yes,Customer-Owned
10058,1/26/2026,General Electric Company,General Electric Co,Grove City,Mercer,PA,16127,Mid-Atlantic,3743,33651,1984,1984,4476,Operational,Fuel Oil,Reciprocating Engine,Pennsylvania Power Co,Yes,Customer-Owned
10093,1/26/2026,Andeavor,Andeavor Hawaii Corp / Tesoro Hawaii,Kapolei,Honolulu,HI,96707,Western,2911,32411,1982,1982,20000,Operational,Fuel Oil,Combustion Turbine,Hawaiian Electric Co,Yes,Customer-Owned
10167,1/26/2026,Carbide/Graphite Group inc,Seadrift Coke LP,Port Lavaca,Calhoun,TX,77979,Southcentral,2911,32411,1983,1983,7600,Operational,Petroleum Coke,Boiler/Steam Turbine,Central Power & Light Co,Yes,Customer-Owned
10180,1/28/2025,ENGIE North America / Metro Wastewater Reclamation District,Metro Water Recovery,Denver,Denver,CO,80229,Upper-West,4952,22132,1985,2000,7000,Operational,Biogas,Combustion Turbine,Xcel Energy,Yes,3rd Party
10198,1/20/2026,Mosaic Company,Uncle Sam Plant,Convent,Tangipahoa,LA,70723,Southcentral,2874,325312,1968,2016,26000,Operational,Heat,HRSG/Steam Turbine,Entergy Louisiana Inc,Yes,Customer-Owned
10204,6/27/2014,Mosaic Company / Cargill,Mosaic Co Tampa Facility,Riverview,Hillsborough,FL,33578,Southeast,2871,325312,1988,1999,77900,Operational,Heat,HRSG/Steam Turbine,Tampa Electric Co,Yes,Customer-Owned
10234,1/26/2026,NewPage,Biron Mill,Biron,Wood,WI,54494,Midwest,2621,322120,1947,1987,61600,Operational,Coal,Boiler/Steam Turbine,Wisconsin Public Service Corp,No,Customer-Owned
10248,6/27/2014,Mosaic Company / IMC Agrico Co,Nichols Operations,Mulberry,Polk,FL,33860,Southeast,2874,325312,1990,1990,13281,Operational,Heat,HRSG/Steam Turbine,Tampa Electric Co,Yes,Customer-Owned
10298,4/20/2018,Air Liquide America Corp,Bayou Cogeneration Plant,Pasadena,Harris,TX,77507,Southcentral,2813,32512,2014,2014,316000,Operational,Natural Gas,Combustion Turbine,Reliant Energy Hl&P,Yes,Customer-Owned
10301,1/26/2026,Louisiana Sugar Refining LLC,Colonial Sugar Refinery,Gramercy,St. James,LA,70052,Southcentral,2062,311312,1957,1977,6700,Operational,Natural Gas,Boiler/Steam Turbine,Entergy Louisiana Inc,No,Customer-Owned
10398,1/26/2026,ArcelorMittal,ArcelorMittal Cleveland,Cleveland,Cuyahoga,OH,44127,Midwest,3312,331111,1965,2022,102000,Operational,Blast Furnace Gas,Boiler/Steam Turbine,Cleveland Electric Illum Co,No,Customer-Owned
10418,1/26/2026,Ascend Performance Materials,Chocolate Bayou Plant,Alvin,Brazoria,TX,77512,Southcentral,2899,325998,1993,2000,52100,Operational,Natural Gas,Boiler/Steam Turbine,Reliant Energy Hl&P,No,Customer-Owned
10426,1/26/2026,International Paper,Rome Linerboard Mill,Rome,Floyd,GA,30165,Southeast,2621,322120,1954,1989,70400,Operational,Biomass,Boiler/Steam Turbine,Georgia Power Co,No,Customer-Owned
10488,1/26/2026,Boise Cascade Corporation,DeRidder Mill,DeRidder,Beaureguard,LA,70634,Southcentral,2621,322120,1969,1969,61500,Operational,Black Liquor,Boiler/Steam Turbine,Central Louisiana Electric Co,No,Customer-Owned
10560,1/26/2026,Rayonier Inc.,Jesup Mill,Jesup,Wayne,GA,31545,Southeast,2679,322299,1954,1982,69500,Operational,Black Liquor,Boiler/Steam Turbine,Georgia Power Co,Yes,Customer-Owned
10562,1/26/2026,"Rayonier, Inc.",Rayonier Fernandina Mill,Fernandina Beach,Nassau,FL,32024,Southeast,2679,322299,1950,2012,42000,Operational,Wood,Boiler/Steam Turbine,Florida Public Utilities Co,No,Customer-Owned
10569,3/18/2013,Alon,Big Spring Texas Refinery,Big Spring,Howard,TX,79720,Southcentral,2911,32411,1986,1986,1500,Operational,Natural Gas,Boiler/Steam Turbine,Txu Electric Co,No,Customer-Owned
10603,5/21/2021,"Ebensburg Power Company, Inc.",Ebensburg Power Co,Ebensburg,Cambria,PA,15931,Mid-Atlantic,4939,921,1990,1990,57600,Operational,Waste Coal,Boiler/Steam Turbine,Pennsylvania Electric Co,Yes,Customer-Owned
55075,1/26/2026,Calpine / Evergreen Packaging,Pine Bluff Energy Center,Pine Bluff,Jefferson,AR,71611,Southcentral,2621,322120,2001,2001,230400,Operational,Natural Gas,Combined Cycle,Entergy Arkansas Inc,No,3rd Party
10697,1/26/2026,Hood Container of Louisiana,St. Francisville Mill,St. Francisville,West Feliciana,LA,70775,Southcentral,2631,32213,1966,1966,12500,Operational,Black Liquor,Boiler/Steam Turbine,Entergy Gulf States Inc,No,Customer-Owned
10726,11/1/2023,Cogentrix / Masspower,Monsanto Chemical Company / Solutia Indian Orchard Plant,Indian Orchard,Hampden,MA,11510,New England,2821,325211,1993,1993,260900,Operational,Natural Gas,Combined Cycle,Western Massachusetts Elec Co,Yes,3rd Party
10795,1/26/2026,E.I. Du Pont De Nemours & Company,May Plant,Lugoff,Kershaw,SC,29078,Southeast,2821,325211,1993,1993,19000,Operational,Natural Gas,Boiler/Steam Turbine,Carolina Power & Light Co,No,Customer-Owned
10855,1/26/2026,"Cargill, Inc.",Cargill Eddyville - Corn Milling Division,Eddyville,Monroe,IA,52553,Central,2046,311221,1952,1952,40000,Operational,Coal,Boiler/Steam Turbine,Ies Utilities Inc,No,Customer-Owned
10860,1/26/2026,Archer Daniels Midland Company,ADM Clinton,Clinton,Clinton,IA,52732,Central,2046,311221,2009,2009,180000,Operational,Coal,Boiler/Steam Turbine,Interstate Power Co,No,Customer-Owned
10866,1/27/2026,Archer Daniels Midland Company,ADM Peoria,Peoria,Peoria,IL,61602,Midwest,2046,311221,1988,1988,18000,Operational,Natural Gas,Combustion Turbine,Central Illinois Light Co,Yes,Customer-Owned
10884,1/26/2026,County of Los Angeles,Olive View Medical Center,Sylmar,Los Angeles,CA,91342,Western,8062,62211,1987,1987,5600,Operational,Natural Gas,Combined Cycle,Los Angeles Department Of Water & Power,Yes,Customer-Owned
50035,1/26/2026,Mid-Maine Waste Action Corp,Mmwac Resource Recovery Facility,Auburn,Androscoggin,ME,4211,New England,4953,562212,1992,1992,5000,Operational,MSW,Boiler/Steam Turbine,Central Maine Power Co,Yes,Customer-Owned
50043,1/26/2026,Owl Energy Resources inc / Oxy Vinyls,Houston Chemical Complex Battleground Site,Deer Park,Harris,TX,77536,Southcentral,2812,325181,1982,2005,380700,Operational,Natural Gas,Combined Cycle,Reliant Energy Hl&P,Yes,3rd Party
50088,1/26/2026,University of Northern Iowa,UNI Power Plant,Cedar Falls,Black Hawk,IA,50614,Central,8221,61131,1982,1982,7500,Operational,Coal,Boiler/Steam Turbine,Cedar Falls City Of,No,Customer-Owned
50146,1/26/2026,Savannah Foods&Industrial Inc.,Savannah Sugar Refinery,Port Wentworth,Chatham,GA,31407,Southeast,2062,311312,1946,1985,11700,Operational,Coal,Boiler/Steam Turbine,Savannah Electric & Power Co,No,Customer-Owned
50191,1/27/2026,International Paper Company,Springfield Mill,Springfield,Lane,OR,97477,Northwest,2621,322215,1976,1976,40000,Operational,Black Liquor,Boiler/Steam Turbine,Springfield Utility Board & Eugene Water & Electric,Yes,Customer-Owned
50192,1/26/2026,International Paper Company,Valliant Mill,Valliant,McCurtain,OK,74764,Southcentral,2621,322120,1971,1971,68000,Operational,Black Liquor,Boiler/Steam Turbine,Public Service Co Of Oklahoma,No,Customer-Owned
50230,1/29/2026,Robbins Lumber inc,Robbins Lumber/Georges River Energy,Searsmont,Waldo,ME,4973,New England,2421,321113,1981,2018,11250,Operational,Wood,Boiler/Steam Turbine,Central Maine Power Co,Yes,Customer-Owned
50273,3/31/2017,Eco Springfield LLC,Pioneer Valley Resource Recovery Facility,Agawam,Hampden,MA,10010,New England,4953,562212,1988,1988,9400,Operational,MSW,Boiler/Steam Turbine,Western Massachusetts Elec Co,Yes,3rd Party
50274,5/27/2025,Simplot Leasing Corp,Don Plant,Pocatello,Bannock,ID,83204,Northwest,2874,325312,1986,1986,15900,Operational,Steam,Backpressure Steam Turbine,Idaho Power Co,Yes,3rd Party
50279,7/26/2016,PEI Power Corp / Archbald Power Station,"Laminations Inc, Flexible Foam",Archbald,Lackawanna,PA,18403,Mid-Atlantic,4961,32613,1988,1988,34000,Operational,Biogas,Combustion Turbine,PPL Electric Utilities Corp,Yes,Customer-Owned
50305,1/26/2026,Lafarge Corp,Alpena Cement Plant,Alpena,Alpena,MI,49707,Midwest,3241,327310,1952,1999,47200,Operational,Petroleum Coke,Boiler/Steam Turbine,Alpena Power Co,Yes,Customer-Owned
50329,1/28/2025,King County Wastewater Treatment Division,West Point Treatment Plant,Seattle,King,WA,98199,Northwest,4952,22132,2012,2012,4600,Operational,Biogas,Reciprocating Engine,Seattle City Light,Yes,Customer-Owned
50366,5/9/2023,University of Notre Dame,University of Notre Dame Power Plant,Notre Dame,St. Joseph,IN,46556,Midwest,8221,61131,1952,2019,33900,Operational,Coal,Boiler/Steam Turbine,Indiana Michigan Power Co,No,Customer-Owned
50396,6/21/2022,Roseburg Forest Products Co,Dillard Complex,Roseburg,Douglas,OR,97470,Northwest,2421,321113,1955,1955,40000,Operational,Wood,Boiler/Steam Turbine,Pacific Power,No,Customer-Owned
50397,10/31/2023,Pixelle Specialty Solutions LLC,Pixelle Specialy Solutions LLC- Spring Grove Plant,Spring Grove,York,PA,17362,Mid-Atlantic,2679,322299,1948,1994,109500,Operational,Coal,Boiler/Steam Turbine,Metropolitan Edison Co,Yes,Customer-Owned
62449,1/26/2026,Mobile Energy Services,Kimberly-Clark Mill,Mobile,Mobile,AL,36610,Southeast,2621,322120,2019,2019,50000,Operational,Natural Gas,Combustion Turbine,Alabama Power Co,Yes,3rd Party
50475,1/26/2026,LyondellBasell,Corpus Christi Plant,Corpus Christi,Nueces,TX,78460,Southcentral,2911,32411,1989,1989,41000,Operational,Natural Gas,Combustion Turbine,Central Power & Light Co,Yes,Customer-Owned
50488,1/28/2026,"PPG Industries, Inc.",PPG Riverside Chlor-Alkali Plant,Lake Charles,Calcasieu,LA,70602,Southcentral,2812,325181,1969,1969,127000,Operational,Natural Gas,Boiler/Steam Turbine,Entergy Gulf States Inc,No,Customer-Owned
50621,1/26/2026,State of Rhode Island,RI State Hospital / Central Power Plant,Cranston,Providence,RI,29200,New England,8062,62211,1958,2004,10000,Operational,Natural Gas,Combustion Turbine,Narragansett Electric Co,No,Customer-Owned
50627,1/26/2026,ExxonMobil Corp,Joliet Refinery,Channahon,Will,IL,60410,Midwest,2911,32411,1986,1986,43400,Operational,Process Gas,Combustion Turbine,Commonwealth Edison Co,Yes,Customer-Owned
50633,1/26/2026,"Mosaic Company / Cargill, Inc.",Mosaic Co Martlow Facility,Bartow,Polk,FL,33830,Southeast,2873,325311,1985,1992,81900,Operational,Heat,HRSG/Steam Turbine,Tampa Electric Co,Yes,Customer-Owned
50647,1/26/2026,Energy Group inc,Covanta Indianapolis Inc,Indianapolis,Marion,IN,46221,Midwest,4953,562212,1988,1988,6500,Operational,MSW,Boiler/Steam Turbine,Indianapolis Power & Light Co,No,3rd Party
50649,1/26/2026,"Covanta, Ogden Projects inc-Babylon",Babylon Resource Recovery Facility,West Babylon,Suffolk,NY,11704,New York-New Jersey,4953,562212,1989,1989,17000,Operational,MSW,Boiler/Steam Turbine,Long Island Power Authority,Yes,3rd Party
58253,1/20/2026,Television City Cogen LP,CBS Studios,Los Angeles,Los Angeles,CA,90036,Western,4833,51312,2012,2012,2400,Operational,Natural Gas,Fuel Cell,Los Angeles Department Of Water & Power,No,3rd Party
50727,4/28/2016,Occidental,Flomaton Treating Facility,Flomaton,Escambia,AL,36441,Southeast,1311,211111,1971,1971,3500,Operational,Natural Gas,Boiler/Steam Turbine,Alabama Power Co,No,Customer-Owned
50803,1/26/2026,WestRock,Seminole Mill,North Jacksonville,Duval,FL,32218,Southeast,2631,32213,1975,1975,30000,Operational,Natural Gas,Boiler/Steam Turbine,Jacksonville Electric Authority,No,Customer-Owned
50810,1/26/2026,WestRock,Hodge Louisiana,Hodge,Jackson,LA,71247,Southcentral,2631,32213,1957,1972,66400,Operational,Natural Gas,Boiler/Steam Turbine,Entergy Louisiana Inc,No,Customer-Owned
50846,5/25/2017,Kaiser Aluminum & Chemical Corp / Noranda Alumina,Kaiser Aluminum,Gramercy,St. James,LA,70052,Southcentral,3351,331420,1958,1974,79700,Operational,Natural Gas,Boiler/Steam Turbine,Entergy Louisiana Inc,No,Customer-Owned
50907,1/26/2026,Oswego County,Oswego County Energy Recovery,Fulton,Oswego,NY,13069,New York-New Jersey,4953,562212,1986,1986,3600,Operational,MSW,Boiler/Steam Turbine,National Grid,Yes,Customer-Owned
50965,1/26/2026,Sunoco inc,Toledo,Oregon,Lucas,OH,43616,Midwest,2911,32411,1986,1986,6000,Operational,Heat,Organic Rankine Cycle,Toledo Edison Co,No,Customer-Owned
52024,1/26/2026,Rhode Island Hospital,Rhode Island Hospital,Providence,Providence,RI,29010,New England,8062,62211,1974,1993,10400,Operational,Natural Gas,Boiler/Steam Turbine,Narragansett Electric Co,No,Customer-Owned
52072,1/26/2026,Alliant Tech Systems / U.S. Army-Radford,Radford Army Ammunition Plant,Radford,independent,VA,24141,Mid-Atlantic,9711,92811,1990,1990,18000,Operational,Natural Gas,Boiler/Steam Turbine,Appalachian Power Co,No,Customer-Owned
52077,1/26/2026,"Aera Energy, LLC / Shell / Exxon Mobil",Lost Hills Cogeneration Plant,Lost Hills,Kern,CA,93251,Western,1311,211111,1985,1985,7000,Operational,Natural Gas,Combustion Turbine,Pacific Gas & Electric,Yes,3rd Party
52089,1/26/2026,Celanese,Celco Plant,Narrows,Giles,VA,24124,Mid-Atlantic,2833,325411,1942,1966,27200,Operational,Natural Gas,Boiler/Steam Turbine,Appalachian Power Co,No,Customer-Owned
52130,1/28/2026,BP Amoco Chemicals Company,Whiting Refinery/Whiting Clean Energy,Whiting,Lake,IN,46394,Midwest,2911,32411,1948,2002,660600,Operational,Natural Gas,Combined Cycle,Northern Indiana Pub Serv Co,No,Customer-Owned
52133,1/26/2026,Andeavor,Mandan Refinery,Mandan,Morton,ND,58554,Upper-West,2911,32411,1958,1958,7500,Operational,Process Gas,Boiler/Steam Turbine,Mdu Resources Group Inc,No,Customer-Owned
52140,4/19/2016,International Paper Company,International Paper - Prattville Mill,Prattville,Autauga,AL,36067,Southeast,2621,322120,1967,1980,85500,Operational,Black Liquor,Boiler/Steam Turbine,Alabama Power Co,No,Customer-Owned
52175,1/26/2026,Citgo Petroleum Corp,Citgo Refinery Powerhouse,Sulphur,Calcasieu,LA,70663,Southcentral,2911,32411,1942,1969,75000,Operational,Process Gas,Boiler/Steam Turbine,Entergy Gulf States Inc,No,Customer-Owned
52188,6/17/2019,Phillips 66,Ponca City Refinery,Ponca City,Kay,OK,74603,Southcentral,2911,32411,2018,2018,5000,Operational,Process Gas,Boiler/Steam Turbine,Oklahoma Gas & Electric Co,No,Customer-Owned
52193,1/26/2026,Motiva Enterprises LLC / Star Enterprise,Delaware City Plant,Delaware City,New Castle,DE,19706,Mid-Atlantic,2911,32411,1956,2000,324000,Operational,Natural Gas,Combined Cycle,Delmarva Power & Light Co,Yes,3rd Party
54004,1/26/2026,"Westrock Southeast, LLC",Dublin Mill,Dublin,Laurens,GA,31021,Southeast,2621,322120,1989,1989,82100,Operational,Wood,Boiler/Steam Turbine,Georgia Power Co,Yes,Customer-Owned
54216,6/4/2023,Resolute Forest Products,U S  Alliance Coosa Pines,Coosa Pines,Talladega,AL,35044,Southeast,2679,322299,2008,2008,17800,Operational,Black Liquor,Boiler/Steam Turbine,Alabama Power Co,No,Customer-Owned
53041,5/25/2017,PCS Nitrogen Fertilizer LP,PCS Nitrogen Fertilizer LP,Millington,Shelby,TN,38053,Southeast,2873,325311,2006,2006,10000,Operational,Heat,HRSG/Steam Turbine,Tennessee Valley Authority,No,Customer-Owned
54240,1/26/2026,Louisiana Tech University,Louisiana Tech University Power Plant,Ruston,Lincoln,LA,71272,Southcentral,8221,61131,2003,2003,7520,Operational,Natural Gas,Combustion Turbine,Ruston City Of,No,Customer-Owned
54262,7/10/2025,St. Mary's Hospital,Saint Marys Hospital Power Plant,Rochester,Olmstead,MN,55902,Midwest,8062,62211,1971,1996,7750,Operational,Natural Gas,Combustion Turbine,Rochester Public Utilities,Yes,Customer-Owned
58980,1/26/2026,City of Akron,Akron Recycle Energy Plant,Akron,Summit,OH,44307,Midwest,4953,562212,2014,2014,1800,Operational,Biogas,Reciprocating Engine,Ohio Edison Co,No,Customer-Owned
54286,7/16/2015,Rolls Royce Corp,Rolls Royce Corp,Indianapolis,Marion,IN,46241,Midwest,3724,336110,1999,2000,13000,Operational,Biogas,Combustion Turbine,Indianapolis Power & Light Co,No,Customer-Owned
54305,1/26/2026,"Westward Seafoods, Inc.",Westward Seafoods Inc,Dutch Harbor,Aleutians,AK,99692,Northwest,2091,311711,1991,1991,6600,Operational,Fuel Oil,Reciprocating Engine,Unalaska City Of,No,Customer-Owned
54318,1/26/2026,Tata Chemical Soda Ash Partners,General Chemical,Green River,Sweetwater,WY,82935,Upper-West,2810,325998,1968,1977,30000,Operational,Coal,Boiler/Steam Turbine,Pacificorp,Yes,Customer-Owned
54330,1/26/2026,Shell Chemical,Westhollow Technology Center,Houston,Harris,TX,77082,Southcentral,1311,211111,2019,2019,3725,Operational,Natural Gas,Combustion Turbine,CenterPoint Energy Houston,No,Customer-Owned
54347,1/26/2026,Tampa Dept of Sanitary Sewers,City of Tampa Howard F Curren Water Treatment Plant,Tampa,Hillsborough,FL,33605,Southeast,4952,22132,1987,1987,2500,Operational,Biogas,Reciprocating Engine,Tampa Electric Co,No,Customer-Owned
54358,1/26/2026,International Paper Company,Augusta Mill,Augusta,Augusta-Richmond,GA,30906,Southeast,2621,322120,1960,1965,84700,Operational,Biomass,Boiler/Steam Turbine,Georgia Power Co,No,Customer-Owned
54374,1/20/2026,Sinclair Oil Corp,Sinclair Oil Refinery,Sinclair,Carbon,WY,82334,Upper-West,2911,32411,1925,2024,3700,Operational,Natural Gas,Reciprocating Engine,Pacificorp,No,Customer-Owned
54407,6/13/2014,State of Wisconsin,Waupun Correctional Inst Central Generating Plant,Waupun,Dodge,WI,53963,Midwest,9223,92214,1951,1971,3000,Operational,Natural Gas,Combustion Turbine,Waupun Public Utilities,No,Customer-Owned
54441,5/11/2023,Chevron/Hilcorp,Chunchula Plant 1,Chunchula,Mobile,AL,36521,Southeast,1311,211111,1979,1979,1800,Operational,Natural Gas,Boiler/Steam Turbine,Alabama Power Co,No,Customer-Owned
54449,1/26/2026,Sentinel Peak Resources,Plains Exploration and Production,Fellows,Kern,CA,93224,Western,1311,211111,1988,1988,6064,Operational,Natural Gas,Combustion Turbine,Pacific Gas & Electric,Yes,Customer-Owned
54515,1/20/2026,Crotched Mt Rehab Center,Crotched Mt Rehab Center,Greenfield,Hillsborough,NH,30470,New England,8069,6221,1990,1990,2100,Standby,Fuel Oil,Reciprocating Engine,Public Serice Of New Hampshire,No,Customer-Owned
54517,1/26/2026,"Sierra Pacific Industries, Inc.",Sonora,Sonora,Tuolumne,CA,95370,Western,2421,321113,2018,2018,7500,Operational,Wood,Boiler/Steam Turbine,Pacific Gas & Electric,No,Customer-Owned
54550,1/26/2026,ExxonMobil Corp,Mobile Bay Onshore Treating Facility,Theodore,Mobile,AL,36582,Southeast,1311,211111,1993,1993,12000,Operational,Natural Gas,Combined Cycle,Alabama Power Co,Yes,Customer-Owned
54556,10/31/2023,"Ingredion, Inc.","Ingredion, Inc.",Bedford Park,Cook,IL,60501,Midwest,2046,311221,1991,1991,45000,Operational,Natural Gas,Boiler/Steam Turbine,Commonwealth Edison Co,Yes,Customer-Owned
54627,1/26/2026,Okeelanta Power LP,Okeelanta Power LP,South Bay,Palm Beach,FL,33493,Southeast,2062,311312,1996,2007,128900,Operational,Biomass,Boiler/Steam Turbine,Florida Power & Light,Yes,Customer-Owned
54656,1/26/2026,International Paper Company / Riegel,International Paper Riegelwood Mill,Riegelwood,Columbus,NC,28456,Southeast,2621,322120,1976,2024,84000,Operational,Black Liquor,Boiler/Steam Turbine,Carolina Power & Light Co,No,Customer-Owned
54670,4/28/2016,BP,Grand Chenier Gas Processing Plant,Grand Chenier,Cameron,LA,70643,Southcentral,1311,211111,1966,1966,1800,Operational,Natural Gas,Boiler/Steam Turbine,Entergy Gulf States Inc,No,Customer-Owned
54690,1/26/2026,Amalgamated Sugar Company,Amalgamated Sugar Nampa Factory,Nampa,Canyon,ID,83651,Northwest,2062,311313,1948,1960,8200,Operational,Natural Gas,Boiler/Steam Turbine,Idaho Power Co,No,Customer-Owned
54700,4/3/2017,Bio-Energy Partners,Metro Methane Recovery Facility,Mitchellville,"Polk, Jasper",IA,50169,Central,4953,562212,1998,2014,11200,Operational,Biogas,Reciprocating Engine,Midamerican Energy Co,Yes,3rd Party
54752,4/19/2016,International Paper Company,Pine Hill Operations,Pine Hill,Wilcox,AL,36769,Southeast,2621,322120,1968,1982,72900,Operational,Wood,Boiler/Steam Turbine,Alabama Power Co,Yes,Customer-Owned
54789,6/11/2018,Georgia-Pacific,Brewton Mill,Brewton,Escambia,AL,36426,Southeast,2631,32213,1964,2016,101400,Operational,Black Liquor,Boiler/Steam Turbine,Alabama Power Co,No,Customer-Owned
54800,1/26/2026,Saint Agnes Medical Center,Saint Agnes Medical Center,Fresno,Fresno,CA,93729,Western,8062,62211,2001,2001,7000,Operational,Natural Gas,Combustion Turbine,Pacific Gas & Electric,Yes,Customer-Owned
54802,4/19/2016,WestRock,WestRock,Cottonton,Russell,AL,36851,Southeast,2621,322120,1966,1998,112500,Operational,Wood,Boiler/Steam Turbine,Alabama Power Co,Yes,Customer-Owned
54823,4/3/2017,Smithfield Packing Co,Carolina Food Process Inc.Generation Facility 1,Tar Heel,Bladen,NC,28392,Southeast,2011,311611,1993,1997,28500,Standby,Fuel Oil,Reciprocating Engine,Four County Elec Member Corp,No,Customer-Owned
54851,1/26/2026,Milwaukee Metro Sewerage Dist,MMSD Jones Island Wastewater Treatment Plant,Milwaukee,Milwaukee,WI,53207,Midwest,4952,22132,1971,2013,31300,Operational,Natural Gas,Combustion Turbine,Wisconsin Electric Power Co,Yes,Customer-Owned
54858,4/3/2017,Southwestern Bell Telephone Co,Southwestern Bell Telephone,St. Louis,St. Louis,MO,63101,Central,4813,51331,1992,1992,6000,Standby,Fuel Oil,Reciprocating Engine,Union Electric Co,No,Customer-Owned
54936,1/26/2026,California Dept of Corrections,Richard J Donovan Correctional Facility Rock Mt,San Diego,San Diego,CA,92179,Western,9223,92214,1987,1987,3130,Operational,Natural Gas,Combustion Turbine,San Diego Gas & Electric,No,Customer-Owned
54950,1/26/2026,University of Oregon,University of Oregon Central Power Station,Eugene,Lane,OR,97403,Northwest,8221,61131,2011,2011,10900,Operational,Natural Gas,Combustion Turbine,Eugene Water and Electric Board,No,Customer-Owned
54965,1/26/2026,"Cargill, Inc.",Cargill Salt Plant,St. Clair,St. Clair,MI,48079,Midwest,2899,311942,1968,2017,4200,Operational,Natural Gas,Boiler/Steam Turbine,Detroit Edison Co,No,Customer-Owned
54985,4/3/2017,Crestwood Corp,Crestwood Corp - Dothan,Dothan,Houston,AL,36303,Southeast,4939,221112,1995,2002,8600,Operational,Fuel Oil,Reciprocating Engine,Dothan City Of,Yes,Customer-Owned
55004,7/18/2019,Thorton Township School District,Thornwood High School,South Holland,Cook,IL,60473,Midwest,8211,61111,1996,1996,700,Standby,Natural Gas,Reciprocating Engine,Commonwealth Edison Co,No,Customer-Owned
55027,1/26/2026,City of Omaha,Papillion Creek Wastewater Treatment Plant,Bellevue,Sarpy,NE,68005,Central,4952,22132,1987,1987,1500,Operational,Biogas,Reciprocating Engine,Nebraska Public Power District,No,Customer-Owned
55033,1/26/2026,City of Omaha,Missouri River Wastewater Treatment Plant,Omaha,Douglas,NE,68107,Central,4952,22132,1985,2001,2850,Operational,Biogas,Reciprocating Engine,Omaha Public Power District,No,Customer-Owned
55035,1/26/2026,City of Davenport,Davenport Water Pollution Control Plant,Davenport,Scott,IA,52802,Central,4952,22132,1995,1995,1600,Operational,Biogas,Reciprocating Engine,Midamerican Energy Co,No,Customer-Owned
55044,1/26/2026,"Boise, Inc.","Boise, Inc. Pulp and Paper Mill",Jackson,Clarke,AL,36545,Southeast,2621,322120,1996,2023,44400,Operational,Natural Gas,Boiler/Steam Turbine,Alabama Power Co,No,Customer-Owned
59658,1/26/2026,"Sierra Pacific Industries, Inc.",Anderson Facility,Anderson,Shasta,CA,96007,Western,2421,321113,2015,2015,30200,Operational,Wood,Boiler/Steam Turbine,Pacific Gas & Electric,Yes,Customer-Owned
55064,1/26/2026,Borger Energy Associates LP,Black Hawk Station,Borger,Hutchinson,TX,79007,Southcentral,2869,325199,1999,2005,243900,Operational,Natural Gas,Combustion Turbine,Southwestern Public Service Co,Yes,3rd Party
55094,1/26/2026,Miramar Energy LLC,North Miramar SLF,San Diego,San Diego,CA,92111,Western,4953,562212,1997,1997,6400,Operational,Biogas,Reciprocating Engine,San Diego Gas & Electric,Yes,3rd Party
50750,5/16/2024,"Aera Energy, LLC",Coalinga,Coalinga,Fresno,CA,93210,Western,1311,211111,1988,1988,8500,Operational,Natural Gas,Combustion Turbine,Pacific Gas & Electric,Yes,3rd Party
52096,12/20/2023,Berry Petroleum Company,Placerita Field / Newhall I - EOR,Newhall,Los Angeles,CA,91350,Western,1311,211111,1990,1990,39200,Operational,Natural Gas,Combustion Turbine,Southern California Edison,Yes,Customer-Owned
54410,1/26/2026,All American Oil and Gas,"DAI/Oildale, Inc.",Oildale,Kern,CA,93308,Western,1311,211111,2015,2015,27700,Operational,Natural Gas,Combined Cycle,Pacific Gas & Electric,Yes,Customer-Owned
10501,12/7/2023,Mid-Set Cogeneration Company,Mid-Set Cogeneration,Taft,Kern,CA,93268,Western,1311,211111,1989,1989,38000,Operational,Natural Gas,Combustion Turbine,Pacific Gas & Electric,Yes,3rd Party
50751,5/16/2024,"Texaco, Inc. / Chevron",SE Kern River,Bakersfield,Kern,CA,93308,Western,1311,211111,1989,1989,34468,Operational,Natural Gas,Combustion Turbine,Pacific Gas & Electric,Yes,Customer-Owned
59847,11/13/2015,Northwest Community Hospital,Northwest Community Hospital,Arlington Heights,Cook,IL,61312,Midwest,8062,62211,1997,1997,4400,Operational,Natural Gas,Reciprocating Engine,,,
58245,1/26/2026,Northeastern Illinois University,Northeastern Illinois University,Chicago,Cook,IL,60625,Midwest,8221,61131,1999,1999,3100,Operational,Natural Gas,Reciprocating Engine,Commonwealth Edison Co,,Customer-Owned
7698,2/27/2025,Alabama Power Co.,General Elec Plastic / SABIC Innovative Plastics,Burkeville,Lowndes,AL,36752,Southeast,2821,325211,1999,1999,97000,Operational,Natural Gas,Combined Cycle,,,
7527,5/14/2024,Sacramento Municipal Utility District,Carson Ice CG,Sacramento,Sacramento,CA,95758,Western,4220,49312,1995,1995,125000,Operational,Natural Gas,Combined Cycle,Sacramento Municipal Utility District,Yes,Utility
50492,1/24/2018,City of San Diego,Gas Utilization Facility - Pt. Loma Sewage Plant,San Diego,San Diego,CA,92106,Western,4952,22132,1985,1985,4600,Operational,Biogas,Reciprocating Engine,San Diego Gas & Electric,No,Customer-Owned
7232,1/24/2018,City of Santa Clara,Santa Clara Cogen,Santa Clara,Santa Clara,CA,95054,Western,4939,221112,1982,1982,7800,Operational,Natural Gas,Combustion Turbine,Pacific Gas & Electric,,Customer-Owned
50119,11/2/2023,ConocoPhillips,Phillips 66 Rodeo Refinery,Rodeo,Contra Costa,CA,94572,Western,2911,32411,1987,1987,51000,Operational,Process Gas,Combustion Turbine,Pacific Gas & Electric,Yes,Customer-Owned
50884,1/26/2026,Pinellas County Solid Waste,Pinellas County Resource Recovery,St. Petersburg,Pinellas,FL,33716,Southeast,4953,562212,1983,1986,76500,Operational,MSW,Boiler/Steam Turbine,Florida Power Corp,Yes,3rd Party
54818,4/3/2017,191 Peachtree Associates,191 Peachtree Tower,Atlanta,Fulton,GA,30303,Southeast,6512,53112,1991,1991,2400,Standby,Fuel Oil,Reciprocating Engine,Georgia Power Co,No,Customer-Owned
55152,4/3/2017,CSC Associates,Bank of America Plaza,Atlanta,Fulton,GA,30308,Southeast,6512,53112,1991,1991,3000,Standby,Fuel Oil,Reciprocating Engine,Georgia Power Co,No,3rd Party
54290,1/26/2026,"DCII-250 Williams Street NW, LLC",American Cancer Society Center/Inforum,Atlanta,Fulton,GA,30303,Southeast,6512,53112,1989,1989,1300,Operational,Fuel Oil,Reciprocating Engine,Georgia Power Co,No,3rd Party
50932,1/28/2025,Des Moines Metro Wastewater Reclamation Authority,WRA Wastewater Treatment Facility,Des Moines,Polk,IA,50317,Central,4952,22132,2015,2015,2800,Standby,Biogas,Reciprocating Engine,MidAmerican Energy Co,No,Customer-Owned
1180,4/7/2017,City of Rockford,Rockford,Rockford,Floyd,IA,50468,Central,9111,92111,1951,1999,2900,Operational,Fuel Oil,Reciprocating Engine,Rockford City of,,Customer-Owned
50989,5/27/2014,Ingersoll Cutting Tool Company,Ingersoll Cutting Tool Company,Rockford,Winnebago,IL,61103,Midwest,3541,333517,1988,1988,3000,Standby,Natural Gas,Combustion Turbine,Commonwealth Edison Co,No,Customer-Owned
50337,1/20/2026,Moose International,Mooseheart Power House,Mooseheart,Kane,IL,60539,Midwest,8221,61131,1986,1986,1800,Standby,Natural Gas,Reciprocating Engine,Commonwealth Edison Co,No,Customer-Owned
54540,4/3/2017,Wells Manufacturing Co,Wells Manufacturing Co Dura Bar Division,Woodstock,McHenry,IL,60098,Midwest,3511,333611,1992,1992,6000,Standby,Natural Gas,Reciprocating Engine,Commonwealth Edison Co,No,Customer-Owned
992,4/17/2024,Citizens Thermal Energy,Perry K Steam Plant,Indianapolis,Marion,IN,46225,Midwest,4961,22133,2009,2009,3400,Operational,Natural Gas,Boiler/Steam Turbine,Citizens Energy Group,Yes,Customer-Owned
55096,6/30/2025,Primary Energy/United States Steel Corporation,"Portside Energy, LLC",Portage,Porter,IN,46368,Midwest,3312,331111,1997,1997,63000,Operational,Natural Gas,Combined Cycle,Northern Indiana Pub Serv Co,No,3rd Party
55857,1/26/2026,"Chevron USA., Inc. / Oronite Co LLC",Oak Point Cogen,Belle Chasse,Plaquemines,LA,70037,Southcentral,2911,32411,1999,1999,23500,Operational,Natural Gas,Combustion Turbine,Entergy Louisana Inc.,Yes,Customer-Owned
50490,1/26/2026,"PPG Industries, Inc.",Plant C Caustic,Lake Charles,Calcasieu,LA,70602,Southcentral,2812,325181,1986,1986,3400,Operational,Natural Gas,Boiler/Steam Turbine,Entergy Gulf States Inc,No,Customer-Owned
10823,5/22/2025,Massachusetts Water Resources Authority,Deer Island,Winthrop,Suffolk,MA,2152,New England,4952,22132,1995,1998,69500,Operational,Fuel Oil,Combustion Turbine,Boston Edison Co,No,Customer-Owned
50060,1/29/2026,Prince George's County,Brown Station Rd / County Prison,Upper Marlboro,Prince George's,MD,20772,Mid-Atlantic,9223,92214,1987,1987,2700,Operational,Biogas,Reciprocating Engine,Potomac Electric Power Co,Yes,Customer-Owned
10032,5/27/2014,Powertrain Warren GMC,General Motors Corp-Warren,Warren,Macomb,MI,48092,Midwest,3711,336110,1988,1988,4000,Operational,Natural Gas,Combustion Turbine,Detroit Edison Co,No,Customer-Owned
50860,1/26/2026,Kent County,Kent County Waste to Energy / Covanta,Grand Rapids,Kent,MI,49503,Midwest,4953,562212,1989,1989,18000,Operational,MSW,Boiler/Steam Turbine,Consumers Energy Co,Yes,3rd Party
55799,1/26/2026,United States Gypsum / Menasha Packaging Co LLC / Otsego Paper Inc.,USG Paper Mill / Paperboard Division Power Plant,Otsego,Allegan,MI,49078,Midwest,2631,32213,1995,1995,21200,Operational,Natural Gas,Combustion Turbine,Consumers Power,No,Customer-Owned
50937,4/3/2017,William Beaumont Hospital,William Beaumont Hospital,Royal Oak,Oakland,MI,48073,Midwest,8062,62211,1992,1992,3800,Standby,Fuel Oil,Reciprocating Engine,Detroit Edison Co,No,Customer-Owned
54212,1/26/2026,American Crystal Sugar Co,ACS Crookston,Crookston,Polk,MN,56716,Midwest,2062,311312,1954,1975,6500,Operational,Coal,Boiler/Steam Turbine,Otter Tail Power Co,Yes,Customer-Owned
1979,10/31/2023,Hibbing Public Utilities / Laurentian Energy Authority,Municipal District Heating Plant,Hibbing,St. Louis,MN,55746,Midwest,4961,,1965,1996,35900,Operational,Natural Gas,Boiler/Steam Turbine,Hibbing Public Utilities,Yes,Utility
2001,1/30/2017,New Ulm Public Utilities Comm,New Ulm,New Ulm,Brown,MN,56073,Midwest,4961,,1965,2014,22100,Operational,Natural Gas,Boiler/Steam Turbine,New Ulm Public Utilities,Yes,Customer-Owned
2013,8/2/2016,Spring Valley Pub Utils Comm,Spring Valley,Spring Valley,Fillmore,MN,55975,Midwest,4961,22133,1949,1949,3900,Operational,Fuel Oil,Reciprocating Engine,,,Customer-Owned
2018,10/31/2023,Virginia Department of Public Utilities,City of Virginia Power Plant,Virginia,St. Louis,MN,55792,Midwest,4961,,1954,1971,26200,Operational,Natural Gas,Boiler/Steam Turbine,,,Customer-Owned
2115,7/27/2016,City of Butler,Butler,Butler,Bates,MO,64730,Central,4961,22133,1946,2000,13100,Operational,Fuel Oil,Reciprocating Engine,,,Customer-Owned
54316,1/20/2026,Archer Daniels Midland Company,ADM Southport,Southport,Brunswick,NC,28461,Southeast,2041,311211,1992,1995,34500,Standby,Natural Gas,Combustion Turbine,Carolina Power & Light Co,,Customer-Owned
2316,4/3/2017,City of Wisner,Wisner,Wisner,Cuming,NE,68791,Central,4961,22133,1969,2010,3800,Operational,Fuel Oil,Reciprocating Engine,,,Customer-Owned
54667,1/26/2026,Sentinel Peak Resources,Chino Mines Co,Hurley,Grant,NM,88043,Southcentral,1031,212231,1959,2001,54000,Operational,Natural Gas,Combustion Turbine,Texas-New Mexico Power Co,No,Customer-Owned
51038,1/26/2026,Covanta / Islip Resource Recovery Agency,Mac Arthur Waste to Energy,Ronkonkoma,Suffolk,NY,11779,New York-New Jersey,4953,562212,1986,1986,12500,Operational,MSW,Boiler/Steam Turbine,Long Island Power Authority,Yes,3rd Party
7350,11/1/2023,Portland General Electric / Logan International,"Boardman Industrial Park (ConAgra, JSH Farms, Columbia River Processing)",Boardman,Morrow,OR,97818,Northwest,2037,311411,1995,1995,296000,Operational,Natural Gas,Combined Cycle,,,Customer-Owned
60263,1/26/2026,Clean Water Services,Durham Wastewater Plant,Tigard,Washington,OR,97123,Northwest,4952,22132,2016,2016,1700,Operational,Biogas,Reciprocating Engine,,,Customer-Owned
64663,1/26/2026,City of Salem,Willow Lake WWTP,Salem,Marion,OR,97303,Northwest,4952,22132,2020,2020,1200,Operational,Biogas,Reciprocating Engine,Salem Electric,,Customer-Owned
50373,1/26/2026,NRG Energy,Bruce Mangione Steam Plant/Paxton Creek Plant,Harrisburg,Dauphin,PA,17105,Mid-Atlantic,4961,22133,1986,1986,12600,Operational,Natural Gas,Reciprocating Engine,PPL Electric Utilities Corp,Yes,3rd Party
54634,1/26/2026,"Schuylkill Energy Resources, Inc.",St Nicholas Cogeneration Project,Shenandoah,Schuylkill,PA,17976,Mid-Atlantic,4939,221112,1990,1990,99200,Operational,Waste Coal,Boiler/Steam Turbine,PPL Electric Utilities Corp,Yes,3rd Party
55036,1/26/2026,University of Tennessee,UT Steam Plant,Knoxville,Knox,TN,37996,Southeast,8221,61131,1996,1996,5000,Operational,Natural Gas,Combustion Turbine,Knoxville Utilities Board,No,Customer-Owned
7131,3/18/2014,City of Lubbock,Brandon / Texas Tech University,Lubbock,Lubbock,TX,79409,Southcentral,4939,6113,1990,1990,21000,Operational,Natural Gas,Combustion Turbine,,,Customer-Owned
50241,,Tenet Hospital Ltd,Providence Memorial Hospital,El Paso,El Paso,TX,79902,Southcentral,8062,62211,1987,1987,4200,Operational,Natural Gas,Reciprocating Engine,El Paso Electric Co,No,
50942,5/28/2014,Lagoon Corp,Lagoon Amusement Park,Farmington,Davis,UT,84025,Upper-West,7996,71311,1989,1989,3000,Standby,Fuel Oil,Reciprocating Engine,Utah Municipal Power Agency,No,Customer-Owned
58352,4/14/2020,Bio Pappel S.A.B. de C.V,McKinley Paper Co,Port Angeles,Clallam,WA,98363,Northwest,2621,322120,2020,2020,9500,Operational,Wood,Boiler/Steam Turbine,Clallam County PUD,Yes,Customer-Owned
55770,1/1/2010,County of Dane Public Works,Dane County LF #2 - Rodefeld,Madison,Dane,WI,53713,Midwest,4953,562212,1997,1997,1600,Operational,Biogas,Reciprocating Engine,Madison Gas & Electric Co,,Customer-Owned
55525,1/26/2026,Milwaukee Metro Sewerage Dist,MMSD South Shore Wastewater Treatment Plant,Oak Creek,Milwaukee,WI,53154,Midwest,4952,22132,2000,2010,5100,Operational,Biogas,Reciprocating Engine,Wisconsin Electric Power Co,No,Customer-Owned
54323,4/3/2017,TBS Properties,CNN Center,Atlanta,Fulton,GA,30303,Southeast,6512,53112,1986,2003,13000,Standby,Fuel Oil,Reciprocating Engine,Georgia Power Co,No,3rd Party
55088,1/26/2026,Dearborn Industrial Gen Inc.,AK Steel - Dearborn Works,Dearborn,Wayne,MI,48126,Midwest,3711,336110,1999,2001,747900,Operational,Natural Gas,Combined Cycle,Detroit Edison Co,Yes,3rd Party
55122,1/26/2026,BASF Corp,NROC Cogeneration Facility,Port Arthur,Jefferson,TX,77643,Southcentral,2899,325998,2001,2001,83200,Operational,Natural Gas,Combustion Turbine,Entergy Gulf States Inc,No,Joint
55176,1/26/2026,Eastman CoGeneration LP/INEOS,Eastex Cogeneration Facility / Eastman Cogeneration,Longview,Harrison,TX,75607,Southcentral,2899,325998,2001,2001,467700,Operational,Natural Gas,Combined Cycle,Southwestern Electric Power Co,No,Customer-Owned
55187,1/26/2026,Energy Investors Fund,Channelview Cogeneration Plant,Channelview,Harris,TX,77530,Southcentral,2821,325211,2001,2002,918300,Operational,Natural Gas,Combined Cycle,EIF Channelview Cogeneration LLC,No,3rd Party
55299,1/26/2026,Calpine - Channel Energy Center,LyondellBasell Houston Refinery,Houston,Harris,TX,77017,Southcentral,2911,32411,2001,2014,923800,Operational,Natural Gas,Combined Cycle,Reliant Energy Hl&P,No,Customer-Owned
55429,1/26/2026,Domtar / Willamette Industries Inc. / Weyerhaeuser,Domtar Hawesville Mill / Kentucky Mills,Hawesville,Hancock,KY,42348,Southeast,2421,321113,2001,2001,88000,Operational,Black Liquor,Boiler/Steam Turbine,Kenergy Corp,No,3rd Party
55103,1/26/2026,Iberdrola Renewables,Klamath Cogeneration,Klamath Falls,Klamath,OR,97601,Northwest,2611,32211,2001,2001,501500,Operational,Natural Gas,Combined Cycle,Pacific Power,,3rd Party
55117,1/26/2026,PPG / Entergy Corp / Axiall,RS Cogen,Lake Charles,Calcasieu,LA,70601,Southcentral,2819,325188,2002,2002,493000,Operational,Natural Gas,Combined Cycle,Entergy Louisiana Inc,,Utility
55327,1/26/2026,Calpine - Baytown Energy Center,Baytown Energy Center LP / Bayer Corporation,Baytown,Chambers,TX,77520,Southcentral,2911,32411,2002,2002,932900,Operational,Natural Gas,Combined Cycle,Reliant Energy Hl&P,,3rd Party
55464,1/26/2026,Calpine - Deer Park Energy Center,Deer Park Energy Center,Deer Park,Harris,TX,77536,Southcentral,2911,32411,2003,2014,1176000,Operational,Natural Gas,Combined Cycle,Reliant Energy Hl&P,Yes,Customer-Owned
55470,1/26/2026,South Houston Green Power LP / Cinergy,Green Power 2,Texas City,Galveston,TX,77592,Southcentral,2911,32411,2003,2009,862000,Operational,Natural Gas,Combined Cycle,Texas-New Mexico Power Co,Yes,3rd Party
55206,5/22/2025,Calpine - Corpus Christi Energy Center,Citgo Refining,Corpus Christi,Nueces,TX,78407,Southcentral,2911,32411,2002,2002,592000,Operational,Natural Gas,Combined Cycle,Central Power & Light Co,Yes,3rd Party
55217,1/26/2026,Calpine - Los Medanos Energy Center LLC,USS-POSCO,Pittsburg,Contra Costa,CA,94565,Western,3312,331111,2001,2001,678300,Operational,Natural Gas,Combined Cycle,Pacific Gas & Electric,No,3rd Party
55293,5/21/2025,Calpine - Morgan Energy Center,BP-Amoco Chemicals,Decatur,Morgan,AL,35601,Southeast,2911,32411,2003,2003,900000,Operational,Natural Gas,Combined Cycle,Tennessee Valley Authority,Yes,3rd Party
55292,11/1/2023,Capital Power - Decatur Energy Center,Eastman Chemical Company - Solutia Performance Products,Decatur,Morgan,AL,35601,Southeast,2824,325222,2002,2003,902400,Operational,Natural Gas,Combined Cycle,Tennessee Valley Authority,Yes,3rd Party
56643,4/16/2025,Ever-Green Energy / District Energy St. Paul,St. Paul Cogeneration Plant,St. Paul,Ramsey,MN,55102,Midwest,4961,,2003,2025,39900,Operational,Wood,Boiler/Steam Turbine,Xcel Energy,Yes,Customer-Owned
10208,1/26/2026,Verso,Escanaba Paper,Escanaba,Delta,MI,49829,Midwest,2621,322120,1969,1982,122400,Operational,Black Liquor,Boiler/Steam Turbine,Upper Peninsula Power Co,No,Customer-Owned
54472,1/26/2026,J.R. Simplot,SF Phosphates,Rock Springs,Sweetwater,WY,82901,Upper-West,1475,212392,1986,1986,11500,Operational,Heat,HRSG/Steam Turbine,Pacificorp,Yes,Customer-Owned
58635,11/13/2015,Museum of Science & Industry,Museum of Science & Industry,Chicago,Cook,IL,60607,Midwest,8412,71211,2003,2003,1750,Operational,Natural Gas,Reciprocating Engine,Commonwealth Edison Co,,
58136,1/26/2026,Adkins Energy LLC,Adkins Ethanol,Lena,Stephenson,IL,61048,Midwest,2869,325193,2002,2019,6800,Operational,Natural Gas,Combustion Turbine,Com Edison,No,3rd Party
56127,7/10/2025,POET / City of Macon,POET Bioproducts & Macon Municipal Utilities,Macon,Macon,MO,63552,Central,2869,325193,2003,2003,11300,Operational,Natural Gas,Combustion Turbine,Macon Municipal Utilities,Yes,Joint
58375,1/26/2026,Triton College,Triton College East and West Cogen,River Grove,Cook,IL,60171,Midwest,8221,61131,1998,2015,3600,Operational,Natural Gas,Reciprocating Engine,,,Customer-Owned
58607,1/26/2026,Equity Office Properties / Paramount Group / Morgan Stanley Real Estate,One Market Plaza,San Francisco,San Francisco,CA,94105,Western,6512,53112,2003,2003,1500,Operational,Natural Gas,Reciprocating Engine,Pacific Gas & Electric,,3rd Party
57804,1/26/2026,Middlebury College,Middlebury College,Middlebury,Addison,VT,5753,New England,8221,61131,1999,1999,800,Operational,Wood,Boiler/Steam Turbine,Central Vermont Public Service,No,Customer-Owned
56038,1/26/2026,University of Maryland,University of Maryland - College Park,College Park,Prince George's,MD,20742,Mid-Atlantic,8221,61131,2002,2002,27300,Operational,Natural Gas,Combustion Turbine,Potomac Electric Power Co,No,3rd Party
56785,11/1/2023,Virginia Polytechnic Institute and State University (Virginia Tech),Virginia Tech University,Blacksburg,Montgomery,VA,24061,Mid-Atlantic,8221,61131,1976,1976,6300,Operational,Natural Gas,Boiler/Steam Turbine,,Yes,Customer-Owned
58160,5/12/2021,Williams College,Williams College,Williamstown,Berkshire,MA,1267,New England,8221,61131,2004,2004,3000,Operational,Natural Gas,Boiler/Steam Turbine,,No,Customer-Owned
55851,11/2/2023,Valero Energy Corp.,Valero Refinery Cogen,Benicia,Solano,CA,94510,Western,2911,32411,2002,2002,51000,Operational,Process Gas,Combustion Turbine,Pacific Gas & Electric,,Customer-Owned
10294,4/15/2025,Calpine,King City Cogen / Rava Business Park,King City,Monterey,CA,93930,Western,,311999,1989,1989,133200,Operational,Natural Gas,Combined Cycle,Pacific Gas & Electric,Yes,Customer-Owned
56668,1/29/2026,Pepco Energy Services Inc.,National Institute of Health Central Utility Plant,Bethesda,Montgomery,MD,20892,Mid-Atlantic,9100,92119,2018,2018,28000,Operational,,,Potomac Electric Power Co,Yes,3rd Party
55558,11/2/2023,WPS Power Development / Combined Locks Energy Center,Appleton Coated Paper Mill,Combined Locks,Outagamie,WI,54113,Midwest,2621,322120,2002,2002,60500,Operational,Natural Gas,Combustion Turbine,,,3rd Party
57788,1/26/2026,General Services Adminitration (GSA)/ Smithsonian,GSA Smithsonian Central Plant Cogen,Washington,District of Columbia,DC,20004,Mid-Atlantic,9100,92119,2004,2004,10800,Operational,Natural Gas,Combustion Turbine,Washington Gas,,
58328,1/26/2026,Energy Systems Group / U.S. Dept of Veterans Affairs,North Chicago Energy Center / Captain James A. Lovell Federal Health Care Center,North Chicago,Lake,IL,60064,Midwest,8062,62211,2003,2004,13020,Operational,Natural Gas,Combustion Turbine,,,3rd Party
58180,1/26/2026,University of New Hampshire,University of New Hampshire,Durham,Strafford,NH,03824,New England,8221,61131,2006,2009,8500,Operational,Natural Gas,Combustion Turbine,,No,Customer-Owned
4125,8/31/2015,Manitowoc Municipal Utility,Anheuser-Busch Malting Plant,Manitowoc,Manitowoc,WI,54220,Midwest,4961,312320,2005,2005,64000,Operational,Petroleum Coke,Boiler/Steam Turbine,Manitowoc Municipal Utility,Yes,Utility
57061,4/20/2018,Alaska Village Electric Cooperative,St. Michael,St. Michael,Nome,AK,99659,Northwest,7215,81231,2015,2015,700,Standby,Fuel Oil,Reciprocating Engine,Alaska Village Electric Cooperative,Yes,Utility
57053,4/20/2018,Alaska Village Electric Cooperative,Alakanuk,Alakanuk,Wade Hampton,AK,99554,Northwest,4941,22131,2013,2013,800,Standby,Fuel Oil,Reciprocating Engine,Alaska Village Electric Cooperative,Yes,Utility
6338,12/6/2023,Alaska Village Electric Cooperative,Saint Mary's,St. Mary's,Wade Hampton,AK,99658,Northwest,8661,81311,2022,2022,4600,Operational,Fuel Oil,Reciprocating Engine,Alaska Village Electric Cooperative,Yes,Utility
56509,1/26/2026,Andeavor,Salt Lake City Refinery/ Tesoro Cogeneration,Salt Lake City,Salt Lake,UT,84103,Upper-West,2911,32411,2004,2004,30400,Operational,Natural Gas,Combustion Turbine,,Yes,
55089,1/26/2026,Occidental Chemical Corp,Taft Cogeneration Facility,Taft,St. Charles,LA,70057,Southcentral,2869,32511,2002,2002,895000,Operational,Natural Gas,Combined Cycle,Entergy Gulf States Inc,,Customer-Owned
55882,1/26/2026,Sierra Pacific Industries inc,Sierra Pacific Aberdeen,Aberdeen,Grays Harbor,WA,98520,Northwest,2421,321113,2003,2003,18000,Operational,Wood,Boiler/Steam Turbine,Grays Harbor PUD No. 1,Yes,Customer-Owned
55861,1/26/2026,Verso,Stevens Point Mill,Stevens Point,Portage,WI,54495,Midwest,2621,322120,2002,2002,7600,Operational,Natural Gas,Boiler/Steam Turbine,,,Customer-Owned
56080,1/26/2026,San Jose/Santa Clara Water Pollution Control,San Jose-Santa Clara Regional Wastewater Facility,San Jose,Santa Clara,CA,95134,Western,4952,22132,2020,2020,14000,Operational,Natural Gas,Reciprocating Engine,Pacific Gas & Electric,No,Customer-Owned
55386,11/1/2023,LS Power - Columbia Energy Center,Columbia Energy Center (SC),Gaston,Lexington,SC,29053,Southeast,2819,325188,2004,2004,668500,Operational,Natural Gas,Combined Cycle,Dominion Energy South Carolina,,3rd Party
55242,11/1/2023,Calpine - Santa Rosa,Sterling Fibers,Pace,Santa Rosa,FL,32571,Southeast,2823,325221,2003,2003,274500,Operational,Natural Gas,Combined Cycle,Gulf Power Co,,3rd Party
59448,7/10/2025,SC Johnson Company / Kestrel Hawk Landfill,Waxdale Manufacturing Facility,Racine,Racine,WI,53404,Midwest,2842,325613,2003,2005,6400,Operational,Biogas,Combustion Turbine,We Energies,Yes,Customer-Owned
61857,1/26/2026,DG Energy Solutions / Quonset Point Cogeneration Facility,Toray Plastics America,North Kingstown,Washington,RI,02852,New England,3089,326112,2002,2014,20000,Operational,Natural Gas,Reciprocating Engine,National Grid,No,Customer-Owned
60102,11/19/2013,Lorin Industries,Lorin Industries,Muskegon,Muskegon,MI,49442,Midwest,3341,3321,1990,1990,3200,Operational,Natural Gas,Reciprocating Engine,Consumers Energy Co,,
58428,1/26/2026,Louisiana State University,LSU Central Utility Plant,Baton Rouge,East Baton Rouge,LA,70803,Southcentral,8221,61131,2005,2005,20000,Operational,Natural Gas,Combustion Turbine,,,Customer-Owned
58265,1/29/2026,United States Department of Agriculture (USDA),National Animal Disease Center,Ames,Story,IA,50010,Central,9100,92119,2007,2007,3000,Operational,Natural Gas,Combustion Turbine,,,Customer-Owned
7294,4/17/2025,Reedy Creek Utility District,Reedy Creek Utility District - Disney World,Lake Buena Vista,Orange,FL,32830,Southeast,4939,713110,2006,2006,55000,Operational,Natural Gas,Combustion Turbine,Reedy Creek,,Customer-Owned
7721,11/1/2023,Alabama Power Co.,Phenolchemie / Theodore Cogen Facility,Theodore,Mobile,AL,36582,Southeast,2865,325132,2000,2000,317400,Operational,Natural Gas,Combined Cycle,Alabama Power Co,,3rd party
2500,9/11/2017,Helix Gen Funding,Ravenswood Generating Station / Consolidated Edison,Queens,Queens,NY,11101,New York-New Jersey,4961,,2004,2004,250000,Operational,Natural Gas,Combined Cycle,Consolidated Edison,Yes,Customer-Owned
63540,1/26/2026,DCO Energy,Essex County Correctional Facility,Newark,Essex,NJ,7105,New York-New Jersey,9223,92214,2004,2004,6000,Operational,Natural Gas,Reciprocating Engine,PSE&G,,3rd Party
58186,5/20/2025,Hudson Valley Community College,Hudson Valley Community College,Troy,Rensselaer,NY,12180,New York-New Jersey,8222,61121,2004,2004,5095,Operational,Natural Gas,Reciprocating Engine,,,Customer-Owned
55404,1/26/2026,LS Power - Carville Energy Center,Cos-Mar / St. Gabriel Chemical Plant,St. Gabriel,Iberville,LA,70776,Southcentral,2869,325199,2003,2003,555000,Operational,Natural Gas,Combined Cycle,,Yes,Utility
2493,4/15/2025,Consolidated Edison Co NY,East River Generating Station,New York,New York,NY,10009,New York-New Jersey,4961,,1951,2001,630000,Operational,Natural Gas,Combined Cycle,Consolidated Edison,Yes,Customer-Owned
58327,1/26/2026,Bradley International Airport,Bradley Airport Energy Center,Windsor Locks,Hartford,CT,6096,New England,4581,488119,2002,2002,5800,Operational,Natural Gas,Reciprocating Engine,Northeast Utilities,,Customer-Owned
56229,5/9/2023,University of Arizona,University of Arizona,Tucson,Pima,AZ,85721,Western,8221,61131,2002,2002,12000,Operational,Natural Gas,Combined Cycle,Tucson Electric Power Co,,Customer-Owned
50951,10/31/2023,Sunnyside Cogeneration Associates/Exelon Generation,Sunnyside Cogeneration,East Carbon,Carbon,UT,84520,Upper-West,4939,221112,1999,1999,58000,Operational,Coal,Boiler/Steam Turbine,Pacificorp,,3rd Party
58173,5/20/2025,Waste Management Inc. Palmetto Landfill,BMW Manufacturing Corp.,Greer,Spartanburg,SC,29304,Southeast,3711,336110,2009,2009,6500,Operational,Biogas,Combustion Turbine,,,3rd Party
57908,1/26/2026,University of Cincinnati,University of Cincinnati,Cincinnati,Hamilton,OH,45221,Midwest,8221,61131,2004,2004,47000,Operational,Natural Gas,Combined Cycle,,No,Customer-Owned
61282,1/26/2026,U.S. Dept of Army,Aberdeen Proving Grounds,Aberdeen,Harford,MD,21001,Mid-Atlantic,9711,92811,2018,2018,7900,Operational,Natural Gas,Combustion Turbine,Baltimore Gas & Electric Co,No,Customer-Owned
58184,12/21/2023,Rand Whitney,Rand Whitney Containerboard Mill,Montville,New London,CT,06353,New England,2631,32213,2008,2008,14250,Operational,Natural Gas,Combustion Turbine,,,Customer-Owned
58153,1/26/2026,Eastern Maine Medical Center,Eastern Maine Medical Center,Bangor,Penobscot,ME,4401,New England,8062,62211,2006,2006,4600,Operational,Natural Gas,Combustion Turbine,Bangor Hydro-Electric Co,No,Customer-Owned
56312,1/26/2026,ExxonMobil / Jacobs Engineering,Exxon Mobil Shute Creek Plant,LaBarge,Lincoln,WY,83123,Upper-West,1311,211111,2005,2005,144000,Operational,Natural Gas,Combustion Turbine,,,Customer-Owned
58167,1/26/2026,William Floyd School District,School District,Suffolk,Suffolk,NY,11956,New York-New Jersey,8211,61111,2005,2005,3700,Operational,Natural Gas,Reciprocating Engine,Long Island Power Authority,,Customer-Owned
59383,1/26/2026,East Kansas Agri Energy,East Kansas Agri Energy,Garnett,Anderson,KS,66032,Central,2869,325193,2005,2005,1600,Operational,Natural Gas,Boiler/Steam Turbine,,,Customer-Owned
59967,1/26/2026,Pepperidge Farm,Pepperidge Farm Bakery,Bloomfield,Hartford,CT,06002,New England,2051,311812,2008,2016,2600,Operational,Natural Gas,Fuel Cell,,,Customer-Owned
58224,1/28/2025,Central Connecticut State University,Central Connecticut State University (New Britain),New Britain,Hartford,CT,6053,New England,8221,61131,2004,2012,3900,Operational,Natural Gas,Reciprocating Engine,Connecticut Light & Power,Yes,Customer-Owned
58138,1/26/2026,POET Biorefining,Otter Creek Ethanol,Ashton,Osceola,IA,51232,Central,2869,325193,2004,2004,7520,Operational,Natural Gas,Combustion Turbine,,,Customer-Owned
7480,4/3/2017,City of Orangeburg,City of Orangeburg Dept. of Public Utilities,Orangeburg,Orangeburg,SC,29115,Southeast,4939,,1994,1994,10000,Operational,Natural Gas,Combustion Turbine,City of Orangeburg Dept. of Public Utilities,Yes,Utility
54903,11/19/2013,DTE Biomass Energy/Landfill Energy Systems,Adrian Landfill,Adrian,Lenawee,MI,49221,Midwest,4953,562212,1994,1994,2400,Operational,Biogas,Reciprocating Engine,Consumers Energy,Yes,3rd Party
54520,6/13/2022,City of Fort Worth - Arlington Landfill,Village Creek Municipal WWTP,Fort Worth,Tarrant,TX,76012,Southcentral,4952,22132,2012,2012,10600,Operational,Biogas,Combustion Turbine,,,Customer-Owned
56076,1/26/2026,Alabama Byproducts Company (ABC),ABC Coke,Terrant,Jefferson,AL,35217,Southeast,2999,324199,1997,1997,3800,Operational,Process Gas,Boiler/Steam Turbine,,,Customer-Owned
57969,1/28/2025,Hampton Timber Mill,Hampton Timber Mill,Darrington,Snohomish,WA,98241,Northwest,2421,321113,2006,2006,4500,Operational,Wood,Boiler/Steam Turbine,Snohomish PUD,No,Customer-Owned
56248,1/26/2026,Air Liquide America Corp.,Shell Chemical,Geismar,Ascension,LA,70734,Southcentral,2813,325120,2002,2002,80000,Operational,Natural Gas,Combustion Turbine,,,3rd Party
56139,1/26/2026,Enterprise Products LP/ORMAT,Neptune Gas Processing Plant,Centerville,Evangeline,LA,70522,Southcentral,2911,32411,2004,2004,4500,Operational,Heat,Organic Rankine Cycle,,,3rd Party
56050,1/26/2026,Vicinity Energy,Inner Harbor East,Baltimore,Baltimore,MD,21202,Mid-Atlantic,4961,,2004,2004,2400,Operational,Natural Gas,Reciprocating Engine,Baltimore Gas & Electric Co,,3rd Party
62150,2/15/2024,Chaffey College,Chaffey College,Rancho Cucamonga,San Bernardino,CA,91737,Western,8222,61121,2006,2006,1000,Operational,Natural Gas,Reciprocating Engine,Southern California Edison,,Customer-Owned
56233,1/29/2026,Kinder Morgan Production Company,EG178 Facility / Snyder Gas Plant,Snyder,Scurry,TX,79549,Southcentral,1311,211111,2005,2005,153900,Operational,Natural Gas,Combustion Turbine,TXU Electric Delivery Company,,Customer-Owned
50936,7/10/2025,Winnebago County Sheriff Station / Winnebago County Landfill,Winnebago County Sheriff's Station,Oshkosh,Winnebago,WI,54901,Midwest,9221,92212,2007,2010,2500,Operational,Biogas,Reciprocating Engine,Wisconsin Public Service,Yes,Customer-Owned
13774,1/22/2026,Nestle Waters North America,Nestle Waters,Cabazon,Riverside,CA,92230,Western,2086,312112,2003,2003,4000,Operational,Natural Gas,Reciprocating Engine,Southern California Edison,,Customer-Owned
54429,1/26/2026,Georgia Pacific,Alabama River Cellulose,Perdue Hill,Monroe,AL,36460,Southeast,2621,322120,1991,1991,69000,Operational,Black Liquor,Boiler/Steam Turbine,Alabama Power Company,,Customer-Owned
54533,1/26/2026,Southern Minnesota Beet Sugar Cooperative,Southern Minnesota Beet Sugar Cooperative,Renville,Renville,MN,56284,Midwest,2021,311311,1976,1976,7500,Operational,Coal,Boiler/Steam Turbine,,,Customer-Owned
54677,1/18/2017,CII Carbon,CII Carbon,Chalmette,St. Bernard,LA,70043,Southcentral,2895,325182,2012,2012,36400,Operational,Petroleum Coke,Boiler/Steam Turbine,Entergy,Yes,Customer-Owned
58575,1/28/2025,Smithfield Packing - Kinston Division,Kinston Smithfield Packing,Kinston,Lenoir,NC,28504,Southeast,2011,311611,2013,2013,9200,Operational,Fuel Oil,Reciprocating Engine,City of Kinston,,Customer-Owned
54623,1/28/2025,Miami Dade Water & Sewer Auth,Central District WWTP,Miami,Miami-Dade,FL,33149,Southeast,4952,22132,2013,2015,4800,Operational,Biogas,Reciprocating Engine,Florida Power & Light Company,,Customer-Owned
54624,1/26/2026,Miami Dade Water & Sewer Auth,South District WWTP,Miami,Miami-Dade,FL,33146,Southeast,4952,22132,2014,2014,8000,Operational,Biogas,Reciprocating Engine,Florida Power & Light Company,No,Customer-Owned
58183,1/26/2026,Prairie-Horizon Agri-Energy LLC,Prairie Horizon - Ethanol,Phillipsburg,Phillips,KS,67661,Central,2869,325193,2006,2006,1700,Operational,Natural Gas,Boiler/Steam Turbine,,,Customer-Owned
58330,1/26/2026,Andersons Albion Ethanol LLC,Andersons Albion Ethanol,Albion,Calhoun,MI,49224,Midwest,2869,325193,2006,2016,10100,Operational,Natural Gas,Combustion Turbine,,,Customer-Owned
4042,9/6/2017,Wisconsin Electric Power Co,Valley Power Plant / Milwaukee District Energy,Milwaukee,Milwaukee,WI,53233,Midwest,4961,,1968,1969,280000,Operational,Natural Gas,Boiler/Steam Turbine,Wisconsin Electric,,Utility
10417,1/26/2026,Solutia Inc.,Indian Orchard Plant 1,Springfield,Hampden,MA,1151,New England,2821,325211,1985,1985,5700,Operational,Natural Gas,Boiler/Steam Turbine,,,Customer-Owned
61761,1/26/2026,Douglas County Forest Products,Douglas County Forest Products,Roseburg,Douglas,OR,97471,Northwest,2421,321113,2006,2006,6000,Operational,Biogas,Boiler/Steam Turbine,Pacific Power,,Customer-Owned
7,10/31/2023,Alabama Power Co / Goodyear Tire & Rubber Co,Goodyear Gadsden Plant,Gadsden,Etowah,AL,35903,Southeast,2822,325212,1949,1949,130000,Operational,Coal,Boiler/Steam Turbine,Alabama Power Co,,Utility
1167,10/31/2023,City of Muscatine / Muscatine Power and Water,Grain Processing Corp.,Muscatine,Muscatine,IA,52761,Central,119,111199,2000,2000,18000,Operational,Coal,Boiler/Steam Turbine,Muscatine Power and Water,,Utility
2917,4/3/2017,City of Hamilton,City Building,Hamilton,Butler,OH,45011,Midwest,9100,92119,1971,1971,16000,Operational,Natural Gas,Combustion Turbine,City of Hamilton,,Customer-Owned
3406,7/18/2019,Tennessee Valley Authority - Johnsonville,The Chemours Company,Johnsonville,Humphreys,TN,37134,Southeast,2816,325131,2018,2018,87000,Operational,Natural Gas,Combustion Turbine,Tennessee Valley Authority,,Utility
6090,11/14/2023,Xcel Energy - Sherburne County,Liberty Paper,Becker,Sherburne,MN,55308,Midwest,2621,322120,1976,1977,1530600,Operational,Coal,Boiler/Steam Turbine,Northern States Power Co,,Utility
55597,3/7/2017,BFI Marshall,BFI Marshall - Landfill Gas,Marshall,Calhoun,MI,49068,Midwest,4953,562212,1995,1995,2000,Operational,Biogas,Reciprocating Engine,,,Customer-Owned
59395,1/20/2026,City of Tulare / Clearway Energy,City of Tulare Wastewater Treatment Plant,Tulare,Tulare,CA,93274,Western,4952,22132,2018,2018,2800,Operational,Biogas,Fuel Cell,Southern California Edison,No,Customer-Owned
58663,5/22/2024,Holsum Elm Dairy,Holsum Elm Dairy,Hilbert,Calumet,WI,54129,Midwest,241,11212,2007,2007,1200,Operational,Biogas,Reciprocating Engine,Wisconsin Public Service,Yes,Customer-Owned
59373,1/26/2026,"Broshco Fabricated Products / Jay Industries, Inc.",Broshco Fabricated Products,Mansfield,Richland,OH,44906,Midwest,3499,332999,2000,2005,4550,Operational,Natural Gas,Combustion Turbine,,,Customer-Owned
56781,1/29/2026,Freres Engineered Wood,Freres Engineered Wood,Lyons,Linn,OR,97358,Northwest,2421,321113,2007,2007,21000,Operational,Wood,Boiler/Steam Turbine,Pacific Power,,Customer-Owned
56478,3/27/2023,POET Biorefining,POET Biorefining - Missouri Ethanol,Laddonia,Audrain,MO,63352,Central,2869,325193,2007,2007,15000,Operational,Natural Gas,Combustion Turbine,Missouri Joint Municipal Electric Utility Commission,,Joint
58617,1/26/2026,Rochester Wastewater Reclamation Plant,Rochester WWTP,Rochester,Olmstead,MN,55901,Midwest,4952,22132,2003,2003,2000,Operational,Biogas,Reciprocating Engine,,,Customer-Owned
56406,1/26/2026,Sierra Pacific - Skagit County,Sierra Pacific,Burlington,Skagit,WA,98233,Northwest,2421,321113,2007,2007,28000,Operational,Wood,Boiler/Steam Turbine,Seattle Cight Light/Sacremento MUD,Yes,Customer-Owned
56152,1/26/2026,Calpine,Freeport Energy Center,Freeport,Brazoria,TX,77541,Southcentral,2819,325188,2007,2007,260000,Operational,Natural Gas,Combined Cycle,,,3rd Party
56461,1/26/2026,Rogue Disposal & Recycling,Dry Creek Landfill,Eagle Point,Jackson,OR,97524,Northwest,4953,562212,2007,2007,3200,Operational,Biogas,Reciprocating Engine,,,3rd Party
58815,2/13/2025,Hilton Hotel Corporation,Hilton NYC Midtown,New York,New York,NY,10019,New York-New Jersey,7011,72112,2007,2013,1950,Operational,Natural Gas,Reciprocating Engine,Consolidated Edison,,Customer-Owned
58442,5/30/2023,Marina Energy / DCO Energy,Marina Thermal Facility / Borgata Casino,West Deptford,Gloucester,NJ,08401,New York-New Jersey,4961,22133,2003,2009,7700,Operational,Natural Gas,Reciprocating Engine,Atlantic Electric,No,3rd Party
57798,1/26/2026,Bank of America Headquarters,Bank of America Tower - One Bryant Park,New York,New York,NY,10036,New York-New Jersey,6512,53112,2010,2010,4600,Operational,Natural Gas,Combustion Turbine,Consolidated Edison,,Customer-Owned
58084,6/6/2025,Kimberly Clark,Kimberly Clark New Milford Mill,New Milford,Litchfield,CT,06776,New England,2621,322120,2008,2008,35168,Operational,Natural Gas,Combustion Turbine,,,Customer-Owned
58077,2/8/2016,Martin Resource Management / Cross Oil Refining & Marketing,Cross Oil Refinery,Smackover,Union,AR,71762,Southcentral,2911,32411,1998,1998,3500,Operational,Natural Gas,Reciprocating Engine,,,3rd Party
57101,1/29/2026,City of Santa Maria / Janechek & Associates,Marian Medical Center,Santa Maria,Santa Barbara,CA,93454,Western,8062,62211,2010,2010,1400,Operational,Biogas,Reciprocating Engine,Pacific Gas & Electric,,Customer-Owned
57102,5/20/2025,Whittier Utility Authority / Savage Canyon Landfill,Whittier Presbyterian Hospital,Whittier,Los Angeles,CA,90602,Western,8062,62211,2006,2010,3000,Operational,Biogas,Reciprocating Engine,Southern California Edison,,Utility
56510,1/28/2025,Energy Power Partners,Frey Farm Landfill / Turkey Hill Dairy,Conestoga,Lancaster,PA,17516,Mid-Atlantic,4953,112990,2006,2006,3200,Operational,Biogas,Reciprocating Engine,PPL,,3rd Party
58597,1/26/2026,University of Utah,University of Utah,Salt Lake City,Salt Lake,UT,84112,Upper-West,8221,61131,2008,2008,6500,Operational,Natural Gas,Combustion Turbine,,,Customer-Owned
58619,1/26/2026,Transamerica Pyramid Center,Transamerica Pyramid Building,San Francisco,San Francisco,CA,94111,Western,6512,53112,2007,2007,1000,Operational,Natural Gas,Reciprocating Engine,Pacific Gas & Electric,,3rd Party
58192,1/26/2026,Conestoga Energy Partners,Conestoga Ethanol Plant,Liberal,Seward,KS,67901,Central,2869,325193,2008,2008,4000,Operational,Natural Gas,Boiler/Steam Turbine,,,Customer-Owned
58687,1/16/2024,"Waste Connections inc, Finley Bioenergy",Finley Buttes Regional Landfill,Boardman,Morrow,OR,97818,Northwest,4953,562212,2007,2007,4800,Operational,Biogas,Reciprocating Engine,Umatilla Electric Cooperative,Yes,3rd Party
56523,12/2/2013,Waste Management,Two Pines Landfill,North Little Rock,Pulaski,AR,72117,Southcentral,4953,562212,2006,2006,4800,Operational,Biogas,Reciprocating Engine,,,3rd Party
54763,1/26/2026,WestRock,Demopolis Mill,Demopolis,Marengo,AL,36732,Southeast,2631,32213,1982,2014,47400,Operational,Black Liquor,Boiler/Steam Turbine,,,Customer-Owned
56356,4/30/2020,City of Corona,Clearwater Power Plant,Corona,Riverside,CA,92880,Western,4952,22132,2005,2005,28000,Operational,Natural Gas,Combined Cycle,Southern California Edison,,Utility
55059,2/8/2016,Resource Technology Corp,Biodyne-Springfield,Springfield,Sangamon,IL,62701,Midwest,4952,22131,2007,2007,3300,Operational,Natural Gas,Reciprocating Engine,,,3rd Party
57099,4/28/2016,WestRock,Tacoma Kraft Mill,Tacoma,Pierce,WA,98421,Northwest,2621,322120,2009,2009,60000,Operational,Black Liquor,Boiler/Steam Turbine,Tacoma Power and Sacramento MUD,,Customer-Owned
57653,6/12/2024,Oregon State University,Oregon State University,Corvallis,Benton,OR,97331,Northwest,8221,61131,2009,2023,8000,Operational,Natural Gas,Combustion Turbine,Pacific Power,Yes,Customer-Owned
58197,1/26/2026,POET Biorefining,POET Biorefining - Ethanol,Lake Crystal,Blue Earth,MN,56055,Midwest,2869,32512,2005,2005,7024,Operational,Natural Gas,Boiler/Steam Turbine,,,Customer-Owned
57046,1/26/2026,Archer Daniels Midland Company,ADM Columbus,Columbus,Platte,NE,43232,Central,2869,325199,2010,2010,71400,Operational,Coal,Boiler/Steam Turbine,,,Customer-Owned
57298,4/3/2017,Bio Energy Washington (INGENCO),Cedar Hills Regional Landfill,Maple Valley,King,WA,98038,Northwest,4953,562212,2009,2009,5400,Operational,Biogas,Reciprocating Engine,Puget Sound Energy,,Customer-Owned
63928,1/22/2026,Kaiser Permanente,Kaiser Permanente Vacaville Medical Center,Vacaville,Solano,CA,95688,Western,8062,62211,2009,2009,750,Operational,Natural Gas,Microturbine,Pacific Gas & Electric,,Customer-Owned
57393,5/16/2017,Dean Foods Big Sky Dairy,Dean Foods Big Sky Dairy,Gooding,Gooding,ID,83330,Northwest,241,11212,2008,2008,1500,Operational,Biogas,Reciprocating Engine,Idaho Power Co,,3rd Party
57322,1/26/2026,Targa Resources,Targa Resouces Facility Mont Belvieu,Mont Belvieu,Chambers,TX,77580,Southcentral,1321,21113,2009,2009,15000,Operational,Natural Gas,Combustion Turbine,CenterPoint Energy Houston,,Customer-Owned
58193,1/29/2026,Bonanza Bioenergy / Conestoga,Bonanza Bioenergy,Garden City,Finney,KS,67846,Central,2869,325199,2009,2009,2000,Operational,Natural Gas,Boiler/Steam Turbine,,,3rd Party
6098,12/21/2023,POET Biorefining,Big Stone City Plant,Big Stone,Grant,SD,57216,Upper-West,2869,325199,2009,2009,5000,Operational,Natural Gas,Boiler/Steam Turbine,,,Customer-Owned
57977,6/6/2024,High Sierra Cogeneration Inc. / Plumas-Sierra Rural Electric Cooperative,High Desert State Prison / California Correctional Center,Susanville,Lassen,CA,96130,Western,9223,92214,2010,2010,6200,Operational,Natural Gas,Reciprocating Engine,Plumas-Sierra Rural Electric Cooperative,,Utility
59877,1/26/2026,City of Riverside/Fuel Cell Energy,City of Riverside Water Quality Control Plant (RWQCP),Riverside,Riverside,CA,92504,Western,4952,22132,2016,2016,1400,Operational,Biogas,Fuel Cell,Southern California Edison,,Customer-Owned
57179,1/26/2026,Hartford Steam Company,HSCO CHP,Hartford,Hartford,CT,6103,New England,4961,22133,2009,2009,3800,Operational,Natural Gas,Combustion Turbine,,Yes,3rd Party
57072,1/20/2026,US Steel / Gateway Energy and Coke,US Steel Granite City Works,Granite City,Madison,IL,62040,Midwest,3312,331111,2010,2010,78000,Operational,Steam,Backpressure Steam Turbine,,,Customer-Owned
56848,1/26/2026,Haverhill Coke / SunCoke Energy,SunCoke Haverhill,Haverhill,Scioto,OH,45636,Midwest,3312,324199,2008,2008,67000,Operational,Heat,HRSG/Steam Turbine,,Yes,Customer-Owned
57666,1/26/2026,Mashantucket Pequot Tribal Nation,Foxwoods Casino,Ledyard,New London,CT,6338,New England,7011,72111,2010,2010,16000,Operational,Natural Gas,Combustion Turbine,Northeast Utilities,,Customer-Owned
56163,12/7/2023,Rio Tinto Kennecott Utah Copper,Kennecott Utah Copper Smelter,Magna,Salt Lake,UT,84044,Upper-West,3366,331410,1995,1995,32000,Operational,Heat,HRSG/Steam Turbine,,,Customer-Owned
58081,1/26/2026,Western Sugar,Western Sugar Fort Morgan,Fort Morgan,Morgan,CO,80701,Upper-West,2062,311312,1947,1947,3000,Operational,Natural Gas,Boiler/Steam Turbine,Fort Morgan Municipal,,Customer-Owned
10156,1/20/2026,Fresno Cogeneration Corporation,Fresno Cogen Partners,San Joaquin,Fresno,CA,93660,Western,4931,22112,2001,2004,70800,Operational,Natural Gas,Combined Cycle,Pacific Gas & Electric,Yes,3rd Party
58169,2/14/2024,"California State University, Fullerton",Central Plant,Fullerton,Orange,CA,92831,Western,8221,61131,2010,2010,4600,Operational,Natural Gas,Combustion Turbine,Southern California Edison,,Customer-Owned
57457,1/26/2026,Seneca Jones Timber Company,Seneca Sustainable Energy,Eugene,Lane,OR,97402,Northwest,2421,321912,2011,2011,19800,Operational,Wood,Boiler/Steam Turbine,Eugene Water and Electric Board,Yes,Customer-Owned
57345,1/26/2026,Cargill inc Bettencourt Dairies,Kettle Butte Dairy Digester,Twin Falls,Twin Falls,ID,83444,Northwest,241,11212,2011,2011,1700,Operational,Biogas,Reciprocating Engine,Rocky Mountain Power,,Customer-Owned
57343,1/26/2026,Cargill inc Bettencourt Dairies,Bettencourt Dairy B6 Farm,Jerome,Jerome,ID,83338,Northwest,241,11212,2010,2010,2280,Operational,Biogas,Reciprocating Engine,Idaho Power Co,,Customer-Owned
56294,1/26/2026,East Coast Power,Phillips 66 Bayway Refinery,Linden,Union,NJ,7063,New York-New Jersey,2911,32411,2002,2002,11200,Operational,Natural Gas,Combustion Turbine,East Coast Power,No,Utility
57544,12/17/2013,California State University,California State-San Bernardino,San Bernardino,San Bernardino,CA,92407,Western,8221,61131,2013,2013,1400,Operational,Natural Gas,Fuel Cell,Southern California Edison,,Customer-Owned
57076,6/2/2014,Columbus Water Works,South Columbus Water Resource Facility,Columbus,Muscogee,GA,31904,Southeast,4952,22132,2009,2009,3500,Operational,Biogas,Reciprocating Engine,,,Customer-Owned
56513,,PPL Renewable Energy LLC,The Hill at Whitemarsh,Lafayette Hill,Montgomery,PA,19444,Mid-Atlantic,6513,53111,2007,2007,1600,Operational,Natural Gas,Reciprocating Engine,,,3rd Party
57928,11/1/2023,Southern Illinois University,Southern Illinois University,Carbondale,Jackson,IL,62901,Midwest,8221,61131,1998,1998,3500,Operational,Coal,Boiler/Steam Turbine,,,Customer-Owned
57100,6/6/2024,J&A Santa Maria LLC,Santa Maria LFG Power Plant/ Marian Medical Center,Santa Maria,Santa Barbara,CA,93454,Western,,6221,2008,2008,1500,Operational,Biogas,Reciprocating Engine,,,3rd Party
57119,1/26/2026,Koda Energy LLC,Koda Biomass Plant,Shakopee,Scott,MN,55379,Midwest,2083,311213,2009,2009,23400,Operational,Biomass,Boiler/Steam Turbine,,,Customer-Owned
57348,4/15/2025,MGM Resorts / CityCenter Land LLC,CityCenter Central Plant,Las Vegas,Clark,NV,89518,Western,7011,72112,2009,2009,8200,Operational,Natural Gas,Combustion Turbine,NV Energy,No,Customer-Owned
58168,1/26/2026,University of Redlands,University of Redlands Energy Center,Redlands,San Bernardino,CA,92374,Western,8221,61131,2019,2019,900,Operational,Natural Gas,Microturbine,Southern California Edison,,Customer-Owned
57557,4/7/2017,City of Sunnyvale,Sunnyvale Water Pollution Control Plant,Sunnyvale,Santa Clara,CA,94089,Western,4952,22131,1997,1997,1600,Operational,Biogas,Reciprocating Engine,Pacific Gas & Electric,,Customer-Owned
56134,,City of Stockton MUD,Regional Wastewater Control Facility,Stockton,San Joaquin,CA,95202,Western,4952,22131,2000,2000,3000,Operational,Biogas,Reciprocating Engine,Pacific Gas & Electric,,Utility
56036,4/24/2025,East Bay Municipal Utility District (EBMUD),Special District 1 WWTP Power Generation Station,Oakland,Alameda,CA,94607,Western,4952,22131,1985,1985,11000,Operational,Biogas,Reciprocating Engine,,Yes,Customer-Owned
7697,4/17/2025,Alabama Power Company,Washington County Cogeneration Plant / Olin Corporation,McIntosh,Washington,AL,36553,Southeast,4931,325180,1999,1999,122000,Operational,Natural Gas,Combined Cycle,Alabama Power Company,Yes,Utility
57470,1/26/2026,Domtar Paper,Domtar Malboro Mill,Bennettsville,Marlboro,SC,29512,Southeast,2621,322120,2011,2011,51400,Operational,Black Liquor,Boiler/Steam Turbine,Santee Cooper,Yes,Customer-Owned
57938,1/26/2026,Harris Group / DOE / ADA Carbon Solutions,ADA Carbon Solutions Red River,Coushatta,Red River,LA,71019,Southcentral,2899,325998,2011,2011,20800,Operational,Heat,HRSG/Steam Turbine,,,Customer-Owned
57822,1/26/2026,SunCoke Energy,SunCoke Middletown,Middletown,Butler,OH,45044,Midwest,3312,324199,2011,2011,67000,Operational,Heat,HRSG/Steam Turbine,,,Customer-Owned
58484,1/26/2026,Mas Energy LLC / Coca-Cola,Coca-Cola Facility,Atlanta,Fulton,GA,30313,Southeast,2086,312111,2012,2012,6500,Operational,Biogas,Reciprocating Engine,,,3rd Party
57696,1/26/2026,East Bay Municipal Utility District,EBMUD Power Generation Station 2,Oakland,Alameda,CA,94607,Western,4952,22131,2012,2012,4600,Operational,Biogas,Combustion Turbine,,,Customer-Owned
58205,1/26/2026,Veolia Energy Kansas City,Grand Ave Plant,Kansas City,Jackson,MO,64106,Central,4961,,2012,2012,6000,Operational,Natural Gas,Boiler/Steam Turbine,,,Customer-Owned
57467,1/18/2017,Westervelt Renewable Energy,Westervelt Moundville Cogen,Moundville,Hale,AL,35474,Southeast,2421,321113,2011,2011,8200,Operational,Wood,Boiler/Steam Turbine,,,Utility
58476,1/26/2026,DART Container Corp of Pennsylvania,DART Container Corp of Pennsylvania,Leola,Lancaster,PA,17540,Mid-Atlantic,3086,32614,2011,2011,11400,Operational,Biogas,Combustion Turbine,,,Customer-Owned
58432,1/26/2026,Revel Green,Houweling's Tomatoes,Camarillo,Ventura,CA,16756,Western,161,111219,2012,2012,12500,Operational,Natural Gas,Reciprocating Engine,Southern Con Edison,Yes,Customer-Owned
54890,1/17/2024,Citizens Disposal Landfill,Citizens Disposal Landfill,Grand Blanc,Genesee,MI,48439,Midwest,4953,562212,1994,2012,6000,Operational,Biogas,Reciprocating Engine,Consumers Energy / Michigan Public Power Agency,Yes,Customer-Owned
61652,1/26/2026,Marathon County Landfill,Marathon County Landfill Area B / Fiber Recovery Inc,Ringle,Marathon,WI,54471,Midwest,4953,562212,2008,2008,2400,Operational,Biogas,Reciprocating Engine,Wisconsin Public Service Corporation,Yes,Customer-Owned
62741,1/26/2026,Mount Joy Wire Co,Mount Joy Wire Co,Lancaster,Lancaster,PA,17603,Mid-Atlantic,3315,3326,2012,2012,1000,Operational,Natural Gas,Microturbine,,,Customer-Owned
63492,1/26/2026,National Gypsum,National Gypsum,Burlington,Burlington,NJ,8016,New York-New Jersey,3275,32742,2012,2012,3500,Operational,Natural Gas,Combustion Turbine,,,Customer-Owned
63616,,Orange County Sanitation District,Orange County Sanitation District,Fountain Valley,Orange,CA,92708,Western,4952,22132,2012,2012,250,Operational,Biogas,Fuel Cell,,,Customer-Owned
57425,,Ag Power Jerome,Double A Dairy,Jerome,Jerome,ID,83338,Northwest,241,11212,2012,2012,4500,Operational,Biogas,Reciprocating Engine,Idaho Power Co,,3rd Party
50185,4/14/2020,The Gores Group,Cosmo Specialty Fibers,Cosmopolis,Greys Harbor,WA,98537,Northwest,2611,322110,2011,2011,17200,Operational,Wood,Boiler/Steam Turbine,,,Customer-Owned
59774,1/26/2026,"Bio Town Ag, Inc.","Bio Town Ag, Inc. Digester",Reynolds,White,IN,47980,Midwest,241,11212,2011,2016,6477,Operational,Biogas,Reciprocating Engine,Northern Indiana Power Service Co.,Yes,Customer-Owned
62570,1/22/2026,Jiminy Peak Mountain Resort,Jiminy Peak Mountain Resort Country Inn,Hancock,Berkshire,MA,1237,New England,7011,72111,2012,2012,60,Operational,Natural Gas,Reciprocating Engine,,,Customer-Owned
59458,1/26/2026,Qualcomm - Building W,Qualcomm - Building W,San Diego,San Diego,CA,92121,Western,4813,51331,2005,2005,4600,Operational,Natural Gas,Combustion Turbine,San Diego Gas & Electric,,Customer-Owned
58591,1/26/2026,Farm Power Northwest,Port of Tillamook Bay LLC,Tillamook,Tillamook,OR,97141,Northwest,241,11212,2012,2012,1200,Operational,Biogas,Reciprocating Engine,Tillamook People's Utility District,,3rd Party
57953,1/29/2026,Roquette America,Roquette America,Keokuk,Lee,IA,52632,Central,2046,3119,2004,2007,74400,Operational,Natural Gas,Combined Cycle,,,Customer-Owned
62622,1/29/2026,"Medesco, LLC",Overlook Medical Center,Summit,Union,NJ,7902,New York-New Jersey,8062,62211,2012,2024,6000,Operational,Natural Gas,Reciprocating Engine,Jersey Central Power & Light,,3rd Party
58427,4/16/2025,Lansing Board of Water and Light,REO Town Plant (Moores Park replacement),Lansing,Ingham,MI,48901,Midwest,4939,,2013,2013,100000,Operational,Natural Gas,Combined Cycle,Lansing Board of Water and Light,Yes,Utility
59457,1/26/2026,Qualcomm,Qualcomm - Building Q/R,San Diego,San Diego,CA,92121,Western,4813,51331,2013,2013,4600,Operational,Natural Gas,Combustion Turbine,San Diego Gas & Electric,,Customer-Owned
58382,1/26/2026,Threemile Canyon Farms,Threemile Digester,Boardman,Morrow,OR,97818,Northwest,241,11212,2012,2012,4800,Operational,Natural Gas,Reciprocating Engine,,,Customer-Owned
58130,4/1/2025,GeoPower Energy,Blue Mountain Biogas,Milford,Beaver,UT,84751,Upper-West,4939,5622,2012,2012,3200,Operational,Biogas,Reciprocating Engine,,,3rd Party
57058,5/9/2021,Alaska Village Electric Cooperative,Pilot Station,Pilot Station,Wade Hampton,AK,99650,Northwest,9199,92119,2002,2005,800,Operational,Diesel,Reciprocating Engine,Alaska Village Electric Cooperative,Yes,Utility
59931,4/16/2024,Forest Country Potowatomi Community,Potowatomi Bingo Casino,Milwaukee,Milwaukee,WI,53233,Midwest,7011,7211,2013,2013,1100,Operational,Biogas,Reciprocating Engine,WE Energies,Yes,Customer-Owned
60220,1/26/2026,Zero Waste Energy Development Company (ZWEDC),Dry Fermentation Anareobic Digestion - Waste to Energy,San Jose,Santa Clara,CA,95113,Western,4953,562212,2013,2013,1600,Operational,Biogas,Reciprocating Engine,PG&E,Yes,Customer-Owned
58326,1/26/2026,Ameresco / Philadelphia Water Department,PWD Northeast Water Pollution Control Plant,Philadelphia,Philadelphia,PA,19137,Mid-Atlantic,4952,221132,2013,2013,5600,Operational,Biogas,Reciprocating Engine,,No,Joint
62901,1/26/2026,Phoenix Contact Services inc,Phoenix Contact USA,Middletown,Dauphin,PA,17057,Mid-Atlantic,3699,335999,2014,2014,1000,Operational,Natural Gas,Microturbine,,,Customer-Owned
58865,1/28/2025,"Clean Energy, LLC",Reventure Park,Charlotte,Mecklenburg,NC,28214,Southeast,6512,236220,2014,2015,3500,Operational,Biogas,Reciprocating Engine,,,Customer-Owned
57919,10/31/2023,Sonoco Products,Hartsville Plant,Hartsville,Darlington,SC,29550,Southeast,2621,322120,1947,1957,38000,Operational,Wood,Boiler/Steam Turbine,,,Customer-Owned
58310,1/26/2026,Rain CII Carbon,Lake Charles Cogen,Lake Charles,Calcasieu,LA,70601,Southcentral,2895,325182,2012,2012,36400,Operational,Heat,HRSG/Steam Turbine,Entergy,Yes,Customer-Owned
1897,1/26/2026,"ML Hibbard, MN Power",ML Hibbard Plant / Paper Mill,Duluth,Saint Louis,MN,55807,Midwest,4939,3221,1949,1951,72800,Operational,Biomass,Boiler/Steam Turbine,MN Power,,Utility
56035,,Smithfield Packaging,Smithfield Packaging - Wilson,Wilson,Wilson,NC,27893,Southeast,2011,311611,2002,2002,1300,Standby,Fuel Oil,Reciprocating Engine,,,Customer-Owned
58523,1/26/2026,F.H. Stoltze Land and Lumber,F.H. Stoltze Land and Lumber Cogeneration Plant,Columbia Falls,Flathead,MT,59912,Upper-West,2421,321113,2013,2013,3750,Operational,Wood,Boiler/Steam Turbine,,,Customer-Owned
56786,10/31/2023,Great River Energy Spiritwood Station,Cargill Malt and Dakota Spirit AgEnergy,Spiritwood,Stutsman,ND,58481,Upper-West,2083,311213,2014,2014,106200,Operational,Coal,Boiler/Steam Turbine,Otter Tail Power Company/Great River Energy,Yes,Utility
59181,1/26/2026,Sievers Renewable Energy,Sievers Family Farms Digester / AgriReNew,New Liberty,Muscatine,IA,52765,Central,241,11212,2013,2013,1000,Operational,Biogas,Reciprocating Engine,Alliant Energy,Yes,Customer-Owned
58870,1/26/2026,Pasadena Commodities International,Pasadena Commodities International,Pasadena,Harris,TX,77506,Southcentral,2873,325311,2015,2015,15400,Operational,Natural Gas,Boiler/Steam Turbine,CenterPont Energy Houston,,Customer-Owned
59783,1/26/2026,Cummins Power Generation / Croda Manufacturing,Croda Atlas Point,New Castle,New Castle,DE,19720,Mid-Atlantic,2899,325998,2013,2021,4200,Operational,Biogas,Reciprocating Engine,,,Customer-Owned
58747,1/26/2026,GreenWhey Energy Project,F&A Dairy,Dresser,Polk,WI,54009,Midwest,241,11212,2013,2013,3200,Operational,Biogas,Reciprocating Engine,Xcel Energy,,Customer-Owned
67485,1/26/2026,Union Sanitary District,Union Sanitary District,Union City,San Francisco,CA,94587,Western,4952,22132,2015,2015,1700,Operational,Biogas,Reciprocating Engine,,,Customer-Owned
60276,1/26/2026,Hollingsworth and Vose,West Groton CHP,Groton,Middlesex,MA,01450,New England,2621,322120,2015,2015,3500,Operational,Natural Gas,Combustion Turbine,National Grid,,Customer-Owned
59012,9/17/2024,Pepco Energy Services / DC Water,Blue Plains Advanced Wastewater Treatment Plant,Washington,District of Columbia,DC,20032,Mid-Atlantic,4952,22132,2015,2015,14000,Operational,Biogas,Combustion Turbine,,No,3rd Party
59496,1/26/2026,Brigham Young University - Idaho,BYUI Central Energy Facility,Rexburg,Madison,ID,83460,Northwest,8221,611310,2015,2015,5700,Operational,Natural Gas,Combustion Turbine,PacifiCorp,Yes,Customer-Owned
60536,1/26/2026,University of Arkansas,University of Arkansas,Fayetteville,Washington,AR,72701,Southcentral,8221,611311,2020,2020,5200,Operational,Natural Gas,Combustion Turbine,,,Customer-Owned
58108,1/26/2026,International Paper Company,Red River Mill,Campti,Natchitoches,LA,71411,Southcentral,2631,32213,2008,2008,78800,Operational,Black Liquor,Boiler/Steam Turbine,,,Customer-Owned
63478,1/26/2026,George Washington University,George Washington University (GWU),Washington,District of Columbia,DC,20052,Mid-Atlantic,8221,611311,2015,2015,4500,Operational,Natural Gas,Combustion Turbine,,,Customer-Owned
68471,5/19/2025,,Open Sky Ranch Dairy,Riverdale,Fresno,CA,93656,Western,241,112120,2016,2016,800,Operational,Biogas,Reciprocating Engine,Pacific Gas and Electric,,
60025,7/28/2025,Chesapeake Utilities Corp/Rayonier Performance Fibers/Florida Public Utilities Co.,Eight Flags Energy CHP Plant,Fernandina Beach,Nassau,FL,32034,Southeast,2611,32211,2016,2016,23000,Operational,Natural Gas,Combustion Turbine,Chesapeake Utilities Corp.,Yes,Utility
60421,7/1/2022,Utah Associated Municipal Power Systems,Veyo Heat Recovery Project,Veyo,Washington,UT,84782,Upper-West,4911,221210,2016,2016,7800,Operational,Heat,Organic Rankine Cycle,Utah Associated Municipal Power Systems,Yes,Customer-Owned
58063,1/26/2026,SABIC Innovative Plastics,SABIC Mount Vernon,Mount Vernon,Posey,IN,47620,Midwest,3081,326113,2014,2017,108500,Operational,Natural Gas,Combustion Turbine,Southern Indiana Gas and Electric,No,Customer-Owned
7325,,NRG / DuPont,San Jacinto Energy Center,La Porte,Harris,TX,77571,Southcentral,2911,32411,2015,2015,160000,Operational,Natural Gas,Combustion Turbine,NRG Energy,Yes,Customer-Owned
60742,1/26/2026,Argonne National Laboratory,Argonne National Laboratory,Lemont,DuPage,IL,60439,Midwest,8733,541380,2016,2016,6300,Operational,Natural Gas,Combustion Turbine,,No,Customer-Owned
60392,1/26/2026,Pfizer / FuelCell Energy,Pfizer Groton Research and Development Site,Groton,New London,CT,06340,New England,2834,325412,2016,2016,5600,Operational,Natural Gas,Fuel Cell,,No,3rd Party
60249,1/26/2026,Silicon Valley Clean Water,Wastewater Treatment Plant,Redwood City,San Mateo,CA,94065,Western,4952,22132,2015,2015,1200,Operational,Biogas,Reciprocating Engine,,No,Customer-Owned
60457,7/5/2022,Athens Energy / Maine Woods Pellet Company,Wood Pellet Production Facility,Athens,Somerset,ME,04912,New England,2499,321999,2016,2016,8000,Operational,Wood,Organic Rankine Cycle,Emera,Yes,Joint
63632,4/5/2023,Primient,Primient Loudon,Loudon,Loudon,TN,37774,Southeast,2046,311221,2017,2017,65600,Operational,Natural Gas,Combustion Turbine,,,Customer-Owned
2098,4/23/2018,KCP&L Greater Missouri,Lake Road Plant,St. Joseph,Buchanan,MO,64504,Central,4939,221112,1950,1962,60500,Operational,Natural Gas,Boiler/Steam Turbine,KCP&L,Yes,Utility
10627,1/26/2026,Evergreen Packaging,Pine Bluff Mill,Pine Bluff,Jefferson,AR,71603,Southcentral,2679,322299,1958,1962,85000,Operational,Black Liquor,Boiler/Steam Turbine,,,Customer-Owned
56787,1/26/2026,Air Liquide Large Industries U.S.,Geismar Cogen,Geismar,Ascension,LA,70734,Southcentral,3569,333999,2000,2000,83900,Operational,Natural Gas,Combustion Turbine,,,Customer-Owned
58109,1/26/2026,Georgia-Pacific,Toledo Mill,Toledo,Lincoln,OR,97391,Northwest,2631,32213,2007,2007,18800,Operational,Black Liquor,Boiler/Steam Turbine,,,Customer-Owned
10013,4/17/2025,Covanta Energy,Hennepin Energy Recovery Center,Minneapolis,Hennepin,MN,55405,Midwest,4939,,1989,1989,39500,Operational,MSW,Boiler/Steam Turbine,Xcel Energy,Yes,3rd Party
68983,2/18/2019,Kaiser Permanente,South Sacramento Medical Center,Sacramento,Sacramento,CA,95823,Western,8062,6221,2015,2015,225,Operational,Natural Gas,Reciprocating Engine,,,
55419,1/26/2026,Dow Chemical Co,Plaquemine Cogeneration Facility,Plaquemine,Iberville,LA,70764,Southcentral,2869,32511,2004,2024,1084800,Operational,Natural Gas,Combined Cycle,,No,Customer-Owned
60647,6/11/2018,Minnesota Municipal Power Agency,Shakopee Energy Park,Shakopee,Scott,MN,55379,Midwest,4939,,2017,2017,46000,Operational,Natural Gas,Reciprocating Engine,Minnesota Municipal Power Agency,Yes,Utility
59785,1/28/2025,Generate Capital / DSM,Fremont Regional Digester Waste-to-Energy Facility,Fremont,Newaygo,MI,49412,Midwest,4953,562219,2012,2012,5800,Operational,Biogas,Boiler/Steam Turbine,,Yes,3rd Party
60340,5/10/2023,Constellation / Albany Green Energy,Procter & Gamble Albany Paper Mill,Albany,Dougherty,GA,31705,Southeast,2621,322120,2017,2017,54000,Operational,Wood,Boiler/Steam Turbine,Georgia Power,Yes,3rd Party
60933,1/26/2026,Bristol-Myers Squibb,Hopewell Cogeneration Plant,Hopewell,Mercer,NJ,08534,New York-New Jersey,2834,325412,2015,2015,4000,Operational,Natural Gas,Reciprocating Engine,,,Customer-Owned
57950,1/26/2026,Michigan Sugar Company,Michigan Sugar Company,Croswell,Sanilac,MI,48422,Midwest,2063,311313,1948,1948,1300,Operational,Natural Gas,Boiler/Steam Turbine,,No,Customer-Owned
58593,1/20/2026,State of California,Department of General Services Central Utility Plant,West Sacramento,Sacramento,CA,95605,Western,9111,92111,2010,2010,2900,Standby,Natural Gas,Boiler/Steam Turbine,,,Customer-Owned
57172,12/13/2022,Montana-Dakota Utilities/ORMAT,Northern Border Pipeline Compressor Station (CS-6),Glen Ullin,Morton,ND,58631,Upper-West,4922,48621,2009,2009,6000,Operational,Heat,Organic Rankine Cycle,Montana-Dakota Utilities,Yes,Utility
61838,1/26/2026,Cleveland Thermal,Cleveland Thermal,Cleveland,Cuyahoga,OH,44114,Midwest,4961,22133,2017,2017,1000,Operational,Natural Gas,Boiler/Steam Turbine,,,Customer-Owned
61927,1/26/2026,Georgia-Pacific,Georgia-Pacific Taylorsville Plywood Mill,Taylorsville,Smith,MS,39168,Southeast,2436,321212,2018,2018,8000,Operational,Natural Gas,Combustion Turbine,,,Joint
63423,1/26/2026,Brigham Young University,BYU Central Heating Plant,Provo,Utah,UT,84602,Upper-West,8221,61131,2019,2019,16500,Operational,Natural Gas,Combustion Turbine,,,Customer-Owned
60683,1/26/2026,FuelCell Energy / TRS Fuel Cell LLC,Rizzo Corporation Headquarters,Danbury,Fairfield,CT,06810,New England,6512,53112,2019,2019,3700,Operational,Natural Gas,Fuel Cell,,,Customer-Owned
62873,1/26/2026,Power Resource Group / Carolina Poultry Power,Farmville / Sweet Potato Processing Facility,Farmville,Pitt,NC,27828,Southeast,4911,311423,2019,2019,1740,Operational,Biomass,Boiler/Steam Turbine,,Yes,Customer-Owned
59145,1/26/2026,"Freeport LNG Development, LP",Freeport LNG Pretreatment Facility,Freeport,Brazoria,TX,77541,Southcentral,1321,21113,2019,2019,87000,Operational,Natural Gas,Combustion Turbine,,,Customer-Owned
58834,1/26/2026,"Richland Center Renewable Energy, LLC",Richland Center Renewable Energy,Richland Center,Richland,WI,53581,Midwest,4931,221117,2011,2011,1690,Operational,Biogas,Reciprocating Engine,,Yes,Customer-Owned
58525,1/26/2026,City of Hayward,Hayward Water Pollution Control Facility,Hayward,Alameda,CA,94545,Western,4952,22132,2014,2014,1109,Operational,Biogas,Reciprocating Engine,PG&E,,Customer-Owned
65405,1/26/2026,Flint Hills Resources,Pine Bend Refinery,Rosemount,Dakota,MN,55068,Midwest,2911,32411,2019,2019,73400,Operational,Natural Gas,Combined Cycle,Xcel Energy,,Customer-Owned
63826,1/26/2026,POET Biorefining,POET Biorefining - Jewell,Jewell,Hamilton,IA,50130,Central,2869,32511,2019,2019,5000,Operational,Natural Gas,Boiler/Steam Turbine,,,Customer-Owned
63832,1/26/2026,POET Biorefining,POET Biorefining - Hanlontown,Hanlontown,Worth,IA,50444,Central,2869,32511,2019,2019,4000,Operational,Natural Gas,Boiler/Steam Turbine,,,Customer-Owned
63918,1/26/2026,POET Biorefining,POET Biorefining - Hudson,Hudson,Lincoln,SD,57034,Upper-West,2869,32511,2019,2019,3600,Operational,Natural Gas,Boiler/Steam Turbine,,,Customer-Owned
126,,Tucson Electric Power,H Wilson Sundt Generating Station,Tucson,Pima,AZ,85714,Western,4911,221112,2019,2019,37600,Operational,Natural Gas,Reciprocating Engine,,,Utility
10123,1/20/2026,Eisai Inc.,Hoffmann LaRoche,Nutley,Essex,NJ,07110,New York-New Jersey,2834,325412,2004,2004,10600,Operational,Natural Gas,Combustion Turbine,,,
54790,,CSL Behring,CSL Behring,Bradley,Kankakee,IL,60915,Midwest,2836,325414,1993,1993,4200,Operational,Natural Gas,Combustion Turbine,,,Customer-Owned
57580,1/26/2026,Broadridge Customer Communications,Broadridge Cogen,El Dorado Hills,El Dorado,CA,95762,Western,4911,221112,2008,2008,4200,Operational,Natural Gas,Reciprocating Engine,,,3rd Party
57789,1/26/2026,Peak Power,Peak Power 1 Cogen,New York,New York,NY,10119,New York-New Jersey,6512,221112,2010,2010,6300,Operational,Natural Gas,Reciprocating Engine,,,Customer-Owned
57915,1/26/2026,Genesis Alkali,Genesis Alkali,Green River,Sweetwater,WY,82935,Upper-West,5196,424690,1953,1975,41000,Operational,Coal,Boiler/Steam Turbine,,,Customer-Owned
58052,1/26/2026,WestRock,Battle Creek Mill,Battle Creek,Calhoun,MI,49037,Midwest,2631,322130,2000,2000,2000,Operational,Natural Gas,Boiler/Steam Turbine,,,Customer-Owned
58563,1/26/2026,Hometown Bio Energy,Hometown Bio Energy,Le Sueur,Le Sueur,MN,56058,Midwest,4931,221117,2013,2013,8000,Operational,Biogas,Reciprocating Engine,,,Customer-Owned
58565,1/26/2026,Gettsburg Energy and Nutrient,Gettysburg Energy & Nutrient Rec Facility,Gettysburg,Adams,PA,17372,Mid-Atlantic,2873,325311,2013,2013,3300,Operational,Biogas,Boiler/Steam Turbine,,,Customer-Owned
59704,1/26/2026,Equilon Enterprises / Shell Oil,Shell New Energies - Junction City,Junction City,Lane,OR,97448,Northwest,2813,325120,2011,2011,1600,Operational,Biogas,Combustion Turbine,,,Customer-Owned
62319,1/26/2026,Western Sugar Cooperative,Western Sugar Cooperative - Billings,Billings,Yellowstone,MT,59101,Upper-West,2063,311313,2011,2011,1500,Operational,Coal,Boiler/Steam Turbine,,,Customer-Owned
62757,1/26/2026,Massachusetts Department of Correction,Bridgewater State Hospital,Bridgewater,Bristol,MA,02324,New England,9223,92214,2015,2015,1500,Operational,Natural Gas,Combustion Turbine,,,Customer-Owned
63285,1/26/2026,Valero,Valero Wilmington,Los Angeles,Los Angeles,CA,90813,Western,2911,324110,2017,2017,33500,Operational,Natural Gas,Combustion Turbine,,,Customer-Owned
63829,1/26/2026,POET Biorefining,POET Biorefining - Marion,Marion,Marion,OH,43302,Midwest,2869,32511,2017,2017,7800,Operational,Natural Gas,Boiler/Steam Turbine,,,Customer-Owned
63831,1/26/2026,POET Biorefining,POET Biorefining - Caro,Caro,Tuscola,MI,48723,Midwest,2869,32511,2018,2018,3800,Operational,Natural Gas,Boiler/Steam Turbine,,,Customer-Owned
63852,1/26/2026,POET Biorefining,POET Biorefining - North Manchester,North Manchester,Wabash,IN,46962,Midwest,2869,32511,2017,2017,3900,Operational,Natural Gas,Boiler/Steam Turbine,,,Customer-Owned
63853,1/26/2026,POET Biorefining,POET Biorefining - Chancellor,Chancellor,Turner,SD,57015,Upper-West,2869,32511,2018,2018,5400,Operational,Wood,Boiler/Steam Turbine,,,Customer-Owned
63919,1/26/2026,POET Biorefining,POET Biorefining - Corning,Corning,Adams,IA,50841,Central,2869,32511,2018,2018,5000,Operational,Natural Gas,Boiler/Steam Turbine,,,Customer-Owned
63920,1/26/2026,Fostoria Ethanol,POET Biorefining - Fostoria,Fostoria,Seneca,OH,44830,Midwest,2869,32511,2017,2017,3500,Operational,Natural Gas,Boiler/Steam Turbine,,,3rd Party
63922,1/26/2026,POET Biorefining,POET Biorefining - Portland,Portland,Jay,IN,47371,Midwest,2869,32511,2017,2017,3500,Operational,Natural Gas,Boiler/Steam Turbine,,,Customer-Owned
63923,1/26/2026,POET Biorefining,POET Biorefining - Gowrie,Gowrie,Webster,IA,50543,Central,2869,32511,2018,2018,5000,Operational,Natural Gas,Boiler/Steam Turbine,,,Customer-Owned
63924,1/26/2026,POET Biorefining,POET Biorefining- Alexandria,Alexandria,Madison,IN,46001,Midwest,2869,32511,2008,2008,3600,Operational,Natural Gas,Boiler/Steam Turbine,,,Customer-Owned
63927,1/26/2026,POET Biorefining,POET Biorefining - Leipsic,Leipsic,Putnam,OH,45856,Midwest,2869,32511,2017,2017,3500,Operational,Natural Gas,Boiler/Steam Turbine,,,Customer-Owned
61754,1/26/2026,"CEFF II Tehachapi Property, Revel Green","CEFF II Tehachapi Property, LLC; SunSelect",Tehachapi,Kern,CA,93561,Western,182,111419,2018,2018,6000,Operational,Natural Gas,Reciprocating Engine,,,
58933,1/26/2026,Shell Chemical Appalachia,Ethane Cracker Plant,Monaca,Beaver,PA,15061,Mid-Atlantic,2869,325193,2021,2021,309800,Operational,Natural Gas,Combined Cycle,,Yes,
56833,,ORMAT,Northern Border Pipeline Compressor Station (CS-3),Culbertson,Roosevelt,MT,59218,Upper-West,4922,48621,2009,2009,6500,Standby,Heat,Organic Rankine Cycle,,,
57281,,ORMAT,Northern Border Pipeline Compressor Station (CS-13),Trimont,Martin,MN,56132,Midwest,4922,48621,2010,2010,5500,Operational,Heat,Organic Rankine Cycle,,,
64854,4/10/2024,Tate & Lyle,"Tate & Lyle - 	Lafayette (South Plant)",Lafayette,Tippecanoe,IN,47904,Midwest,2046,311221,2021,2021,65600,Operational,Natural Gas,Combustion Turbine,,,Customer-Owned
10382,5/11/2023,"North Carolina Renewable Power - Lumberton, LLC","North Carolina Renewable Power - Lumberton, LLC",Lumberton,Robeson,NC,28358,Southeast,4911,53112,2022,2022,25000,Operational,Biomass,Boiler/Steam Turbine,,,
64027,1/26/2026,"San Bernardino Fuel Cell, LLC",SB Water Reclamation Fuel Cell,San Bernardino,San Bernardino,CA,92408,Western,4941,22131,2021,2021,1400,Operational,Biogas,Fuel Cell,,,Customer-Owned
65512,1/26/2026,"Kansas Ethanol, LLC","Kansas Ethanol, LLC",Lyons,Rice,KS,67554,Central,8062,62211,2020,2020,13500,Operational,Natural Gas,Combustion Turbine,,,Customer-Owned
65367,1/26/2026,POET Biorefining - Mitchell,POET Biorefining - Mitchell,Mitchell,Davison,SD,57301,Upper-West,2869,32511,2021,2021,3900,Operational,Natural Gas,Boiler/Steam Turbine,,,Customer-Owned
2878,1/26/2026,"Walleye Power, LLC",FirstEnergy Bay Shore,Oregon,Lucas,OH,43616,Midwest,2911,324110,1955,1967,187000,Operational,Petroleum Coke,Boiler/Steam Turbine,,,Customer-Owned
50882,1/26/2026,Wheelabrator Environmental Systems,Wheelabrator Westchester,Peekskill,Westchester,NY,10566,New York-New Jersey,7213,812331,1984,1984,59700,Operational,MSW,Boiler/Steam Turbine,,,Customer-Owned
58378,1/26/2026,Petra Nova Power I LLC,W.A. Parish Carbon Capture Plant,Richmond,Fort Bend,TX,77469,Southcentral,4911,221112,2013,2013,82200,Operational,Natural Gas,Combustion Turbine,,,Customer-Owned
62176,5/11/2023,Berry Petroleum Company,Berry NMW Cogens Power Plant,Taft,Kern,CA,93268,Western,1311,211111,2017,2017,9600,Operational,Natural Gas,Combustion Turbine,,,Customer-Owned
63439,1/26/2026,"Clearway Energy, inc",Central CA Fuel Cell 1,Tulare,Tulare,CA,93274,Western,4952,22132,2018,2018,2800,Operational,Natural Gas,Fuel Cell,,,Customer-Owned
63094,1/26/2026,Santa Barbara County,Tajiguas Resource Recovery Project,Gaviota,Santa Barbara,CA,93117,Western,4953,562212,2021,2021,2860,Operational,Biogas,Reciprocating Engine,,,Customer-Owned
58177,1/26/2026,Four Rivers Sanitation Authority,Kishwaukee CHP Plant,Rockford,Winnebago,IL,61109,Midwest,4952,22132,2010,2010,3000,Operational,Biogas,Reciprocating Engine,,,Customer-Owned
64241,1/26/2026,Bioenergy DevCo,Maryland Bioenergy Center (Jessup),Jessup,Howard,MD,20794,Mid-Atlantic,241,11212,2022,2022,1100,Operational,Natural Gas,Combustion Turbine,,,Customer-Owned
66472,1/26/2026,San Manuel Band of Mission Indians,San Manuel’s Yaamava Hotel,Highland,San Bernardino,CA,92346,Western,7011,72111,2021,2021,5400,Operational,Natural Gas,Reciprocating Engine,,,Customer-Owned
66018,1/26/2026,Norton Powerhouse 2,Norton Powerhouse 2,Worcester,Worcester,MA,16060,New England,3500,,2022,2022,4600,Operational,Natural Gas,Combustion Turbine,,,Customer-Owned
65400,4/16/2024,"Duke Energy Indiana, LLC",Purdue CHP,West Lafayette,Tippecanoe,IN,47906,Midwest,8221,61131,2022,2022,16000,Operational,Natural Gas,Combustion Turbine,Duke Energy Indiana,,
56469,1/26/2026,Roseburg Forest Products,Roseburg Forest Products,Weed,Siskiyou,CA,96094,Western,2421,321113,2011,2011,13400,Operational,Wood,Boiler/Steam Turbine,,Yes,Customer-Owned
57971,1/26/2026,San Francisco Water Power Sewer,Southeast Treatment Plant,San Francisco,San Francisco,CA,94124,Western,,2213,2002,2002,2100,Operational,Biogas,Reciprocating Engine,PG&E,,
64391,12/17/2024,Firestone Walker Brewery,Firestone Walker Brewery,Paso Robles,San Luis Obispo,CA,93446,Western,,31212,2020,2020,,Operational,Biogas,Microturbine,,,
66175,1/26/2026,Orion Engineered Carbons,Ivanhoe Generation Facility,Franklin,St. Mary,LA,70538,Southcentral,,325180,2023,2023,31000,Operational,Steam,Backpressure Steam Turbine,,Yes,
62726,5/27/2025,Victorville Energy Center/Cemex,White Mountain Quarry/Cement plant,Apple Valley,San Bernardino,CA,92307,Western,,327310,,,18900,Operational,Heat,HRSG/Steam Turbine,,,
63023,4/22/2025,Jefferson Torresdale Hospital,Jefferson Torresdale Hospital,Philadelphia,Philadelphia,PA,19114,Mid-Atlantic,,6221,2016,2016,1137,Operational,Natural Gas,Reciprocating Engine,,,
63921,1/26/2026,POET Biorefining,POET Biorefining - Shelbyville,Shelbyville,Shelby,IN,46176,Midwest,,325199,2020,2020,6100,Operational,Natural Gas,Boiler/Steam Turbine,,,
66992,1/26/2026,ClearGen,Victoria Wastewater Treatment Plant,Victoria,Victoria,TX,77905,Southcentral,,22131,2020,2020,1300,Operational,Fuel Oil,Reciprocating Engine,Victory Electric,,
68066,1/22/2026,POET Bioprocessing,POET Bioprocessing Emmetsburg,Emmetsburg,Palo Alto,IA,50536,Central,,325199,2023,2023,3500,Operational,Natural Gas,Boiler/Steam Turbine,,,
57937,1/26/2026,Western Sugar Cooperative,Western Sugar Coop - Scottsbluff,Scottsbluff,Scotts Bluff,NE,69361,Central,,311314,2023,2023,7100,Operational,Natural Gas,Boiler/Steam Turbine,,,
66615,1/26/2026,EnLink Processing,Eunice Gas Processing Plant,Eunice,Acadia,LA,70535,Southcentral,,32411,2024,2024,4700,Operational,Natural Gas,Boiler/Steam Turbine,,,
