state,fips state code,tribal name,fips code,county,eis facility id,program system code,agency facility id,company name,site name,identifier type,eis unit id,alt program system code,alternate id,alternate id w delimiter,left side of alternate id to become ORIS Facility Code,right side of alternatve id to become ORIS Boiler ID,effective date,end date,alt identifier protected?
NY,36,,36059,Nassau,10680411,NYDEC,1282004508,EQUUS POWER 1 LP,EQUUS FREEPORT POWER GENERATING STATION,Unit,58686613,EPACAMD,56032CAMDUNIT0001,56032;0001,56032,1,11/6/2014,,Yes
MS,28,,28065,Jefferson Davis,9455211,MSDEQ,2806500032,AI016621,"COOPERATIVE ENERGY, A MISSISSIPPI ELECTR",Unit,53523613,EPACAMD,7988CAMDUNIT2,7988;2,7988,2,9/30/2014,,Yes
OH,39,,39081,Jefferson,8190811,OHEPA,641160017,FirstEnergy Generation Corporation,W. H. Sammis Plant (0641160017),Unit,4409813,EPACAMD,2866CAMDUNIT6,2866;6,2866,6,8/8/2011,,Yes
OH,39,,39081,Jefferson,8190811,OHEPA,641160017,FirstEnergy Generation Corporation,W. H. Sammis Plant (0641160017),Unit,4409913,EPACAMD,2866CAMDUNIT5,2866;5,2866,5,8/8/2011,,Yes
OH,39,,39081,Jefferson,8190811,OHEPA,641160017,FirstEnergy Generation Corporation,W. H. Sammis Plant (0641160017),Unit,4409413,EPACAMD,2866CAMDUNIT7,2866;7,2866,7,8/8/2011,,Yes
MI,26,,26065,Ingham,8157711,MIDEQ,K3249,Michigan State University,Michigan State University,Unit,4525713,EPACAMD,10328CAMDUNITUNIT3,10328;UNIT3,10328,UNIT3,8/8/2011,,Yes
MI,26,,26065,Ingham,8157711,MIDEQ,K3249,Michigan State University,Michigan State University,Unit,4525613,EPACAMD,10328CAMDUNITUNIT2,10328;UNIT2,10328,UNIT2,8/8/2011,,Yes
MS,28,,28047,Harrison,6788111,MSDEQ,2804700055,AI000927,"MISSISSIPPI POWER COMPANY, PLANT JACK WA",Unit,13581513,EPACAMD,2049CAMDUNIT2,2049;2,2049,2,8/8/2011,,Yes
GA,13,,13149,Heard,9765611,GADNR,14900007,,Municipal Electric Authority Of Ga-Wansley,Unit,57654313,EPACAMD,7946CAMDUNITCT9B,7946;CT9B,7946,CT9B,8/8/2011,,Yes
OH,39,,39039,Defiance,8257511,OHEPA,320010006,FirstEnergy Generation Corporation,Richland Substation Peaker Facility (0320010006),Unit,35613,EPACAMD,2880CAMDUNITCTG4,2880;CTG4,2880,CTG4,9/23/2014,,Yes
OH,39,,39037,Darke,8257111,OHEPA,819070237,"Buckeye Power, Inc",Buckeye Power Greenville Station (0819070237),Unit,36413,EPACAMD,55228CAMDUNITG3CT1,55228;G3CT1,55228,G3CT1,10/10/2014,,Yes
GA,13,,13149,Heard,7415011,GADNR,14900001,Southern Power Company,Ga Power Company - Plant Wansley,Unit,9227113,EPACAMD,6052CAMDUNIT1,6052;1,6052,1,8/8/2011,,Yes
LA,22,,22019,Calcasieu,7380711,LADEQ08,9142,Entergy Louisiana LLC,Entergy LA LLC - Nelson Industrial Steam Co (NISCO),Unit,82066513,EPACAMD,50030CAMDUNIT2A,50030;2A,50030,2A,8/8/2011,,Yes
KY,21,,21157,Marshall,7366911,KYDAQ,2115700009,,Evonik Corporation,Unit,73358313,EPACAMD,55308CAMDUNITC,55308;C,55308,C,10/16/2010,12/31/2011,Yes
KY,21,,21111,Jefferson,7353711,KYJCAPCD,127,Louisville Gas & Electric Company,"Louisville Gas & Electric Co., Mill Creek Station",Unit,9603913,EPACAMD,1364CAMDUNIT4,1364;4,1364,4,8/8/2011,,Yes
MN,27,,27075,Lake,6319411,MNPCA,2707500003,,Northshore Mining Co,Unit,16396613,EPACAMD,10849CAMDUNITPB1,10849;PB1,10849,PB1,8/8/2011,,Yes
MS,28,,28059,Jackson,6251011,MSDEQ,2805900090,AI001321,"MISSISSIPPI POWER COMPANY, PLANT VICTOR",Unit,16467313,EPACAMD,6073CAMDUNIT4A,6073;4A,6073,4A,8/8/2011,,Yes
CA,6,,6013,Contra Costa,6530211,CARB,7130318,"GENON DELTA, LLC","GENON DELTA, LLC",Unit,19187413,EPACAMD,228CAMDUNIT9,228;9,228,9,9/23/2011,,Yes
CA,6,,6019,Fresno,6515311,CARB,101430354,COALINGA COGENERATION CO,COALINGA COGENERATION CO,Unit,19308013,EPACAMD,50131CAMDUNIT1,50131;1,50131,1,10/3/2014,,Yes
AZ,4,,4013,Maricopa,1139311,AZMCAQD,14,Salt River Project,Salt River Project - Agua Fria Generating Station,Unit,142939713,EPACAMD,141CAMDUNIT2,141;2,141,2,1/1/2020,,Yes
AZ,4,,4013,Maricopa,1139111,AZMCAQD,38,Arizona Public Service Company,APS West Phx Power Plant,Unit,46679113,EPACAMD,117CAMDUNITCC4,117;CC4,117,CC4,9/23/2014,,Yes
IL,17,,17143,Peoria,5422711,ILEPA,143805AAG,Amerenenergy Resources Generating Company,Illinois Power Resources Generating LLC,Unit,26814713,EPACAMD,856CAMDUNIT3,856;3,856,3,8/8/2011,,Yes
IA,19,,19061,Dubuque,5335511,IADNR,31-01-017,IPL-ALLIANT ENERGY CO,IPL - DUBUQUE GENERATING STATION,Unit,26892513,EPACAMD,1046CAMDUNIT6,1046;6,1046,6,8/8/2011,,Yes
PA,42,,42121,Venango,3880211,PADEP,421210043,HANDSOME LAKE ENERGY LLC,HANDSOME LAKE ENERGY LLC/KENNERDELL,Unit,37451313,EPACAMD,55233CAMDUNITEU-1B,55233;EU-1B,55233,EU-1B,10/2/2014,,Yes
PA,42,,42121,Venango,3880211,PADEP,421210043,HANDSOME LAKE ENERGY LLC,HANDSOME LAKE ENERGY LLC/KENNERDELL,Unit,37451813,EPACAMD,55233CAMDUNITEU-4A,55233;EU-4A,55233,EU-4A,10/2/2014,,Yes
KS,20,,20021,Cherokee,3878111,KSDOHE,2,Empire District Electric Company,Empire District Electric - Riverton,Unit,37460313,EPACAMD,1239CAMDUNIT39,1239;39,1239,39,8/8/2011,,Yes
PA,42,,42033,Clearfield,2985011,PADEP,420330021,GENON REMA LLC,SHAWVILLE POWER LLC/SHAWVILLE GEN STA,Unit,38387913,EPACAMD,3131CAMDUNIT2,3131;2,3131,2,8/8/2011,,Yes
PA,42,,42033,Clearfield,2985011,PADEP,420330021,GENON REMA LLC,SHAWVILLE POWER LLC/SHAWVILLE GEN STA,Unit,38387013,EPACAMD,3131CAMDUNIT1,3131;1,3131,1,8/8/2011,,Yes
SC,45,,45021,Cherokee,4074811,SCDHEC,0600-0076,"Broad River Energy, LLC",BROAD RIVER ENERGY LLC,Unit,118511913,EPACAMD,55166CAMDUNITCT-2,55166;CT-2,55166,CT-2,12/30/2049,12/31/2049,Yes
SC,45,,45063,Lexington,4041111,SCDHEC,1560-0003,South Carolina Electric & Gas Company,MCMEEKIN STATION,Unit,33611413,EPACAMD,3287CAMDUNITMCM1,3287;MCM1,3287,MCM1,8/8/2011,,Yes
SC,45,,45063,Lexington,4041111,SCDHEC,1560-0003,South Carolina Electric & Gas Company,MCMEEKIN STATION,Unit,33611613,EPACAMD,3287CAMDUNITMCM2,3287;MCM2,3287,MCM2,8/8/2011,,Yes
AZ,4,,4021,Pinal,11310611,Pinal,COOLGEN,Coolidge Power LLC,Coolidge Generating Station,Unit,118550413,EPACAMD,56948CAMDUNITCT04,56948;CT04,56948,CT04,5/31/2018,,Yes
AZ,4,,4021,Pinal,11310611,Pinal,COOLGEN,Coolidge Power LLC,Coolidge Generating Station,Unit,118549913,EPACAMD,56948CAMDUNITCT09,56948;CT09,56948,CT09,5/31/2018,,Yes
DC,11,,11001,District of Columbia,2701211,DOEE,25,U.S. General Services Administration,U.S. GSA Central Heating and Refrigeration Plant,Unit,41213413,EPACAMD,880004CAMDUNIT3,880004;3,880004,3,9/29/2014,,Yes
CO,8,,8101,Pueblo,16243211,CODPHE,CO0000000810101160,,BLACK HILLS ELECTRIC GENERATION - PAGS,Unit,103541913,EPACAMD,56998CAMDUNITCT01,56998;CT01,56998,CT01,12/23/2015,,Yes
NV,32,,32003,Clark,12768311,NVCCDAQM,1513,,Nevada Power (Chuck Lenzie),Unit,67165013,EPACAMD,55322CAMDUNITCTG-4,55322;CTG-4,55322,CTG-4,8/8/2011,,Yes
FL,12,,12111,St. Lucie,12779711,FLDEP,1110121,,FLORIDA MUNICIPAL POWER AGENCY,Unit,67328113,EPACAMD,56400CAMDUNIT1,56400;1,56400,1,8/8/2011,,Yes
KY,21,,21157,Marshall,16652211,KYDAQ,2115700070,,DTE Calvert City LLC,Unit,107227813,EPACAMD,55308CAMDUNITA,55308;A,55308,A,1/1/2012,,Yes
KY,21,,21157,Marshall,16652211,KYDAQ,2115700070,,DTE Calvert City LLC,Unit,107227913,EPACAMD,55308CAMDUNITB,55308;B,55308,B,1/1/2012,,Yes
OH,39,,39113,Montgomery,13572411,OHEPA,857043334,DPL Energy LLC (0857043334),Tait Electric Generating Station (0857043334),Unit,73759413,EPACAMD,55248CAMDUNITCT5,55248;CT5,55248,CT5,10/9/2014,,Yes
GA,13,,13297,Walton,15640311,GADNR,29700041,,Doyle Generating Facility,Unit,99507813,EPACAMD,55244CAMDUNITCTG-1,55244;CTG-1,55244,CTG-1,5/22/2013,,Yes
TX,48,,48351,Newton,9118811,TXCEQ,11,COTTONWOOD ENERGY COMPANY LP,COTTONWOOD ENERGY CO LP,Unit,57546813,EPACAMD,55358CAMDUNITCT3,55358;CT3,55358,CT3,8/8/2011,,Yes
TX,48,,48203,Harrison,9123111,TXCEQ,81,EAST TEXAS ELECTRIC COOPERATIVE INC,HARRISON COUNTY POWER PROJECT,Unit,57531713,EPACAMD,55664CAMDUNITGT-1,55664;GT-1,55664,GT-1,7/21/2012,,Yes
IN,18,,18077,Jefferson,7744211,INDEM,1,Na,Indiana-Kentucky Electric Corporation -,Unit,1875913,EPACAMD,983CAMDUNIT2,983;2,983,2,8/8/2011,,Yes
IN,18,,18043,Floyd,7742411,INDEM,4,Na,"Duke Energy Indiana, LLC-Gallagher Gene",Unit,1881713,EPACAMD,1008CAMDUNIT1,1008;1,1008,1,8/8/2011,,Yes
NH,33,,33015,Rockingham,7458511,NHDES,3301590793,Newington Energy LLC,ESSENTIAL POWER NEWINGTON LLC,Unit,12074313,EPACAMD,55661CAMDUNIT2,55661;2,55661,2,8/8/2011,,Yes
UT,49,,49035,Salt Lake,7684911,UTDAQ,12495,West Valley Power Holdings LLC,Utah Municipal Power Agency: West Valley Power Plant,Unit,12122013,EPACAMD,55622CAMDUNITU4,55622;U4,55622,U4,10/6/2014,,Yes
TX,48,,48161,Freestone,4852511,TXCEQ,30,FREESTONE POWER GENERATION LP,FREESTONE ENERGY CENTER,Unit,31658913,EPACAMD,55226CAMDUNITGT3,55226;GT3,55226,GT3,8/8/2011,,Yes
TX,48,,48113,Dallas,4836411,TXCEQ,9,LUMINANT GENERATION COMPANY LLC,LAKE RAY HUBBARD,Unit,31706513,EPACAMD,3452CAMDUNIT2,3452;2,3452,2,8/8/2011,,Yes
RI,44,,44007,Providence,4834311,RIDEM,AIR3000,Pawtucket Power Associates LP,PAWTUCKET POWER ASSOCIATES,Unit,88343513,EPACAMD,54056CAMDUNIT1,54056;1,54056,1,12/30/2049,12/31/2049,Yes
TX,48,,48201,Harris,4777511,TXCEQ,44,KM LIQUIDS TERMINALS LLC,KINDER MORGAN EXPORT TERMINAL,Unit,31933213,EPACAMD,3461CAMDUNITDWP9,3461;DWP9,3461,DWP9,8/8/2011,,Yes
OH,39,,39167,Washington,8445611,OHEPA,684020037,,Marietta Materials Management and Transportation Center (0684020037),Unit,1631213,EPACAMD,7253CAMDUNIT3,7253;3,7253,3,8/8/2011,,Yes
TX,48,,48497,Wise,9051811,TXCEQ,678,WISE COUNTY POWER COMPANY LLC,WISE CO POWER PLANT,Unit,57567513,EPACAMD,55320CAMDUNITGT-1,55320;GT-1,55320,GT-1,8/8/2011,,Yes
PA,42,,42045,Delaware,6662011,PADEP,420450014,CONSTELLATION ENERGY GENERATION LLC,CONSTELLATION ENERGY GENERATION LLC/EDDYSTONE,Unit,17765113,EPACAMD,3161CAMDUNIT40,3161;40,3161,40,10/8/2014,,Yes
PA,42,,42045,Delaware,6595211,PADEP,420450016,KIMBERLY CLARK OF PA LLC,KIMBERLY CLARK PA LLC/CHESTER OPR,Unit,17836013,EPACAMD,50410CAMDUNIT035,50410;035,50410,35,8/8/2011,,Yes
PA,42,,42047,Elk,6559611,PADEP,420470005,DOMTAR PAPER CO LLC,DOMTAR PAPER CO/JOHNSONBURG MILL,Unit,17957013,EPACAMD,54638CAMDUNIT041,54638;041,54638,41,8/8/2011,,Yes
TN,47,,47075,Haywood,3982711,TNDEC,38-0069,Tennessee Valley Authority,TVA LAGOON CREEK COMBUSTION TURBINE PLANT,Unit,35468213,EPACAMD,7845CAMDUNITLCT9,7845;LCT9,7845,LCT9,12/26/2013,,Yes
WY,56,,56037,Sweetwater,3962711,WYDEQ,645,PacifiCorp,Jim Bridger Plant,Unit,72209213,EPACAMD,8066CAMDUNITBW72,8066;BW72,8066,BW72,8/8/2011,,Yes
OH,39,,39017,Butler,9300011,OHEPA,1409040897,,OMEGA JV2 Hamilton Peaking Station (1409040897),Unit,55576013,EPACAMD,7782CAMDUNITP001,7782;P001,7782,P001,11/6/2014,,Yes
NY,36,,36103,Suffolk,9316211,NYDEC,1472803244,PPL EDGEWOOD ENERGY LLC,EDGEWOOD ELECTRIC GENERATING FACILITY,Unit,55409813,EPACAMD,55786CAMDUNITCT01,55786;CT01,55786,CT01,10/9/2014,12/31/2049,Yes
FL,12,,12097,Osceola,7940911,FLDEP,970071,Reliant Energy Wholesale Generation LLC,ORLANDO UTILITIES COMMISSION,Unit,2544713,EPACAMD,55192CAMDUNITOSC2,55192;OSC2,55192,OSC2,8/15/2014,,Yes
TX,48,,48363,Palo Pinto,7926611,TXCEQ,1,BRAZOS ELECTRIC POWER COOPERATIVE INC,RW MILLER PLANT,Unit,2550213,EPACAMD,3628CAMDUNIT**4,3628;**4,3628,**4,8/8/2011,,Yes
TX,48,,48339,Montgomery,7910511,TXCEQ,7,ENTERGY TEXAS INC,LEWIS CREEK PLANT,Unit,2568113,EPACAMD,3457CAMDUNIT2,3457;2,3457,2,8/8/2011,,Yes
TX,48,,48233,Hutchinson,7910111,TXCEQ,41,BORGER ENERGY ASSOCIATES LP,BLACKHAWK POWER PLANT,Unit,2570213,EPACAMD,55064CAMDUNIT001,55064;001,55064,1,8/8/2011,,Yes
TX,48,,48215,Hidalgo,7908611,TXCEQ,84,FRONTERA GENERATION LP,FRONTERA ENERGY CENTER,Unit,2580513,EPACAMD,55098CAMDUNIT1,55098;1,55098,1,8/8/2011,,Yes
PA,42,,42051,Fayette,9207411,PADEP,420510122,ALLEGHENY ENERGY SUPPLY CO LLC,FAYETTE ENERGY FACILITY/MASONTOWN,Unit,54832013,EPACAMD,55516CAMDUNITCTG2,55516;CTG2,55516,CTG2,9/23/2011,,Yes
OH,39,,39053,Gallia,7983011,OHEPA,627000003,Ohio Valley Electric Corporation,"Ohio Valley Electric Corp., Kyger Creek Station (0627000003)",Unit,6441513,EPACAMD,2876CAMDUNIT4,2876;4,2876,4,8/8/2011,,Yes
NY,36,,36081,Queens,7982211,NYDEC,2630100084,NEW YORK POWER AUTHORITY,POLETTI POWER PROJECT,Unit,64122213,EPACAMD,56196CAMDUNITCTG7A,56196;CTG7A,56196,CTG7A,9/29/2014,12/31/2049,Yes
OK,40,,40131,Rogers,8212411,OKDEQ,212,PUBLIC SERVICE COMPANY OF OKLAHOMA,PSO NORTHEASTERN POWER STATION,Unit,6699113,EPACAMD,2963CAMDUNIT3301B,2963;3301B,2963,3301B,8/8/2011,,Yes
OK,40,,40131,Rogers,8212411,OKDEQ,212,PUBLIC SERVICE COMPANY OF OKLAHOMA,PSO NORTHEASTERN POWER STATION,Unit,6698813,EPACAMD,2963CAMDUNIT3314,2963;3314,2963,3314,8/8/2011,,Yes
NV,32,,32003,Clark,8211211,NVCCDAQM,7,Nevada Power Company,Nevada Power Clark Station,Unit,67144313,EPACAMD,2322CAMDUNIT14B,2322;14B,2322,14B,10/5/2014,12/31/2049,Yes
NV,32,,32003,Clark,8211211,NVCCDAQM,7,Nevada Power Company,Nevada Power Clark Station,Unit,67145113,EPACAMD,2322CAMDUNIT22B,2322;22B,2322,22B,10/5/2014,12/31/2049,Yes
NC,37,,37019,Brunswick,8176711,NCDAQ,3701900067,CPI USA North Carolina - Southport Plant,CPI USA North Carolina - Southport Plant,Unit,6824813,EPACAMD,10378CAMDUNITBLR01C,10378;BLR01C,10378,BLR01C,8/14/2014,12/31/2049,Yes
NC,37,,37071,Gaston,8176211,NCDAQ,3707100040,"Duke Energy Carolinas, LLC","Duke Energy Carolinas, LLC - Riverbend Steam",Unit,74612013,EPACAMD,2732CAMDUNIT9C,2732;9C,2732,9C,12/6/2014,,Yes
VA,51,,51167,Russell,5763511,VADEQ,10236,American Electric Power-Clinch River Plant,American Electric Power-Clinch River Plant,Unit,21755513,EPACAMD,3775CAMDUNIT2,3775;2,3775,2,8/8/2011,12/31/2015,Yes
VA,51,,51117,Mecklenburg,5748311,VADEQ,30861,Dominion - Mecklenburg Power Station,Dominion-Mecklenburg Power Station,Unit,21783213,EPACAMD,52007CAMDUNIT1,52007;1,52007,1,8/8/2011,,Yes
VA,51,,51117,Mecklenburg,5748311,VADEQ,30861,Dominion - Mecklenburg Power Station,Dominion-Mecklenburg Power Station,Unit,21783313,EPACAMD,52007CAMDUNIT2,52007;2,52007,2,8/8/2011,,Yes
TX,48,,48375,Potter,5745311,TXCEQ,22,SOUTHWESTERN PUBLIC SERVICE COMPANY,HARRINGTON STATION POWER PLANT,Unit,21837313,EPACAMD,6193CAMDUNIT062B,6193;062B,6193,062B,8/8/2011,,Yes
TX,48,,48361,Orange,5730811,TXCEQ,7,ENTERGY TEXAS INC,SABINE PLANT,Unit,21860913,EPACAMD,3459CAMDUNIT4,3459;4,3459,4,8/8/2011,,Yes
NC,37,,37051,Cumberland,8134411,NCDAQ,3705100094,Public Works Commission,Public Works Commission Butler-Warner Generation Plant,Unit,89060413,EPACAMD,1016CAMDUNITGT-5,1016;GT-5,1016,GT-5,10/9/2014,12/31/2049,Yes
NC,37,,37051,Cumberland,8134411,NCDAQ,3705100094,Public Works Commission,Public Works Commission Butler-Warner Generation Plant,Unit,89060413,EPACAMD,1016CAMDUNITGT-4,1016;GT-4,1016,GT-4,10/9/2014,12/31/2049,Yes
OH,39,,39013,Belmont,8120011,OHEPA,607130015,FirstEnergy Generation Corporation,R. E. BURGER PLANT (0607130015),Unit,5512213,EPACAMD,2864CAMDUNIT5,2864;5,2864,5,8/8/2011,,Yes
OH,39,,39013,Belmont,8120011,OHEPA,607130015,FirstEnergy Generation Corporation,R. E. BURGER PLANT (0607130015),Unit,5512713,EPACAMD,2864CAMDUNIT7,2864;7,2864,7,8/8/2011,,Yes
ND,38,,38057,Mercer,8086611,NDDEQ,348,Otter Tail Power Company,Otter Tail Power Company - Coyote Station,Unit,64297413,EPACAMD,8222CAMDUNITB1,8222;B1,8222,B1,8/8/2011,,Yes
ND,38,,38057,Mercer,8086311,NDDEQ,338,Basin Electric Power Cooperative,Basin Electric Power Cooperative - Leland Olds Station,Unit,64283613,EPACAMD,2817CAMDUNIT2,2817;2,2817,2,8/8/2011,,Yes
CA,6,,6073,San Diego,3371111,CARB,371227540,CABRILLO POWER II LLC,CABRILLO POWER II LLC MIRAMAR GT,Unit,78629313,EPACAMD,56232CAMDUNIT2,56232;2,56232,2,8/26/2014,,Yes
IL,17,,17063,Grundy,3348811,ILEPA,063800AAJ,Morris Cogeneration LLC,Morris Cogeneration LLC,Unit,59609013,EPACAMD,55216CAMDUNITB-5,55216;B-5,55216,B-5,8/22/2014,,Yes
IL,17,,17063,Grundy,3348811,ILEPA,063800AAJ,Morris Cogeneration LLC,Morris Cogeneration LLC,Unit,91319713,EPACAMD,55216CAMDUNITCTG3,55216;CTG3,55216,CTG3,8/22/2014,,Yes
MA,25,,25025,Suffolk,7240911,MADEP,1190128,"CONSTELLATION MYSTIC POWER, LLC",MYSTIC STATION,Unit,7503613,EPACAMD,1588CAMDUNIT81,1588;81,1588,81,8/8/2011,,Yes
NY,36,,36059,Nassau,7222811,NYDEC,1282200481,NATIONAL GRID GENERATION LLC,GLENWOOD MAIN POWER STATION,Unit,7558513,EPACAMD,2514CAMDUNITU00021,2514;U00021,2514,U00021,9/24/2014,,Yes
NY,36,,36059,Nassau,7222811,NYDEC,1282200481,NATIONAL GRID GENERATION LLC,GLENWOOD MAIN POWER STATION,Unit,7558313,EPACAMD,2514CAMDUNIT40,2514;40,2514,40,9/24/2014,,Yes
NY,36,,36059,Nassau,7222111,NYDEC,1282001015,TRIGEN-NASSAU DISTRICT ENERGY CORP,TRIGEN CENTRL UTILITY PLT - MITCHL FIELD,Unit,7561213,EPACAMD,52056CAMDUNIT00004,52056;00004,52056,4,8/8/2011,,Yes
NY,36,,36059,Nassau,7221611,NYDEC,1282000553,NATIONAL GRID CORPORATE SERVICES LLC,EF BARRETT POWER STATION,Unit,118548113,EPACAMD,2511CAMDUNITU00018,2511;U00018,2511,U00018,4/30/2018,12/31/2049,Yes
NY,36,,36059,Nassau,7221611,NYDEC,1282000553,NATIONAL GRID CORPORATE SERVICES LLC,EF BARRETT POWER STATION,Unit,118548113,EPACAMD,2511CAMDUNITU00012,2511;U00012,2511,U00012,4/30/2018,12/31/2049,Yes
NY,36,,36059,Nassau,7221611,NYDEC,1282000553,NATIONAL GRID CORPORATE SERVICES LLC,EF BARRETT POWER STATION,Unit,118548013,EPACAMD,2511CAMDUNITU00006,2511;U00006,2511,U00006,4/30/2018,12/31/2049,Yes
NY,36,,36059,Nassau,7221611,NYDEC,1282000553,NATIONAL GRID CORPORATE SERVICES LLC,EF BARRETT POWER STATION,Unit,7563413,EPACAMD,2511CAMDUNIT10,2511;10,2511,10,8/8/2011,,Yes
NV,32,,32029,Storey,7237511,NVBAQ,AP49112871,"NANIWA ENERGY, LLC",NANIWA TRI PEAKING GENERATING STATION,Unit,7571013,EPACAMD,55494CAMDUNITCT3,55494;CT3,55494,CT3,10/9/2014,12/31/2049,Yes
KY,21,,21145,McCracken,6037011,KYDAQ,2114500006,Tennessee Valley Authority,Tennessee Valley Authority (TVA) - Shawnee Fossil Plant,Unit,24138713,EPACAMD,1379CAMDUNIT6,1379;6,1379,6,8/8/2011,,Yes
TX,48,,48449,Titus,4036111,TXCEQ,3,LUMINANT GENERATION COMPANY LLC,MONTICELLO STEAM ELECTRIC STATION,Unit,34165413,EPACAMD,6147CAMDUNIT1,6147;1,6147,1,8/8/2011,,Yes
TX,48,,48157,Fort Bend,3968411,TXCEQ,5,NRG TEXAS POWER LLC,WA PARISH ELECTRIC GENERATING STATION,Unit,34521613,EPACAMD,3470CAMDUNITWAP1,3470;WAP1,3470,WAP1,8/8/2011,,Yes
TX,48,,48157,Fort Bend,3968411,TXCEQ,5,NRG TEXAS POWER LLC,WA PARISH ELECTRIC GENERATING STATION,Unit,34521713,EPACAMD,3470CAMDUNITWAP2,3470;WAP2,3470,WAP2,8/8/2011,,Yes
TX,48,,48135,Ector,3968311,TXCEQ,100,LUMINANT GENERATION COMPANY LLC,ODESSA ECTOR POWER PARTNERS,Unit,34526613,EPACAMD,55215CAMDUNITGT2,55215;GT2,55215,GT2,8/8/2011,,Yes
MN,27,,27123,Ramsey,7488611,MNPCA,2712300012,Northern States Power (Xcel Energy),Xcel Energy - High Bridge Combined Cycle Plant,Unit,79645113,EPACAMD,1912CAMDUNIT8,1912;8,1912,8,8/15/2014,,Yes
MA,25,,25013,Hampden,5979211,MADEP,420001,MASS MUNICIPAL WHOLESALE ELECTRIC CO,STONY BROOK ENERGY CENTER,Unit,87356113,EPACAMD,6081CAMDUNIT001,6081;001,6081,1,8/8/2011,,Yes
IN,18,,18051,Gibson,7363111,INDEM,13,Na,Duke Energy Indiana LLC - Gibson Genera,Unit,10573513,EPACAMD,6113CAMDUNIT1,6113;1,6113,1,8/8/2011,,Yes
IN,18,,18125,Pike,7362411,INDEM,2,Na,Indianapolis Power and Light Petersburg,Unit,10579213,EPACAMD,994CAMDUNIT1,994;1,994,1,8/8/2011,,Yes
NJ,34,,34019,Hunterdon,7312511,NJDEP,80002,Reliant Energy New Jersey Holdings,Gilbert Generating Station,Unit,10666313,EPACAMD,2393CAMDUNIT07,2393;07,2393,7,10/7/2014,,Yes
NJ,34,,34005,Burlington,7310911,NJDEP,45979,PSEG Power LLC,Burlington Generating Station,Unit,10701713,EPACAMD,2399CAMDUNIT121,2399;121,2399,121,9/24/2014,12/31/2049,Yes
NJ,34,,34005,Burlington,7310911,NJDEP,45979,PSEG Power LLC,Burlington Generating Station,Unit,10701713,EPACAMD,2399CAMDUNIT123,2399;123,2399,123,9/24/2014,12/31/2049,Yes
NJ,34,,34005,Burlington,7310911,NJDEP,45979,PSEG Power LLC,Burlington Generating Station,Unit,10702513,EPACAMD,2399CAMDUNIT12001,2399;12001,2399,12001,12/6/2014,12/31/2049,Yes
NJ,34,,34005,Burlington,7310911,NJDEP,45979,PSEG Power LLC,Burlington Generating Station,Unit,10702713,EPACAMD,2399CAMDUNIT28001,2399;28001,2399,28001,12/6/2014,12/31/2049,Yes
NJ,34,,34009,Cape May,5133011,NJDEP,73242,R.C. Cape May Holdings LLC,B. L. England Generating Station,Unit,25811213,EPACAMD,2378CAMDUNIT2,2378;2,2378,2,8/8/2011,,Yes
VA,51,,51760,Richmond city,5083411,VADEQ,50988,Dominion - Bellemeade Power Station,Dominion - Bellemeade Power Station,Unit,25876113,EPACAMD,50966CAMDUNIT1,50966;1,50966,1,8/8/2011,,Yes
UT,49,,49015,Emery,5050611,UTDAQ,10238,PacifiCorp,PacifiCorp- Huntington Power Plant,Unit,25902813,EPACAMD,8069CAMDUNIT1,8069;1,8069,1,8/8/2011,,Yes
UT,49,,49015,Emery,5050611,UTDAQ,10238,PacifiCorp,PacifiCorp- Huntington Power Plant,Unit,25903613,EPACAMD,8069CAMDUNIT2,8069;2,8069,2,8/8/2011,,Yes
UT,49,,49015,Emery,5050511,UTDAQ,10237,PacifiCorp,PacifiCorp- Hunter Power Plant,Unit,25905313,EPACAMD,6165CAMDUNIT2,6165;2,6165,2,8/8/2011,,Yes
WI,55,,55009,Brown,5295111,WIDNR,405031990,Wisconsin Public Service Corporation,WI PUBLIC SERVICE CORP - JP PULLIAM PLANT,Unit,25987813,EPACAMD,4072CAMDUNIT8,4072;8,4072,8,8/8/2011,,Yes
IA,19,,19193,Woodbury,2943411,IADNR,97-04-010,MIDAMERICAN ENERGY COMPANY,MIDAMERICAN ENERGY CO - GEORGE NEAL NORTH,Unit,38611713,EPACAMD,1091CAMDUNIT3,1091;3,1091,3,8/8/2011,,Yes
IA,19,,19193,Woodbury,2943411,IADNR,97-04-010,MIDAMERICAN ENERGY COMPANY,MIDAMERICAN ENERGY CO - GEORGE NEAL NORTH,Unit,38611513,EPACAMD,1091CAMDUNIT1,1091;1,1091,1,8/8/2011,,Yes
NE,31,,31079,Hall,6714711,NEDEQ,54712,Grand Island Utilities Dept,C W Burdick Generating Station,Unit,12864313,EPACAMD,2241CAMDUNITB-3,2241;B-3,2241,B-3,11/6/2014,,Yes
MO,29,,29175,Randolph,6688411,MODNR,1,"Associated Electric Cooperative, Inc",THOMAS HILL ENERGY CENTER POWER DIVISION THOMAS HILL,Unit,12909013,EPACAMD,2168CAMDUNITMB1,2168;MB1,2168,MB1,8/8/2011,,Yes
MD,24,,24009,Calvert,5169611,MDDOE,009-0021,"Dominion Energy Cove Point LNG, LP","Dominion Energy Cove Point LNG, LP",Unit,87922113,EPACAMD,59073CAMDUNIT214JB,59073;214JB,59073,214JB,3/3/2021,,Yes
MD,24,,24009,Calvert,5169611,MDDOE,009-0021,"Dominion Energy Cove Point LNG, LP","Dominion Energy Cove Point LNG, LP",Unit,129225713,EPACAMD,59073CAMDUNITGT501B,59073;GT501B,59073,GT501B,3/3/2021,12/31/2049,Yes
MD,24,,24005,Baltimore,5154911,MDDOE,005-0078,Constellation Power Source Generation Inc.,Constellation - Riverside,Unit,87895013,EPACAMD,1559CAMDUNIT4,1559;4,1559,4,10/1/2014,,Yes
MO,29,,29095,Jackson,7663711,MODNR,22,Kansas City Power & Light Company,EVERGY INC HAWTHORN GENERATING STATION,Unit,12449713,EPACAMD,2079CAMDUNIT5A,2079;5A,2079,5A,8/8/2011,,Yes
KS,20,,20173,Sedgwick,5603211,KSDOHE,12,"Evergy, Inc.",Evergy - Gordon Evans,Unit,27425613,EPACAMD,1240CAMDUNITE2CT,1240;E2CT,1240,E2CT,10/1/2014,,Yes
IN,18,,18097,Marion,5544111,INDEM,352,Na,Georgetown Substation Generating Plant,Unit,100833213,EPACAMD,7759CAMDUNITGT4,7759;GT4,7759,GT4,10/9/2014,,Yes
MI,26,,26139,Ottawa,7087211,MIDEQ,N6521,Consumers Energy Company,Consumers Energy Co. - Zeeland Generating Station,Unit,14145813,EPACAMD,55087CAMDUNITCC1,55087;CC1,55087,CC1,8/15/2014,12/31/2049,Yes
TX,48,,48481,Wharton,8516011,TXCEQ,49,WHARTON COUNTY GENERATION LLC,WHARTON COUNTY GENERATION FACILITY,Unit,953713,EPACAMD,50137CAMDUNIT1,50137;1,50137,1,9/23/2011,,Yes
GA,13,,13157,Jackson,8500711,GADNR,15700034,,Dahlberg Combustion Turbine Electric Generating Plant,Unit,965113,EPACAMD,7765CAMDUNIT3,7765;3,7765,3,6/29/2013,,Yes
LA,22,,22047,Iberville,8467311,LADEQ08,1409,The Dow Chemical Company,The Dow Chemical Company - Louisiana Operations,Unit,80135913,EPACAMD,55419CAMDUNIT600,55419;600,55419,600,8/8/2011,,Yes
WI,55,,55089,Ozaukee,6229211,WIDNR,246004000,WE Energies,WE ENERGIES PORT WASHINGTON GENERATING STATION,Unit,64827313,EPACAMD,4040CAMDUNIT11,4040;11,4040,11,5/22/2013,,Yes
WI,55,,55003,Ashland,6228411,WIDNR,802033320,Northern States Power (Xcel Energy),XCEL ENERGY BAY FRONT GENERATING STATION,Unit,15552113,EPACAMD,3982CAMDUNIT2,3982;2,3982,2,8/8/2011,,Yes
MN,27,,27053,Hennepin,6393811,MNPCA,2705300015,Northern States Power (Xcel Energy),Xcel Energy - Riverside Generating Plant,Unit,79473413,EPACAMD,1927CAMDUNIT10,1927;10,1927,10,9/29/2014,,Yes
WV,54,,54099,Wayne,6341811,WVDAQ,80,"BIG SANDY PEAKER, LLC",BIG SANDY PEAKER PLANT,Unit,71744913,EPACAMD,55284CAMDUNITGS11,55284;GS11,55284,GS11,8/23/2014,,Yes
WV,54,,54099,Wayne,6341811,WVDAQ,80,"BIG SANDY PEAKER, LLC",BIG SANDY PEAKER PLANT,Unit,71745413,EPACAMD,55284CAMDUNITGS03,55284;GS03,55284,GS03,8/23/2014,,Yes
IN,18,,18083,Knox,4479311,INDEM,41,Na,Duke Energy Indiana LLC. - Wheatland Ge,Unit,28308313,EPACAMD,55224CAMDUNITEU-02,55224;EU-02,55224,EU-02,8/15/2014,,Yes
IN,18,,18083,Knox,4478911,INDEM,3,Na,Duke Energy Indiana LLC Edwardsport Gen,Unit,28309813,EPACAMD,1004CAMDUNITCTG2,1004;CTG2,1004,CTG2,6/2/2015,,Yes
IL,17,,17197,Will,4688511,ILEPA,197899AAB,University Park Energy LLC,University Park Energy LLC,Unit,60404013,EPACAMD,55250CAMDUNITUP4,55250;UP4,55250,UP4,7/25/2012,,Yes
IL,17,,17197,Will,4688511,ILEPA,197899AAB,University Park Energy LLC,University Park Energy LLC,Unit,60404313,EPACAMD,55250CAMDUNITUP7,55250;UP7,55250,UP7,7/25/2012,,Yes
OH,39,,39017,Butler,8454911,OHEPA,1409040243,City Of Hamilton,City of Hamilton Department of Infrastructure (1409040243),Unit,305013,EPACAMD,2917CAMDUNIT9,2917;9,2917,9,8/8/2011,,Yes
SC,45,,45021,Cherokee,8421611,SCDHEC,0600-0081,"Duke Energy Carolinas, LLC",DUKE ENERGY CAROLINAS LLC MILL CREEK COM,Unit,99910713,EPACAMD,7981CAMDUNIT4,7981;4,7981,4,4/29/2014,,Yes
SC,45,,45021,Cherokee,8421611,SCDHEC,0600-0081,"Duke Energy Carolinas, LLC",DUKE ENERGY CAROLINAS LLC MILL CREEK COM,Unit,99911313,EPACAMD,7981CAMDUNIT7,7981;7,7981,7,4/29/2014,,Yes
PA,42,,42003,Allegheny,8404911,PAACHD,4200300158,GENON POWER MIDWEST LP,NRG POWER MIDWEST L.P../BRUNOT ISLE POWER PLT,Unit,98943613,EPACAMD,3096CAMDUNIT1B,3096;1B,3096,1B,10/7/2014,,Yes
TX,48,,48215,Hidalgo,6141711,TXCEQ,87,CALPINE HIDALGO ENERGY CENTER LP,HIDALGO ENERGY CENTER,Unit,15926013,EPACAMD,7762CAMDUNITHRSG1,7762;HRSG1,7762,HRSG1,8/8/2011,,Yes
OH,39,,39093,Lorain,6371011,OHEPA,247080487,FirstEnergy Generation Corporation,West Lorain Power Plant (0247080487),Unit,15958113,EPACAMD,2869CAMDUNIT1A,2869;1A,2869,1A,10/9/2014,,Yes
AL,1,,1063,Greene,1036811,ADEM,1,Alabama Power Company,Alabama Power Company,Unit,47691613,EPACAMD,10CAMDUNIT2,10;2,10,2,8/8/2011,,Yes
AL,1,,1063,Greene,1036811,ADEM,1,Alabama Power Company,Alabama Power Company,Unit,47691013,EPACAMD,10CAMDUNITCT4,10;CT4,10,CT4,9/23/2011,,Yes
AL,1,,1071,Jackson,1018911,ADEM,8,Tennessee Valley Authority,TVA Widows Creek,Unit,47717013,EPACAMD,50CAMDUNIT8,50;8,50,8,8/8/2011,,Yes
AL,1,,1071,Jackson,1018911,ADEM,8,Tennessee Valley Authority,TVA Widows Creek,Unit,47716813,EPACAMD,50CAMDUNIT7,50;7,50,7,8/8/2011,,Yes
AL,1,,1073,Jefferson,1003111,ALJCBOH,10730011,Alabama Power Company,ALABAMA POWER COMPANY (MILLER POWER PLANT),Unit,62941313,EPACAMD,6002CAMDUNIT1,6002;1,6002,1,8/8/2011,,Yes
IL,17,,17053,Ford,2622911,ILEPA,053803AAL,Ameren Energy Generating Company,Gibson City Energy Center LLC,Unit,88707213,EPACAMD,55201CAMDUNITGCTG2,55201;GCTG2,55201,GCTG2,10/1/2014,,Yes
CO,8,,8031,Denver,1699811,CODPHE,CO0000000803100008,Black Hills Colorado LLC,SWG ARAPAHOE - ARAPAHOE GENERATING,Unit,44963213,EPACAMD,55200CAMDUNITCT6,55200;CT6,55200,CT6,1/1/2017,12/31/2049,Yes
VA,51,,51195,Wise,16530111,VADEQ,11526,Dominion - Virginia City Hybrid Energy Center,Dominion - Virginia City Hybrid Energy Center,Unit,105638113,EPACAMD,56808CAMDUNIT2,56808;2,56808,2,11/4/2013,,Yes
WA,53,,53027,Grays Harbor,12582311,WAORCAA,1186,,Grays Harbor Energy,Unit,63396413,EPACAMD,7999CAMDUNIT2,7999;2,7999,2,10/8/2014,,Yes
CA,6,,6065,Riverside,17228711,CARB,3.32E+11,SENTINEL ENERGY CENTER LLC,SENTINEL ENERGY CENTER LLC,Unit,119856913,EPACAMD,57482CAMDUNIT1,57482;1,57482,1,5/28/2018,,Yes
SC,45,,45053,Jasper,13005611,SCDHEC,1360-0026,,JASPER GENERATING STATION,Unit,112051013,EPACAMD,55927CAMDUNITCT03,55927;CT03,55927,CT03,12/30/2049,12/31/2049,Yes
SC,45,,45053,Jasper,13005611,SCDHEC,1360-0026,,JASPER GENERATING STATION,Unit,112051013,EPACAMD,55927CAMDUNITCT02,55927;CT02,55927,CT02,12/30/2049,12/31/2049,Yes
GA,13,,13149,Heard,15558711,GADNR,14900004,,Tenaska Georgia Generating Station,Unit,97956913,EPACAMD,55061CAMDUNITCT4,55061;CT4,55061,CT4,8/15/2014,,Yes
GA,13,,13149,Heard,15558711,GADNR,14900004,,Tenaska Georgia Generating Station,Unit,97956613,EPACAMD,55061CAMDUNITCT1,55061;CT1,55061,CT1,8/19/2014,,Yes
FL,12,,12127,Volusia,2797311,FLDEP,1270028,Progress Energy Corporation,"DUKE ENERGY FLORIDA, LLC",Unit,40825113,EPACAMD,6046CAMDUNITP3,6046;P3,6046,P3,8/8/2011,,Yes
TX,48,,48469,Victoria,18970711,TXCEQ,49,TRES PORT POWER LLC,VICTORIA PORT PEAKING FACILITY,Unit,136701713,EPACAMD,61242CAMDUNITCT2,61242;CT2,61242,CT2,1/22/2021,,Yes
ND,38,,38105,Williams,18983011,NDDEQ,1532,Basin Electric Power Cooperative,Basin Electric Power Cooperative - Pioneer Generation Station,Unit,137154813,EPACAMD,57881CAMDUNITCT3,57881;CT3,57881,CT3,2/6/2021,,Yes
WY,56,,56005,Campbell,7844911,WYDEQ,134,Black Hills Power Incorporated,Neil Simpson Two,Unit,72202413,EPACAMD,7504CAMDUNITCT1,7504;CT1,7504,CT1,8/8/2011,,Yes
MI,26,,26101,Manistee,4856911,MIDEQ,N1685,T.E.S. Filer City Station Limited Partnership,TES Filer City Station,Unit,82791313,EPACAMD,50835CAMDUNIT2,50835;2,50835,2,8/25/2014,12/31/2049,Yes
CA,6,,6071,San Bernardino,4785211,CARB,3.61E+11,"RRI ENERGY ETIWANDA, INC.","NRG CALIFORNIA SOUTH LP, ETIWANDA GEN ST",Unit,85457213,EPACAMD,331CAMDUNIT3,331;3,331,3,9/23/2011,,Yes
FL,12,,12011,Broward,591711,FLDEP,110037,Florida Power & Light Company,LAUDERDALE POWER PLANT,Unit,125612713,EPACAMD,613CAMDUNITPFL6C,613;PFL6C,613,PFL6C,12/17/2018,,Yes
FL,12,,12011,Broward,591711,FLDEP,110037,Florida Power & Light Company,LAUDERDALE POWER PLANT,Unit,125612813,EPACAMD,613CAMDUNITPFL6D,613;PFL6D,613,PFL6D,12/17/2018,,Yes
FL,12,,12011,Broward,591711,FLDEP,110037,Florida Power & Light Company,LAUDERDALE POWER PLANT,Unit,46118913,EPACAMD,613CAMDUNITGFL04,613;GFL04,613,GFL04,8/15/2014,12/31/2049,Yes
FL,12,,12011,Broward,591711,FLDEP,110037,Florida Power & Light Company,LAUDERDALE POWER PLANT,Unit,46118913,EPACAMD,613CAMDUNITGFL05,613;GFL05,613,GFL05,8/15/2014,12/31/2049,Yes
FL,12,,12011,Broward,591711,FLDEP,110037,Florida Power & Light Company,LAUDERDALE POWER PLANT,Unit,46118913,EPACAMD,613CAMDUNITGFL08,613;GFL08,613,GFL08,8/15/2014,12/31/2049,Yes
FL,12,,12011,Broward,591711,FLDEP,110037,Florida Power & Light Company,LAUDERDALE POWER PLANT,Unit,46119513,EPACAMD,613CAMDUNITGFL19,613;GFL19,613,GFL19,8/18/2014,12/31/2049,Yes
FL,12,,12011,Broward,591611,FLDEP,110036,Florida Power & Light Company,PORT EVERGLADES ENERGY CENTER,Unit,46121213,EPACAMD,617CAMDUNITGPE01,617;GPE01,617,GPE01,8/15/2014,12/31/2049,Yes
FL,12,,12011,Broward,591611,FLDEP,110036,Florida Power & Light Company,PORT EVERGLADES ENERGY CENTER,Unit,46121213,EPACAMD,617CAMDUNITGPE02,617;GPE02,617,GPE02,8/15/2014,12/31/2049,Yes
FL,12,,12011,Broward,591611,FLDEP,110036,Florida Power & Light Company,PORT EVERGLADES ENERGY CENTER,Unit,46121213,EPACAMD,617CAMDUNITGPE05,617;GPE05,617,GPE05,8/15/2014,12/31/2049,Yes
FL,12,,12009,Brevard,590511,FLDEP,90008,Orlando Utilities Commission,ORLANDO UTILITIES COMMISSION (OUC),Unit,46129213,EPACAMD,683CAMDUNITA,683;A,683,A,8/8/2011,,Yes
FL,12,,12009,Brevard,590411,FLDEP,90006,Florida Power & Light Company,FLORIDA POWER & LIGHT COMPANY (PCC),Unit,91828013,EPACAMD,609CAMDUNITCCCT3A,609;CCCT3A,609,CCCT3A,7/15/2015,,Yes
CT,9,,9009,New Haven,590011,CTBAM,T105P0014C07741,"NRG ENERGY, INC.","DEVON POWER, LLC",Unit,99521313,EPACAMD,544CAMDUNIT16,544;16,544,16,6/11/2013,,Yes
CT,9,,9009,New Haven,590011,CTBAM,T105P0014C07741,"NRG ENERGY, INC.","DEVON POWER, LLC",Unit,46136713,EPACAMD,544CAMDUNIT7,544;7,544,7,6/11/2013,,Yes
CT,9,,9009,New Haven,590011,CTBAM,T105P0014C07741,"NRG ENERGY, INC.","DEVON POWER, LLC",Unit,46136913,EPACAMD,544CAMDUNIT10,544;10,544,10,9/23/2011,,Yes
DE,10,,10003,New Castle,588311,DEDNR,1000300016,"Delaware City Refining, LLC",Delaware City Refinery,Unit,46178313,EPACAMD,52193CAMDUNITMECCU1,52193;MECCU1,52193,MECCU1,8/17/2014,,Yes
DE,10,,10003,New Castle,588311,DEDNR,1000300016,"Delaware City Refining, LLC",Delaware City Refinery,Unit,46159813,EPACAMD,52193CAMDUNITDCPP1,52193;DCPP1,52193,DCPP1,8/17/2014,,Yes
FL,12,,12095,Orange,845411,FLDEP,950137,Florida Municipal Power Agency,ORLANDO UTILITIES COMMISSION,Unit,67201413,EPACAMD,55821CAMDUNIT25,55821;25,55821,25,8/8/2011,12/31/2017,Yes
FL,12,,12095,Orange,845411,FLDEP,950137,Florida Municipal Power Agency,ORLANDO UTILITIES COMMISSION,Unit,46192013,EPACAMD,564CAMDUNIT2,564;2,564,2,8/8/2011,,Yes
CT,9,,9015,Windham,844711,CTBAM,T089P0080C07442,"LAKE ROAD GENERATING CO, LLC","LAKE ROAD GENERATING CO, LLC",Unit,46197013,EPACAMD,55149CAMDUNITLRG1,55149;LRG1,55149,LRG1,8/8/2011,,Yes
FL,12,,12107,Putnam,842511,FLDEP,1070014,Florida Power & Light Company,FLORIDA POWER & LIGHT (PPN),Unit,46222613,EPACAMD,6246CAMDUNITHRSG22,6246;HRSG22,6246,HRSG22,8/8/2011,,Yes
FL,12,,12107,Putnam,842511,FLDEP,1070014,Florida Power & Light Company,FLORIDA POWER & LIGHT (PPN),Unit,46222913,EPACAMD,6246CAMDUNITHRSG11,6246;HRSG11,6246,HRSG11,8/8/2011,,Yes
WI,55,,55017,Chippewa,6870311,WIDNR,609042720,,XCEL ENERGY-WHEATON GENERATING STATION,Unit,13262913,EPACAMD,4014CAMDUNIT2,4014;2,4014,2,8/15/2014,,Yes
WV,54,,54073,Pleasants,6776411,WVDAQ,22,Pleasants Energy LLC.,"PLEASANTS ENERGY, LLC",Unit,71803813,EPACAMD,55349CAMDUNIT1,55349;1,55349,1,7/21/2012,,Yes
MO,29,,29189,St. Louis,6816611,MODNR,10,Union Electric Company,AMEREN MISSOURI MERAMEC ENERGY CENTER,Unit,13792213,EPACAMD,2104CAMDUNITCT01,2104;CT01,2104,CT01,10/29/2010,,Yes
MO,29,,29189,St. Louis,6816611,MODNR,10,Union Electric Company,AMEREN MISSOURI MERAMEC ENERGY CENTER,Unit,109322213,EPACAMD,2104CAMDUNITCT2B,2104;CT2B,2104,CT2B,1/1/2013,,Yes
NV,32,,32003,Clark,6815611,NVBAQ,AP49110897,NEVADA POWER COMPANY DBA NV ENERGY,REID GARDNER STATION POWER PLANT,Unit,97877113,EPACAMD,2324CAMDUNIT3,2324;3,2324,3,3/20/2013,,Yes
MO,29,,29183,St. Charles,6783411,MODNR,1,Union Electric Company,AMEREN MISSOURI SIOUX ENERGY CENTER,Unit,13831813,EPACAMD,2107CAMDUNIT2,2107;2,2107,2,8/8/2011,,Yes
MO,29,,29183,St. Charles,6783411,MODNR,1,Union Electric Company,AMEREN MISSOURI SIOUX ENERGY CENTER,Unit,13832613,EPACAMD,2107CAMDUNIT1,2107;1,2107,1,8/8/2011,,Yes
PA,42,,42095,Northampton,3881811,PADEP,420950011,GENON REMA LLC,PORTLAND POWER LLC/PORTLAND COMBUSTION TURBINE,Unit,37150213,EPACAMD,3113CAMDUNIT5,3113;5,3113,5,10/7/2014,,Yes
PA,42,,42095,Northampton,3881711,PADEP,420950010,MARTINS CREEK LLC,MC PROJECT CO LLC/MARTINS CREEK,Unit,37150613,EPACAMD,3148CAMDUNIT3,3148;3,3148,3,8/8/2011,,Yes
MO,29,,29007,Audrain,6998911,MODNR,53,Audrain Generating LLC,AMEREN MISSOURI AUDRAIN POWER STATION,Unit,14700413,EPACAMD,55234CAMDUNITCT1,55234;CT1,55234,CT1,1/1/2013,,Yes
PA,42,,42011,Berks,3857011,PADEP,420110045,TITUS POWER LLC,TITUS POWER LLC/COMBUSTION TURBINE,Unit,37799813,EPACAMD,3115CAMDUNIT1,3115;1,3115,1,8/8/2011,,Yes
MI,26,,26165,Wexford,6180011,MIDEQ,N1395,Cadillac Renewable Energy Limited Partnership,Cadillac Renewable Energy Facility,Unit,82794013,EPACAMD,54415CAMDUNITEUBLR,54415;EUBLR,54415,EUBLR,8/8/2011,,Yes
MN,27,,27061,Itasca,6173211,MNPCA,2706100004,"Wisconsin Public Power, Inc.",Minnesota Power - Boswell Energy Center,Unit,15285013,EPACAMD,1893CAMDUNIT1,1893;1,1893,1,8/8/2011,,Yes
AZ,4,,4027,Yuma,1013411,AZDEQ,9955,ARIZONA PUBLIC SERVICE CO,APS - YUCCA POWER PLANT,Unit,88710513,EPACAMD,120CAMDUNIT1,120;1,120,1,9/23/2011,,Yes
AZ,4,,4021,Pinal,1032711,Pinal,EGUSundance,Arizona Public Service Company,Sundance Power Plant,Unit,62911313,EPACAMD,55522CAMDUNITCT05,55522;CT05,55522,CT05,10/9/2014,,Yes
IL,17,,17147,Piatt,9686711,ILEPA,147803AAC,Ameren Services,Ameren Services,Unit,88687313,EPACAMD,55496CAMDUNITCT-06,55496;CT-06,55496,CT-06,9/30/2014,,Yes
IL,17,,17147,Piatt,9686711,ILEPA,147803AAC,Ameren Services,Ameren Services,Unit,88687013,EPACAMD,55496CAMDUNITCT-03,55496;CT-03,55496,CT-03,9/30/2014,,Yes
IL,17,,17147,Piatt,9686711,ILEPA,147803AAC,Ameren Services,Ameren Services,Unit,88687213,EPACAMD,55496CAMDUNITCT-05,55496;CT-05,55496,CT-05,9/30/2014,,Yes
IL,17,,17173,Shelby,9698311,ILEPA,173807AAG,,Holland Energy LLC,Unit,59933413,EPACAMD,55334CAMDUNITCTG2,55334;CTG2,55334,CTG2,9/23/2011,,Yes
IL,17,,17197,Will,9701111,ILEPA,197899AAC,,LSP University Park LLC,Unit,53541213,EPACAMD,55640CAMDUNITCT10,55640;CT10,55640,CT10,7/25/2012,,Yes
LA,22,,22089,St. Charles,5609311,LADEQ08,83898,Entergy Louisiana LLC,Entergy Louisiana LLC - Waterford 1 & 2 Electric Generating Plant,Unit,89570013,EPACAMD,8056CAMDUNIT2,8056;2,8056,2,9/24/2014,12/31/2049,Yes
DE,10,,10001,Kent,2424211,DEDNR,1000100152,Delaware Municipal Electric Corporation,WARREN F BEASLEY POWER STATION,Unit,40256813,EPACAMD,7962CAMDUNIT1,7962;1,7962,1,10/27/2014,,Yes
MO,29,,29071,Franklin,6032111,MODNR,3,Union Electric Company,AMEREN MISSOURI LABADIE ENERGY CENTER,Unit,24464513,EPACAMD,2103CAMDUNIT4,2103;4,2103,4,8/8/2011,,Yes
MO,29,,29071,Franklin,6032111,MODNR,3,Union Electric Company,AMEREN MISSOURI LABADIE ENERGY CENTER,Unit,24464113,EPACAMD,2103CAMDUNIT3,2103;3,2103,3,8/8/2011,,Yes
CT,9,,9001,Fairfield,2722511,CTBAM,T067P0017C07741,"NRG ENERGY, INC.","CONNECTICUT JET POWER, LLC",Unit,41011313,EPACAMD,542CAMDUNIT11,542;11,542,11,6/11/2013,,Yes
CA,6,,6059,Orange,10136711,CARB,30102656940,CITY OF ANAHEIM/COMB TURBINE GEN STATION,CITY OF ANAHEIM/COMB TURBINE GEN STATION,Unit,53238113,EPACAMD,7693CAMDUNIT1,7693;1,7693,1,11/3/2014,,Yes
KY,21,,21091,Hancock,5343711,KYDAQ,2109100003,Big Rivers Electric Corp,Big Rivers Electric Corp - Coleman Station,Unit,26449313,EPACAMD,1381CAMDUNITC1,1381;C1,1381,C1,8/8/2011,,Yes
KY,21,,21091,Hancock,5343711,KYDAQ,2109100003,Big Rivers Electric Corp,Big Rivers Electric Corp - Coleman Station,Unit,26449013,EPACAMD,1381CAMDUNITC2,1381;C2,1381,C2,8/8/2011,,Yes
KY,21,,21091,Hancock,5343711,KYDAQ,2109100003,Big Rivers Electric Corp,Big Rivers Electric Corp - Coleman Station,Unit,26449213,EPACAMD,1381CAMDUNITC3,1381;C3,1381,C3,8/8/2011,,Yes
MO,29,,29097,Jasper,5338211,MODNR,62,Empire District Electric Company,EMPIRE DISTRICT ELECTRIC CO EMPIRE ENERGY CENTER,Unit,59036413,EPACAMD,6223CAMDUNIT3A,6223;3A,6223,3A,8/8/2011,,Yes
FL,12,,12061,Indian River,1968211,FLDEP,610029,City Of Vero Beach,CITY OF VERO BEACH,Unit,41788413,EPACAMD,693CAMDUNIT4,693;4,693,4,9/23/2011,,Yes
CA,6,,6029,Kern,10296711,CARB,1514303412,"CXA LA PALOMA, LLC;  C/O CLMG CORP.","CXA LA PALOMA, LLC",Unit,58290313,EPACAMD,55151CAMDUNITCTG-4,55151;CTG-4,55151,CTG-4,8/8/2011,,Yes
KS,20,,20107,Linn,5367811,KSDOHE,5,"Evergy, Inc.",Evergy - La Cygne,Unit,27609713,EPACAMD,1241CAMDUNIT1,1241;1,1241,1,8/8/2011,,Yes
AL,1,,1097,Mobile,10560211,ADEM,8066,Mobile Energy LLC,Hog Bayou Energy Center,Unit,52352413,EPACAMD,55241CAMDUNITCOG01,55241;COG01,55241,COG01,5/22/2013,,Yes
AL,1,,1015,Calhoun,10569911,ADEM,73,,Calhoun Power Company I LLC Generating Station,Unit,52270013,EPACAMD,55409CAMDUNITCT2,55409;CT2,55409,CT2,12/23/2013,,Yes
AL,1,,1001,Autauga,10583111,ADEM,10,Alabama Power Company,Southern Power Company,Unit,52263713,EPACAMD,7897CAMDUNIT1A,7897;1A,7897,1A,8/8/2011,,Yes
KS,20,,20045,Douglas,4827111,KSDOHE,14,"Evergy, Inc.",Evergy - Lawrence,Unit,28459713,EPACAMD,1250CAMDUNIT3,1250;3,1250,3,8/8/2011,,Yes
FL,12,,12093,Okeechobee,18866311,FLDEP,930117,FLORIDA POWER & LIGHT COMPANY,FLORIDA POWER & LIGHT COMPANY,Unit,134848513,EPACAMD,60345CAMDUNITOCEC1C,60345;OCEC1C,60345,OCEC1C,2/3/2021,,Yes
FL,12,,12095,Orange,18868811,FLDEP,951378,,NEXTERA ENERGY,Unit,134849313,EPACAMD,55821CAMDUNIT25,55821;25,55821,25,1/1/2018,,Yes
CA,6,,6019,Fresno,17418611,CARB,1014307286,MIDWAY PEAKING LLC,MIDWAY PEAKING LLC,Unit,120717313,EPACAMD,56639CAMDUNIT2,56639;2,56639,2,2/24/2020,12/31/2049,Yes
TX,48,,48199,Hardin,14748411,TXCEQ,679,ENTERGY TEXAS INC,HARDIN COUNTY PEAKING FACILITY,Unit,90268013,EPACAMD,56604CAMDUNITHCCT1,56604;HCCT1,56604,HCCT1,12/24/2013,,Yes
TX,48,,48199,Hardin,14748411,TXCEQ,679,ENTERGY TEXAS INC,HARDIN COUNTY PEAKING FACILITY,Unit,90268113,EPACAMD,56604CAMDUNITHCCT2,56604;HCCT2,56604,HCCT2,12/24/2013,,Yes
TX,48,,48407,San Jacinto,14748511,TXCEQ,6,EAST TEXAS ELECTRIC COOPERATIVE INC,SAN JACINTO COUNTY PEAKING FACILITY,Unit,90268613,EPACAMD,56603CAMDUNITSJCCT1,56603;SJCCT1,56603,SJCCT1,10/9/2014,,Yes
VA,51,,51061,Fauquier,9081211,VADEQ,40996,Old Dominion Electric Cooperative - Marsh Run,Old Dominion Electric Cooperative - Marsh Run,Unit,58375813,EPACAMD,7836CAMDUNITEU1,7836;EU1,7836,EU1,7/25/2012,,Yes
MA,25,,25017,Middlesex,6400011,MADEP,1190500,EXELON FRAMINGHAM LLC,EXELON FRAMINGHAM LLC,Unit,87369513,EPACAMD,1586CAMDUNITFJ-3,1586;FJ-3,1586,FJ-3,6/20/2018,,No
VT,50,,50005,Caledonia,7774911,VTDEC,601,,Ryegate Associates,Unit,1689513,EPACAMD,51026CAMDUNIT1,51026;1,51026,1,2/8/2018,,Yes
VT,50,,50007,Chittenden,7773211,VTDEC,43,Burlington Electric Department,Burlington Electric Dept  (McNeil Station),Unit,1692113,EPACAMD,589CAMDUNIT1,589;1,589,1,8/8/2011,,Yes
MD,24,,24033,Prince Georges,6413611,MDDOE,033-2200,"Panda Brandywine, L.P.","KMC Thermo, LLC",Unit,88021313,EPACAMD,54832CAMDUNIT1,54832;1,54832,1,8/8/2011,,Yes
SC,45,,45043,Georgetown,6652811,SCDHEC,1140-0005,Santee Cooper,SANTEE COOPER WINYAH GENERATING STATION,Unit,18920013,EPACAMD,6249CAMDUNIT3,6249;3,6249,3,8/8/2011,,Yes
SC,45,,45043,Georgetown,6652811,SCDHEC,1140-0005,Santee Cooper,SANTEE COOPER WINYAH GENERATING STATION,Unit,18919413,EPACAMD,6249CAMDUNIT1,6249;1,6249,1,8/8/2011,,Yes
MI,26,,26049,Genesee,6620111,MIDEQ,B2918,Consumers Energy Company,Consumers Energy Thetford Combustion Turbine Plant,Unit,18999013,EPACAMD,1719CAMDUNIT1,1719;1,1719,1,10/8/2014,12/31/2049,Yes
MI,26,,26049,Genesee,6620111,MIDEQ,B2918,Consumers Energy Company,Consumers Energy Thetford Combustion Turbine Plant,Unit,18999013,EPACAMD,1719CAMDUNIT3,1719;3,1719,3,10/8/2014,12/31/2049,Yes
OH,39,,39173,Wood,9253711,OHEPA,387020374,,OMEGA JV2 Bowling Green GT (0387020374),Unit,55202713,EPACAMD,7783CAMDUNITP001,7783;P001,7783,P001,11/6/2014,,Yes
LA,22,,22077,Pointe Coupee,8020711,LADEQ08,38867,Louisiana Generating LLC,Louisiana Generating LLC - Big Cajun II Power Plant,Unit,81503213,EPACAMD,6055CAMDUNIT2B2,6055;2B2,6055,2B2,8/8/2011,,Yes
IL,17,,17161,Rock Island,4594711,ILEPA,161807AAN,Cordova Energy Company,Cordova Energy Co LLC,Unit,28237213,EPACAMD,55188CAMDUNIT1,55188;1,55188,1,9/23/2011,,Yes
NV,32,,32003,Clark,9399211,NVCCDAQM,329,,SWG Nevada Holdings LLC,Unit,55525613,EPACAMD,10761CAMDUNIT3,10761;3,10761,3,10/20/2014,,Yes
IL,17,,17179,Tazewell,8199411,ILEPA,179801AAA,"Midwest Generation Eme, LLC",Midwest Generation LLC,Unit,5805313,EPACAMD,879CAMDUNIT52,879;52,879,52,8/14/2014,12/31/2049,Yes
OH,39,,39053,Gallia,8148511,OHEPA,627010056,AEP Generation Resources,General James M. Gavin Power Plant (0627010056),Unit,5953213,EPACAMD,8102CAMDUNITB002,8102;B002,8102,B002,12/6/2014,,Yes
OH,39,,39053,Gallia,8148511,OHEPA,627010056,AEP Generation Resources,General James M. Gavin Power Plant (0627010056),Unit,5953113,EPACAMD,8102CAMDUNITB001,8102;B001,8102,B001,12/6/2014,,Yes
NE,31,,31109,Lancaster,5281411,NELLCHD,130,Lincoln Electric System,LES Rokeby Generating Station,Unit,91231513,EPACAMD,6373CAMDUNIT2,6373;2,6373,2,11/6/2014,,Yes
MI,26,,26159,Van Buren,9510111,MIDEQ,N6767,"Eastern Generation, LLC","New Covert Generating Company, LLC",Unit,57848313,EPACAMD,55297CAMDUNIT003,55297;003,55297,3,8/8/2013,,Yes
MI,26,,26139,Ottawa,8129311,MIDEQ,B2357,City Of Holland,"Holland BPW, Generating Station & WWTP",Unit,6902913,EPACAMD,1830CAMDUNIT5,1830;5,1830,5,8/8/2011,,Yes
MI,26,,26147,St. Clair,8127911,MIDEQ,B2813,Detroit Edison Company,DTE - Electric Company MARYSVILLE POWER PLANT,Unit,6929813,EPACAMD,1732CAMDUNIT10,1732;10,1732,10,10/6/2014,,Yes
MI,26,,26147,St. Clair,8127911,MIDEQ,B2813,Detroit Edison Company,DTE - Electric Company MARYSVILLE POWER PLANT,Unit,6930113,EPACAMD,1732CAMDUNIT12,1732;12,1732,12,10/6/2014,,Yes
NJ,34,,34015,Gloucester,8093811,NJDEP,55834,Logan Generating Co LP,Logan Generating Plant,Unit,7154613,EPACAMD,10043CAMDUNIT1001,10043;1001,10043,1001,8/8/2011,,Yes
IN,18,,18179,Wells,5507411,INDEM,26,Na,Montpelier Generating Station LLC,Unit,27512713,EPACAMD,55229CAMDUNITG1CT2,55229;G1CT2,55229,G1CT2,9/23/2011,,Yes
LA,22,,22055,Lafayette,9587011,LADEQ08,119640,Lafayette Consolidated Government,Lafayette Consolidated Government - T J Labbe Electric Generating Station,Unit,80803913,EPACAMD,56108CAMDUNITU-1,56108;U-1,56108,U-1,8/8/2011,,Yes
MS,28,,28069,Kemper,7356611,MSDEQ,2806900015,AI015543,"TENNESSEE VALLEY AUTHORITY, TVA, KEMPER",Unit,8108213,EPACAMD,7960CAMDUNITKCT1,7960;KCT1,7960,KCT1,10/9/2014,,Yes
IL,17,,17119,Madison,7338011,ILEPA,119105AAA,Union Electric Company - Venice,Ameren Missouri Venice Energy Ctr,Unit,60146913,EPACAMD,913CAMDUNITCT04,913;CT04,913,CT04,9/23/2014,,Yes
IL,17,,17125,Mason,7337411,ILEPA,125804AAB,"Dynegy Midwest Generation, Inc",Dynegy Midwest Generation LLC,Unit,8279913,EPACAMD,891CAMDUNIT7,891;7,891,7,11/3/2014,12/31/2049,Yes
TX,48,,48231,Hunt,5655711,TXCEQ,9,GREENVILLE ELECTRIC UTILITY SYSTEM,STEAM POWER PLANT,Unit,19719713,EPACAMD,4195CAMDUNIT3,4195;3,4195,3,9/26/2011,,Yes
TX,48,,48299,Llano,5655011,TXCEQ,2,LOWER COLORADO RIVER AUTHORITY,TC FERGUSON POWER PLANT,Unit,113084713,EPACAMD,4937CAMDUNITCT-2,4937;CT-2,4937,CT-2,12/22/2015,,Yes
MA,25,,25017,Middlesex,5646011,MADEP,1190093,"KENDALL GREEN ENERGY, LLC",KENDALL GREEN ENERGY LLC,Unit,87559213,EPACAMD,1595CAMDUNITS6,1595;S6,1595,S6,9/23/2011,,Yes
FL,12,,12105,Polk,9740311,FLDEP,1050463,"CALPINE CONSTRUCTION FINANCE COMPANY, LP","DUKE ENERGY FLORIDA, LLC",Unit,57508113,EPACAMD,55412CAMDUNITCT2,55412;CT2,55412,CT2,8/8/2011,,Yes
FL,12,,12105,Polk,9740311,FLDEP,1050463,"CALPINE CONSTRUCTION FINANCE COMPANY, LP","DUKE ENERGY FLORIDA, LLC",Unit,57508013,EPACAMD,55412CAMDUNITCT1,55412;CT1,55412,CT1,8/8/2011,,Yes
MI,26,,26163,Wayne,7422511,MIDEQ,B2811,DTE Electric Company,DTE Electric Company - Trenton Channel Power Plant,Unit,10892713,EPACAMD,1745CAMDUNIT9A,1745;9A,1745,9A,8/8/2011,,Yes
NM,35,,35029,Luna,7404611,NMED,878,Public Service Company of New Mexico (PNM),Luna Energy Center,Unit,82437513,EPACAMD,55343CAMDUNITCTG1,55343;CTG1,55343,CTG1,8/8/2011,,Yes
MO,29,,29037,Cass,7359211,MODNR,56,"Dogwood Energy, LLC",DOGWOOD ENERGY FACILITY,Unit,10993813,EPACAMD,55178CAMDUNITCT-1,55178;CT-1,55178,CT-1,8/8/2011,,Yes
IL,17,,17127,Massac,5535711,ILEPA,127899AAA,"Midwest Electric Power, Inc",Midwest Electric Power Inc,Unit,26974113,EPACAMD,7858CAMDUNIT5,7858;5,7858,5,9/23/2011,,Yes
KS,20,,20155,Reno,5500911,KSDOHE,33,"Evergy, Inc.",Evergy - Hutchinson,Unit,26991113,EPACAMD,1248CAMDUNITCT-4,1248;CT-4,1248,CT-4,4/18/2017,,Yes
PA,42,,42079,Luzerne,4744211,PADEP,420790202,HAZLETON GENERATION LLC,HAZLETON GEN LLC/HAZLE TWP,Unit,67500713,EPACAMD,10870CAMDUNITTURB3,10870;TURB3,10870,TURB3,10/13/2014,,Yes
PA,42,,42079,Luzerne,4744211,PADEP,420790202,HAZLETON GENERATION LLC,HAZLETON GEN LLC/HAZLE TWP,Unit,67500813,EPACAMD,10870CAMDUNITTURB4,10870;TURB4,10870,TURB4,10/13/2014,,Yes
PA,42,,42079,Luzerne,4742711,PADEP,420790014,UGI DEV CO,UGI DEVELOPMENT CO/HUNLOCK CREEK ENERGY CENTER,Unit,99882513,EPACAMD,3176CAMDUNITCT5,3176;CT5,3176,CT5,10/9/2014,,Yes
PA,42,,42045,Delaware,4724611,PADEP,420450221,LIBERTY ELEC POWER LLC,LIBERTY ELEC POWER LLC/EDDYSTONE PLT,Unit,27721513,EPACAMD,55231CAMDUNIT0001,55231;0001,55231,1,8/8/2011,,Yes
PA,42,,42045,Delaware,4724611,PADEP,420450221,LIBERTY ELEC POWER LLC,LIBERTY ELEC POWER LLC/EDDYSTONE PLT,Unit,27721713,EPACAMD,55231CAMDUNIT0002,55231;0002,55231,2,8/8/2011,,Yes
PA,42,,42045,Delaware,4724511,PADEP,420450220,FPL Energy Marcus Hook 50,MARCUS HOOK 50 LP/MARCUS HOOK,Unit,67456613,EPACAMD,50074CAMDUNIT001,50074;001,50074,1,8/8/2011,,Yes
PA,42,,42045,Delaware,10723711,PADEP,420450317,MARCUS HOOK ENERGY LP,MARCUS HOOK ENERGY LP/750 MW,Unit,58814713,EPACAMD,55801CAMDUNITAB03,55801;AB03,55801,AB03,8/8/2011,,Yes
NY,36,,36103,Suffolk,10724011,NYDEC,1472204133,PPL SHOREHAM ENERGY LLC,SHOREHAM ELECTRIC GENERATING FACILITY,Unit,58686813,EPACAMD,55787CAMDUNITCT01,55787;CT01,55787,CT01,10/9/2014,12/31/2049,Yes
NY,36,,36103,Suffolk,10724011,NYDEC,1472204133,PPL SHOREHAM ENERGY LLC,SHOREHAM ELECTRIC GENERATING FACILITY,Unit,58686813,EPACAMD,55787CAMDUNITCT02,55787;CT02,55787,CT02,10/9/2014,12/31/2049,Yes
MO,29,,29163,Pike,6794611,MODNR,47,Union Electric Company,AMEREN MISSOURI PENO CREEK ENERGY CENTER,Unit,109323013,EPACAMD,7964CAMDUNITCT2A,7964;CT2A,7964,CT2A,1/1/2013,,Yes
TN,47,,47085,Humphreys,5720911,TNDEC,43-0011,TVA JOHNSONVILLE FOSSIL PLANT,TVA - Johnsonville Combustion Turbine Plant,Unit,23015513,EPACAMD,3406CAMDUNITJCT17,3406;JCT17,3406,JCT17,8/25/2014,12/31/2049,Yes
TN,47,,47085,Humphreys,5720911,TNDEC,43-0011,TVA JOHNSONVILLE FOSSIL PLANT,TVA - Johnsonville Combustion Turbine Plant,Unit,23015513,EPACAMD,3406CAMDUNITJCT18,3406;JCT18,3406,JCT18,8/25/2014,12/31/2049,Yes
TN,47,,47085,Humphreys,5720911,TNDEC,43-0011,TVA JOHNSONVILLE FOSSIL PLANT,TVA - Johnsonville Combustion Turbine Plant,Unit,23015813,EPACAMD,3406CAMDUNIT7,3406;7,3406,7,8/8/2011,,Yes
TN,47,,47085,Humphreys,5720911,TNDEC,43-0011,TVA JOHNSONVILLE FOSSIL PLANT,TVA - Johnsonville Combustion Turbine Plant,Unit,23016213,EPACAMD,3406CAMDUNITJCT1,3406;JCT1,3406,JCT1,8/25/2014,12/31/2049,Yes
TN,47,,47085,Humphreys,5720911,TNDEC,43-0011,TVA JOHNSONVILLE FOSSIL PLANT,TVA - Johnsonville Combustion Turbine Plant,Unit,23017013,EPACAMD,3406CAMDUNIT1,3406;1,3406,1,8/8/2011,,Yes
TN,47,,47157,Shelby,5720111,MSC_HD,528,Tennessee Valley Authority,TVA-Allen Fossil Plant,Unit,23028813,EPACAMD,3393CAMDUNITACT17,3393;ACT17,3393,ACT17,10/9/2014,,Yes
TN,47,,47157,Shelby,5720111,MSC_HD,528,Tennessee Valley Authority,TVA-Allen Fossil Plant,Unit,23029513,EPACAMD,3393CAMDUNITACT19,3393;ACT19,3393,ACT19,10/9/2014,,Yes
TN,47,,47157,Shelby,5720111,MSC_HD,528,Tennessee Valley Authority,TVA-Allen Fossil Plant,Unit,23030513,EPACAMD,3393CAMDUNIT3,3393;3,3393,3,8/8/2011,,Yes
MN,27,,27109,Olmsted,7150111,MNPCA,2710900020,Rochester Public Utilities,Cascade Creek Combustion Turbine & Substation ISW,Unit,14412513,EPACAMD,6058CAMDUNITCT1,6058;CT1,6058,CT1,11/6/2014,,Yes
NY,36,,36081,Queens,8309011,NYDEC,2630400024,TC RAVENSWOOD LLC,RAVENSWOOD GENERATING STATION,Unit,201013,EPACAMD,2500CAMDUNITCT02-1,2500;CT02-1,2500,CT02-1,9/24/2014,,Yes
NY,36,,36081,Queens,8309011,NYDEC,2630400024,TC RAVENSWOOD LLC,RAVENSWOOD GENERATING STATION,Unit,202213,EPACAMD,2500CAMDUNIT10,2500;10,2500,10,8/8/2011,,Yes
NY,36,,36109,Tompkins,8542611,NYDEC,7503200019,AES EASTERN ENERGY LP,AES CAYUGA,Unit,228113,EPACAMD,2535CAMDUNIT1,2535;1,2535,1,8/14/2014,12/31/2049,Yes
NC,37,,37159,Rowan,8508011,NCDAQ,3715900163,Southern Power Company,Plant Rowan County,Unit,255913,EPACAMD,7826CAMDUNIT1,7826;1,7826,1,10/8/2014,,Yes
NC,37,,37159,Rowan,8508011,NCDAQ,3715900163,Southern Power Company,Plant Rowan County,Unit,74216113,EPACAMD,7826CAMDUNIT5,7826;5,7826,5,7/22/2012,,Yes
NC,37,,37159,Rowan,8506911,NCDAQ,3715900004,"Duke Energy Carolinas, LLC","Duke Energy Carolinas, LLC - Buck Combined Cycle Facility",Unit,264813,EPACAMD,2720CAMDUNIT6,2720;6,2720,6,8/8/2011,,Yes
OK,40,,40097,Mayes,8522311,OKDEQ,799,GRAND RIVER DAM AUTH,GRAND RIVER ENERGY CENTER,Unit,484813,EPACAMD,165CAMDUNIT1,165;1,165,1,8/8/2011,,Yes
OK,40,,40103,Noble,8519411,OKDEQ,1211,OG AND E,SOONER GENERATING STATION,Unit,520013,EPACAMD,6095CAMDUNIT2,6095;2,6095,2,8/8/2011,,Yes
OK,40,,40153,Woodward,8518611,OKDEQ,1701,WESTERN FARMERS ELECTRIC COOPERATIVE,MOORELAND GENERATING STATION,Unit,527413,EPACAMD,3008CAMDUNIT2,3008;2,3008,2,8/8/2011,,Yes
OK,40,,40101,Muskogee,8506011,OKDEQ,1209,OG AND E,MUSKOGEE GENERATING STATION,Unit,535213,EPACAMD,2952CAMDUNIT5,2952;5,2952,5,8/8/2011,,Yes
AL,1,,1097,Mobile,1056111,ADEM,1001,Alabama Power Company,Alabama Power Company-Barry,Unit,47672013,EPACAMD,3CAMDUNIT6B,3;6B,3,6B,8/8/2011,,Yes
AL,1,,1097,Mobile,1056111,ADEM,1001,Alabama Power Company,Alabama Power Company-Barry,Unit,47671313,EPACAMD,3CAMDUNIT3,3;3,3,3,8/8/2011,,Yes
AL,1,,1097,Mobile,1056111,ADEM,1001,Alabama Power Company,Alabama Power Company-Barry,Unit,47671913,EPACAMD,3CAMDUNIT6A,3;6A,3,6A,8/8/2011,,Yes
AL,1,,1097,Mobile,1056111,ADEM,1001,Alabama Power Company,Alabama Power Company-Barry,Unit,47671413,EPACAMD,3CAMDUNIT4,3;4,3,4,8/8/2011,,Yes
KY,21,,21015,Boone,6040811,KYDAQ,2101500029,Dayton Power And Light Company,Duke Energy KY East Bend,Unit,23832113,EPACAMD,6018CAMDUNIT2,6018;2,6018,2,8/8/2011,,Yes
IL,17,,17197,Will,17933211,ILEPA,197035ABD,,Jackson Energy Center,Unit,136222413,EPACAMD,62926CAMDUNITCTG-02,62926;CTG-02,62926,CTG-02,5/23/2023,,Yes
VA,51,,51071,Giles,4184611,VADEQ,20460,American Electric Power Glen Lyn,APCO - Glen Lyn,Unit,32644913,EPACAMD,3776CAMDUNIT52,3776;52,3776,52,8/8/2011,,Yes
IN,18,,18167,Vigo,4148011,INDEM,123,Na,Northern Indiana Public Service Company LLC - Sugar Creek Generating Station,Unit,33171213,EPACAMD,55364CAMDUNITCT12,55364;CT12,55364,CT12,8/17/2014,12/31/2049,Yes
CO,8,,8041,El Paso,4392711,CODPHE,CO0000000804100030,Colorado Springs Utilities,COLORADO SPRINGS UTILITIES - NIXON PLT,Unit,36138513,EPACAMD,8219CAMDUNIT3,8219;3,8219,3,9/23/2011,,Yes
CO,8,,8041,El Paso,4392711,CODPHE,CO0000000804100030,Colorado Springs Utilities,COLORADO SPRINGS UTILITIES - NIXON PLT,Unit,36138313,EPACAMD,8219CAMDUNIT2,8219;2,8219,2,9/23/2011,,Yes
CO,8,,8041,El Paso,4391711,CODPHE,CO0000000804100004,Colorado Springs Utilities,COLORADO SPRINGS UTILITIES- MARTIN DRAKE,Unit,36145513,EPACAMD,492CAMDUNIT7,492;7,492,7,8/8/2011,,Yes
TX,48,,48121,Denton,3115511,TXCEQ,2,CITY OF GARLAND POWER & LIGHT,SPENCER GENERATING STATION,Unit,38301113,EPACAMD,4266CAMDUNIT4,4266;4,4266,4,9/23/2011,,Yes
AZ,4,,4015,Mohave,13414311,AZDEQ,126082,UNS ELECTRIC INC,UNS ELECTRIC INC - BLACK MOUNTAIN GENERATING STATION,Unit,86200113,EPACAMD,56482CAMDUNIT2,56482;2,56482,2,9/24/2014,,Yes
TX,48,,48029,Bexar,3000111,TXCEQ,3,CITY PUBLIC SERVICE BOARD,LEON CREEK PLANT,Unit,69916913,EPACAMD,3609CAMDUNITCGT3,3609;CGT3,3609,CGT3,10/13/2014,,Yes
KS,20,,20055,Finney,3167611,KSDOHE,23,Sunflower Electric Power Corporation,Sunflower Electric - Holcomb,Unit,38766713,EPACAMD,108CAMDUNITSGU1,108;SGU1,108,SGU1,8/8/2011,,Yes
IA,19,,19153,Polk,3164611,IADNR,77-09-002,MIDAMERICAN ENERGY COMPANY,MIDAMERICAN ENERGY CO - SYCAMORE TURBINES,Unit,38776413,EPACAMD,8029CAMDUNIT1,8029;1,8029,1,5/22/2013,,Yes
IL,17,,17043,DuPage,3220911,ILEPA,043407AAF,,Aurora Generation LLC,Unit,39465513,EPACAMD,55279CAMDUNITAGS08,55279;AGS08,55279,AGS08,9/23/2011,,Yes
IL,17,,17043,DuPage,3220911,ILEPA,043407AAF,,Aurora Generation LLC,Unit,39465913,EPACAMD,55279CAMDUNITAGS04,55279;AGS04,55279,AGS04,9/23/2011,,Yes
GA,13,,13237,Putnam,2532311,GADNR,23700008,Georgia Power Company,Ga Power Company - Plant Branch,Unit,40371413,EPACAMD,709CAMDUNIT3,709;3,709,3,8/8/2011,,Yes
FL,12,,12105,Polk,643111,FLDEP,1050004,Lakeland Electric,"C.D. MCINTOSH, JR. POWER PLANT",Unit,46453113,EPACAMD,676CAMDUNIT5,676;5,676,5,8/8/2011,,Yes
FL,12,,12121,Suwannee,642811,FLDEP,1210003,Progress Energy Corporation,"DUKE ENERGY FLORIDA, LLC",Unit,46454913,EPACAMD,638CAMDUNIT3,638;3,638,3,8/8/2011,,Yes
DE,10,,10005,Sussex,640911,DEDNR,1000500001,"Indian River Power, LLC",INDIAN RIVER GENERATING STATION,Unit,46474713,EPACAMD,594CAMDUNIT4,594;4,594,4,8/8/2011,,Yes
FL,12,,12017,Citrus,640611,FLDEP,170004,CRYSTAL RIVER POWER PLANT,"DUKE ENERGY FLORIDA, LLC",Unit,46477413,EPACAMD,628CAMDUNIT1,628;1,628,1,8/8/2011,,Yes
DE,10,,10003,New Castle,640311,DEDNR,1000300388,"Calpine Mid-Atlantic Generation, LLC",HAY ROAD ENERGY CENTER,Unit,46482013,EPACAMD,7153CAMDUNIT1,7153;1,7153,1,8/8/2011,,Yes
FL,12,,12071,Lee,922311,FLDEP,710002,Florida Power & Light Company,FLORIDA POWER & LIGHT,Unit,67302813,EPACAMD,612CAMDUNITGFM12,612;GFM12,612,GFM12,10/9/2014,,Yes
FL,12,,12071,Lee,922311,FLDEP,710002,Florida Power & Light Company,FLORIDA POWER & LIGHT,Unit,46494313,EPACAMD,612CAMDUNITFMCT2A,612;FMCT2A,612,FMCT2A,8/8/2011,,Yes
CT,9,,9011,New London,921211,CTBAM,T070P0004C00089,PFIZER INC,"PFIZER Inc (formerly Pfizer Incorporated, Manufacturing and Research)",Unit,46509613,EPACAMD,54236CAMDUNIT5,54236;5,54236,5,2/12/2018,,Yes
IL,17,,17041,Douglas,2599311,ILEPA,041030ABG,Suez-Degs Of Tuscola LLC,DTE Tuscola LLC,Unit,59645313,EPACAMD,55245CAMDUNIT3,55245;3,55245,3,8/8/2011,,Yes
AL,1,,1129,Washington,1028911,ADEM,12,"Alabama Electric Cooperative, Inc",PowerSouth Energy Cooperative Inc,Unit,95199013,EPACAMD,7063CAMDUNIT**4,7063;**4,7063,**4,6/6/2014,,Yes
AL,1,,1129,Washington,1028911,ADEM,12,"Alabama Electric Cooperative, Inc",PowerSouth Energy Cooperative Inc,Unit,46967313,EPACAMD,7063CAMDUNIT**1,7063;**1,7063,**1,8/8/2011,,Yes
AR,5,,5107,Phillips,976511,ARDEQ,510700017,ENTERGY,ENTERGY ARK-RITCHIE,Unit,47096713,EPACAMD,173CAMDUNIT1,173;1,173,1,10/5/2014,,Yes
AR,5,,5103,Ouachita,976411,ARDEQ,510300055,Arkansas Electric Cooperative Corporation,JOHN L MCCLELLAN GENERATING STA-CAMDEN,Unit,47097013,EPACAMD,203CAMDUNIT01,203;01,203,1,8/8/2011,,Yes
CA,6,,6065,Riverside,13483211,CARB,3.31E+11,CITY OF RIVERSIDE PUBLIC UTILITIES DEPT,CITY OF RIVERSIDE PUBLIC UTILITIES DEPT,Unit,76233813,EPACAMD,56143CAMDUNIT1,56143;1,56143,1,11/6/2014,,Yes
CA,6,,6065,Riverside,13483911,CARB,3.31E+11,"INLAND EMPIRE ENERGY CENTER, LLC","INLAND EMPIRE ENERGY CENTER, LLC",Unit,76271213,EPACAMD,55853CAMDUNIT1,55853;1,55853,1,8/21/2018,,Yes
AL,1,,1081,Lee,953511,ADEM,36,Georgia Power Company,Southern Power Company,Unit,47373513,EPACAMD,7710CAMDUNIT1B,7710;1B,7710,1B,8/8/2011,,Yes
AZ,4,,4003,Cochise,862811,AZDEQ,3532,"ARIZONA ELECTRIC POWER COOPERATIVE, INC.",AEPCO - APACHE GENERATING STATION,Unit,47506113,EPACAMD,160CAMDUNIT1,160;1,160,1,8/14/2014,12/31/2049,Yes
FL,12,,12057,Hillsborough,538611,FLDEP,570039,Tampa Electric Company,TEC Big Bend,Unit,48398913,EPACAMD,645CAMDUNITBB04,645;BB04,645,BB04,8/8/2011,,Yes
FL,12,,12057,Hillsborough,538611,FLDEP,570039,Tampa Electric Company,TEC Big Bend,Unit,48397713,EPACAMD,645CAMDUNITBBCT3,645;BBCT3,645,BBCT3,10/14/2014,,Yes
FL,12,,12081,Manatee,537911,FLDEP,810010,Florida Power & Light Company,FLORIDA POWER & LIGHT (PMT),Unit,67276813,EPACAMD,6042CAMDUNITMTCT3B,6042;MTCT3B,6042,MTCT3B,8/8/2011,,Yes
FL,12,,12081,Manatee,537911,FLDEP,810010,Florida Power & Light Company,FLORIDA POWER & LIGHT (PMT),Unit,67276713,EPACAMD,6042CAMDUNITMTCT3A,6042;MTCT3A,6042,MTCT3A,8/8/2011,,Yes
FL,12,,12097,Osceola,1950911,FLDEP,970014,Progress Energy Corporation,"DUKE ENERGY FLORIDA, LLC",Unit,41856813,EPACAMD,8049CAMDUNIT5A,8049;5A,8049,5A,10/3/2014,12/31/2049,Yes
FL,12,,12097,Osceola,1950911,FLDEP,970014,Progress Energy Corporation,"DUKE ENERGY FLORIDA, LLC",Unit,41857213,EPACAMD,8049CAMDUNIT**14,8049;**14,8049,**14,8/8/2011,,Yes
NC,37,,37007,Anson,10616211,NCDAQ,3700700050,North Carolina Electric Membership Corporation,NCEMC - Anson Plant,Unit,74982813,EPACAMD,56249CAMDUNITES4-A,56249;ES4-A,56249,ES4-A,8/14/2014,12/31/2049,Yes
NV,32,,32003,Clark,10626511,NVCCDAQM,423,,Nevada Sun Peak Partnerships,Unit,58434713,EPACAMD,54854CAMDUNIT3,54854;3,54854,3,5/30/2017,,Yes
NC,37,,37153,Richmond,10631811,NCDAQ,3715300082,North Carolina Electric Membership Corporation,NCEMC - Hamlet Plant,Unit,74982313,EPACAMD,56292CAMDUNITES5-A,56292;ES5-A,56292,ES5-A,8/14/2014,12/31/2049,Yes
NC,37,,37153,Richmond,10631811,NCDAQ,3715300082,North Carolina Electric Membership Corporation,NCEMC - Hamlet Plant,Unit,74982313,EPACAMD,56292CAMDUNITES4-A,56292;ES4-A,56292,ES4-A,8/14/2014,12/31/2049,Yes
NC,37,,37153,Richmond,10631811,NCDAQ,3715300082,North Carolina Electric Membership Corporation,NCEMC - Hamlet Plant,Unit,74982313,EPACAMD,56292CAMDUNITES3-A,56292;ES3-A,56292,ES3-A,8/14/2014,12/31/2049,Yes
VA,51,,51740,Portsmouth city,4938911,VADEQ,61049,Portsmouth Genco LLC,Portsmouth Genco LLC,Unit,32361813,EPACAMD,10071CAMDUNITBLR02C,10071;BLR02C,10071,BLR02C,8/8/2011,,Yes
VA,51,,51740,Portsmouth city,4938911,VADEQ,61049,Portsmouth Genco LLC,Portsmouth Genco LLC,Unit,32361213,EPACAMD,10071CAMDUNITBLR02B,10071;BLR02B,10071,BLR02B,8/8/2011,,Yes
VA,51,,51181,Surry,4937411,VADEQ,50336,Dominion - Gravel Neck CT Station,Surry Power Station and Gravel Neck,Unit,32379213,EPACAMD,7032CAMDUNIT6,7032;6,7032,6,9/30/2014,12/31/2049,Yes
IN,18,,18097,Marion,4885311,INDEM,34,Na,Citizens Thermal,Unit,100805613,EPACAMD,992CAMDUNIT14,992;14,992,14,8/22/2014,,Yes
ID,16,,16055,Kootenai,15472711,IDDEQ,5500040,,AVISTA CORP,Unit,96584213,EPACAMD,7456CAMDUNIT2,7456;2,7456,2,10/9/2014,,Yes
GA,13,,13303,Washington,15502311,GADNR,30300040,,AL Sandersville,Unit,97057213,EPACAMD,55672CAMDUNITCT1,55672;CT1,55672,CT1,1/6/2014,,Yes
GA,13,,13303,Washington,15502311,GADNR,30300040,,AL Sandersville,Unit,97057413,EPACAMD,55672CAMDUNITCT3,55672;CT3,55672,CT3,1/6/2014,,Yes
GA,13,,13303,Washington,15502311,GADNR,30300040,,AL Sandersville,Unit,97057913,EPACAMD,55672CAMDUNITCT8,55672;CT8,55672,CT8,1/6/2014,,Yes
GA,13,,13303,Washington,15504111,GADNR,30300039,,"Washington County Power, LLC",Unit,97063813,EPACAMD,55332CAMDUNITT4,55332;T4,55332,T4,8/15/2014,,Yes
GA,13,,13303,Washington,15504111,GADNR,30300039,,"Washington County Power, LLC",Unit,97063713,EPACAMD,55332CAMDUNITT3,55332;T3,55332,T3,8/15/2014,,Yes
CA,6,,6059,Orange,15993811,CARB,3.01E+11,CANYON POWER PLANT,CANYON POWER PLANT,Unit,119584613,EPACAMD,57027CAMDUNIT2,57027;2,57027,2,2/24/2020,,Yes
CA,6,,6059,Orange,15993811,CARB,3.01E+11,CANYON POWER PLANT,CANYON POWER PLANT,Unit,119584813,EPACAMD,57027CAMDUNIT4,57027;4,57027,4,2/24/2020,,Yes
VT,50,,50023,Washington,15579011,VTDEC,248,,Green Mountain Power Unit #5 Berlin,Unit,98200513,EPACAMD,3734CAMDUNITB,3734;B,3734,B,11/10/2014,12/31/2049,Yes
AZ,4,,4001,Apache,7735011,AZDEQ,4477,SRP - CORONADO GENERATING STATION,CORONADO GENERATING PLANT,Unit,2903013,EPACAMD,6177CAMDUNITU2B,6177;U2B,6177,U2B,8/8/2011,,Yes
IN,18,,18029,Dearborn,7972611,INDEM,2,Na,Tanners Creek Development LLC,Unit,2990213,EPACAMD,988CAMDUNITU1,988;U1,988,U1,8/8/2011,,Yes
IN,18,,18073,Jasper,7957011,INDEM,8,Na,Northern Indiana Public Service Company LLC - RM Schahfer Generating Station,Unit,3009913,EPACAMD,6085CAMDUNIT18,6085;18,6085,18,8/8/2011,,Yes
IN,18,,18073,Jasper,7957011,INDEM,8,Na,Northern Indiana Public Service Company LLC - RM Schahfer Generating Station,Unit,3009713,EPACAMD,6085CAMDUNIT16A,6085;16A,6085,16A,8/8/2011,,Yes
IL,17,,17157,Randolph,7954611,ILEPA,157851AAA,"Dynegy Midwest Generation, Inc",Dynegy Midwest Generation LLC,Unit,3025413,EPACAMD,889CAMDUNIT3,889;3,889,3,8/8/2011,,Yes
NC,37,,37087,Haywood,7920511,NCDAQ,3708700159,Blue Ridge Paper Products LLC,Blue Ridge Paper Products LLC,Unit,3185913,EPACAMD,50244CAMDUNITBB,50244;BB,50244,BB,4/21/2017,,Yes
MI,26,,26115,Monroe,7888311,MIDEQ,B2816,DTE Electric Company,DTE Electric Company - Monroe Power Plant,Unit,3285313,EPACAMD,1733CAMDUNIT3,1733;3,1733,3,8/8/2011,,Yes
MI,26,,26115,Monroe,7888311,MIDEQ,B2816,DTE Electric Company,DTE Electric Company - Monroe Power Plant,Unit,3285413,EPACAMD,1733CAMDUNIT1,1733;1,1733,1,8/8/2011,,Yes
MI,26,,26163,Wayne,7887511,MIDEQ,B2812,Detroit Edison Company,DTE - Electric Company CONNERS CREEK,Unit,3300113,EPACAMD,1726CAMDUNIT15,1726;15,1726,15,9/23/2011,,Yes
NY,36,,36081,Queens,9333511,NYDEC,2630401377,NEW YORK POWER AUTHORITY,VERNON BLVD PLANT,Unit,55487013,EPACAMD,7909CAMDUNITVB01,7909;VB01,7909,VB01,10/29/2014,12/31/2049,Yes
NY,36,,36039,Greene,9333711,NYDEC,4192200055,NEW ATHENS GENERATING COMPANY LLC,ATHENS GENERATING PLANT,Unit,64138613,EPACAMD,55405CAMDUNIT1,55405;1,55405,1,8/8/2013,,Yes
NC,37,,37109,Lincoln,7731511,NCDAQ,3710900082,"Duke Energy Carolinas, LLC",Duke Energy Corporation LCTS,Unit,3480013,EPACAMD,7277CAMDUNIT12,7277;12,7277,12,8/14/2014,12/31/2049,Yes
NC,37,,37109,Lincoln,7731511,NCDAQ,3710900082,"Duke Energy Carolinas, LLC",Duke Energy Corporation LCTS,Unit,3480013,EPACAMD,7277CAMDUNIT15,7277;15,7277,15,8/14/2014,12/31/2049,Yes
NC,37,,37109,Lincoln,7731511,NCDAQ,3710900082,"Duke Energy Carolinas, LLC",Duke Energy Corporation LCTS,Unit,3480013,EPACAMD,7277CAMDUNIT3,7277;3,7277,3,8/14/2014,12/31/2049,Yes
NC,37,,37109,Lincoln,7731511,NCDAQ,3710900082,"Duke Energy Carolinas, LLC",Duke Energy Corporation LCTS,Unit,3480013,EPACAMD,7277CAMDUNIT8,7277;8,7277,8,8/14/2014,12/31/2049,Yes
NC,37,,37109,Lincoln,7731511,NCDAQ,3710900082,"Duke Energy Carolinas, LLC",Duke Energy Corporation LCTS,Unit,3480013,EPACAMD,7277CAMDUNIT9,7277;9,7277,9,8/14/2014,12/31/2049,Yes
AL,1,,1127,Walker,7917311,ADEM,1,Alabama Power Company,Alabama Power Company-Gorgas,Unit,3531513,EPACAMD,8CAMDUNIT7,8;7,8,7,8/8/2011,,Yes
CA,6,,6073,San Diego,17193711,CARB,37122710882,OTAY MESA ENERGY CENTER LLC,OTAY MESA ENERGY CENTER LLC,Unit,118707713,EPACAMD,55345CAMDUNITCTG-1,55345;CTG-1,55345,CTG-1,9/10/2018,,No
CA,6,,6037,Los Angeles,17216311,CARB,1.91E+11,"WALNUT CREEK ENERGY, LLC","WALNUT CREEK ENERGY, LLC",Unit,118956613,EPACAMD,57515CAMDUNITGT2,57515;GT2,57515,GT2,5/25/2017,,Yes
TX,48,,48201,Harris,6429511,TXCEQ,386,CLEAR LAKE COGENERATION LP,CLEAR LAKE COGENERATION,Unit,16630813,EPACAMD,10741CAMDUNITG102,10741;G102,10741,G102,8/8/2011,,Yes
TX,48,,48201,Harris,6429411,TXCEQ,387,ODYSSEY ENERGY ALTURA COGEN LLC,ALTURA COGEN,Unit,16632613,EPACAMD,50815CAMDUNITENG401,50815;ENG401,50815,ENG401,8/8/2011,,Yes
TX,48,,48201,Harris,6429411,TXCEQ,387,ODYSSEY ENERGY ALTURA COGEN LLC,ALTURA COGEN,Unit,16632413,EPACAMD,50815CAMDUNITENG101,50815;ENG101,50815,ENG101,8/8/2011,,Yes
MI,26,,26163,Wayne,6441111,MIDEQ,M4854,Wolverine Power Supply Cooperative Inc.,Sumpter Generating Plant,Unit,16724813,EPACAMD,7972CAMDUNIT2,7972;2,7972,2,9/23/2011,,Yes
TX,48,,48201,Harris,6422111,TXCEQ,1474,PASADENA COGENERATION LP,PASADENA COGENERATION,Unit,16816913,EPACAMD,55047CAMDUNITCG-3,55047;CG-3,55047,CG-3,8/8/2011,,Yes
VA,51,,51061,Fauquier,6744911,VADEQ,40961,Dominion - Remington CT Station,Dominion - Remington CT Station,Unit,13418713,EPACAMD,7838CAMDUNIT4,7838;4,7838,4,7/27/2014,,Yes
VA,51,,51061,Fauquier,6744911,VADEQ,40961,Dominion - Remington CT Station,Dominion - Remington CT Station,Unit,13418313,EPACAMD,7838CAMDUNIT1,7838;1,7838,1,7/27/2014,,Yes
WV,54,,54051,Marshall,6902311,WVDAQ,5,KENTUCKY POWER COMPANY,KENTUCKY POWER COMPANY - MITCHELL PLANT,Unit,71766013,EPACAMD,3948CAMDUNIT1,3948;1,3948,1,8/8/2011,,Yes
WV,54,,54039,Kanawha,6884511,WVDAQ,6,APPALACHIAN POWER COMPANY,APPALACHIAN POWER COMPANY - KANAWHA RIVER PLANT,Unit,71703913,EPACAMD,3936CAMDUNIT2,3936;2,3936,2,8/8/2011,,Yes
WV,54,,54039,Kanawha,6884511,WVDAQ,6,APPALACHIAN POWER COMPANY,APPALACHIAN POWER COMPANY - KANAWHA RIVER PLANT,Unit,71703813,EPACAMD,3936CAMDUNIT1,3936;1,3936,1,8/8/2011,,Yes
VA,51,,51033,Caroline,6866611,VADEQ,40960,Dominion - Ladysmith CT Station,Dominion - Ladysmith CT Station,Unit,13523213,EPACAMD,7839CAMDUNIT3,7839;3,7839,3,7/27/2014,,Yes
MN,27,,27031,Cook,7039811,MNPCA,2703100001,"Minnesota Power, Inc.",Minnesota Power - Taconite Harbor Energy Center,Unit,15137013,EPACAMD,10075CAMDUNIT2,10075;2,10075,2,8/8/2011,,Yes
MN,27,,27019,Carver,7003611,MNPCA,2701900010,,Great River Energy - Saint Bonifacius,Unit,15160213,EPACAMD,6824CAMDUNIT1,6824;1,6824,1,8/15/2018,,Yes
MN,27,,27141,Sherburne,6990811,MNPCA,2714100004,Northern States Power,Xcel Energy - Sherburne County Generating Plant,Unit,15174813,EPACAMD,6090CAMDUNIT1,6090;1,6090,1,8/8/2011,,Yes
MO,29,,29117,Livingston,7297211,MODNR,2,,CHILLICOTHE MUNICIPAL UTILITIES,Unit,59066013,EPACAMD,2122CAMDUNITGT2A,2122;GT2A,2122,GT2A,10/10/2014,12/31/2049,Yes
MO,29,,29117,Livingston,7297211,MODNR,2,,CHILLICOTHE MUNICIPAL UTILITIES,Unit,59066013,EPACAMD,2122CAMDUNITGT1A,2122;GT1A,2122,GT1A,10/10/2014,12/31/2049,Yes
MA,25,,25003,Berkshire,7220511,MADEP,1170006,PITTSFIELD GENERATING COMPANY LP,PITTSFIELD GENERATING COMPANY LP,Unit,87515313,EPACAMD,50002CAMDUNIT2,50002;2,50002,2,10/9/2014,,Yes
OK,40,,40143,Tulsa,7218011,OKDEQ,3594,GREEN COUNTRY ENERGY LLC,GREEN COUNTRY ENERGY PROJECT,Unit,10019613,EPACAMD,55146CAMDUNITCTGEN2,55146;CTGEN2,55146,CTGEN2,8/8/2011,,Yes
NJ,34,,34017,Hudson,7217311,NJDEP,12200,PSEG Power LLC,Kearny Generating Station,Unit,10029013,EPACAMD,2404CAMDUNIT15001,2404;15001,2404,15001,10/15/2014,,Yes
NJ,34,,34017,Hudson,7217311,NJDEP,12200,PSEG Power LLC,Kearny Generating Station,Unit,107401813,EPACAMD,2404CAMDUNIT132,2404;132,2404,132,10/16/2014,12/31/2049,Yes
NJ,34,,34017,Hudson,7217311,NJDEP,12200,PSEG Power LLC,Kearny Generating Station,Unit,107401813,EPACAMD,2404CAMDUNIT141,2404;141,2404,141,10/16/2014,12/31/2049,Yes
NJ,34,,34017,Hudson,7217311,NJDEP,12200,PSEG Power LLC,Kearny Generating Station,Unit,66329213,EPACAMD,2404CAMDUNIT122,2404;122,2404,122,10/16/2014,12/31/2049,Yes
NJ,34,,34011,Cumberland,7201811,NJDEP,75507,Vineland Municipal Electric Utility,VMEU - Down Station,Unit,10063713,EPACAMD,2434CAMDUNIT006001,2434;006001,2434,6001,8/8/2011,,Yes
AL,1,,1079,Lawrence,6877911,ADEM,1,,International Paper Company,Unit,13735013,EPACAMD,50245CAMDUNITGTX017,50245;GTX017,50245,GTX017,2/12/2018,,Yes
AL,1,,1079,Lawrence,6877911,ADEM,1,,International Paper Company,Unit,13734513,EPACAMD,50245CAMDUNITPBX007,50245;PBX007,50245,PBX007,2/12/2018,,Yes
WI,55,,55079,Milwaukee,6330411,WIDNR,241007690,Wisconsin Electric Power Company,WE ENERGIES-OAK CREEK Power Plant,Unit,91417413,EPACAMD,56068CAMDUNIT1,56068;1,56068,1,3/21/2013,,Yes
OH,39,,39111,Monroe,19051511,OHEPA,656005033,,Long Ridge Energy Generation LLC - Hannibal Power (0656005033),Unit,155156813,EPACAMD,61322CAMDUNITCC1,61322;CC1,61322,CC1,5/24/2023,,Yes
NJ,34,,34013,Essex,7478411,NJDEP,7627,PSEG Fossil LLC,PSEG FOSSIL LLC ESSEX GENERATING STATION,Unit,11647113,EPACAMD,2401CAMDUNIT2001,2401;2001,2401,2001,8/15/2014,12/31/2049,Yes
NJ,34,,34013,Essex,7464111,NJDEP,7617,Newark Bay Cogen Partnership LP,Newark Bay Cogeneration Partnership LP,Unit,11647713,EPACAMD,50385CAMDUNIT3001,50385;3001,50385,3001,8/23/2014,,Yes
VA,51,,51001,Accomack,6960911,VADEQ,40898,Commonwealth Chesapeake Power Station,Commonwealth Chesapeake Power Station,Unit,14006913,EPACAMD,55381CAMDUNITCT-004,55381;CT-004,55381,CT-004,10/9/2014,12/31/2049,Yes
MS,28,,28067,Jones,7139511,MSDEQ,2806700035,AI005099,"COOPERATIVE ENERGY, MOSELLE GENERATING P",Unit,14101513,EPACAMD,2070CAMDUNIT2,2070;2,2070,2,8/8/2011,,Yes
TX,48,,48201,Harris,21432611,TXCEQ,2067,HO CLARKE GENERATING LLC,HO CLARKE GENERATING,Unit,156205313,EPACAMD,63335CAMDUNITCT-2,63335;CT-2,63335,CT-2,2/20/2023,,Yes
TX,48,,48469,Victoria,21432311,TXCEQ,51,VICTORIA PORT POWER II LLC,VICTORIA PORT II PEAKING FACILITY,Unit,156291413,EPACAMD,61966CAMDUNITCT2,61966;CT2,61966,CT2,5/23/2023,,Yes
NC,37,,37145,Person,7826111,NCDAQ,3714500045,"Duke Energy Progress, LLC","Duke Energy Progress, LLC - Mayo Electric Generating Plant",Unit,2214013,EPACAMD,6250CAMDUNIT1A,6250;1A,6250,1A,8/25/2014,12/31/2049,Yes
NM,35,,35013,Dona Ana,7581811,NMED,122,El Paso Electric Company,Rio Grande Generating Station,Unit,108981213,EPACAMD,2444CAMDUNIT9,2444;9,2444,9,4/26/2017,,Yes
NM,35,,35013,Dona Ana,7581811,NMED,122,El Paso Electric Company,Rio Grande Generating Station,Unit,82571913,EPACAMD,2444CAMDUNIT7,2444;7,2444,7,8/8/2011,,Yes
TX,48,,48029,Bexar,5616511,TXCEQ,5,CITY PUBLIC SERVICE BOARD,VH BRAUNIG PLANT,Unit,21290913,EPACAMD,3612CAMDUNIT3,3612;3,3612,3,8/8/2011,,Yes
CA,6,,6037,Los Angeles,5796711,CARB,1.91E+11,"LA CITY, DWP HAYNES GENERATING STATION","LA CITY, DWP HAYNES GENERATING STATION",Unit,119397013,EPACAMD,400CAMDUNIT15,400;15,400,15,5/25/2017,,Yes
CA,6,,6037,Los Angeles,5796711,CARB,1.91E+11,"LA CITY, DWP HAYNES GENERATING STATION","LA CITY, DWP HAYNES GENERATING STATION",Unit,119397113,EPACAMD,400CAMDUNIT16,400;16,400,16,5/25/2017,,Yes
KY,21,,21233,Webster,6067211,KYDAQ,2123300001,Western Ky Energy Corp,Big Rivers Electric Corp - Reid HMP&L Station 2,Unit,83024713,EPACAMD,1382CAMDUNITH2,1382;H2,1382,H2,8/8/2011,,Yes
KY,21,,21233,Webster,6067211,KYDAQ,2123300001,Western Ky Energy Corp,Big Rivers Electric Corp - Reid HMP&L Station 2,Unit,83025013,EPACAMD,1383CAMDUNITR1,1383;R1,1383,R1,8/8/2011,,Yes
KY,21,,21233,Webster,6067211,KYDAQ,2123300001,Western Ky Energy Corp,Big Rivers Electric Corp - Reid HMP&L Station 2,Unit,83024913,EPACAMD,1382CAMDUNITH1,1382;H1,1382,H1,8/8/2011,,Yes
NM,35,,35025,Lea,5228411,NMED,588,Southwestern Public Service Co dba Xcel Energy,Maddox Station,Unit,82518613,EPACAMD,2446CAMDUNIT051B,2446;051B,2446,051B,8/8/2011,,Yes
NM,35,,35023,Hidalgo,5213011,NMED,558,"Tri- State Generation and Transmission Association, Inc.",Pyramid Generating Station,Unit,91583513,EPACAMD,7975CAMDUNIT3,7975;3,7975,3,9/24/2014,,Yes
KY,21,,21167,Mercer,5933111,KYDAQ,2116700001,Louisville Gas And Electric Company,KY Utilities Co - Brown Station,Unit,86760613,EPACAMD,1355CAMDUNIT9,1355;9,1355,9,10/1/2014,,Yes
LA,22,,22047,Iberville,5504511,LADEQ08,2625,Entergy Louisiana LLC,Entergy LA LLC - Willow Glen Generating Plant,Unit,81114713,EPACAMD,1394CAMDUNIT1,1394;1,1394,1,8/2/2011,12/31/2049,Yes
VA,51,,51550,Chesapeake city,5040211,VADEQ,60163,Dominion - Chesapeake Energy Center,Dominion - Chesapeake Energy Center,Unit,28680413,EPACAMD,3803CAMDUNIT1,3803;1,3803,1,8/8/2011,,Yes
TX,48,,48479,Webb,5023911,TXCEQ,2,LAREDO LLC,LAREDO POWER STATION,Unit,71576013,EPACAMD,3439CAMDUNIT5,3439;5,3439,5,10/1/2014,,Yes
TX,48,,48453,Travis,5021711,TXCEQ,2,CITY OF AUSTIN ELECTRIC UTILITY DEPARTMENT DBA AUSTIN ENERGY,DECKER CREEK POWER PLANT,Unit,28729213,EPACAMD,3548CAMDUNITGT-1B,3548;GT-1B,3548,GT-1B,8/21/2014,,Yes
TX,48,,48453,Travis,5021711,TXCEQ,2,CITY OF AUSTIN ELECTRIC UTILITY DEPARTMENT DBA AUSTIN ENERGY,DECKER CREEK POWER PLANT,Unit,28727613,EPACAMD,3548CAMDUNIT2,3548;2,3548,2,8/8/2011,,Yes
PA,42,,42133,York,4966111,PADEP,421330016,PIXELLE SPECIALTY SOLUTIONS LLC,PIXELLE SPEC SOLUTIONS LLC/SPRING GROVE,Unit,129133713,EPACAMD,50397CAMDUNIT039,50397;039,50397,39,12/17/2018,,Yes
SC,45,,45007,Anderson,4948311,SCDHEC,0200-0004,"Duke Energy, LLC",DUKE ENERGY CAROLINAS LLC LEE STEAM STAT,Unit,127001613,EPACAMD,3264CAMDUNIT11,3264;11,3264,11,4/27/2020,,Yes
SC,45,,45007,Anderson,4948311,SCDHEC,0200-0004,"Duke Energy, LLC",DUKE ENERGY CAROLINAS LLC LEE STEAM STAT,Unit,30083513,EPACAMD,3264CAMDUNIT3,3264;3,3264,3,8/8/2011,,Yes
CA,6,,6071,San Bernardino,4947111,CARB,3605181880,COOLWATER GENERATING STATION,COOLWATER GENERATING STATION,Unit,30096013,EPACAMD,329CAMDUNIT32,329;32,329,32,8/8/2011,,Yes
CA,6,,6071,San Bernardino,4947111,CARB,3605181880,COOLWATER GENERATING STATION,COOLWATER GENERATING STATION,Unit,30095613,EPACAMD,329CAMDUNIT41,329;41,329,41,8/8/2011,,Yes
TX,48,,48135,Ector,13408111,TXCEQ,134,QUAIL RUN ENERGY PARTNERS LP,QUAIL RUN ENERGY CENTER,Unit,70290813,EPACAMD,56349CAMDUNITCT1A,56349;CT1A,56349,CT1A,7/21/2012,,Yes
TX,48,,48237,Jack,13385011,TXCEQ,658,BRAZOS ELECTRIC POWER COOPERATIVE INC,JACK COUNTY GENERATION FACILITY,Unit,99310513,EPACAMD,55230CAMDUNITCT-4,55230;CT-4,55230,CT-4,5/22/2013,,Yes
TX,48,,48237,Jack,13385011,TXCEQ,658,BRAZOS ELECTRIC POWER COOPERATIVE INC,JACK COUNTY GENERATION FACILITY,Unit,71003913,EPACAMD,55230CAMDUNITCT-1,55230;CT-1,55230,CT-1,8/8/2011,,Yes
TX,48,,48331,Milam,13408411,TXCEQ,12,LUMINANT GENERATION COMPANY LLC,SANDOW 5 GENERATING PLANT,Unit,90269113,EPACAMD,52071CAMDUNIT5A,52071;5A,52071,5A,8/23/2012,,Yes
TX,48,,48481,Wharton,13392711,TXCEQ,306,COLORADO BEND I POWER LLC,COLORADO BEND I,Unit,71581913,EPACAMD,56350CAMDUNITCT2B,56350;CT2B,56350,CT2B,7/21/2012,,Yes
IL,17,,17031,Cook,1731811,ILEPA,031600AMI,Midwest Generation LLC,Fisk Electric Generating Station,Unit,41554613,EPACAMD,886CAMDUNIT342,886;342,886,342,10/7/2014,12/31/2049,Yes
IL,17,,17031,Cook,1731811,ILEPA,031600AMI,Midwest Generation LLC,Fisk Electric Generating Station,Unit,41554613,EPACAMD,886CAMDUNIT332,886;332,886,332,10/7/2014,12/31/2049,Yes
IL,17,,17031,Cook,1731811,ILEPA,031600AMI,Midwest Generation LLC,Fisk Electric Generating Station,Unit,41554613,EPACAMD,886CAMDUNIT331,886;331,886,331,10/7/2014,12/31/2049,Yes
IL,17,,17025,Clay,1945711,ILEPA,025803AAD,Union Electric Company,Ameren Services,Unit,88610813,EPACAMD,55417CAMDUNITCT-04,55417;CT-04,55417,CT-04,9/30/2014,,Yes
GA,13,,13149,Heard,13645711,GADNR,14900006,,Chattahoochee Energy Facility,Unit,82358813,EPACAMD,7917CAMDUNIT8A,7917;8A,7917,8A,8/8/2011,,Yes
NM,35,,35045,San Juan,13646111,NMED,3535,Farmington Electric Utility Systems,Bluffview Power Plant,Unit,82635513,EPACAMD,55977CAMDUNITCTG-1,55977;CTG-1,55977,CTG-1,8/20/2012,,Yes
CA,6,,6019,Fresno,14025511,CARB,101430722,KINGSBURG COGEN FACILITY,KINGSBURG COGEN FACILITY,Unit,85377413,EPACAMD,10405CAMDUNIT1,10405;1,10405,1,8/15/2018,,Yes
IA,19,,19139,Muscatine,3780911,IADNR,70-08-003,Central Iowa Power Cooperative,CENTRAL IOWA POWER COOP - FAIR STATION,Unit,67945513,EPACAMD,1218CAMDUNIT2,1218;2,1218,2,8/8/2011,,Yes
PA,42,,42091,Montgomery,3692211,PADEP,420910625,CONSTELLATION ENERGY GENERATION LLC,EXELON GENERATION CO/MOSER GENERATING STATION,Unit,37043613,EPACAMD,3163CAMDUNIT3,3163;3,3163,3,9/24/2014,,Yes
IA,19,,19155,Pottawattamie,2992611,IADNR,78-01-026,MIDAMERICAN ENERGY COMPANY,WALTER SCOTT JR ENERGY CTR,Unit,38070613,EPACAMD,1082CAMDUNIT2,1082;2,1082,2,8/8/2011,,Yes
IA,19,,19155,Pottawattamie,2992611,IADNR,78-01-026,MIDAMERICAN ENERGY COMPANY,WALTER SCOTT JR ENERGY CTR,Unit,38070513,EPACAMD,1082CAMDUNIT1,1082;1,1082,1,8/8/2011,,Yes
IA,19,,19155,Pottawattamie,2992611,IADNR,78-01-026,MIDAMERICAN ENERGY COMPANY,WALTER SCOTT JR ENERGY CTR,Unit,38070713,EPACAMD,1082CAMDUNIT3,1082;3,1082,3,8/8/2011,,Yes
AR,5,,5139,Union,1016511,ARDEQ,513900543,"Entergy Arkansas, LLC","Entergy Arkansas, LLC - Union Power Station",Unit,48086313,EPACAMD,55380CAMDUNITCTG-8,55380;CTG-8,55380,CTG-8,8/19/2014,12/31/2049,Yes
AR,5,,5139,Union,1016511,ARDEQ,513900543,"Entergy Arkansas, LLC","Entergy Arkansas, LLC - Union Power Station",Unit,48086313,EPACAMD,55380CAMDUNITCTG-4,55380;CTG-4,55380,CTG-4,8/19/2014,12/31/2049,Yes
IA,19,,19169,Story,12806511,IADNR,85-01-006-01,City of Ames,CITY OF AMES COMBUSTION TURBINE,Unit,68177613,EPACAMD,6463CAMDUNITGT2,6463;GT2,6463,GT2,11/6/2014,,Yes
IA,19,,19169,Story,12806611,IADNR,85-01-006-02,CITY OF AMES,CITY OF AMES STEAM ELECTRIC PLANT,Unit,68177813,EPACAMD,1122CAMDUNIT7,1122;7,1122,7,8/8/2011,,Yes
TX,48,,48201,Harris,6509911,TXCEQ,1536,DEER PARK ENERGY CENTER LLC,DEER PARK ENERGY CENTER,Unit,17460713,EPACAMD,55464CAMDUNITCTG1,55464;CTG1,55464,CTG1,8/8/2011,,Yes
TX,48,,48201,Harris,6509911,TXCEQ,1536,DEER PARK ENERGY CENTER LLC,DEER PARK ENERGY CENTER,Unit,17460813,EPACAMD,55464CAMDUNITCTG2,55464;CTG2,55464,CTG2,8/8/2011,,Yes
TX,48,,48201,Harris,6509911,TXCEQ,1536,DEER PARK ENERGY CENTER LLC,DEER PARK ENERGY CENTER,Unit,112971913,EPACAMD,55464CAMDUNITCTG5,55464;CTG5,55464,CTG5,12/23/2015,,Yes
TX,48,,48113,Dallas,6476611,TXCEQ,12,LUMINANT GENERATION CO LLC,NORTH LAKE STEAM ELECTRIC STATION,Unit,17688313,EPACAMD,3454CAMDUNIT2,3454;2,3454,2,8/8/2011,,Yes
MI,26,,26111,Midland,6473711,MIDEQ,B6527,Midland Cogeneration Venture,Midland Cogeneration Venture,Unit,82666813,EPACAMD,10745CAMDUNIT017,10745;017,10745,17,8/25/2014,12/31/2049,Yes
VA,51,,51670,Hopewell city,5883511,VADEQ,50967,Hopewell Cogeneration Limited Partnership,Hopewell Cogeneration Ltd Partnership,Unit,23364513,EPACAMD,10633CAMDUNIT1,10633;1,10633,1,8/8/2011,,Yes
LA,22,,22055,Lafayette,6128911,LADEQ08,31135,Lafayette Consolidated Government,Lafayette Consolidated Government - Louis Doc Bonin Electric Generating Statio,Unit,80089113,EPACAMD,1443CAMDUNIT2,1443;2,1443,2,8/8/2011,,Yes
TX,48,,48501,Yoakum,5129311,TXCEQ,39,GOLDEN SPREAD ELECTRIC COOPERATIVE INC,MUSTANG ELECTRIC STATION,Unit,110129113,EPACAMD,56326CAMDUNITGEN2,56326;GEN2,56326,GEN2,5/7/2018,,Yes
CA,6,,6019,Fresno,15863611,CARB,1014307220,PANOCHE ENERGY CENTER LLC,PANOCHE ENERGY CENTER LLC,Unit,102017313,EPACAMD,56803CAMDUNIT1,56803;1,56803,1,8/26/2014,,Yes
NM,35,,35061,Valencia,17750511,NMED,32274,Public Service Company of New Mexico (PNM),La Luz Energy Center,Unit,125726613,EPACAMD,58284CAMDUNIT1,58284;1,58284,1,2/21/2020,,Yes
TX,48,,48481,Wharton,17978911,TXCEQ,316,COLORADO BEND II POWER LLC,COLORADO BEND II,Unit,127865113,EPACAMD,60122CAMDUNITCT7,60122;CT7,60122,CT7,12/17/2018,,Yes
KY,21,,21157,Marshall,5213311,KYDAQ,2115700053,Tennessee Valley Authority,TVA - KGen Marshall LLC,Unit,86743313,EPACAMD,55232CAMDUNITCT3,55232;CT3,55232,CT3,10/27/2014,,Yes
GA,13,,13115,Floyd,3713211,GADNR,11500003,Georgia Power Company,Ga Power Company - Plant Hammond,Unit,36848113,EPACAMD,708CAMDUNIT2,708;2,708,2,8/8/2011,,Yes
GA,13,,13103,Effingham,3711211,GADNR,10300003,Georgia Power Company,Ga Power Co Plt McIntosh,Unit,36851413,EPACAMD,6124CAMDUNITCT8,6124;CT8,6124,CT8,10/7/2014,,Yes
GA,13,,13103,Effingham,3711211,GADNR,10300003,Georgia Power Company,Ga Power Co Plt McIntosh,Unit,36851713,EPACAMD,6124CAMDUNITCT1,6124;CT1,6124,CT1,10/7/2014,,Yes
GA,13,,13095,Dougherty,3709711,GADNR,9500002,Georgia Power Company,Ga Power Company - Plant Mitchell,Unit,36856113,EPACAMD,727CAMDUNIT4CA,727;4CA,727,4CA,10/10/2014,,Yes
GA,13,,13067,Cobb,3699211,GADNR,6700003,Georgia Power Company,Ga Power Company - Plant McDonough/Atkinson,Unit,36890013,EPACAMD,710CAMDUNITMB2,710;MB2,710,MB2,8/8/2011,,Yes
GA,13,,13067,Cobb,3699211,GADNR,6700003,Georgia Power Company,Ga Power Company - Plant McDonough/Atkinson,Unit,105654413,EPACAMD,710CAMDUNIT4B,710;4B,710,4B,10/8/2014,,Yes
GA,13,,13067,Cobb,3699211,GADNR,6700003,Georgia Power Company,Ga Power Company - Plant McDonough/Atkinson,Unit,105654813,EPACAMD,710CAMDUNIT6B,710;6B,710,6B,10/8/2014,,Yes
GA,13,,13067,Cobb,3699211,GADNR,6700003,Georgia Power Company,Ga Power Company - Plant McDonough/Atkinson,Unit,105654713,EPACAMD,710CAMDUNIT6A,710;6A,710,6A,10/8/2014,,Yes
GA,13,,13051,Chatham,3677911,GADNR,5100006,Georgia Power Company,Ga Power Company - Plant Kraft,Unit,36921113,EPACAMD,733CAMDUNIT1,733;1,733,1,8/8/2011,,Yes
FL,12,,12103,Pinellas,2744511,FLDEP,1030013,Bayboro,"DUKE ENERGY FLORIDA, LLC",Unit,41361313,EPACAMD,627CAMDUNIT1A,627;1A,627,1A,10/10/2014,12/31/2049,Yes
FL,12,,12103,Pinellas,2744511,FLDEP,1030013,Bayboro,"DUKE ENERGY FLORIDA, LLC",Unit,41361113,EPACAMD,627CAMDUNIT4A,627;4A,627,4A,10/10/2014,12/31/2049,Yes
NE,31,,31109,Lancaster,9428811,NELLCHD,240,Lincoln Electric System,LES Terry Bundy Generating Station,Unit,58448013,EPACAMD,7887CAMDUNITSVGS3,7887;SVGS3,7887,SVGS3,10/9/2014,,Yes
PA,42,,42007,Beaver,21249011,PADEP,420071037,SHELL CHEM APPALACHIA LLC,SHELL CHEM APPALACHIA/PETROCHEMICALS COMPLEX,Unit,156376513,EPACAMD,58933CAMDUNIT103,58933;103,58933,103,2/20/2023,,Yes
PA,42,,42021,Cambria,21251711,PADEP,420210001,CPV FAIRVIEW LLC,CPV FAIRVIEW LLC/FAIRVIEW ENERGY CTR,Unit,154932813,EPACAMD,60589CAMDUNITCT-2,60589;CT-2,60589,CT-2,6/29/2022,,Yes
NV,32,,32029,Storey,7302811,NVBAQ,A0029,SIERRA PACIFIC POWER COMPANY DBA NV ENERGY,TRACY GENERATING STATION,Unit,97831113,EPACAMD,2336CAMDUNIT5,2336;5,2336,5,10/13/2014,,Yes
LA,22,,22073,Ouachita,7205211,LADEQ08,85793,Entergy Louisiana LLC,Entergy Louisiana LLC - Perryville Generating Station,Unit,80409213,EPACAMD,55620CAMDUNIT2-1,55620;2-1,55620,1-Feb,8/8/2011,,Yes
LA,22,,22073,Ouachita,7205111,LADEQ08,83613,Entergy Arkansas LLC,Entergy Arkansas LLC - Ouachita Power Generating Plant,Unit,87201313,EPACAMD,55467CAMDUNITCTGEN2,55467;CTGEN2,55467,CTGEN2,8/8/2011,,Yes
LA,22,,22073,Ouachita,7205111,LADEQ08,83613,Entergy Arkansas LLC,Entergy Arkansas LLC - Ouachita Power Generating Plant,Unit,87201413,EPACAMD,55467CAMDUNITCTGEN3,55467;CTGEN3,55467,CTGEN3,8/8/2011,,Yes
NY,36,,36103,Suffolk,8452511,NYDEC,1472200108,NATIONAL GRID GENERATION LLC,WADING RIVER GT FACILITY,Unit,575413,EPACAMD,7146CAMDUNITUGT013,7146;UGT013,7146,UGT013,9/23/2011,,Yes
NY,36,,36103,Suffolk,8452411,NYDEC,1472200105,NATIONAL GRID GENERATION LLC,HOLTSVILLE GT FACILITY,Unit,126778313,EPACAMD,8007CAMDUNITU00007,8007;U00007,8007,U00007,5/1/2018,12/31/2049,No
NY,36,,36103,Suffolk,8452411,NYDEC,1472200105,NATIONAL GRID GENERATION LLC,HOLTSVILLE GT FACILITY,Unit,126778313,EPACAMD,8007CAMDUNITU00009,8007;U00009,8007,U00009,5/1/2018,12/31/2049,No
NY,36,,36103,Suffolk,8452411,NYDEC,1472200105,NATIONAL GRID GENERATION LLC,HOLTSVILLE GT FACILITY,Unit,126778313,EPACAMD,8007CAMDUNITU00010,8007;U00010,8007,U00010,5/1/2018,12/31/2049,No
NY,36,,36103,Suffolk,8452411,NYDEC,1472200105,NATIONAL GRID GENERATION LLC,HOLTSVILLE GT FACILITY,Unit,126778313,EPACAMD,8007CAMDUNITU00020,8007;U00020,8007,U00020,5/1/2018,12/31/2049,No
WY,56,,56023,Lincoln,8419211,WYDEQ,647,PacifiCorp,Naughton Plant,Unit,94469013,EPACAMD,4162CAMDUNIT1,4162;1,4162,1,3/18/2013,,Yes
OK,40,,40143,Tulsa,8416111,OKDEQ,215,PUBLIC SERVICE COMPANY OF OKLAHOMA,PSO TULSA POWER STATION,Unit,650113,EPACAMD,2965CAMDUNIT1404,2965;1404,2965,1404,8/8/2011,,Yes
OK,40,,40017,Canadian,8350811,OKDEQ,1205,OG AND E,MUSTANG ENERGY CENTER,Unit,908513,EPACAMD,2953CAMDUNIT4,2953;4,2953,4,8/8/2011,,Yes
NC,37,,37191,Wayne,7265811,NCDAQ,3719100017,"Duke Energy Progress, LLC","Duke Energy Progress, LLC - H.F. Lee Steam Electric Plant",Unit,10757813,EPACAMD,2709CAMDUNIT13,2709;13,2709,13,10/14/2014,12/31/2049,Yes
AL,1,,1033,Colbert,7212811,ADEM,10,Tennessee Valley Authority,TVA,Unit,10817613,EPACAMD,47CAMDUNIT1,47;1,47,1,8/8/2011,,Yes
AL,1,,1033,Colbert,7212811,ADEM,10,Tennessee Valley Authority,TVA,Unit,10817713,EPACAMD,47CAMDUNITCCT1,47;CCT1,47,CCT1,10/9/2014,,Yes
AL,1,,1033,Colbert,7212811,ADEM,10,Tennessee Valley Authority,TVA,Unit,10818413,EPACAMD,47CAMDUNIT2,47;2,47,2,8/8/2011,,Yes
WI,55,,55025,Dane,7465411,WIDNR,113004430,Madison Gas & Electric Company,MADISON GAS & ELECTRIC CO BLOUNT ST STN,Unit,11334713,EPACAMD,3992CAMDUNIT7,3992;7,3992,7,8/8/2011,,Yes
WI,55,,55117,Sheboygan,7692911,WIDNR,460033090,Wisconsin Power & Light Company,Alliant Energy - WPL - Edgewater Generating Station,Unit,11354813,EPACAMD,4050CAMDUNIT5,4050;5,4050,5,8/8/2011,,Yes
WI,55,,55021,Columbia,7673611,WIDNR,111003090,Wisconsin Power & Light Company,Alliant Energy - WPL - Columbia Energy Center,Unit,11387113,EPACAMD,8023CAMDUNIT1,8023;1,8023,1,8/8/2011,,Yes
MI,26,,26163,Wayne,7306011,MIDEQ,B2798,DTE Electric Company,DTE Electric Company - Delray Power Plant,Unit,11096913,EPACAMD,1728CAMDUNITCTG111,1728;CTG111,1728,CTG111,11/5/2014,,Yes
MS,28,,28129,Smith,7304911,MSDEQ,2812900048,AI016405,"COOPERATIVE ENERGY, A MISSISSIPPI ELECTR",Unit,11102313,EPACAMD,7989CAMDUNIT2,7989;2,7989,2,8/8/2011,,Yes
MS,28,,28019,Choctaw,12589611,MSDEQ,2801900019,AI015884,TVA ACKERMAN COMBINED CYCLE,Unit,63862113,EPACAMD,55694CAMDUNITAA-001,55694;AA-001,55694,AA-001,8/8/2011,,Yes
NY,36,,36081,Queens,12681711,NYDEC,2630100191,ASTORIA GAS TURBINE POWER LLC,ASTORIA GAS TURBINE POWER,Unit,64122513,EPACAMD,55243CAMDUNITCT0012,55243;CT0012,55243,CT0012,8/15/2014,12/31/2049,Yes
NY,36,,36081,Queens,12681711,NYDEC,2630100191,ASTORIA GAS TURBINE POWER LLC,ASTORIA GAS TURBINE POWER,Unit,64122513,EPACAMD,55243CAMDUNITCT2-1A,55243;CT2-1A,55243,CT2-1A,8/15/2014,12/31/2049,Yes
NY,36,,36081,Queens,12681711,NYDEC,2630100191,ASTORIA GAS TURBINE POWER LLC,ASTORIA GAS TURBINE POWER,Unit,64122513,EPACAMD,55243CAMDUNITCT2-2B,55243;CT2-2B,55243,CT2-2B,8/15/2014,12/31/2049,Yes
KS,20,,20111,Lyon,12635811,KSDOHE,46,"Evergy, Inc.",Evergy - Emporia,Unit,63892113,EPACAMD,56502CAMDUNITEEC6,56502;EEC6,56502,EEC6,5/22/2013,,Yes
VA,51,,51025,Brunswick,17646111,VADEQ,52404,Dominion,Dominion - Brunswick,Unit,122170213,EPACAMD,58260CAMDUNIT1C,58260;1C,58260,1C,4/25/2017,,Yes
TX,48,,48189,Hale,15625011,TXCEQ,39,GOLDEN SPREAD ELECTRIC COOPERATIVE INC,ANTELOPE STATION,Unit,123094113,EPACAMD,57865CAMDUNIT1,57865;1,57865,1,5/30/2017,,Yes
NE,31,,31055,Douglas,6732411,NEOPWD,2,Omaha Public Power District,Omaha Public Power District - North Omaha Power Station,Unit,105526313,EPACAMD,2291CAMDUNIT3,2291;3,2291,3,3/1/2015,,Yes
NE,31,,31055,Douglas,6732411,NEOPWD,2,Omaha Public Power District,Omaha Public Power District - North Omaha Power Station,Unit,105526113,EPACAMD,2291CAMDUNIT1,2291;1,2291,1,3/1/2015,,Yes
NJ,34,,34023,Middlesex,6719611,NJDEP,18068,PSEG Power LLC,Sewaren Generating Station,Unit,12843113,EPACAMD,2411CAMDUNIT4,2411;4,2411,4,9/23/2011,,Yes
NE,31,,31145,Red Willow,7767711,NEDEQ,39986,Nebraska Public Power District,NPPD Mc Cook Peaking Unit,Unit,1717513,EPACAMD,2271CAMDUNIT1A,2271;1A,2271,1A,12/30/2049,12/31/2049,Yes
NE,31,,31111,Lincoln,7766511,NEDEQ,34385,Nebraska Public Power District,NPPD Gerald Gentleman Station,Unit,1736213,EPACAMD,6077CAMDUNIT1,6077;1,6077,1,8/8/2011,,Yes
WI,55,,55105,Rock,6877711,WIDNR,154003740,Alliant Energy,WPL - ROCK RIVER GENERATING STATION,Unit,12967513,EPACAMD,4057CAMDUNIT2,4057;2,4057,2,8/8/2011,,Yes
WI,55,,55105,Rock,6877711,WIDNR,154003740,Alliant Energy,WPL - ROCK RIVER GENERATING STATION,Unit,12967613,EPACAMD,4057CAMDUNIT1,4057;1,4057,1,8/8/2011,,Yes
VA,51,,51510,Alexandria city,6922811,VADEQ,70228,GenOn Potomac River Limited Liability Corp,GenOn Potomac River Limited Liability Corp,Unit,13210513,EPACAMD,3788CAMDUNIT4,3788;4,3788,4,8/8/2011,,Yes
VA,51,,51510,Alexandria city,6922811,VADEQ,70228,GenOn Potomac River Limited Liability Corp,GenOn Potomac River Limited Liability Corp,Unit,13210613,EPACAMD,3788CAMDUNIT5,3788;5,3788,5,8/8/2011,,Yes
NY,36,,36013,Chautauqua,7805611,NYDEC,9060300021,DUNKIRK POWER LLC,DUNKIRK STEAM GENERATING STATION,Unit,2860813,EPACAMD,2554CAMDUNIT2,2554;2,2554,2,8/8/2011,,Yes
TX,48,,48469,Victoria,6497211,TXCEQ,3,VICTORIA WLE LP,VICTORIA POWER PLANT,Unit,71675313,EPACAMD,3443CAMDUNIT9,3443;9,3443,9,8/14/2014,,Yes
IN,18,,18029,Dearborn,10715711,INDEM,33,Na,Lawrenceberg Power LLC,Unit,58635813,EPACAMD,55502CAMDUNIT2,55502;2,55502,2,5/22/2013,,Yes
MI,26,,26163,Wayne,7778711,MIDEQ,N6631,CMS Energy Corp.,DEARBORN INDUSTRIAL GENERATION,Unit,3631013,EPACAMD,55088CAMDUNITGT2100,55088;GT2100,55088,GT2100,7/22/2012,,Yes
MI,26,,26103,Marquette,7778411,MIDEQ,B4261,Wisconsin Electric Power Company,WISCONSIN ELECTRIC POWER COMPANY,Unit,3633013,EPACAMD,1769CAMDUNIT9,1769;9,1769,9,8/8/2011,,Yes
NY,36,,36047,Kings,8039511,NYDEC,2610200086,ASTORIA GENERATING COMPANY LP,NARROWS GENERATING STATION,Unit,64125713,EPACAMD,2499CAMDUNITCT02-1,2499;CT02-1,2499,CT02-1,10/15/2014,12/31/2049,Yes
NY,36,,36047,Kings,8039511,NYDEC,2610200086,ASTORIA GENERATING COMPANY LP,NARROWS GENERATING STATION,Unit,3677313,EPACAMD,2499CAMDUNITCT01-4,2499;CT01-4,2499,CT01-4,10/15/2014,12/31/2049,Yes
NY,36,,36047,Kings,8038811,NYDEC,2610100042,CONSOLIDATED EDISON COMPANY OF NEW YORK INC,CON EDISON - HUDSON AVE STATION,Unit,3680213,EPACAMD,2496CAMDUNITCT0003,2496;CT0003,2496,CT0003,12/6/2014,12/31/2049,Yes
WI,55,,55073,Marathon,7078511,WIDNR,737009020,Wisconsin Public Service Corporation,WISCONSIN PUBLIC SERVICE CORPORATION- WESTON PLANT,Unit,14848913,EPACAMD,4078CAMDUNIT1,4078;1,4078,1,8/8/2011,,Yes
ND,38,,38055,McLean,8011011,NDDEQ,347,Great River Energy,Great River Energy - Coal Creek Station,Unit,64296413,EPACAMD,6030CAMDUNIT1,6030;1,6030,1,8/8/2011,,Yes
NC,37,,37157,Rockingham,8009611,NCDAQ,3715700015,Duke Energy Carolinas LLC,"Duke Energy Carolinas, LLC - Dan River Comb. Cycle Facility",Unit,4041413,EPACAMD,2723CAMDUNIT3,2723;3,2723,3,8/8/2011,,Yes
NC,37,,37157,Rockingham,8009611,NCDAQ,3715700015,Duke Energy Carolinas LLC,"Duke Energy Carolinas, LLC - Dan River Comb. Cycle Facility",Unit,4041913,EPACAMD,2723CAMDUNIT2,2723;2,2723,2,8/8/2011,,Yes
IL,17,,17031,Cook,7995611,ILEPA,031600AIN,"Midwest Generation Eme, LLC",Crawford Electric Generating Station,Unit,4070313,EPACAMD,867CAMDUNIT7,867;7,867,7,8/8/2011,,Yes
NY,36,,36061,New York,7994011,NYDEC,2620600012,CONSOLIDATED EDISON COMPANY OF NEW YORK INC,CON ED-EAST RIVER GENERATING STATION,Unit,4097013,EPACAMD,2493CAMDUNIT70,2493;70,2493,70,8/14/2014,12/31/2049,Yes
NM,35,,35045,San Juan,7993111,NMED,1277,Harvest Four Corners LLC,Harvest - Milagro Gas Treating Plant,Unit,82413813,EPACAMD,54814CAMDUNIT2,54814;2,54814,2,8/8/2011,,Yes
NM,35,,35045,San Juan,7991911,NMED,1421,Public Service Company of New Mexico (PNM),San Juan Generating Station,Unit,82425213,EPACAMD,2451CAMDUNIT4,2451;4,2451,4,8/8/2011,,Yes
MD,24,,24510,Baltimore city,8240111,MDDOE,510-0007,"Constellation Power Source Generation, Inc.",Constellaton Power - Gould Street Station,Unit,94906113,EPACAMD,1553CAMDUNIT3,1553;3,1553,3,8/17/2014,,Yes
IN,18,,18109,Morgan,8225111,INDEM,4,Na,IPL Eagle Valley Generating Station,Unit,4235113,EPACAMD,991CAMDUNIT4,991;4,991,4,8/8/2011,,Yes
IN,18,,18109,Morgan,8225111,INDEM,4,Na,IPL Eagle Valley Generating Station,Unit,128403913,EPACAMD,991CAMDUNITGT2,991;GT2,991,GT2,4/27/2020,,Yes
PA,42,,42007,Beaver,8141311,PADEP,420070042,AES BEAVER VALLEY LLC,AES BEAVER VALLEY LLC/BEAVER VALLEY LLC,Unit,4582113,EPACAMD,10676CAMDUNIT034,10676;034,10676,34,8/8/2011,,Yes
IL,17,,17115,Macon,8139911,ILEPA,115015AAE,,Archer Daniels Midland Co,Unit,4636213,EPACAMD,10865CAMDUNITFBC1,10865;FBC1,10865,FBC1,8/8/2011,,Yes
IL,17,,17115,Macon,8139911,ILEPA,115015AAE,,Archer Daniels Midland Co,Unit,4640713,EPACAMD,10865CAMDUNITFBC4,10865;FBC4,10865,FBC4,8/8/2011,,Yes
NY,36,,36103,Suffolk,8121711,NYDEC,1472600130,NATIONAL GRID GENERATION LLC,NORTHPORT POWER STATION,Unit,4706013,EPACAMD,2516CAMDUNITUGT001,2516;UGT001,2516,UGT001,12/6/2014,,Yes
NY,36,,36103,Suffolk,8121711,NYDEC,1472600130,NATIONAL GRID GENERATION LLC,NORTHPORT POWER STATION,Unit,4705713,EPACAMD,2516CAMDUNIT2,2516;2,2516,2,8/8/2011,12/31/2018,Yes
NY,36,,36001,Albany,8105211,NYDEC,4012400001,LAFARGE NORTH AMERICA INC,LAFARGE BUILDING MATERIALS INC,Unit,4818313,EPACAMD,880044CAMDUNIT41000,880044;41000,880044,41000,8/18/2014,,Yes
NC,37,,37061,Duplin,8003011,NCDAQ,3706100116,Coastal Carolina Clean Power LLC,"Duplin Bioenergy, LLC",Unit,75310913,EPACAMD,10381CAMDUNITBLR01A,10381;BLR01A,10381,BLR01A,8/17/2014,12/31/2049,Yes
NY,36,,36061,New York,7986111,NYDEC,2620200032,CONSOLIDATED EDISON COMPANY OF NEW YORK INC,CON ED-59TH ST STA,Unit,5576513,EPACAMD,2503CAMDUNITCT0001,2503;CT0001,2503,CT0001,8/17/2014,,Yes
NY,36,,36061,New York,7986111,NYDEC,2620200032,CONSOLIDATED EDISON COMPANY OF NEW YORK INC,CON ED-59TH ST STA,Unit,5576613,EPACAMD,2503CAMDUNITBLR117,2503;BLR117,2503,BLR117,8/17/2014,12/31/2049,Yes
MS,28,,28087,Lowndes,8215911,MSDEQ,2808700053,AI012322,TVA CALEDONIA COMBINED CYCLE PLANT,Unit,5734713,EPACAMD,55197CAMDUNITAA-002,55197;AA-002,55197,AA-002,8/8/2011,,Yes
WA,53,,53041,Lewis,6281311,WASWCAA,754,"TransAlta Centralia Generation, LLC","TransAlta Centralia Generation, LLC",Unit,15506713,EPACAMD,3845CAMDUNIT40,3845;40,3845,40,9/23/2011,,Yes
WI,55,,55025,Dane,9018111,WIDNR,113151500,,MG&E WEST CAMPUS COGENERATION FTY,Unit,54743013,EPACAMD,7991CAMDUNITU2,7991;U2,7991,U2,12/17/2018,,Yes
OH,39,,39093,Lorain,8130811,OHEPA,247030013,"Orion Power Midwest, LLC",Avon Lake Power Plant (0247030013),Unit,6011813,EPACAMD,2836CAMDUNIT12,2836;12,2836,12,8/8/2011,,Yes
OH,39,,39167,Washington,8130311,OHEPA,684000000,AEP Generation Resources,"Muskingum River Development, LLC (0684000000)",Unit,6020113,EPACAMD,2872CAMDUNIT5,2872;5,2872,5,8/8/2011,,Yes
OH,39,,39081,Jefferson,8115711,OHEPA,641050002,Ohio Power Company,Cardinal Power Plant (Cardinal Operating Company) (0641050002),Unit,6046213,EPACAMD,2828CAMDUNITB008,2828;B008,2828,B008,8/8/2011,,Yes
OH,39,,39113,Montgomery,8049911,OHEPA,857780013,Dayton Power And Light Company,O.H. Hutchings CT (0857780013),Unit,6335013,EPACAMD,2848CAMDUNITH-6,2848;H-6,2848,H-6,8/8/2011,,Yes
TN,47,,47037,Davidson,6516311,NDC_MPHD,4703700002,,E I  Dupont De Nemours & Co Inc (CLOSED),Unit,18565713,EPACAMD,10797CAMDUNITOP3,10797;OP3,10797,OP3,8/8/2011,,Yes
IN,18,,18097,Marion,7255211,INDEM,33,Na,IPL - Harding Street Station,Unit,91188613,EPACAMD,990CAMDUNIT50,990;50,990,50,8/8/2011,,Yes
NY,36,,36067,Onondaga,7435911,NYDEC,7313200035,WPS SYRACUSE GENERATION LLC,WPS SYRACUSE GENERATION LLC,Unit,7947513,EPACAMD,10621CAMDUNIT1,10621;1,10621,1,9/23/2011,,Yes
NY,36,,36063,Niagara,7417511,NYDEC,9292600016,LOCKPORT ENERGY ASSOCIATES LP,LOCKPORT COGENERATION FACILITY,Unit,7977913,EPACAMD,54041CAMDUNIT011856,54041;011856,54041,11856,10/12/2014,12/31/2049,Yes
OH,39,,39161,Van Wert,9216911,OHEPA,381000043,,Robert P. Mone Plant (0381000043),Unit,55667813,EPACAMD,7872CAMDUNIT1,7872;1,7872,1,9/23/2011,,Yes
OK,40,,40109,Oklahoma,9219711,OKDEQ,4240,OG AND E,REDBUD POWER PLANT,Unit,57748413,EPACAMD,55463CAMDUNITCT-02,55463;CT-02,55463,CT-02,8/8/2011,,Yes
OR,41,,41035,Klamath,9223711,ORDEQ,18-0003,Klamath Energy LLC,Klamath Cogeneration Proj,Unit,118464213,EPACAMD,55103CAMDUNITCT2,55103;CT2,55103,CT2,12/30/2049,12/31/2049,Yes
NY,36,,36113,Warren,8325311,NYDEC,5520500013,LEHIGH NORTHEAST CEMENT COMPANY,LEHIGH NORTHEAST CEMENT COMPANY,Unit,133713,EPACAMD,880052CAMDUNIT01070,880052;01070,880052,1070,4/21/2017,,Yes
NJ,34,,34023,Middlesex,7621611,NJDEP,18195,AES Red Oak LLC,RED OAK POWER LLC,Unit,11830313,EPACAMD,55239CAMDUNIT1,55239;1,55239,1,8/14/2014,12/31/2049,Yes
NJ,34,,34023,Middlesex,7620911,NJDEP,17824,PSEG Fossil LLC,PSEG FOSSIL LLC EDISON GENERATING STATION,Unit,11840313,EPACAMD,2400CAMDUNIT17001,2400;17001,2400,17001,8/25/2014,12/31/2049,Yes
NJ,34,,34023,Middlesex,7620911,NJDEP,17824,PSEG Fossil LLC,PSEG FOSSIL LLC EDISON GENERATING STATION,Unit,11841213,EPACAMD,2400CAMDUNIT3001,2400;3001,2400,3001,8/25/2014,12/31/2049,Yes
NJ,34,,34023,Middlesex,7620811,NJDEP,17823,Reliant Energy New Jersey Holdings,Werner Generating Station,Unit,11841813,EPACAMD,2385CAMDUNIT012001,2385;012001,2385,12001,8/17/2014,,Yes
NJ,34,,34019,Hunterdon,7604111,NJDEP,80341,Reliant Energy New Jersey Holdings,Glen Gardner Combustion Turbine Site,Unit,11864213,EPACAMD,8227CAMDUNIT009001,8227;009001,8227,9001,10/9/2014,,Yes
NJ,34,,34019,Hunterdon,7604111,NJDEP,80341,Reliant Energy New Jersey Holdings,Glen Gardner Combustion Turbine Site,Unit,11864113,EPACAMD,8227CAMDUNIT008001,8227;008001,8227,8001,10/9/2014,,Yes
MA,25,,25021,Norfolk,6569511,MADEP,1190491,BRAINTREE ELECTRIC,BRAINTREE ELECTRIC,Unit,90731613,EPACAMD,1660CAMDUNIT5,1660;5,1660,5,10/2/2014,,Yes
NC,37,,37083,Halifax,8286911,NCDAQ,3708300170,Virginia Electric and Power Company,Rosemary Power Station,Unit,455013,EPACAMD,50555CAMDUNIT2,50555;2,50555,2,8/8/2011,,Yes
MN,27,,27131,Rice,9467011,MNPCA,2713100071,,Faribault Energy Park,Unit,79650313,EPACAMD,56164CAMDUNITEU006,56164;EU006,56164,EU006,10/15/2014,,Yes
NC,37,,37129,New Hanover,8547211,NCDAQ,3712900036,"Duke Energy Progress, LLC","Duke Energy Progress, LLC - L.V. Sutton Electric Plant",Unit,1554013,EPACAMD,2713CAMDUNIT2B,2713;2B,2713,2B,11/6/2014,,Yes
NC,37,,37129,New Hanover,8547211,NCDAQ,3712900036,"Duke Energy Progress, LLC","Duke Energy Progress, LLC - L.V. Sutton Electric Plant",Unit,1554213,EPACAMD,2713CAMDUNIT3,2713;3,2713,3,8/8/2011,,Yes
PA,42,,42045,Delaware,16848711,PADEP,420450331,ENERGY TRANSFER MKT & TERM LP,ENERGY TRANSF MKT & TERM LP/MARCUS HOOK TERM,Unit,109282513,EPACAMD,880107CAMDUNITAB04,880107;AB04,880107,AB04,5/30/2017,,Yes
MI,26,,26075,Jackson,5695811,MIDEQ,N6626,Consumers Energy Company,Consumers Energy Co. - Jackson Generating Station,Unit,22025013,EPACAMD,55270CAMDUNITLM5,55270;LM5,55270,LM5,8/21/2014,12/31/2049,Yes
TX,48,,48375,Potter,5678011,TXCEQ,4,SOUTHWESTERN PUBLIC SERVICE COMPANY,NICHOLS STATION POWER PLANT,Unit,22149413,EPACAMD,3484CAMDUNIT141B,3484;141B,3484,141B,8/8/2011,,Yes
TX,48,,48469,Victoria,5863011,TXCEQ,9,SOUTH TEXAS ELECTRIC COOPERATIVE INC,SOUTH TEXAS ELECTRIC COOP,Unit,71566113,EPACAMD,3631CAMDUNITCT9,3631;CT9,3631,CT9,10/12/2014,,Yes
TX,48,,48085,Collin,5860711,TXCEQ,15,CITY OF GARLAND POWER & LIGHT,RAY OLINGER PLANT,Unit,22303213,EPACAMD,3576CAMDUNITGE4,3576;GE4,3576,GE4,8/8/2011,,Yes
MD,24,,24017,Charles,6011511,MDDOE,017-0014,"Mirant Mid-Atlantic, LLC","GenOn Mid-Atlantic, LLC Morgantown Generating Station",Unit,87935713,EPACAMD,1573CAMDUNITGT1,1573;GT1,1573,GT1,10/2/2014,,Yes
MD,24,,24017,Charles,6011511,MDDOE,017-0014,"Mirant Mid-Atlantic, LLC","GenOn Mid-Atlantic, LLC Morgantown Generating Station",Unit,87935813,EPACAMD,1573CAMDUNITGT3,1573;GT3,1573,GT3,8/8/2011,,Yes
MD,24,,24017,Charles,6011511,MDDOE,017-0014,"Mirant Mid-Atlantic, LLC","GenOn Mid-Atlantic, LLC Morgantown Generating Station",Unit,87936113,EPACAMD,1573CAMDUNITGT6,1573;GT6,1573,GT6,8/8/2011,,Yes
IL,17,,17103,Lee,5483011,ILEPA,103817AAH,"Duke Energy Ohio, Inc.",Lee County Generating Station LLC,Unit,88663713,EPACAMD,55236CAMDUNITCT5,55236;CT5,55236,CT5,10/1/2014,,Yes
IL,17,,17103,Lee,5483011,ILEPA,103817AAH,"Duke Energy Ohio, Inc.",Lee County Generating Station LLC,Unit,88663413,EPACAMD,55236CAMDUNITCT3,55236;CT3,55236,CT3,10/1/2014,,Yes
IL,17,,17103,Lee,5483011,ILEPA,103817AAH,"Duke Energy Ohio, Inc.",Lee County Generating Station LLC,Unit,26772913,EPACAMD,55236CAMDUNITCT1,55236;CT1,55236,CT1,10/1/2014,,Yes
KS,20,,20149,Pottawatomie,5406811,KSDOHE,1,"Evergy, Inc.",Evergy - Jeffrey,Unit,27605213,EPACAMD,6068CAMDUNIT3,6068;3,6068,3,8/8/2011,,Yes
MA,25,,25009,Essex,5090811,MADEP,1190194,FOOTPRINT POWER SALEM HARBOR OPERATIONS LLC,SALEM HARBOR STATION,Unit,87668713,EPACAMD,1626CAMDUNIT4,1626;4,1626,4,8/8/2011,,Yes
IL,17,,17183,Vermilion,5553011,ILEPA,183090AAE,"Dynegy Midwest Generation, Inc",Tilton Energy Center,Unit,60331713,EPACAMD,7760CAMDUNIT3,7760;3,7760,3,9/23/2011,,Yes
IA,19,,19045,Clinton,5509811,IADNR,23-01-014,IPL/Alliant Energy Corp,IPL - M.L. KAPP GENERATING STATION,Unit,27197513,EPACAMD,1048CAMDUNIT2,1048;2,1048,2,8/8/2011,,Yes
IL,17,,17197,Will,4506411,ILEPA,197808AAG,Elwood Energy LLC,Elwood Energy LLC,Unit,88701013,EPACAMD,55199CAMDUNIT2,55199;2,55199,2,10/9/2014,,Yes
KS,20,,20209,Wyandotte,4627911,KSDOHE,48,Board of Public Utilities,Kansas City BPU - Quindaro,Unit,27807813,EPACAMD,1295CAMDUNIT1,1295;1,1295,1,8/8/2011,,Yes
PA,42,,42109,Snyder,4737311,PADEP,421090002,SUNBURY GENERATION LP,SUNBURY GENERATION LP/SUNBURY SES,Unit,27902513,EPACAMD,3152CAMDUNIT1B,3152;1B,3152,1B,8/8/2011,,Yes
IN,18,,18055,Greene,4560611,INDEM,34,Na,Worthington Generating Station,Unit,28032413,EPACAMD,55148CAMDUNIT4,55148;4,55148,4,10/6/2014,,Yes
OK,40,,40121,Pittsburg,1024211,OKDEQ,4258,KIOWA POWER PARTNERS LLC,TENASKA KIAMICHI GENERATING STATION,Unit,72372013,EPACAMD,55501CAMDUNITCTGDB4,55501;CTGDB4,55501,CTGDB4,8/8/2011,,Yes
GA,13,,13153,Houston,2654411,GADNR,15300040,Georgia Power Company,Ga Power Company - Robins,Unit,41054813,EPACAMD,7348CAMDUNITCT1,7348;CT1,7348,CT1,4/18/2014,,Yes
FL,12,,12057,Hillsborough,901211,FLDEP,570040,Tampa Electric Company,TAMPA ELECTRIC COMPANY,Unit,67261913,EPACAMD,7873CAMDUNITCT1C,7873;CT1C,7873,CT1C,8/8/2011,,Yes
FL,12,,12057,Hillsborough,901211,FLDEP,570040,Tampa Electric Company,TAMPA ELECTRIC COMPANY,Unit,67262413,EPACAMD,7873CAMDUNITCT3A,7873;CT3A,7873,CT3A,8/16/2014,,Yes
FL,12,,12057,Hillsborough,901211,FLDEP,570040,Tampa Electric Company,TAMPA ELECTRIC COMPANY,Unit,67262213,EPACAMD,7873CAMDUNITCT2C,7873;CT2C,7873,CT2C,8/8/2011,,Yes
FL,12,,12057,Hillsborough,901211,FLDEP,570040,Tampa Electric Company,TAMPA ELECTRIC COMPANY,Unit,67262713,EPACAMD,7873CAMDUNITCT4B,7873;CT4B,7873,CT4B,8/16/2014,,Yes
IL,17,,17197,Will,4590011,ILEPA,197811AAH,Lincoln Generating Facility LLC,Lincoln Generating Facility,Unit,28415413,EPACAMD,55222CAMDUNITCTG-5,55222;CTG-5,55222,CTG-5,9/23/2011,,Yes
FL,12,,12129,Wakulla,2731711,FLDEP,1290001,City Of Tallahassee,TALLAHASSEE CITY PURDOM GENERATING STA.,Unit,41201313,EPACAMD,689CAMDUNIT8,689;8,689,8,8/8/2011,,Yes
WI,55,,55011,Buffalo,4958511,WIDNR,606034110,Dairyland Power Cooperative,DAIRYLAND POWER COOP ALMA SITE,Unit,58490413,EPACAMD,4140CAMDUNITB4,4140;B4,4140,B4,8/8/2011,,Yes
TX,48,,48201,Harris,4941311,TXCEQ,41,NRG TEXAS POWER LLC,SR BERTRON STATION,Unit,31129713,EPACAMD,3468CAMDUNITSRB2,3468;SRB2,3468,SRB2,8/8/2011,,Yes
TX,48,,48201,Harris,4941311,TXCEQ,41,NRG TEXAS POWER LLC,SR BERTRON STATION,Unit,31129813,EPACAMD,3468CAMDUNITSRB1,3468;SRB1,3468,SRB1,8/8/2011,,Yes
TX,48,,48201,Harris,4926511,TXCEQ,42,NRG TEXAS POWER LLC,TH WHARTON ELECTRIC GENERATING STATION,Unit,31236313,EPACAMD,3469CAMDUNITTHW2,3469;THW2,3469,THW2,8/21/2014,,Yes
TX,48,,48201,Harris,4926511,TXCEQ,42,NRG TEXAS POWER LLC,TH WHARTON ELECTRIC GENERATING STATION,Unit,31236813,EPACAMD,3469CAMDUNITTHW31,3469;THW31,3469,THW31,8/21/2014,,Yes
TX,48,,48201,Harris,4926511,TXCEQ,42,NRG TEXAS POWER LLC,TH WHARTON ELECTRIC GENERATING STATION,Unit,31237613,EPACAMD,3469CAMDUNITTHW51,3469;THW51,3469,THW51,8/21/2014,,Yes
SC,45,,45003,Aiken,5045611,SCDHEC,0080-0011,South Carolina Electric & Gas Company,URQUHART STATION,Unit,69719813,EPACAMD,3295CAMDUNITURQ5,3295;URQ5,3295,URQ5,8/8/2011,12/31/2049,Yes
SC,45,,45003,Aiken,5045611,SCDHEC,0080-0011,South Carolina Electric & Gas Company,URQUHART STATION,Unit,69719813,EPACAMD,3295CAMDUNITURQ6,3295;URQ6,3295,URQ6,1/1/2017,12/31/2049,Yes
AR,5,,5123,St. Francis,1099611,ARDEQ,512300010,ENTERGY,ENTERGY ARK-MOSES,Unit,46862613,EPACAMD,168CAMDUNIT2,168;2,168,2,10/2/2014,,Yes
WY,56,,56031,Platte,4207711,WYDEQ,85,Basin Electric Power Cooperative,Laramie River Station,Unit,72228013,EPACAMD,6204CAMDUNIT2,6204;2,6204,2,8/8/2011,,Yes
CT,9,,9001,Fairfield,754311,CTBAM,T015P0045C08087,"PSEG POWER CT, LLC",PSEG PWR CT LLC/BPT HARBOR STA,Unit,99509113,EPACAMD,568CAMDUNITBHB1,568;BHB1,568,BHB1,6/11/2013,,Yes
FL,12,,12033,Escambia,752711,FLDEP,330045,Gulf Power Company,FLORIDA POWER & LIGHT COMPANY,Unit,46305613,EPACAMD,641CAMDUNIT7,641;7,641,7,8/8/2011,,Yes
FL,12,,12103,Pinellas,751811,FLDEP,1030011,Progress Energy Corporation,"DUKE ENERGY FLORIDA, LLC",Unit,46315513,EPACAMD,634CAMDUNIT1,634;1,634,1,8/8/2011,,Yes
FL,12,,12103,Pinellas,751811,FLDEP,1030011,Progress Energy Corporation,"DUKE ENERGY FLORIDA, LLC",Unit,46315913,EPACAMD,634CAMDUNIT3,634;3,634,3,8/8/2011,,Yes
FL,12,,12103,Pinellas,751811,FLDEP,1030011,Progress Energy Corporation,"DUKE ENERGY FLORIDA, LLC",Unit,46316313,EPACAMD,634CAMDUNITP1,634;P1,634,P1,8/8/2011,,Yes
FL,12,,12085,Martin,751511,FLDEP,850001,Florida Power & Light Company,FLORIDA POWER & LIGHT (PMR),Unit,67227713,EPACAMD,6043CAMDUNITPMR8D,6043;PMR8D,6043,PMR8D,8/8/2011,,Yes
CT,9,,9003,Hartford,715611,CTBAM,T075P0158C08792,Materials Innovation and Recycling Authority (MIRA),MIRA / MID-CONNECTICUT,Unit,46362413,EPACAMD,563CAMDUNIT12A,563;12A,563,12A,6/11/2013,,Yes
FL,12,,12073,Leon,715111,FLDEP,730003,City Of Tallahassee,CITY OF TALLAHASSEE,Unit,46366113,EPACAMD,688CAMDUNITHC2,688;HC2,688,HC2,9/23/2011,,Yes
CA,6,,6037,Los Angeles,4084611,CARB,1.91E+11,EL SEGUNDO ENERGY CENTER LLC,EL SEGUNDO ENERGY CENTER LLC,Unit,35181413,EPACAMD,330CAMDUNIT7,330;7,330,7,5/22/2017,,Yes
CA,6,,6037,Los Angeles,4083411,CARB,1.91E+11,"AES REDONDO BEACH, LLC","AES REDONDO BEACH, LLC",Unit,35218913,EPACAMD,356CAMDUNIT7,356;7,356,7,5/24/2017,,Yes
CA,6,,6037,Los Angeles,4083111,CARB,1.91E+11,"AES ALAMITOS, LLC","AES ALAMITOS, LLC",Unit,35223713,EPACAMD,315CAMDUNIT1,315;1,315,1,9/23/2011,,Yes
CA,6,,6037,Los Angeles,4083111,CARB,1.91E+11,"AES ALAMITOS, LLC","AES ALAMITOS, LLC",Unit,35226013,EPACAMD,315CAMDUNITCT1,315;CT1,315,CT1,4/10/2023,,Yes
TX,48,,48309,McLennan,4030711,TXCEQ,4,LUMINANT GENERATION COMPANY LLC,TRADINGHOUSE STEAM ELECTRIC STATION,Unit,35353813,EPACAMD,3506CAMDUNIT1,3506;1,3506,1,8/8/2011,,Yes
PA,42,,42133,York,3193911,PADEP,421330020,BRUNNER ISLAND LLC,BRUNNER ISLAND LLC/BRUNNER ISLAND,Unit,38702513,EPACAMD,3140CAMDUNIT2,3140;2,3140,2,8/8/2011,,Yes
FL,12,,12055,Highlands,4288311,FLDEP,550003,Na,"DUKE ENERGY FLORIDA, LLC",Unit,36198813,EPACAMD,624CAMDUNITP1,624;P1,624,P1,8/8/2011,,Yes
KY,21,,21199,Pulaski,5787711,KYDAQ,2119900005,East Kentucky Power Cooperative,East KY Power Coop - Cooper Station,Unit,94727113,EPACAMD,1384CAMDUNIT1,1384;1,1384,1,3/20/2013,,Yes
KY,21,,21049,Clark,5163011,KYDAQ,2104900027,East Kentucky Power Cooperative,East KY Power - J K Smith Station,Unit,86750813,EPACAMD,54CAMDUNITSCT2,54;SCT2,54,SCT2,9/23/2011,,Yes
KY,21,,21111,Jefferson,5702411,KYJCAPCD,126,Louisville Gas & Electric Company,"Louisville Gas & Electric Co., Cane Run Station",Unit,20510313,EPACAMD,1363CAMDUNIT4,1363;4,1363,4,8/8/2011,,Yes
CA,6,,6037,Los Angeles,5683211,CARB,1.91E+11,"LA CITY, DWP HARBOR GENERATING STATION","LA CITY, DWP HARBOR GENERATING STATION",Unit,76189613,EPACAMD,399CAMDUNIT**10A,399;**10A,399,**10A,11/8/2014,,Yes
CA,6,,6037,Los Angeles,5683211,CARB,1.91E+11,"LA CITY, DWP HARBOR GENERATING STATION","LA CITY, DWP HARBOR GENERATING STATION",Unit,76190013,EPACAMD,399CAMDUNIT12,399;12,399,12,11/8/2014,,Yes
GA,13,,13263,Talbot,15040211,GADNR,26300013,,Talbot Energy Facility,Unit,91997613,EPACAMD,7916CAMDUNIT4,7916;4,7916,4,8/17/2014,,Yes
GA,13,,13263,Talbot,15040211,GADNR,26300013,,Talbot Energy Facility,Unit,91997813,EPACAMD,7916CAMDUNIT6,7916;6,7916,6,8/17/2014,,Yes
MT,30,,30023,Deer Lodge,14496011,MTDEQ,023-0002,NORTHWESTERN ENERGY,DAVE GATES GENERATING STATION AT MILL CREEK,Unit,87303513,EPACAMD,56908CAMDUNIT2B,56908;2B,56908,2B,10/10/2014,12/31/2049,Yes
CT,9,,9001,Fairfield,14623611,CTBAM,T172P0026C08048,WATERSIDE POWER LLC,WATERSIDE POWER LLC,Unit,88748813,EPACAMD,56189CAMDUNIT4,56189;4,56189,4,6/11/2013,,Yes
CT,9,,9009,New Haven,14624411,CTBAM,T189P0114C08224,CT MUNICIPAL ELEC ENERGY CO-OP,PIERCE GENERATING STATION (Wallingford),Unit,88754513,EPACAMD,6635CAMDUNITAP-1,6635;AP-1,6635,AP-1,6/11/2013,,Yes
FL,12,,12099,Palm Beach,14654911,FLDEP,990646,FLORIDA POWER AND LIGHT COMPANY,FLORIDA POWER AND LIGHT COMPANY,Unit,89427613,EPACAMD,56407CAMDUNITWCCT2A,56407;WCCT2A,56407,WCCT2A,5/22/2013,,Yes
AL,1,,1001,Autauga,560011,ADEM,8,"Tenaska Alabama Partners, LP",Tenaska Alabama Partners LP,Unit,48134013,EPACAMD,55271CAMDUNITCT3,55271;CT3,55271,CT3,1/6/2014,,Yes
FL,12,,12005,Bay,554911,FLDEP,50014,Gulf Power Company,FLORIDA POWER & LIGHT COMPANY,Unit,48230813,EPACAMD,643CAMDUNITAB,643;AB,643,AB,10/28/2014,12/31/2049,Yes
CT,9,,9011,New London,552611,CTBAM,T107P0005C07741,"NRG ENERGY, INC.","MONTVILLE POWER, LLC",Unit,48259513,EPACAMD,546CAMDUNIT6,546;6,546,6,8/8/2011,,Yes
PA,42,,42081,Lycoming,18039911,PADEP,420810052,,"HAMILTON PATRIOT, LLC/HAMILTON PATRIOT GENERATION PLANT",Unit,129197713,EPACAMD,58426CAMDUNITCT2,58426;CT2,58426,CT2,12/18/2018,,Yes
MS,28,,28065,Jefferson Davis,9455211,MSDEQ,2806500032,AI016621,"COOPERATIVE ENERGY, A MISSISSIPPI ELECTR",Unit,53523713,EPACAMD,7988CAMDUNIT3,7988;3,7988,3,9/30/2014,,Yes
OH,39,,39081,Jefferson,8190811,OHEPA,641160017,FirstEnergy Generation Corporation,W. H. Sammis Plant (0641160017),Unit,4408813,EPACAMD,2866CAMDUNIT4,2866;4,2866,4,8/8/2011,,Yes
MI,26,,26017,Bay,8172811,MIDEQ,B2840,Consumers Energy Company,Consumers Energy D.E. Karn Facility,Unit,82867513,EPACAMD,1720CAMDUNIT7,1720;7,1720,7,8/14/2014,12/31/2049,Yes
MI,26,,26017,Bay,8172811,MIDEQ,B2840,Consumers Energy Company,Consumers Energy D.E. Karn Facility,Unit,82867313,EPACAMD,1702CAMDUNIT1,1702;1,1702,1,8/25/2014,12/31/2019,Yes
MI,26,,26065,Ingham,8157711,MIDEQ,K3249,Michigan State University,Michigan State University,Unit,4525513,EPACAMD,10328CAMDUNITUNIT1,10328;UNIT1,10328,UNIT1,8/8/2011,,Yes
MS,28,,28047,Harrison,6788111,MSDEQ,2804700055,AI000927,"MISSISSIPPI POWER COMPANY, PLANT JACK WA",Unit,13581813,EPACAMD,2049CAMDUNITCTA,2049;CTA,2049,CTA,11/5/2014,12/31/2049,Yes
OH,39,,39037,Darke,8257111,OHEPA,819070237,"Buckeye Power, Inc",Buckeye Power Greenville Station (0819070237),Unit,36613,EPACAMD,55228CAMDUNITG4CT1,55228;G4CT1,55228,G4CT1,10/10/2014,,Yes
KY,21,,21111,Jefferson,7353711,KYJCAPCD,127,Louisville Gas & Electric Company,"Louisville Gas & Electric Co., Mill Creek Station",Unit,9603813,EPACAMD,1364CAMDUNIT3,1364;3,1364,3,8/8/2011,,Yes
KY,21,,21161,Mason,7335511,KYDAQ,2116100009,,East KY Power Coop - Spurlock Station,Unit,86758613,EPACAMD,6041CAMDUNIT1,6041;1,6041,1,8/8/2011,,Yes
IL,17,,17031,Cook,7315711,ILEPA,031801AAE,"Geneva Energy, LLC",Geneva Energy LLC,Unit,59534713,EPACAMD,55174CAMDUNIT1,55174;1,55174,1,8/8/2011,,Yes
PA,42,,42101,Philadelphia,6531411,PACOP,4210104942,VICINITY ENERGY PHILA INC,VICINITY ENERGY PHILA INC/SCHUYLKILL STATION,Unit,103862813,EPACAMD,50607CAMDUNIT23,50607;23,50607,23,3/21/2013,,Yes
CA,6,,6025,Imperial,6515911,CARB,13151115,IMPERIAL IRRIGATION DISTRICT,IMPERIAL IRRIGATION DISTRICT ECGS,Unit,19300713,EPACAMD,389CAMDUNIT3-1,389;3-1,389,1-Mar,1/19/2016,12/31/2049,Yes
CA,6,,6059,Orange,5905811,CARB,3.01E+11,"AES HUNTINGTON BEACH, LLC","AES HUNTINGTON BEACH, LLC",Unit,85853413,EPACAMD,335CAMDUNIT2,335;2,335,2,4/10/2023,,Yes
AR,5,,5069,Jefferson,893911,ARDEQ,506900110,"Entergy Arkansas, LLC",ENTERGY ARK-WHITE BLUFF,Unit,46642213,EPACAMD,6009CAMDUNIT2,6009;2,6009,2,8/8/2011,,Yes
MA,25,,25003,Berkshire,5175711,MADEP,1170166,"ESSENTIAL POWER MASSACHUSETTS, LLC WOODLAND ROAD STATION",ESSENTIAL POWER MASS LLC WOODLAND RD STA,Unit,87642313,EPACAMD,1643CAMDUNIT10,1643;10,1643,10,12/31/2014,,Yes
PA,42,,42125,Washington,3895011,PADEP,421250024,GENON POWER MIDWEST LP,GENON POWER MIDWEST LP/ELRAMA POWER PLT,Unit,37443813,EPACAMD,3098CAMDUNIT4,3098;4,3098,4,8/8/2011,,Yes
PA,42,,42125,Washington,3895011,PADEP,421250024,GENON POWER MIDWEST LP,GENON POWER MIDWEST LP/ELRAMA POWER PLT,Unit,37443713,EPACAMD,3098CAMDUNIT1,3098;1,3098,1,8/8/2011,,Yes
PA,42,,42121,Venango,3880211,PADEP,421210043,HANDSOME LAKE ENERGY LLC,HANDSOME LAKE ENERGY LLC/KENNERDELL,Unit,37451213,EPACAMD,55233CAMDUNITEU-1A,55233;EU-1A,55233,EU-1A,10/2/2014,,Yes
PA,42,,42121,Venango,3880211,PADEP,421210043,HANDSOME LAKE ENERGY LLC,HANDSOME LAKE ENERGY LLC/KENNERDELL,Unit,37451513,EPACAMD,55233CAMDUNITEU-2B,55233;EU-2B,55233,EU-2B,10/2/2014,,Yes
PA,42,,42121,Venango,3880211,PADEP,421210043,HANDSOME LAKE ENERGY LLC,HANDSOME LAKE ENERGY LLC/KENNERDELL,Unit,37451013,EPACAMD,55233CAMDUNITEU-4B,55233;EU-4B,55233,EU-4B,10/2/2014,,Yes
IL,17,,17103,Lee,10824211,ILEPA,103814AAC,,Invenergy Nelson LLC,Unit,105888113,EPACAMD,55183CAMDUNIT2,55183;2,55183,2,5/26/2017,,Yes
PA,42,,42131,Wyoming,4952011,PADEP,421310009,PROCTER & GAMBLE PAPER PROD CO,PROCTER & GAMBLE PAPER PROD CO/MEHOOPANY,Unit,28942313,EPACAMD,50463CAMDUNIT328001,50463;328001,50463,328001,4/21/2017,,Yes
SC,45,,45031,Darlington,4951511,SCDHEC,0820-0002,Carolina Power & Light Company,DUKE ENERGY PROGRESS LLC - HB ROBINSON/DARLINGTON,Unit,28948513,EPACAMD,3251CAMDUNIT1,3251;1,3251,1,8/8/2011,,Yes
SC,45,,45031,Darlington,4951511,SCDHEC,0820-0002,Carolina Power & Light Company,DUKE ENERGY PROGRESS LLC - HB ROBINSON/DARLINGTON,Unit,28949113,EPACAMD,3250CAMDUNIT2,3250;2,3250,2,9/23/2011,,Yes
WV,54,,54051,Marshall,4878711,WVDAQ,2,Westlake Chemical,"Eagle Natrium, LLC",Unit,71796213,EPACAMD,50491CAMDUNIT001,50491;001,50491,1,8/8/2011,,Yes
WV,54,,54051,Marshall,4878711,WVDAQ,2,Westlake Chemical,"Eagle Natrium, LLC",Unit,71796413,EPACAMD,50491CAMDUNIT003,50491;003,50491,3,8/8/2011,,Yes
TX,48,,48245,Jefferson,4862411,TXCEQ,18,EXXONMOBIL OIL CORPORATION,BEAUMONT REFINERY,Unit,71060513,EPACAMD,50625CAMDUNIT61STK2,50625;61STK2,50625,61STK2,10/23/2014,,Yes
SC,45,,45021,Cherokee,4074811,SCDHEC,0600-0076,"Broad River Energy, LLC",BROAD RIVER ENERGY LLC,Unit,118511913,EPACAMD,55166CAMDUNITCT-3,55166;CT-3,55166,CT-3,12/30/2049,12/31/2049,Yes
TX,48,,48201,Harris,4057511,TXCEQ,1512,EIF CHANNELVIEW COGENERATION LLC,CHANNELVIEW COGENERATION FACILITY,Unit,33490213,EPACAMD,55187CAMDUNITCHV2,55187;CHV2,55187,CHV2,8/8/2011,,Yes
VA,51,,51760,Richmond city,4039911,VADEQ,52758,,Spruance Operating Services LLC,Unit,33619513,EPACAMD,54081CAMDUNITBLR03A,54081;BLR03A,54081,BLR03A,8/14/2014,12/31/2049,No
AZ,4,,4021,Pinal,11310611,Pinal,COOLGEN,Coolidge Power LLC,Coolidge Generating Station,Unit,118549313,EPACAMD,56948CAMDUNITCT01,56948;CT01,56948,CT01,5/31/2018,,Yes
DC,11,,11001,District of Columbia,2701211,DOEE,25,U.S. General Services Administration,U.S. GSA Central Heating and Refrigeration Plant,Unit,41213313,EPACAMD,880004CAMDUNIT4,880004;4,880004,4,9/29/2014,,Yes
CO,8,,8101,Pueblo,16243211,CODPHE,CO0000000810101160,,BLACK HILLS ELECTRIC GENERATION - PAGS,Unit,103542413,EPACAMD,56998CAMDUNITCT07,56998;CT07,56998,CT07,12/23/2015,,Yes
NJ,34,,34015,Gloucester,16662211,NJDEP,56220,,Eagle Point Power Generation LLC,Unit,107406013,EPACAMD,50561CAMDUNIT0001,50561;0001,50561,1,10/9/2014,12/31/2049,Yes
MD,24,,24017,Charles,17878111,MDDOE,017-0235,"CPV Maryland, LLC","CPV Maryland, LLC - St. Charles Project",Unit,125590413,EPACAMD,56846CAMDUNITGT2,56846;GT2,56846,GT2,12/17/2018,,Yes
OH,39,,39113,Montgomery,13572311,OHEPA,857043333,,Tait Electric Generating Station (0857043333),Unit,73759113,EPACAMD,2847CAMDUNIT2,2847;2,2847,2,10/9/2014,,Yes
OH,39,,39113,Montgomery,13572311,OHEPA,857043333,,Tait Electric Generating Station (0857043333),Unit,73759013,EPACAMD,2847CAMDUNIT1,2847;1,2847,1,10/9/2014,,Yes
OH,39,,39113,Montgomery,13572411,OHEPA,857043334,DPL Energy LLC (0857043334),Tait Electric Generating Station (0857043334),Unit,73759613,EPACAMD,55248CAMDUNITCT7,55248;CT7,55248,CT7,10/9/2014,,Yes
GA,13,,13297,Walton,15640311,GADNR,29700041,,Doyle Generating Facility,Unit,99508013,EPACAMD,55244CAMDUNITCTG-3,55244;CTG-3,55244,CTG-3,5/22/2013,,Yes
SD,46,,46013,Brown,15649111,SDDENR,28.0802-03,,Basin Electric Power Cooperative-Groton,Unit,99817313,EPACAMD,56238CAMDUNITCT002,56238;CT002,56238,CT002,10/1/2014,,Yes
NJ,34,,34017,Hudson,15658011,NJDEP,12863,,Bayonne Energy Center,Unit,99940113,EPACAMD,56964CAMDUNITGT4,56964;GT4,56964,GT4,12/6/2014,12/31/2049,Yes
NJ,34,,34017,Hudson,15658011,NJDEP,12863,,Bayonne Energy Center,Unit,99940113,EPACAMD,56964CAMDUNITGT3,56964;GT3,56964,GT3,12/6/2014,12/31/2049,Yes
IN,18,,18043,Floyd,7742411,INDEM,4,Na,"Duke Energy Indiana, LLC-Gallagher Gene",Unit,1881813,EPACAMD,1008CAMDUNIT3,1008;3,1008,3,8/8/2011,,Yes
MO,29,,29051,Cole,7542511,MODNR,8,Na,AMEREN MISSOURI MOREAU COMBUSTION TURBINE,Unit,11994813,EPACAMD,6652CAMDUNITCT01,6652;CT01,6652,CT01,10/29/2014,,Yes
UT,49,,49035,Salt Lake,7684911,UTDAQ,12495,West Valley Power Holdings LLC,Utah Municipal Power Agency: West Valley Power Plant,Unit,12122113,EPACAMD,55622CAMDUNITU5,55622;U5,55622,U5,10/6/2014,,Yes
UT,49,,49035,Salt Lake,7684911,UTDAQ,12495,West Valley Power Holdings LLC,Utah Municipal Power Agency: West Valley Power Plant,Unit,12121813,EPACAMD,55622CAMDUNITU2,55622;U2,55622,U2,10/6/2014,,Yes
TX,48,,48343,Morris,7652411,TXCEQ,2,SOUTHWESTERN ELECTRIC POWER COMPANY,LONE STAR POWER PLANT,Unit,12174513,EPACAMD,3477CAMDUNIT1,3477;1,3477,1,9/23/2011,,Yes
SC,45,,45015,Berkeley,4834711,SCDHEC,0420-0003,Santee Cooper,SANTEE COOPER JEFFERIES,Unit,31810413,EPACAMD,3319CAMDUNIT3,3319;3,3319,3,8/8/2011,,Yes
SC,45,,45015,Berkeley,4834711,SCDHEC,0420-0003,Santee Cooper,SANTEE COOPER JEFFERIES,Unit,31810713,EPACAMD,3319CAMDUNIT2,3319;2,3319,2,4/28/2014,,Yes
TX,48,,48201,Harris,4777911,TXCEQ,46,NRG TEXAS POWER LLC,GREENS BAYOU ELECTRIC GENERATING STATION,Unit,31930513,EPACAMD,3464CAMDUNITGBY84,3464;GBY84,3464,GBY84,8/21/2014,,Yes
NY,36,,36037,Genesee,8462711,NYDEC,8180200045,SENECA POWER PARTNERS LP,BATAVIA POWER PLANT,Unit,1616913,EPACAMD,54593CAMDUNIT1,54593;1,54593,1,10/29/2014,,Yes
NY,36,,36071,Orange,8427711,NYDEC,3334600011,DYNEGY NORTHEAST GENERATION,DANSKAMMER GENERATING STATION,Unit,1625313,EPACAMD,2480CAMDUNIT1,2480;1,2480,1,9/23/2011,,Yes
NY,36,,36071,Orange,8427711,NYDEC,3334600011,DYNEGY NORTHEAST GENERATION,DANSKAMMER GENERATING STATION,Unit,1625013,EPACAMD,2480CAMDUNIT2,2480;2,2480,2,9/23/2011,,Yes
NC,37,,37021,Buncombe,8392811,NCBCRAQA,628,"Progress Energy Carolinas, Inc.","Duke Energy Progress , Inc. - Asheville Steam Electric Plant",Unit,1654413,EPACAMD,2706CAMDUNIT4,2706;4,2706,4,9/23/2011,,Yes
NH,33,,33007,Coos,7867011,NHDES,3300700087,,PSNH - LOST NATION STATION,Unit,3385313,EPACAMD,2362CAMDUNITCT1,2362;CT1,2362,CT1,6/20/2018,,Yes
NY,36,,36001,Albany,7801011,NYDEC,4012200044,PSEG POWER NEW YORK INC,BETHLEHEM ENERGY CENTER,Unit,3435313,EPACAMD,2539CAMDUNIT4,2539;4,2539,4,12/6/2014,,Yes
NY,36,,36001,Albany,7801011,NYDEC,4012200044,PSEG POWER NEW YORK INC,BETHLEHEM ENERGY CENTER,Unit,64136913,EPACAMD,2539CAMDUNIT10003,2539;10003,2539,10003,8/14/2014,12/31/2049,Yes
PA,42,,42045,Delaware,6662011,PADEP,420450014,CONSTELLATION ENERGY GENERATION LLC,CONSTELLATION ENERGY GENERATION LLC/EDDYSTONE,Unit,17764413,EPACAMD,3161CAMDUNIT2,3161;2,3161,2,8/8/2011,,Yes
PA,42,,42021,Cambria,6594511,PADEP,420210046,CAMBRIA COGEN I LLC,CAMBRIA COGEN EBENSBURG FAC,Unit,17844813,EPACAMD,10641CAMDUNIT1,10641;1,10641,1,8/8/2011,,Yes
TX,48,,48021,Bastrop,3981511,TXCEQ,2,LOWER COLORADO RIVER AUTHORITY,SIM GIDEON POWER PLANT,Unit,35536213,EPACAMD,3601CAMDUNIT1,3601;1,3601,1,8/8/2011,,Yes
TX,48,,48021,Bastrop,3981311,TXCEQ,12,GENTEX POWER CORPORATION,LOST PINES 1 POWER PLANT,Unit,35539313,EPACAMD,55154CAMDUNIT1,55154;1,55154,1,8/8/2011,,Yes
CA,6,,6111,Ventura,3943511,CARB,56113465,"ORMOND BEACH POWER, LLC",ORMOND BEACH GENERATING STATION,Unit,35586513,EPACAMD,350CAMDUNIT2,350;2,350,2,10/8/2014,,Yes
WY,56,,56037,Sweetwater,3962711,WYDEQ,645,PacifiCorp,Jim Bridger Plant,Unit,72208313,EPACAMD,8066CAMDUNITBW74,8066;BW74,8066,BW74,8/8/2011,,Yes
TX,48,,48401,Rusk,4207311,TXCEQ,11,LUMINANT GENERATION COMPANY LLC,MARTIN LAKE ELECTRICAL STATION,Unit,35676413,EPACAMD,6146CAMDUNIT1,6146;1,6146,1,8/8/2011,,Yes
TX,48,,48335,Mitchell,4204911,TXCEQ,1,LUMINANT GENERATION COMPANY LLC,MORGAN CREEK STEAM ELECTRIC STATION,Unit,35745513,EPACAMD,3492CAMDUNIT6,3492;6,3492,6,10/8/2014,,Yes
TX,48,,48335,Mitchell,4204911,TXCEQ,1,LUMINANT GENERATION COMPANY LLC,MORGAN CREEK STEAM ELECTRIC STATION,Unit,35745313,EPACAMD,3492CAMDUNIT5,3492;5,3492,5,10/8/2014,,Yes
TX,48,,48335,Mitchell,4204911,TXCEQ,1,LUMINANT GENERATION COMPANY LLC,MORGAN CREEK STEAM ELECTRIC STATION,Unit,35744813,EPACAMD,3492CAMDUNITCT5,3492;CT5,3492,CT5,8/8/2011,,Yes
OH,39,,39033,Crawford,9289211,OHEPA,317030060,,AMP Galion Generation Station (0317030060),Unit,55698513,EPACAMD,55263CAMDUNITCT1,55263;CT1,55263,CT1,10/27/2014,,Yes
OH,39,,39017,Butler,9303411,OHEPA,1409000896,,"Duke Energy Indiana, Madison Generating Station (1409000896)",Unit,55574813,EPACAMD,55110CAMDUNIT5,55110;5,55110,5,9/23/2014,,Yes
OH,39,,39017,Butler,9303411,OHEPA,1409000896,,"Duke Energy Indiana, Madison Generating Station (1409000896)",Unit,55544313,EPACAMD,55110CAMDUNIT1,55110;1,55110,1,9/23/2014,,Yes
FL,12,,12097,Osceola,7940911,FLDEP,970071,Reliant Energy Wholesale Generation LLC,ORLANDO UTILITIES COMMISSION,Unit,2544813,EPACAMD,55192CAMDUNITOSC3,55192;OSC3,55192,OSC3,8/15/2014,,Yes
TX,48,,48487,Wilbarger,7927311,TXCEQ,10,OKLAUNION INDUSTRIAL PARK LLC,OKLAUNION INDUSTRIAL PARK,Unit,2546713,EPACAMD,127CAMDUNIT1,127;1,127,1,8/8/2011,,Yes
TX,48,,48353,Nolan,7924311,TXCEQ,25,LUMINANT GENERATION CO LLC,SWEETWATER GENERATING PLANT,Unit,2566113,EPACAMD,50615CAMDUNITGT03,50615;GT03,50615,GT03,8/8/2011,,Yes
TX,48,,48277,Lamar,7910611,TXCEQ,20,LUMINANT GENERATION COMPANY LLC,LAMAR POWER PLANT,Unit,2567413,EPACAMD,55097CAMDUNIT4,55097;4,55097,4,8/8/2011,,Yes
TX,48,,48203,Harrison,7908711,TXCEQ,59,EASTMAN COGENERATION LP,EASTMAN COGENERATION FACILITY,Unit,2580313,EPACAMD,55176CAMDUNIT1,55176;1,55176,1,8/8/2011,,Yes
TX,48,,48203,Harrison,7908711,TXCEQ,59,EASTMAN COGENERATION LP,EASTMAN COGENERATION FACILITY,Unit,2580113,EPACAMD,55176CAMDUNIT2,55176;2,55176,2,8/8/2011,,Yes
TX,48,,48201,Harris,7907811,TXCEQ,1444,NRG TEXAS POWER LLC,SAN JACINTO STEAM ELECTRIC STATION,Unit,2583913,EPACAMD,7325CAMDUNITSJS2,7325;SJS2,7325,SJS2,8/8/2011,,Yes
MD,24,,24510,Baltimore city,6572611,MDDOE,510-0006,Baltimore Gas & Electric Company,Constellation Energy Group - Westport,Unit,88044713,EPACAMD,1560CAMDUNITCT5,1560;CT5,1560,CT5,10/1/2014,,Yes
PA,42,,42017,Bucks,9202811,PADEP,420170131,FAIRLESS ENERGY LLC,FAIRLESS ENERGY LLC/FALLS TWP,Unit,57827513,EPACAMD,55298CAMDUNIT2B,55298;2B,55298,2B,8/8/2011,,Yes
NC,37,,37083,Halifax,8048111,NCDAQ,3708300174,"ROVA Venture, LLC",Roanoke Valley Energy Facility,Unit,6362813,EPACAMD,54035CAMDUNIT1,54035;1,54035,1,8/8/2011,,Yes
NY,36,,36081,Queens,7982311,NYDEC,2630100185,ASTORIA GENERATING COMPANY LP,ASTORIA GENERATING STATION,Unit,6450913,EPACAMD,8906CAMDUNIT30,8906;30,8906,30,12/6/2002,12/31/2010,Yes
NY,36,,36081,Queens,7982311,NYDEC,2630100185,ASTORIA GENERATING COMPANY LP,ASTORIA GENERATING STATION,Unit,6450813,EPACAMD,8906CAMDUNIT52SH,8906;52SH,8906,52SH,8/14/2014,12/31/2049,Yes
NY,36,,36081,Queens,7982311,NYDEC,2630100185,ASTORIA GENERATING COMPANY LP,ASTORIA GENERATING STATION,Unit,6450613,EPACAMD,8906CAMDUNIT40,8906;40,8906,40,12/6/2002,12/31/2010,Yes
NY,36,,36067,Onondaga,7981811,NYDEC,7313200052,SYRACUSE ENERGY CORPORATION,SYRACUSE ENERGY CORPORATION,Unit,6453613,EPACAMD,50651CAMDUNITBLR5,50651;BLR5,50651,BLR5,8/14/2014,12/31/2049,Yes
NY,36,,36067,Onondaga,7981811,NYDEC,7313200052,SYRACUSE ENERGY CORPORATION,SYRACUSE ENERGY CORPORATION,Unit,6453613,EPACAMD,50651CAMDUNITBLR2,50651;BLR2,50651,BLR2,8/14/2014,12/31/2049,Yes
NY,36,,36067,Onondaga,7981811,NYDEC,7313200052,SYRACUSE ENERGY CORPORATION,SYRACUSE ENERGY CORPORATION,Unit,6453613,EPACAMD,50651CAMDUNITBLR1,50651;BLR1,50651,BLR1,8/14/2014,12/31/2049,Yes
NY,36,,36075,Oswego,7980511,NYDEC,7351200030,OSWEGO HARBOR POWER LLC,OSWEGO HARBOR POWER,Unit,6466313,EPACAMD,2594CAMDUNIT5,2594;5,2594,5,8/8/2011,,Yes
NC,37,,37049,Craven,7980211,NCDAQ,3704900104,International Paper Company,International Paper - New Bern Mill,Unit,6476213,EPACAMD,50188CAMDUNIT6,50188;6,50188,6,2/12/2018,,Yes
OK,40,,40131,Rogers,8212411,OKDEQ,212,PUBLIC SERVICE COMPANY OF OKLAHOMA,PSO NORTHEASTERN POWER STATION,Unit,6698513,EPACAMD,2963CAMDUNIT3302,2963;3302,2963,3302,8/8/2011,,Yes
NE,31,,31079,Hall,8212011,NEDEQ,58027,Grand Island Utilities Dept,Platte Generating Station,Unit,6705013,EPACAMD,59CAMDUNIT1,59;1,59,1,8/8/2011,,Yes
NV,32,,32003,Clark,8211211,NVCCDAQM,7,Nevada Power Company,Nevada Power Clark Station,Unit,67144913,EPACAMD,2322CAMDUNIT20A,2322;20A,2322,20A,10/5/2014,12/31/2049,Yes
NV,32,,32003,Clark,8211211,NVCCDAQM,7,Nevada Power Company,Nevada Power Clark Station,Unit,67144313,EPACAMD,2322CAMDUNIT14A,2322;14A,2322,14A,10/5/2014,12/31/2049,Yes
NV,32,,32003,Clark,8211211,NVCCDAQM,7,Nevada Power Company,Nevada Power Clark Station,Unit,67144813,EPACAMD,2322CAMDUNIT19A,2322;19A,2322,19A,10/5/2014,12/31/2049,Yes
NV,32,,32019,Lyon,8209811,NVBAQ,A0028,SIERRA PACIFIC POWER COMPANY DBA NV ENERGY,FORT CHURCHILL GENERATING STATION,Unit,97830513,EPACAMD,2330CAMDUNIT1,2330;1,2330,1,3/20/2013,,Yes
NH,33,,33013,Merrimack,8178911,NHDES,3301300026,Public Service Of New Hampshire,GSP MERRIMACK LLC,Unit,6757913,EPACAMD,2364CAMDUNIT2,2364;2,2364,2,8/8/2011,,Yes
TX,48,,48361,Orange,5730811,TXCEQ,7,ENTERGY TEXAS INC,SABINE PLANT,Unit,21860813,EPACAMD,3459CAMDUNIT3,3459;3,3459,3,8/8/2011,,Yes
TX,48,,48071,Chambers,5729111,TXCEQ,89,BAYTOWN ENERGY CENTER LLC,BAYTOWN COGENERATION,Unit,21966013,EPACAMD,55327CAMDUNITCTG-3,55327;CTG-3,55327,CTG-3,8/8/2011,,Yes
CO,8,,8087,Morgan,3936111,CODPHE,CO0000000808700027,Colorado Power Partnership,ALTAGAS BRUSH ENERGY - 1500 S CLAYTON ST,Unit,36928013,EPACAMD,10682CAMDUNITGT5,10682;GT5,10682,GT5,10/15/2014,,Yes
CO,8,,8087,Morgan,3936111,CODPHE,CO0000000808700027,Colorado Power Partnership,ALTAGAS BRUSH ENERGY - 1500 S CLAYTON ST,Unit,36928613,EPACAMD,10682CAMDUNITGT4,10682;GT4,10682,GT4,10/15/2014,,Yes
OH,39,,39013,Belmont,8120011,OHEPA,607130015,FirstEnergy Generation Corporation,R. E. BURGER PLANT (0607130015),Unit,5512613,EPACAMD,2864CAMDUNIT6,2864;6,2864,6,8/8/2011,,Yes
OH,39,,39001,Adams,8101311,OHEPA,701000007,Cincinnati Gas & Electric Company,Kingfisher Development LLC - Stuart (0701000007),Unit,5525913,EPACAMD,2850CAMDUNIT2,2850;2,2850,2,8/8/2011,,Yes
OH,39,,39001,Adams,8101311,OHEPA,701000007,Cincinnati Gas & Electric Company,Kingfisher Development LLC - Stuart (0701000007),Unit,5526513,EPACAMD,2850CAMDUNIT1,2850;1,2850,1,8/8/2011,,Yes
ND,38,,38057,Mercer,8086511,NDDEQ,349,Basin Electric Power Cooperative,Basin Electric Power Cooperative - Antelope Valley Station,Unit,64298513,EPACAMD,6469CAMDUNITB2,6469;B2,6469,B2,8/8/2011,,Yes
IL,17,,17063,Grundy,3348811,ILEPA,063800AAJ,Morris Cogeneration LLC,Morris Cogeneration LLC,Unit,59609113,EPACAMD,55216CAMDUNITB-6,55216;B-6,55216,B-6,8/22/2014,,Yes
KS,20,,20121,Miami,9639411,KSDOHE,30,"Evergy, Inc.",Evergy - Osawatomie,Unit,53768113,EPACAMD,7928CAMDUNIT1,7928;1,7928,1,11/7/2014,,Yes
MI,26,,26147,St. Clair,7239111,MIDEQ,B2796,DTE Electric Company,ST. CLAIR / BELLE RIVER POWER PLANT,Unit,7539613,EPACAMD,1743CAMDUNIT6,1743;6,1743,6,8/8/2011,,Yes
MI,26,,26147,St. Clair,7239111,MIDEQ,B2796,DTE Electric Company,ST. CLAIR / BELLE RIVER POWER PLANT,Unit,7539913,EPACAMD,1743CAMDUNIT3,1743;3,1743,3,8/8/2011,,Yes
MI,26,,26147,St. Clair,7239111,MIDEQ,B2796,DTE Electric Company,ST. CLAIR / BELLE RIVER POWER PLANT,Unit,7536413,EPACAMD,6034CAMDUNITCTG121,6034;CTG121,6034,CTG121,10/1/2014,,Yes
NY,36,,36059,Nassau,7223311,NYDEC,1282400947,BETHPAGE ENERGY CENTER 3 LLC,TBG COGEN FACILITY,Unit,64116513,EPACAMD,50292CAMDUNITGT4,50292;GT4,50292,GT4,8/24/2014,,Yes
NY,36,,36059,Nassau,7222811,NYDEC,1282200481,NATIONAL GRID GENERATION LLC,GLENWOOD MAIN POWER STATION,Unit,7558713,EPACAMD,2514CAMDUNITU00020,2514;U00020,2514,U00020,9/24/2014,,Yes
NY,36,,36059,Nassau,7221611,NYDEC,1282000553,NATIONAL GRID CORPORATE SERVICES LLC,EF BARRETT POWER STATION,Unit,118548113,EPACAMD,2511CAMDUNITU00014,2511;U00014,2511,U00014,4/30/2018,12/31/2049,Yes
NY,36,,36059,Nassau,7221611,NYDEC,1282000553,NATIONAL GRID CORPORATE SERVICES LLC,EF BARRETT POWER STATION,Unit,118548113,EPACAMD,2511CAMDUNITU00019,2511;U00019,2511,U00019,4/30/2018,12/31/2049,Yes
TX,48,,48449,Titus,4036111,TXCEQ,3,LUMINANT GENERATION COMPANY LLC,MONTICELLO STEAM ELECTRIC STATION,Unit,34165213,EPACAMD,6147CAMDUNIT3,6147;3,6147,3,8/8/2011,,Yes
TX,48,,48167,Galveston,4021011,TXCEQ,6,PHR HOLDINGS LLC,PH ROBINSON STATION ELECTRIC GENERATING STATION,Unit,126664313,EPACAMD,60264CAMDUNITBCGT1,60264;BCGT1,60264,BCGT1,10/26/2020,,Yes
TX,48,,48183,Gregg,4020611,TXCEQ,7,SOUTHWESTERN ELECTRIC POWER COMPANY,AEP KNOX LEE POWER PLANT,Unit,34366513,EPACAMD,3476CAMDUNIT5,3476;5,3476,5,8/8/2011,,Yes
TX,48,,48187,Guadalupe,4018911,TXCEQ,12,GUADALUPE POWER I LLC,GUADALUPE GENERATING STATION,Unit,34400313,EPACAMD,55153CAMDUNITCTG-2,55153;CTG-2,55153,CTG-2,8/8/2011,,Yes
TX,48,,48157,Fort Bend,3968411,TXCEQ,5,NRG TEXAS POWER LLC,WA PARISH ELECTRIC GENERATING STATION,Unit,34522013,EPACAMD,3470CAMDUNITWAP3,3470;WAP3,3470,WAP3,8/8/2011,,Yes
TX,48,,48157,Fort Bend,3968411,TXCEQ,5,NRG TEXAS POWER LLC,WA PARISH ELECTRIC GENERATING STATION,Unit,34525513,EPACAMD,3470CAMDUNITWAP6,3470;WAP6,3470,WAP6,8/8/2011,,Yes
MO,29,,29077,Greene,7494511,MODNR,5,City Utilities Of Springfield Missouri,CITY UTILITIES OF SPRINGFIELD MISSOURI JAMES RIVER POWER PLANT,Unit,11238613,EPACAMD,2161CAMDUNIT4,2161;4,2161,4,8/8/2011,,Yes
MA,25,,25013,Hampden,5979511,MADEP,420007,MASSPOWER,MASSPOWER LLC,Unit,87406413,EPACAMD,10726CAMDUNIT1,10726;1,10726,1,5/22/2013,,Yes
IL,17,,17167,Sangamon,7377311,ILEPA,167120AAO,City Of Springfield,City Water Light & Power,Unit,10533013,EPACAMD,964CAMDUNIT8,964;8,964,8,8/8/2011,,Yes
IN,18,,18127,Porter,7376611,INDEM,2,Na,Northern Indiana Public Service Company LLC - Bailly Generating Station,Unit,10538413,EPACAMD,995CAMDUNIT10,995;10,995,10,8/8/2011,,Yes
IN,18,,18127,Porter,7376611,INDEM,2,Na,Northern Indiana Public Service Company LLC - Bailly Generating Station,Unit,10538513,EPACAMD,995CAMDUNIT8,995;8,995,8,8/8/2011,,Yes
IN,18,,18051,Gibson,7363111,INDEM,13,Na,Duke Energy Indiana LLC - Gibson Genera,Unit,10574213,EPACAMD,6113CAMDUNIT4,6113;4,6113,4,8/8/2011,,Yes
IN,18,,18051,Gibson,7363111,INDEM,13,Na,Duke Energy Indiana LLC - Gibson Genera,Unit,10573613,EPACAMD,6113CAMDUNIT5,6113;5,6113,5,8/8/2011,,Yes
OH,39,,39155,Trumbull,7328911,OHEPA,278060023,"Orion Power Midwest, LLC","Niles Combustion Turbine (Niles Power, LLC) (0278060023)",Unit,10658113,EPACAMD,2861CAMDUNIT1,2861;1,2861,1,8/8/2011,,Yes
NJ,34,,34019,Hunterdon,7312511,NJDEP,80002,Reliant Energy New Jersey Holdings,Gilbert Generating Station,Unit,10667013,EPACAMD,2393CAMDUNIT9,2393;9,2393,9,10/7/2014,,Yes
NJ,34,,34009,Cape May,5133111,NJDEP,73243,Conectiv Atlantic Generation LLC,Middle Energy Center,Unit,25810013,EPACAMD,2382CAMDUNIT004001,2382;004001,2382,4001,10/9/2014,,Yes
VA,51,,51760,Richmond city,5083411,VADEQ,50988,Dominion - Bellemeade Power Station,Dominion - Bellemeade Power Station,Unit,25876513,EPACAMD,50966CAMDUNIT2,50966;2,50966,2,8/8/2011,,Yes
WI,55,,55009,Brown,5295111,WIDNR,405031990,Wisconsin Public Service Corporation,WI PUBLIC SERVICE CORP - JP PULLIAM PLANT,Unit,25987113,EPACAMD,4072CAMDUNIT3,4072;3,4072,3,10/28/2014,,Yes
WI,55,,55131,Washington,5235111,WIDNR,267006190,Wisconsin Electric Power Company,WISCONSIN ELECTRIC POWER COMPANY D/B/A WE ENERGIES-GERMANTOWN STATION,Unit,25374613,EPACAMD,6253CAMDUNITP33,6253;P33,6253,P33,10/5/2014,,Yes
WI,55,,55131,Washington,5235111,WIDNR,267006190,Wisconsin Electric Power Company,WISCONSIN ELECTRIC POWER COMPANY D/B/A WE ENERGIES-GERMANTOWN STATION,Unit,25374313,EPACAMD,6253CAMDUNITP37,6253;P37,6253,P37,10/5/2014,,Yes
MD,24,,24009,Calvert,5169611,MDDOE,009-0021,"Dominion Energy Cove Point LNG, LP","Dominion Energy Cove Point LNG, LP",Unit,87922013,EPACAMD,59073CAMDUNIT214JA,59073;214JA,59073,214JA,3/3/2021,,Yes
MD,24,,24005,Baltimore,5155011,MDDOE,005-0079,Constellation Power Source Generation Inc.,C. P. Crane LLC,Unit,87895313,EPACAMD,1552CAMDUNIT2,1552;2,1552,2,8/8/2011,,Yes
MO,29,,29095,Jackson,7664111,MODNR,31,"Aquila, Inc",KCP AND L GREATER MISSOURI OPERATIONS CO SIBLEY GENERATING STATION,Unit,12444113,EPACAMD,2094CAMDUNIT3,2094;3,2094,3,8/8/2011,,Yes
MO,29,,29095,Jackson,7663811,MODNR,23,Na,EVERGY INC NORTHEAST STATION,Unit,12447913,EPACAMD,2081CAMDUNIT17,2081;17,2081,17,10/29/2014,,Yes
MO,29,,29095,Jackson,7663811,MODNR,23,Na,EVERGY INC NORTHEAST STATION,Unit,12448013,EPACAMD,2081CAMDUNIT18,2081;18,2081,18,10/29/2014,,Yes
IA,19,,19013,Black Hawk,5524311,IADNR,07-01-038,MIDAMERICAN ENERGY COMPANY,MIDAMERICAN ENERGY CO - ELECTRIFARM TURBINES,Unit,27492213,EPACAMD,6063CAMDUNIT1,6063;1,6063,1,8/24/2014,,Yes
AR,5,,5059,Hot Spring,10504211,ARDEQ,505900337,Arkansas Electric Cooperative Corporation,AECC Magnet Cove Generating Station,Unit,52356613,EPACAMD,55714CAMDUNITSN-01,55714;SN-01,55714,SN-01,10/1/2014,12/31/2049,Yes
MI,26,,26139,Ottawa,7087211,MIDEQ,N6521,Consumers Energy Company,Consumers Energy Co. - Zeeland Generating Station,Unit,14145813,EPACAMD,55087CAMDUNITCC3,55087;CC3,55087,CC3,8/15/2014,12/31/2049,Yes
KS,20,,20113,McPherson,5380511,KSDOHE,46,McPherson Board of Public Utilities,McPherson Mun. Power Plant #3,Unit,27084513,EPACAMD,7515CAMDUNIT1,7515;1,7515,1,11/6/2014,,Yes
WV,54,,54023,Grant,8534011,WVDAQ,14,Virginia Electric & Power Company,NORTH BRANCH POWER STATION,Unit,71949913,EPACAMD,7537CAMDUNIT1B,7537;1B,7537,1B,8/8/2011,,Yes
TX,48,,48475,Ward,8515911,TXCEQ,4,LUMINANT GENERATION COMPANY LLC,PERMIAN BASIN STEAM ELECTRIC STATION,Unit,954413,EPACAMD,3494CAMDUNITCT4,3494;CT4,3494,CT4,8/8/2011,,Yes
GA,13,,13157,Jackson,8500711,GADNR,15700034,,Dahlberg Combustion Turbine Electric Generating Plant,Unit,964513,EPACAMD,7765CAMDUNIT7,7765;7,7765,7,6/29/2013,,Yes
LA,22,,22047,Iberville,8467311,LADEQ08,1409,The Dow Chemical Company,The Dow Chemical Company - Louisiana Operations,Unit,80135613,EPACAMD,55419CAMDUNIT500,55419;500,55419,500,8/8/2011,,Yes
LA,22,,22047,Iberville,8467311,LADEQ08,1409,The Dow Chemical Company,The Dow Chemical Company - Louisiana Operations,Unit,80135813,EPACAMD,55419CAMDUNIT700,55419;700,55419,700,8/8/2011,,Yes
NC,37,,37037,Chatham,8430611,NCDAQ,3703700063,"Progress Energy Service Company, LLC",Progress Energy Carolinas - Cape Fear Plant,Unit,1451913,EPACAMD,2708CAMDUNIT6,2708;6,2708,6,8/8/2011,,Yes
WI,55,,55003,Ashland,6228411,WIDNR,802033320,Northern States Power (Xcel Energy),XCEL ENERGY BAY FRONT GENERATING STATION,Unit,15552213,EPACAMD,3982CAMDUNIT5,3982;5,3982,5,8/8/2011,,Yes
WI,55,,55003,Ashland,6228411,WIDNR,802033320,Northern States Power (Xcel Energy),XCEL ENERGY BAY FRONT GENERATING STATION,Unit,15552413,EPACAMD,3982CAMDUNIT1,3982;1,3982,1,8/8/2011,,Yes
WA,53,,53073,Whatcom,6212411,WAECY,30,"Puget Sound Energy, Inc.",PSE ENCOGEN GENERATING STATION,Unit,15565413,EPACAMD,7870CAMDUNITCT2,7870;CT2,7870,CT2,10/9/2014,,Yes
WV,54,,54099,Wayne,6341911,WVDAQ,81,Appalachian Power Company,Appalachian Power Company - CEREDO ELECTRIC GENERATING STATION,Unit,71750713,EPACAMD,55276CAMDUNIT02,55276;02,55276,2,4/17/2014,,Yes
WV,54,,54099,Wayne,6341811,WVDAQ,80,"BIG SANDY PEAKER, LLC",BIG SANDY PEAKER PLANT,Unit,71745813,EPACAMD,55284CAMDUNITGS07,55284;GS07,55284,GS07,8/23/2014,,Yes
WV,54,,54099,Wayne,6341811,WVDAQ,80,"BIG SANDY PEAKER, LLC",BIG SANDY PEAKER PLANT,Unit,71746113,EPACAMD,55284CAMDUNITGS10,55284;GS10,55284,GS10,8/23/2014,,Yes
IN,18,,18083,Knox,4479311,INDEM,41,Na,Duke Energy Indiana LLC. - Wheatland Ge,Unit,28308213,EPACAMD,55224CAMDUNITEU-01,55224;EU-01,55224,EU-01,8/15/2014,,Yes
IL,17,,17173,Shelby,4725911,ILEPA,173801AAA,"Reliant Energy Wholesale Generation, LLC",Shelby County Energy Center,Unit,28334713,EPACAMD,55237CAMDUNITSCE3,55237;SCE3,55237,SCE3,9/23/2011,,Yes
IN,18,,18127,Porter,4691211,INDEM,67,Na,PORTSIDE ENERGY LLC,Unit,28341413,EPACAMD,55096CAMDUNITBLR1,55096;BLR1,55096,BLR1,8/24/2014,,Yes
IN,18,,18127,Porter,4691211,INDEM,67,Na,PORTSIDE ENERGY LLC,Unit,28341313,EPACAMD,55096CAMDUNITBLR2,55096;BLR2,55096,BLR2,8/24/2014,,Yes
OH,39,,39017,Butler,8455211,OHEPA,1409120656,"Duke Energy Kentucky, Inc","Duke Energy Kentucky, Woodsdale Generating Station (1409120656)",Unit,304013,EPACAMD,7158CAMDUNIT**GT3,7158;**GT3,7158,**GT3,8/8/2011,,Yes
SC,45,,45021,Cherokee,8421611,SCDHEC,0600-0081,"Duke Energy Carolinas, LLC",DUKE ENERGY CAROLINAS LLC MILL CREEK COM,Unit,99910813,EPACAMD,7981CAMDUNIT8,7981;8,7981,8,4/29/2014,,Yes
PA,42,,42003,Allegheny,8404911,PAACHD,4200300158,GENON POWER MIDWEST LP,NRG POWER MIDWEST L.P../BRUNOT ISLE POWER PLT,Unit,98943513,EPACAMD,3096CAMDUNIT1A,3096;1A,3096,1A,10/7/2014,,Yes
OH,39,,39093,Lorain,6371011,OHEPA,247080487,FirstEnergy Generation Corporation,West Lorain Power Plant (0247080487),Unit,15958413,EPACAMD,2869CAMDUNIT3,2869;3,2869,3,10/9/2014,,Yes
OH,39,,39093,Lorain,6371011,OHEPA,247080487,FirstEnergy Generation Corporation,West Lorain Power Plant (0247080487),Unit,15957913,EPACAMD,2869CAMDUNIT5,2869;5,2869,5,10/9/2014,,Yes
AL,1,,1063,Greene,1036811,ADEM,1,Alabama Power Company,Alabama Power Company,Unit,47691413,EPACAMD,10CAMDUNITCT2,10;CT2,10,CT2,9/23/2011,,Yes
AL,1,,1063,Greene,1036811,ADEM,1,Alabama Power Company,Alabama Power Company,Unit,47691713,EPACAMD,10CAMDUNITCT5,10;CT5,10,CT5,9/23/2011,,Yes
AL,1,,1071,Jackson,1018911,ADEM,8,Tennessee Valley Authority,TVA Widows Creek,Unit,47716713,EPACAMD,50CAMDUNIT6,50;6,50,6,8/8/2011,,Yes
AL,1,,1071,Jackson,1018911,ADEM,8,Tennessee Valley Authority,TVA Widows Creek,Unit,47716213,EPACAMD,50CAMDUNIT4,50;4,50,4,8/8/2011,,Yes
AL,1,,1039,Covington,967611,ADEM,1,"Alabama Electric Cooperative, Inc",PowerSouth Energy Cooperative Inc,Unit,47843913,EPACAMD,533CAMDUNIT**4,533;**4,533,**4,8/14/2014,,Yes
AL,1,,1117,Shelby,949211,ADEM,5,Alabama Power Company,Alabama Power Company,Unit,47875113,EPACAMD,26CAMDUNIT4,26;4,26,4,8/8/2011,,Yes
CO,8,,8031,Denver,1699811,CODPHE,CO0000000803100008,Black Hills Colorado LLC,SWG ARAPAHOE - ARAPAHOE GENERATING,Unit,44963213,EPACAMD,55200CAMDUNITCT5,55200;CT5,55200,CT5,10/14/2014,12/31/2049,Yes
OR,41,,41059,Umatilla,1099311,ORDEQ,30-0118,Hermiston Power LLC,Hermiston Power,Unit,68339113,EPACAMD,55328CAMDUNITCTG-1,55328;CTG-1,55328,CTG-1,8/8/2011,,Yes
CA,6,,6029,Kern,361111,CARB,1514303746,SUNRISE POWER CO,SUNRISE POWER CO,Unit,50311813,EPACAMD,55182CAMDUNITCTG1,55182;CTG1,55182,CTG1,8/8/2011,,Yes
VA,51,,51195,Wise,16530111,VADEQ,11526,Dominion - Virginia City Hybrid Energy Center,Dominion - Virginia City Hybrid Energy Center,Unit,105638013,EPACAMD,56808CAMDUNIT1,56808;1,56808,1,11/4/2013,,Yes
WA,53,,53027,Grays Harbor,12582311,WAORCAA,1186,,Grays Harbor Energy,Unit,63396313,EPACAMD,7999CAMDUNIT1,7999;1,7999,1,10/8/2014,,Yes
KY,21,,21145,McCracken,15073911,KYDAQ,2114500096,,Paducah Power System - PPS Power Plant # 1,Unit,94795913,EPACAMD,56556CAMDUNITEU02A,56556;EU02A,56556,EU02A,10/10/2014,12/31/2049,Yes
KY,21,,21145,McCracken,15073911,KYDAQ,2114500096,,Paducah Power System - PPS Power Plant # 1,Unit,94795913,EPACAMD,56556CAMDUNITEU01B,56556;EU01B,56556,EU01B,10/10/2014,12/31/2049,Yes
CA,6,,6065,Riverside,17228711,CARB,3.32E+11,SENTINEL ENERGY CENTER LLC,SENTINEL ENERGY CENTER LLC,Unit,119857313,EPACAMD,57482CAMDUNIT5,57482;5,57482,5,5/28/2018,,Yes
CA,6,,6065,Riverside,17228711,CARB,3.32E+11,SENTINEL ENERGY CENTER LLC,SENTINEL ENERGY CENTER LLC,Unit,119857213,EPACAMD,57482CAMDUNIT4,57482;4,57482,4,5/28/2018,,Yes
CA,6,,6013,Contra Costa,17414411,CARB,7130319169,MARSH LANDING LLC (MARSH LANDING GENERATING STA ),MARSH LANDING LLC (MARSH LANDING GENERATING STA ),Unit,120129713,EPACAMD,57267CAMDUNIT4,57267;4,57267,4,5/26/2017,,Yes
TX,48,,48141,El Paso,16861411,TXCEQ,743,EL PASO ELECTRIC COMPANY,MONTANA POWER STATION,Unit,126712213,EPACAMD,58562CAMDUNITGT-4,58562;GT-4,58562,GT-4,3/25/2018,,Yes
VA,51,,51187,Warren,17644211,VADEQ,81391,Dominion,Dominion - Warren,Unit,122161213,EPACAMD,55939CAMDUNIT1B,55939;1B,55939,1B,4/10/2017,,Yes
VA,51,,51187,Warren,17644211,VADEQ,81391,Dominion,Dominion - Warren,Unit,122161113,EPACAMD,55939CAMDUNIT1A,55939;1A,55939,1A,4/10/2017,,Yes
MN,27,,27013,Blue Earth,13597611,MNPCA,2701300098,,Mankato Energy Center,Unit,112599113,EPACAMD,56104CAMDUNITCT-1,56104;CT-1,56104,CT-1,1/25/2021,,Yes
MN,27,,27151,Swift,13603611,MNPCA,2715100038,,Benson Power Biomass Plant,Unit,79734913,EPACAMD,55867CAMDUNITBLR-1,55867;BLR-1,55867,BLR-1,8/8/2011,,Yes
,,"Navajo Nation, Arizona, New Mexico & Utah",88780,,13606211,TR780,NN-ROP 05-06,Salt River Project,NAVAJO GENERATING STATION,Unit,79759613,EPACAMD,4941CAMDUNIT3,4941;3,4941,3,8/8/2011,,Yes
GA,13,,13149,Heard,15559111,GADNR,14900005,,Hawk Road Energy Facility,Unit,97989013,EPACAMD,55141CAMDUNITCT3,55141;CT3,55141,CT3,10/8/2014,,Yes
FL,12,,12127,Volusia,2797311,FLDEP,1270028,Progress Energy Corporation,"DUKE ENERGY FLORIDA, LLC",Unit,40825713,EPACAMD,6046CAMDUNIT**7,6046;**7,6046,**7,8/8/2011,,Yes
CA,6,,6073,San Diego,593911,CARB,3712278469,GOAL LINE LP,GOAL LINE LP,Unit,78730613,EPACAMD,54749CAMDUNIT1,54749;1,54749,1,8/15/2018,,Yes
LA,22,,22019,Calcasieu,18977011,LADEQ08,202543,Entergy Louisiana LLC,Entergy Louisiana LLC - Lake Charles Power Station,Unit,140487413,EPACAMD,60927CAMDUNIT1B,60927;1B,60927,1B,2/27/2023,12/31/2049,Yes
LA,22,,22019,Calcasieu,18977011,LADEQ08,202543,Entergy Louisiana LLC,Entergy Louisiana LLC - Lake Charles Power Station,Unit,140487413,EPACAMD,60927CAMDUNIT1A,60927;1A,60927,1A,2/27/2023,12/31/2049,Yes
ND,38,,38105,Williams,18983011,NDDEQ,1532,Basin Electric Power Cooperative,Basin Electric Power Cooperative - Pioneer Generation Station,Unit,137155913,EPACAMD,57881CAMDUNITCT1,57881;CT1,57881,CT1,2/6/2021,,Yes
NJ,34,,34011,Cumberland,18994411,NJDEP,75808,,VMEU - Clayville Station,Unit,137443913,EPACAMD,58235CAMDUNITU1,58235;U1,58235,U1,2/8/2021,,Yes
WY,56,,56005,Campbell,7844911,WYDEQ,134,Black Hills Power Incorporated,Neil Simpson Two,Unit,72202313,EPACAMD,7504CAMDUNIT001,7504;001,7504,1,8/8/2011,,Yes
NY,36,,36085,Richmond,7844111,NYDEC,2640300014,ARTHUR KILL POWER LLC,ARTHUR KILL GENERATING STATION,Unit,3597513,EPACAMD,2490CAMDUNITCT0001,2490;CT0001,2490,CT0001,8/15/2014,,Yes
FL,12,,12011,Broward,591711,FLDEP,110037,Florida Power & Light Company,LAUDERDALE POWER PLANT,Unit,125612913,EPACAMD,613CAMDUNITPFL6E,613;PFL6E,613,PFL6E,12/17/2018,,No
FL,12,,12011,Broward,591711,FLDEP,110037,Florida Power & Light Company,LAUDERDALE POWER PLANT,Unit,125613013,EPACAMD,613CAMDUNITPFL6A,613;PFL6A,613,PFL6A,12/17/2018,,Yes
FL,12,,12011,Broward,591711,FLDEP,110037,Florida Power & Light Company,LAUDERDALE POWER PLANT,Unit,46118913,EPACAMD,613CAMDUNITGFL12,613;GFL12,613,GFL12,8/15/2014,12/31/2049,Yes
FL,12,,12011,Broward,591711,FLDEP,110037,Florida Power & Light Company,LAUDERDALE POWER PLANT,Unit,46119513,EPACAMD,613CAMDUNITGFL16,613;GFL16,613,GFL16,8/18/2014,12/31/2049,Yes
FL,12,,12011,Broward,591611,FLDEP,110036,Florida Power & Light Company,PORT EVERGLADES ENERGY CENTER,Unit,106523613,EPACAMD,617CAMDUNITPECT5A,617;PECT5A,617,PECT5A,5/26/2017,,Yes
FL,12,,12011,Broward,591611,FLDEP,110036,Florida Power & Light Company,PORT EVERGLADES ENERGY CENTER,Unit,46121213,EPACAMD,617CAMDUNITGPE07,617;GPE07,617,GPE07,8/15/2014,12/31/2049,Yes
FL,12,,12011,Broward,591611,FLDEP,110036,Florida Power & Light Company,PORT EVERGLADES ENERGY CENTER,Unit,46121313,EPACAMD,617CAMDUNITPPE3,617;PPE3,617,PPE3,8/8/2011,,Yes
FL,12,,12011,Broward,591611,FLDEP,110036,Florida Power & Light Company,PORT EVERGLADES ENERGY CENTER,Unit,46121413,EPACAMD,617CAMDUNITPPE4,617;PPE4,617,PPE4,8/8/2011,,Yes
FL,12,,12011,Broward,591611,FLDEP,110036,Florida Power & Light Company,PORT EVERGLADES ENERGY CENTER,Unit,106523713,EPACAMD,617CAMDUNITPECT5B,617;PECT5B,617,PECT5B,5/26/2017,,Yes
FL,12,,12009,Brevard,591211,FLDEP,90196,Reliant Energy Florida LLC,"GENON FLORIDA, LP Indian River",Unit,46122913,EPACAMD,55318CAMDUNIT3,55318;3,55318,3,8/8/2011,,Yes
FL,12,,12009,Brevard,591111,FLDEP,90180,Oleander Power Project LP,"OLEANDER POWER PROJECT, LP",Unit,46123713,EPACAMD,55286CAMDUNITO-1,55286;O-1,55286,O-1,8/8/2011,,Yes
CT,9,,9003,Hartford,589711,CTBAM,T213P0001C08095,"ALGONQUIN POWER MGMT, INC",ALGONQUIN POWER WINDSOR LOCKS,Unit,46138613,EPACAMD,10567CAMDUNITGT1,10567;GT1,10567,GT1,8/8/2011,,Yes
FL,12,,12049,Hardee,588511,FLDEP,490043,Vandolah Power Company LLC,"VANDOLAH POWER COMPANY, LLC",Unit,46159013,EPACAMD,55415CAMDUNITGT401,55415;GT401,55415,GT401,8/15/2014,,Yes
DE,10,,10003,New Castle,588311,DEDNR,1000300016,"Delaware City Refining, LLC",Delaware City Refinery,Unit,46165013,EPACAMD,52193CAMDUNIT37H1,52193;37H1,52193,37H1,2/12/2018,,Yes
DE,10,,10003,New Castle,588311,DEDNR,1000300016,"Delaware City Refining, LLC",Delaware City Refinery,Unit,46167213,EPACAMD,52193CAMDUNITCATCOB,52193;CATCOB,52193,CATCOB,2/12/2018,,Yes
DE,10,,10001,Kent,588111,DEDNR,1000100002,City of Dover,McKee Run Generating Station,Unit,46181713,EPACAMD,599CAMDUNIT1,599;1,599,1,11/6/2014,,Yes
FL,12,,12095,Orange,845411,FLDEP,950137,Florida Municipal Power Agency,ORLANDO UTILITIES COMMISSION,Unit,46192513,EPACAMD,564CAMDUNIT1,564;1,564,1,8/8/2011,,Yes
FL,12,,12127,Volusia,845211,FLDEP,1270009,Florida Power & Light Company,FLORIDA POWER & LIGHT (PSN),Unit,67204213,EPACAMD,620CAMDUNITSNCT4D,620;SNCT4D,620,SNCT4D,8/8/2011,,Yes
FL,12,,12127,Volusia,845211,FLDEP,1270009,Florida Power & Light Company,FLORIDA POWER & LIGHT (PSN),Unit,67203913,EPACAMD,620CAMDUNITSNCT4A,620;SNCT4A,620,SNCT4A,8/8/2011,,Yes
FL,12,,12127,Volusia,845211,FLDEP,1270009,Florida Power & Light Company,FLORIDA POWER & LIGHT (PSN),Unit,46194113,EPACAMD,620CAMDUNITSNCT5A,620;SNCT5A,620,SNCT5A,8/8/2011,,Yes
CT,9,,9001,Fairfield,843611,CTBAM,T137P0014C07741,"NRG ENERGY, INC.","NORWALK POWER, LLC",Unit,46206413,EPACAMD,548CAMDUNIT10,548;10,548,10,6/11/2013,,Yes
WV,54,,54079,Putnam,6789111,WVDAQ,6,APPALACHIAN POWER COMPANY,APPALACHIAN POWER COMPANY - JOHN E AMOS PLANT,Unit,71713213,EPACAMD,3935CAMDUNITAUX3,3935;AUX3,3935,AUX3,12/6/2014,,Yes
WV,54,,54079,Putnam,6789111,WVDAQ,6,APPALACHIAN POWER COMPANY,APPALACHIAN POWER COMPANY - JOHN E AMOS PLANT,Unit,71713113,EPACAMD,3935CAMDUNITAUX1,3935;AUX1,3935,AUX1,12/6/2014,,Yes
WV,54,,54079,Putnam,6789111,WVDAQ,6,APPALACHIAN POWER COMPANY,APPALACHIAN POWER COMPANY - JOHN E AMOS PLANT,Unit,71712913,EPACAMD,3935CAMDUNIT2,3935;2,3935,2,8/8/2011,,Yes
WV,54,,54077,Preston,6776811,WVDAQ,1,Monongahela Power Company,MONONGAHELA POWER CO - ALBRIGHT P.S.,Unit,71938813,EPACAMD,3942CAMDUNIT2,3942;2,3942,2,8/8/2011,,Yes
WV,54,,54073,Pleasants,6776411,WVDAQ,22,Pleasants Energy LLC.,"PLEASANTS ENERGY, LLC",Unit,71803913,EPACAMD,55349CAMDUNIT2,55349;2,55349,2,5/30/2018,,Yes
MO,29,,29189,St. Louis,6829111,MODNR,23,Na,AMEREN MISSOURI-HOWARD BEND COMBUSTION TURBINE,Unit,13784713,EPACAMD,2102CAMDUNITCT1B,2102;CT1B,2102,CT1B,10/29/2014,12/31/2049,Yes
NV,32,,32003,Clark,6815511,NVCCDAQM,8,NEVADA POWER COMPANY,Nevada Power Sunrise Station,Unit,13799713,EPACAMD,2326CAMDUNIT1,2326;1,2326,1,8/8/2011,,Yes
PA,42,,42101,Philadelphia,3915211,PACOP,4210104903,CONSTELLATION ENERGY GENERATION LLC,EXELON GENERATING CO/RICHMOND,Unit,103756813,EPACAMD,3168CAMDUNIT92,3168;92,3168,92,10/18/2014,,Yes
PA,42,,42075,Lebanon,3897711,PADEP,420750069,AES Ironwood LLC,HELIX IRONWOOD LLC/LEBANON,Unit,37131913,EPACAMD,55337CAMDUNIT0001,55337;0001,55337,1,8/8/2011,,Yes
PA,42,,42095,Northampton,3883511,PADEP,420950254,CONECTIV BETHLEHEM LLC,CALPINE BETHLEHEM LLC/BETHLEHEM,Unit,67547813,EPACAMD,55690CAMDUNIT7,55690;7,55690,7,9/29/2014,,Yes
PA,42,,42005,Armstrong,3866811,PADEP,420050121,"Armstrong Energy, Ltd. Part LLP",ARMSTRONG POWER/S BEND,Unit,37160913,EPACAMD,55347CAMDUNIT3,55347;3,55347,3,7/22/2012,,Yes
MO,29,,29007,Audrain,6998911,MODNR,53,Audrain Generating LLC,AMEREN MISSOURI AUDRAIN POWER STATION,Unit,109323413,EPACAMD,55234CAMDUNITCT5,55234;CT5,55234,CT5,1/1/2013,,Yes
MO,29,,29007,Audrain,6998911,MODNR,53,Audrain Generating LLC,AMEREN MISSOURI AUDRAIN POWER STATION,Unit,109323213,EPACAMD,55234CAMDUNITCT3,55234;CT3,55234,CT3,1/1/2013,,Yes
MN,27,,27061,Itasca,6173211,MNPCA,2706100004,"Wisconsin Public Power, Inc.",Minnesota Power - Boswell Energy Center,Unit,15284313,EPACAMD,1893CAMDUNIT3,1893;3,1893,3,8/8/2011,,Yes
MN,27,,27061,Itasca,6173211,MNPCA,2706100004,"Wisconsin Public Power, Inc.",Minnesota Power - Boswell Energy Center,Unit,15285513,EPACAMD,1893CAMDUNIT2,1893;2,1893,2,8/8/2011,,Yes
AZ,4,,4027,Yuma,1013411,AZDEQ,9955,ARIZONA PUBLIC SERVICE CO,APS - YUCCA POWER PLANT,Unit,88712013,EPACAMD,120CAMDUNITCT5,120;CT5,120,CT5,10/13/2014,,Yes
AZ,4,,4021,Pinal,1032711,Pinal,EGUSundance,Arizona Public Service Company,Sundance Power Plant,Unit,62911013,EPACAMD,55522CAMDUNITCT01,55522;CT01,55522,CT01,10/9/2014,,Yes
AZ,4,,4021,Pinal,1032711,Pinal,EGUSundance,Arizona Public Service Company,Sundance Power Plant,Unit,48098813,EPACAMD,55522CAMDUNITCT02,55522;CT02,55522,CT02,10/9/2014,,Yes
AZ,4,,4019,Pima,977911,PIMA,1052,Tucson Electric Power Company,Irvington,Unit,48108713,EPACAMD,126CAMDUNIT1,126;1,126,1,1/1/2020,,No
TX,48,,48185,Grimes,6436311,TXCEQ,2,TEXAS MUNICIPAL POWER AGENCY,GIBBONS CREEK,Unit,16959513,EPACAMD,6136CAMDUNIT1,6136;1,6136,1,8/8/2011,,Yes
TX,48,,48185,Grimes,6436111,TXCEQ,13,TENASKA FRONTIER PARTNERS LTD,TENASKA FRONTIER GENERATION STATION,Unit,16961013,EPACAMD,55062CAMDUNIT3,55062;3,55062,3,8/8/2011,,Yes
IL,17,,17197,Will,9701111,ILEPA,197899AAC,,LSP University Park LLC,Unit,53540413,EPACAMD,55640CAMDUNITCT02,55640;CT02,55640,CT02,7/25/2012,,Yes
LA,22,,22089,St. Charles,5609311,LADEQ08,83898,Entergy Louisiana LLC,Entergy Louisiana LLC - Waterford 1 & 2 Electric Generating Plant,Unit,80642913,EPACAMD,8056CAMDUNIT1,8056;1,8056,1,8/2/2011,12/31/2049,Yes
LA,22,,22089,St. Charles,5609311,LADEQ08,83898,Entergy Louisiana LLC,Entergy Louisiana LLC - Waterford 1 & 2 Electric Generating Plant,Unit,89569513,EPACAMD,8056CAMDUNIT1,8056;1,8056,1,9/24/2014,12/31/2049,Yes
LA,22,,22089,St. Charles,5609111,LADEQ08,687,Entergy Louisiana LLC,Entergy Louisiana LLC - Little Gypsy Generating Plant,Unit,80583913,EPACAMD,1402CAMDUNIT2,1402;2,1402,2,8/2/2011,12/31/2049,Yes
LA,22,,22089,St. Charles,5609011,LADEQ08,1137,Occidental Chemical Corp,Occidental Chemical Corp - Taft Plant,Unit,82246713,EPACAMD,55089CAMDUNITCT1,55089;CT1,55089,CT1,8/8/2011,,Yes
CA,6,,6085,Santa Clara,9991311,CARB,43130313289,LOS ESTEROS CRITICAL ENERGY FACILITY,LOS ESTEROS CRITICAL ENERGY FACILITY,Unit,54562613,EPACAMD,55748CAMDUNITCTG2,55748;CTG2,55748,CTG2,10/9/2014,,Yes
CA,6,,6077,San Joaquin,10009011,CARB,3914304597,"MRP SAN JOAQUIN ENERGY, LLC, TRACY COMB CYCLE POWER PLANT","MRP SAN JOAQUIN ENERGY, LLC",Unit,57721613,EPACAMD,55933CAMDUNITTPP1,55933;TPP1,55933,TPP1,7/22/2012,,Yes
MA,25,,25027,Worcester,6049311,MADEP,1180211,VISTRA ENERGY CORP.,BLACKSTONE POWER GENERATING LLC,Unit,87676613,EPACAMD,55212CAMDUNIT1,55212;1,55212,1,8/15/2014,,Yes
MO,29,,29069,Dunklin,6031711,MODNR,66,Na,ST FRANCIS POWER PLANT CAMPBELL,Unit,24465413,EPACAMD,7604CAMDUNIT1,7604;1,7604,1,8/8/2011,,Yes
MO,29,,29069,Dunklin,6031711,MODNR,66,Na,ST FRANCIS POWER PLANT CAMPBELL,Unit,24465613,EPACAMD,7604CAMDUNIT2,7604;2,7604,2,8/8/2011,,Yes
MO,29,,29097,Jasper,5338211,MODNR,62,Empire District Electric Company,EMPIRE DISTRICT ELECTRIC CO EMPIRE ENERGY CENTER,Unit,26497113,EPACAMD,6223CAMDUNIT2,6223;2,6223,2,8/8/2011,,Yes
MO,29,,29097,Jasper,5338211,MODNR,62,Empire District Electric Company,EMPIRE DISTRICT ELECTRIC CO EMPIRE ENERGY CENTER,Unit,59036313,EPACAMD,6223CAMDUNIT4B,6223;4B,6223,4B,8/8/2011,,Yes
NM,35,,35031,McKinley,5597111,NMED,911,"Tri- State Generation and Transmission Association, Inc.",Prewitt Escalante Generating Station,Unit,82448113,EPACAMD,87CAMDUNIT1,87;1,87,1,8/8/2011,,Yes
FL,12,,12069,Lake,1970211,FLDEP,694801,,"QUANTUM LAKE POWER, LP",Unit,41785513,EPACAMD,54423CAMDUNITEU003,54423;EU003,54423,EU003,8/8/2011,,Yes
CA,6,,6089,Shasta,1549311,CARB,451628163,REDDING ELECTRIC UTILITY,REDDING POWER PLANT,Unit,84771813,EPACAMD,7307CAMDUNIT5,7307;5,7307,5,10/7/2014,,Yes
CA,6,,6019,Fresno,17418611,CARB,1014307286,MIDWAY PEAKING LLC,MIDWAY PEAKING LLC,Unit,120717213,EPACAMD,56639CAMDUNIT2,56639;2,56639,2,2/24/2020,12/31/2049,Yes
TX,48,,48407,San Jacinto,14748511,TXCEQ,6,EAST TEXAS ELECTRIC COOPERATIVE INC,SAN JACINTO COUNTY PEAKING FACILITY,Unit,90268713,EPACAMD,56603CAMDUNITSJCCT2,56603;SJCCT2,56603,SJCCT2,10/9/2014,,Yes
CA,6,,6101,Sutter,18785511,CARB,51160813009,YUBA CITY ENERGY CENTER,YUBA CITY ENERGY CENTER,Unit,133280213,EPACAMD,10349CAMDUNIT2,10349;2,10349,2,1/1/2017,,Yes
TX,48,,48453,Travis,9071611,TXCEQ,343,CITY OF AUSTIN ELECTRIC UTILITY DEPARTMENT DBA AUSTIN ENERGY,SAND HILL ENERGY CENTER,Unit,92290713,EPACAMD,7900CAMDUNITSH6,7900;SH6,7900,SH6,10/1/2014,,Yes
TX,48,,48453,Travis,9071611,TXCEQ,343,CITY OF AUSTIN ELECTRIC UTILITY DEPARTMENT DBA AUSTIN ENERGY,SAND HILL ENERGY CENTER,Unit,57559513,EPACAMD,7900CAMDUNITSH5,7900;SH5,7900,SH5,8/8/2011,,Yes
VA,51,,51065,Fluvanna,9078811,VADEQ,40995,,"Tenaska Virginia Partners, L.P.",Unit,58376613,EPACAMD,55439CAMDUNITCTGDB1,55439;CTGDB1,55439,CTGDB1,8/15/2014,,Yes
NY,36,,36007,Broome,8380411,NYDEC,7034600045,AES WESTOVER LLC,AES WESTOVER,Unit,1485913,EPACAMD,2526CAMDUNIT13,2526;13,2526,13,10/23/2014,,Yes
MA,25,,25027,Worcester,6468611,MADEP,1201504,MILFORD POWER LLC,MILFORD POWER LLC,Unit,87855913,EPACAMD,54805CAMDUNIT1,54805;1,54805,1,10/13/2014,,Yes
MA,25,,25017,Middlesex,6400011,MADEP,1190500,EXELON FRAMINGHAM LLC,EXELON FRAMINGHAM LLC,Unit,87369413,EPACAMD,1586CAMDUNITFJ-2,1586;FJ-2,1586,FJ-2,6/20/2018,,Yes
MA,25,,25017,Middlesex,6400011,MADEP,1190500,EXELON FRAMINGHAM LLC,EXELON FRAMINGHAM LLC,Unit,87369313,EPACAMD,1586CAMDUNITFJ-1,1586;FJ-1,1586,FJ-1,6/20/2018,,Yes
OH,39,,39129,Pickaway,9242811,OHEPA,165000132,,Darby Electric Generating Station (0165000132),Unit,55201513,EPACAMD,55247CAMDUNITCT2,55247;CT2,55247,CT2,10/1/2014,,Yes
OH,39,,39173,Wood,9253611,OHEPA,387020378,,AMP Bowling Green Peaking Plant (0387020378),Unit,55202913,EPACAMD,55262CAMDUNITCT1,55262;CT1,55262,CT1,10/27/2014,,Yes
ME,23,,23015,Lincoln,8026711,MEDEP,2301500010,,Mason Station LLC (owned by National Resources in CT),Unit,3758713,EPACAMD,1496CAMDUNIT3,1496;3,1496,3,12/6/2014,,Yes
IL,17,,17137,Morgan,4639611,ILEPA,137805AAA,Ameren Energy Generating Company,AmerenEnergy Medina Valley Cogen LLC,Unit,28190213,EPACAMD,864CAMDUNIT01,864;01,864,1,8/8/2011,,Yes
NV,32,,32003,Clark,9398511,NVCCDAQM,1520,,Las Vegas Power Company-Apex Generating Station,Unit,90104113,EPACAMD,55514CAMDUNITCTG02,55514;CTG02,55514,CTG02,10/15/2012,,Yes
NV,32,,32003,Clark,9399011,NVCCDAQM,533,,Nevada Power Company (Harry Allen),Unit,67161113,EPACAMD,7082CAMDUNIT**5,7082;**5,7082,**5,10/8/2014,,Yes
NV,32,,32003,Clark,9399011,NVCCDAQM,533,,Nevada Power Company (Harry Allen),Unit,67161013,EPACAMD,7082CAMDUNIT**6,7082;**6,7082,**6,10/8/2014,,Yes
NV,32,,32003,Clark,9399011,NVCCDAQM,533,,Nevada Power Company (Harry Allen),Unit,55526813,EPACAMD,7082CAMDUNIT**3,7082;**3,7082,**3,10/8/2014,,Yes
NV,32,,32003,Clark,9399211,NVCCDAQM,329,,SWG Nevada Holdings LLC,Unit,55525313,EPACAMD,10761CAMDUNIT1,10761;1,10761,1,10/20/2014,,Yes
IN,18,,18173,Warrick,8183111,INDEM,2,Na,ALCOA Warrick Power Plant AGC Div of Al,Unit,91184513,EPACAMD,6705CAMDUNIT2,6705;2,6705,2,3/21/2013,,Yes
IL,17,,17199,Williamson,8164511,ILEPA,199856AAC,Southern Illinois Power Cooperative,Southern Illinois Power Coop,Unit,60406413,EPACAMD,976CAMDUNIT6,976;6,976,6,10/1/2014,,Yes
IA,19,,19005,Allamakee,5509311,IADNR,03-03-001,IPL/ALLIANT ENERGY,IPL - LANSING GENERATING STATION,Unit,27501613,EPACAMD,1047CAMDUNIT3,1047;3,1047,3,8/8/2011,,Yes
IN,18,,18179,Wells,5507411,INDEM,26,Na,Montpelier Generating Station LLC,Unit,27513213,EPACAMD,55229CAMDUNITG4CT2,55229;G4CT2,55229,G4CT2,9/23/2011,,Yes
IN,18,,18179,Wells,5507411,INDEM,26,Na,Montpelier Generating Station LLC,Unit,27512613,EPACAMD,55229CAMDUNITG2CT1,55229;G2CT1,55229,G2CT1,9/23/2011,,Yes
RI,44,,44007,Providence,5486911,RIDEM,AIR936,"Dominion Energy Manchester Street, Inc","MANCHESTER STREET, LLC",Unit,88380613,EPACAMD,3236CAMDUNIT11,3236;11,3236,11,8/14/2014,12/31/2049,Yes
OH,39,,39129,Pickaway,7371611,OHEPA,165000006,AEP Generation Resources,Picway Power Plant (0165000006),Unit,8079913,EPACAMD,2843CAMDUNIT9,2843;9,2843,9,8/8/2011,,Yes
LA,22,,22039,Evangeline,7355011,LADEQ08,1906,CLECO Power LLC,CLECO Power LLC - Coughlin Power Station,Unit,80273013,EPACAMD,1396CAMDUNIT7-2,1396;7-2,1396,2-Jul,8/8/2011,,Yes
LA,22,,22039,Evangeline,7355011,LADEQ08,1906,CLECO Power LLC,CLECO Power LLC - Coughlin Power Station,Unit,80272813,EPACAMD,1396CAMDUNIT6-1,1396;6-1,1396,1-Jun,8/8/2011,,Yes
LA,22,,22031,De Soto,7354411,LADEQ08,585,CLECO Power LLC,CLECO Power LLC - Dolet Hills Power Station,Unit,80274313,EPACAMD,51CAMDUNIT1,51;1,51,1,8/8/2011,,Yes
IL,17,,17119,Madison,7338011,ILEPA,119105AAA,Union Electric Company - Venice,Ameren Missouri Venice Energy Ctr,Unit,8266713,EPACAMD,913CAMDUNITCT1,913;CT1,913,CT1,9/23/2014,,Yes
IL,17,,17119,Madison,7338011,ILEPA,119105AAA,Union Electric Company - Venice,Ameren Missouri Venice Energy Ctr,Unit,60146813,EPACAMD,913CAMDUNITCT03,913;CT03,913,CT03,9/23/2014,,Yes
IL,17,,17125,Mason,7337411,ILEPA,125804AAB,"Dynegy Midwest Generation, Inc",Dynegy Midwest Generation LLC,Unit,8279913,EPACAMD,891CAMDUNIT6,891;6,891,6,11/3/2014,12/31/2049,Yes
IL,17,,17125,Mason,7337411,ILEPA,125804AAB,"Dynegy Midwest Generation, Inc",Dynegy Midwest Generation LLC,Unit,8279913,EPACAMD,891CAMDUNIT1,891;1,891,1,11/3/2014,12/31/2049,Yes
TX,48,,48293,Limestone,5650511,TXCEQ,10,NRG TEXAS POWER LLC,LIMESTONE ELECTRIC GENERATION STATION,Unit,19920713,EPACAMD,298CAMDUNITLIM1,298;LIM1,298,LIM1,8/8/2011,,Yes
TX,48,,48227,Howard,5649311,TXCEQ,16,BHER POWER RESOURCES INC,BIG SPRING COGENERATION,Unit,19945013,EPACAMD,52176CAMDUNIT2,52176;2,52176,2,8/8/2011,,Yes
IL,17,,17031,Cook,9723111,ILEPA,031438ABC,,Elgin Energy Center LLC,Unit,88706313,EPACAMD,55438CAMDUNITCT04,55438;CT04,55438,CT04,7/22/2012,,Yes
IL,17,,17031,Cook,9723111,ILEPA,031438ABC,,Elgin Energy Center LLC,Unit,53530213,EPACAMD,55438CAMDUNITCT01,55438;CT01,55438,CT01,7/22/2012,,Yes
IL,17,,17031,Cook,9725911,ILEPA,031600GKE,,Exelon Generation Co LLC,Unit,59522313,EPACAMD,55281CAMDUNITCTG12,55281;CTG12,55281,CTG12,10/12/2014,,Yes
GA,13,,13103,Effingham,9736811,GADNR,10300014,Ga Power Company,Ga Power Company - McIntosh Combined Cycle Facility,Unit,57649913,EPACAMD,56150CAMDUNIT11B,56150;11B,56150,11B,8/8/2011,,Yes
IL,17,,17127,Massac,5535711,ILEPA,127899AAA,"Midwest Electric Power, Inc",Midwest Electric Power Inc,Unit,26973913,EPACAMD,7858CAMDUNIT2,7858;2,7858,2,9/23/2011,,Yes
IL,17,,17171,Scott,5457411,ILEPA,171851AAA,Prairie Power Incorporated,Prairie Power Inc,Unit,27026713,EPACAMD,7818CAMDUNITACT1,7818;ACT1,7818,ACT1,10/27/2014,,Yes
CA,6,,6095,Solano,9872511,CARB,48130314414,CREED ENERGY CENTER LLC,CREED ENERGY CENTER LLC,Unit,53998513,EPACAMD,55625CAMDUNITUNIT1,55625;UNIT1,55625,UNIT1,10/28/2014,,Yes
PA,42,,42079,Luzerne,4744211,PADEP,420790202,HAZLETON GENERATION LLC,HAZLETON GEN LLC/HAZLE TWP,Unit,67500613,EPACAMD,10870CAMDUNITTURB2,10870;TURB2,10870,TURB2,10/13/2014,,Yes
PA,42,,42079,Luzerne,4744211,PADEP,420790202,HAZLETON GENERATION LLC,HAZLETON GEN LLC/HAZLE TWP,Unit,27693213,EPACAMD,10870CAMDUNITTURBIN,10870;TURBIN,10870,TURBIN,10/13/2014,,Yes
PA,42,,42045,Delaware,10723711,PADEP,420450317,MARCUS HOOK ENERGY LP,MARCUS HOOK ENERGY LP/750 MW,Unit,58814813,EPACAMD,55801CAMDUNITAB04,55801;AB04,55801,AB04,8/8/2011,,Yes
MO,29,,29163,Pike,6794611,MODNR,47,Union Electric Company,AMEREN MISSOURI PENO CREEK ENERGY CENTER,Unit,109322513,EPACAMD,7964CAMDUNITCT2B,7964;CT2B,7964,CT2B,1/1/2013,,Yes
TN,47,,47085,Humphreys,5720911,TNDEC,43-0011,TVA JOHNSONVILLE FOSSIL PLANT,TVA - Johnsonville Combustion Turbine Plant,Unit,23015513,EPACAMD,3406CAMDUNITJCT19,3406;JCT19,3406,JCT19,8/25/2014,12/31/2049,Yes
TN,47,,47085,Humphreys,5720911,TNDEC,43-0011,TVA JOHNSONVILLE FOSSIL PLANT,TVA - Johnsonville Combustion Turbine Plant,Unit,23016213,EPACAMD,3406CAMDUNITJCT7,3406;JCT7,3406,JCT7,8/25/2014,12/31/2049,Yes
TN,47,,47085,Humphreys,5720911,TNDEC,43-0011,TVA JOHNSONVILLE FOSSIL PLANT,TVA - Johnsonville Combustion Turbine Plant,Unit,23016213,EPACAMD,3406CAMDUNITJCT10,3406;JCT10,3406,JCT10,8/25/2014,12/31/2049,Yes
TN,47,,47085,Humphreys,5720911,TNDEC,43-0011,TVA JOHNSONVILLE FOSSIL PLANT,TVA - Johnsonville Combustion Turbine Plant,Unit,23016213,EPACAMD,3406CAMDUNITJCT15,3406;JCT15,3406,JCT15,8/25/2014,12/31/2049,Yes
TN,47,,47085,Humphreys,5720911,TNDEC,43-0011,TVA JOHNSONVILLE FOSSIL PLANT,TVA - Johnsonville Combustion Turbine Plant,Unit,23016813,EPACAMD,3406CAMDUNIT2,3406;2,3406,2,8/8/2011,,Yes
MN,27,,27109,Olmsted,7150111,MNPCA,2710900020,Rochester Public Utilities,Cascade Creek Combustion Turbine & Substation ISW,Unit,14412413,EPACAMD,6058CAMDUNITCT2,6058;CT2,6058,CT2,11/6/2014,,Yes
PA,42,,42049,Erie,5455311,PADEP,420490141,,ENERGY SYSTEMS NORTH EAST/NORTH EAST COGEN PLT,Unit,27331213,EPACAMD,54571CAMDUNIT002,54571;002,54571,2,10/27/2014,,Yes
NY,36,,36081,Queens,8310611,NYDEC,2630800040,NATIONAL GRID CORPORATE SERVICES LLC,NATIONAL GRID  - FAR ROCKAWAY STATION,Unit,196813,EPACAMD,2513CAMDUNIT40,2513;40,2513,40,8/8/2011,,Yes
NY,36,,36081,Queens,8309011,NYDEC,2630400024,TC RAVENSWOOD LLC,RAVENSWOOD GENERATING STATION,Unit,201213,EPACAMD,2500CAMDUNITCT02-3,2500;CT02-3,2500,CT02-3,9/24/2014,,Yes
NY,36,,36081,Queens,8309011,NYDEC,2630400024,TC RAVENSWOOD LLC,RAVENSWOOD GENERATING STATION,Unit,201713,EPACAMD,2500CAMDUNITCT0005,2500;CT0005,2500,CT0005,9/24/2014,,Yes
NY,36,,36081,Queens,8309011,NYDEC,2630400024,TC RAVENSWOOD LLC,RAVENSWOOD GENERATING STATION,Unit,201913,EPACAMD,2500CAMDUNITCT03-2,2500;CT03-2,2500,CT03-2,9/24/2014,,Yes
NY,36,,36081,Queens,8309011,NYDEC,2630400024,TC RAVENSWOOD LLC,RAVENSWOOD GENERATING STATION,Unit,203013,EPACAMD,2500CAMDUNITCT0008,2500;CT0008,2500,CT0008,9/24/2014,,Yes
NY,36,,36081,Queens,8309011,NYDEC,2630400024,TC RAVENSWOOD LLC,RAVENSWOOD GENERATING STATION,Unit,64122913,EPACAMD,2500CAMDUNITUCC001,2500;UCC001,2500,UCC001,9/24/2014,,Yes
NC,37,,37159,Rowan,8506911,NCDAQ,3715900004,"Duke Energy Carolinas, LLC","Duke Energy Carolinas, LLC - Buck Combined Cycle Facility",Unit,265713,EPACAMD,2720CAMDUNIT8,2720;8,2720,8,8/8/2011,,Yes
NC,37,,37157,Rockingham,8493211,NCDAQ,3715700156,"Duke Energy Carolinas, LLC","Duke Energy Carolinas, LLC-Rockingham Co Comb. Turb.",Unit,74610613,EPACAMD,55116CAMDUNITCT3,55116;CT3,55116,CT3,8/14/2014,12/31/2049,Yes
NC,37,,37155,Robeson,8491111,NCDAQ,3715500147,"Duke Energy Progress, LLC","Duke Energy Progress, LLC - W. H. Weatherspoon Plant",Unit,278513,EPACAMD,2716CAMDUNIT6,2716;6,2716,6,11/6/2014,,Yes
NC,37,,37153,Richmond,8490411,NCDAQ,3715300070,"Duke Energy Progress, LLC","Duke Energy Progress, LLC - Richmond County Turbines",Unit,281513,EPACAMD,7805CAMDUNIT7,7805;7,7805,7,8/8/2011,,Yes
NC,37,,37153,Richmond,8490411,NCDAQ,3715300070,"Duke Energy Progress, LLC","Duke Energy Progress, LLC - Richmond County Turbines",Unit,281913,EPACAMD,7805CAMDUNIT3,7805;3,7805,3,8/8/2011,,Yes
WI,55,,55075,Marinette,7096511,WIDNR,438089190,Wisconsin Public Service Corporation,WISCONSIN PUBLIC SERVICE CORP-WEST MARINETTE PLANT,Unit,14823713,EPACAMD,4076CAMDUNIT32B,4076;32B,4076,32B,11/6/2014,12/31/2049,Yes
WI,55,,55075,Marinette,7096511,WIDNR,438089190,Wisconsin Public Service Corporation,WISCONSIN PUBLIC SERVICE CORP-WEST MARINETTE PLANT,Unit,14823613,EPACAMD,4076CAMDUNIT**33,4076;**33,4076,**33,8/8/2011,,Yes
NY,36,,36075,Oswego,8538911,NYDEC,7351200005,INDECK-OSWEGO LIMITED PARTNERSHIP,INDECK-OSWEGO LIMITED PARTNERSHIP,Unit,462613,EPACAMD,50450CAMDUNIT1,50450;1,50450,1,11/6/2014,,Yes
OK,40,,40015,Caddo,8536511,OKDEQ,214,PUBLIC SERVICE COMPANY OF OKLAHOMA,PSO SOUTHWESTERN POWER STATION,Unit,479313,EPACAMD,2964CAMDUNIT801N,2964;801N,2964,801N,4/2/2014,,Yes
OK,40,,40103,Noble,8519411,OKDEQ,1211,OG AND E,SOONER GENERATING STATION,Unit,519913,EPACAMD,6095CAMDUNIT1,6095;1,6095,1,8/8/2011,,Yes
OK,40,,40153,Woodward,8518611,OKDEQ,1701,WESTERN FARMERS ELECTRIC COOPERATIVE,MOORELAND GENERATING STATION,Unit,527313,EPACAMD,3008CAMDUNIT3,3008;3,3008,3,8/8/2011,,Yes
OK,40,,40101,Muskogee,8506011,OKDEQ,1209,OG AND E,MUSKOGEE GENERATING STATION,Unit,535113,EPACAMD,2952CAMDUNIT4,2952;4,2952,4,8/8/2011,,Yes
NC,37,,37049,Craven,8505111,NCDAQ,3704900158,"Craven County Wood Energy, L.P.","Craven County Wood Energy, L.P.",Unit,546713,EPACAMD,10525CAMDUNITES5A,10525;ES5A,10525,ES5A,8/8/2011,,Yes
NY,36,,36029,Erie,8504111,NYDEC,9146400153,INDECK-ENERGY SERVICES INC,INDECK-YERKES ENERGY SERVICES,Unit,549913,EPACAMD,50451CAMDUNIT1,50451;1,50451,1,5/21/2018,,Yes
NY,36,,36029,Erie,8504011,NYDEC,9146400130,HUNTLEY POWER LLC,HUNTLEY STEAM GENERATING STATION,Unit,550413,EPACAMD,2549CAMDUNIT66,2549;66,2549,66,12/6/2014,,Yes
AL,1,,1097,Mobile,1056111,ADEM,1001,Alabama Power Company,Alabama Power Company-Barry,Unit,47671213,EPACAMD,3CAMDUNIT2,3;2,3,2,8/8/2011,,Yes
NY,36,,36027,Dutchess,17942411,NYDEC,3132600275,,Cricket Valley Energy Center,Unit,127199113,EPACAMD,57185CAMDUNITU003,57185;U003,57185,U003,5/25/2022,,Yes
CO,8,,8041,El Paso,4392711,CODPHE,CO0000000804100030,Colorado Springs Utilities,COLORADO SPRINGS UTILITIES - NIXON PLT,Unit,36137913,EPACAMD,8219CAMDUNIT1,8219;1,8219,1,8/8/2011,,Yes
IA,19,,19179,Wapello,3732211,IADNR,90-07-001,IPL/ALLIANT ENERGY CO,IPL - OTTUMWA GENERATING STATION,Unit,37541113,EPACAMD,6254CAMDUNIT1,6254;1,6254,1,8/8/2011,12/31/2015,Yes
IA,19,,19175,Union,3731711,IADNR,88-01-004,CENTRAL IOWA POWER COOPERATIVE,CENTRAL IOWA POWER COOP - SUMMIT LAKE,Unit,68192713,EPACAMD,1206CAMDUNIT1G,1206;1G,1206,1G,10/13/2014,,Yes
PA,42,,42017,Bucks,2878411,PADEP,420170578,CONSTELLATION ENERGY GENERATION LLC,EXELON GENERATION CO/FALLS TWP PEAK PWR PLT,Unit,37949413,EPACAMD,3162CAMDUNIT3,3162;3,3162,3,10/8/2014,,Yes
SC,45,,45019,Charleston,2916211,SCDHEC,0560-0029,South Carolina Electric & Gas Company,HAGOOD STATION,Unit,38254413,EPACAMD,3285CAMDUNITHAG4,3285;HAG4,3285,HAG4,5/24/2023,,Yes
TX,48,,48029,Bexar,3000111,TXCEQ,3,CITY PUBLIC SERVICE BOARD,LEON CREEK PLANT,Unit,38538013,EPACAMD,3609CAMDUNIT3,3609;3,3609,3,8/8/2011,,Yes
TX,48,,48029,Bexar,3000111,TXCEQ,3,CITY PUBLIC SERVICE BOARD,LEON CREEK PLANT,Unit,69917013,EPACAMD,3609CAMDUNITCGT4,3609;CGT4,3609,CGT4,10/13/2014,,Yes
IA,19,,19153,Polk,3164811,IADNR,77-13-002,MIDAMERICAN ENERGY COMPANY,MIDAMERICAN ENERGY CO - PLEASANT HILL/GDMEC,Unit,38775713,EPACAMD,7145CAMDUNIT3,7145;3,7145,3,7/24/2012,,Yes
FL,12,,12105,Polk,2312411,FLDEP,1050217,Polk Power Partners LP,"POLK POWER PARTNERS, L.P.",Unit,39754313,EPACAMD,54426CAMDUNIT1,54426;1,54426,1,8/21/2014,,Yes
AR,5,,5059,Hot Spring,658911,ARDEQ,505900011,ENTERGY,ENTERGY ARK LLC-LAKE CATHERINE,Unit,63320213,EPACAMD,170CAMDUNIT2,170;2,170,2,10/13/2014,12/31/2049,Yes
CT,9,,9009,New Haven,643411,CTBAM,T117P0551C08087,"PSEG POWER CT, LLC",PSEG FOSSIL LLC/ POWER CT LLC,Unit,107238013,EPACAMD,6156CAMDUNITNHHS3,6156;NHHS3,6156,NHHS3,10/9/2014,,Yes
FL,12,,12105,Polk,643111,FLDEP,1050004,Lakeland Electric,"C.D. MCINTOSH, JR. POWER PLANT",Unit,46452713,EPACAMD,676CAMDUNIT3,676;3,676,3,8/8/2011,,Yes
FL,12,,12031,Duval,641211,FLDEP,310485,JEA,JEA,Unit,46474113,EPACAMD,7846CAMDUNIT1,7846;1,7846,1,11/7/2014,,Yes
FL,12,,12031,Duval,641211,FLDEP,310485,JEA,JEA,Unit,46473813,EPACAMD,7846CAMDUNIT3,7846;3,7846,3,8/8/2011,,Yes
DE,10,,10005,Sussex,640911,DEDNR,1000500001,"Indian River Power, LLC",INDIAN RIVER GENERATING STATION,Unit,46475113,EPACAMD,594CAMDUNIT3,594;3,594,3,8/8/2011,,Yes
FL,12,,12031,Duval,922611,FLDEP,310337,,"CEDAR BAY GENERATING COMPANY, L.P.",Unit,46491413,EPACAMD,10672CAMDUNITCBB,10672;CBB,10672,CBB,8/8/2011,,Yes
FL,12,,12071,Lee,922311,FLDEP,710002,Florida Power & Light Company,FLORIDA POWER & LIGHT,Unit,46494513,EPACAMD,612CAMDUNITFMCT2F,612;FMCT2F,612,FMCT2F,8/8/2011,,Yes
FL,12,,12071,Lee,922311,FLDEP,710002,Florida Power & Light Company,FLORIDA POWER & LIGHT,Unit,67302913,EPACAMD,612CAMDUNITPFM3A,612;PFM3A,612,PFM3A,8/8/2011,,Yes
FL,12,,12099,Palm Beach,921511,FLDEP,990042,Florida Power & Light Company,FLORIDA POWER & LIGHT (PRV),Unit,46505713,EPACAMD,619CAMDUNITPRV4,619;PRV4,619,PRV4,8/8/2011,,Yes
FL,12,,12099,Palm Beach,921511,FLDEP,990042,Florida Power & Light Company,FLORIDA POWER & LIGHT (PRV),Unit,89404513,EPACAMD,619CAMDUNITRBCT5B,619;RBCT5B,619,RBCT5B,7/15/2015,,Yes
CT,9,,9011,New London,920711,CTBAM,T107P0044C05779,"A E S THAMES, LLC","A E S THAMES, LLC",Unit,46513713,EPACAMD,10675CAMDUNITUNITB,10675;UNITB,10675,UNITB,8/8/2011,,Yes
AL,1,,1129,Washington,1028611,ADEM,1,"Alabama Electric Cooperative, Inc",PowerSouth Energy Cooperative Inc,Unit,46970613,EPACAMD,56CAMDUNIT3,56;3,56,3,8/8/2011,,Yes
AR,5,,5031,Craighead,976311,ARDEQ,503100412,City Water & Light Plant of the City of Jonesboro,JONESBORO CITY WATER AND LIGHT-NW SUBSTA,Unit,112831313,EPACAMD,56505CAMDUNITSN07,56505;SN07,56505,SN07,5/29/2018,,Yes
AL,1,,1081,Lee,953511,ADEM,36,Georgia Power Company,Southern Power Company,Unit,83316513,EPACAMD,7710CAMDUNIT2B,7710;2B,7710,2B,8/8/2011,,Yes
AL,1,,1081,Lee,953311,ADEM,30,South Eastern Electric Development Corp,Walton Discover Power Facility,Unit,47374013,EPACAMD,55138CAMDUNIT2B,55138;2B,55138,2B,10/10/2014,,Yes
FL,12,,12057,Hillsborough,538611,FLDEP,570039,Tampa Electric Company,TEC Big Bend,Unit,67261513,EPACAMD,645CAMDUNITCT4A,645;CT4A,645,CT4A,10/14/2014,,Yes
FL,12,,12081,Manatee,537911,FLDEP,810010,Florida Power & Light Company,FLORIDA POWER & LIGHT (PMT),Unit,67277013,EPACAMD,6042CAMDUNITMTCT3D,6042;MTCT3D,6042,MTCT3D,8/8/2011,,Yes
FL,12,,12081,Manatee,537911,FLDEP,810010,Florida Power & Light Company,FLORIDA POWER & LIGHT (PMT),Unit,48407513,EPACAMD,6042CAMDUNITPMT1,6042;PMT1,6042,PMT1,8/8/2011,,Yes
CA,6,,6073,San Diego,13562711,CARB,3712277084,CHULA VISTA ENERGY CENTER LLC,CHULA VISTA ENERGY CENTER LLC,Unit,78684613,EPACAMD,55540CAMDUNIT1B,55540;1B,55540,1B,12/30/2049,12/31/2049,Yes
FL,12,,12097,Osceola,1950911,FLDEP,970014,Progress Energy Corporation,"DUKE ENERGY FLORIDA, LLC",Unit,41858113,EPACAMD,8049CAMDUNIT**8,8049;**8,8049,**8,8/8/2011,,Yes
FL,12,,12097,Osceola,1950911,FLDEP,970014,Progress Energy Corporation,"DUKE ENERGY FLORIDA, LLC",Unit,41857913,EPACAMD,8049CAMDUNIT1B,8049;1B,8049,1B,10/3/2014,12/31/2049,Yes
NC,37,,37007,Anson,10616211,NCDAQ,3700700050,North Carolina Electric Membership Corporation,NCEMC - Anson Plant,Unit,74982813,EPACAMD,56249CAMDUNITES1-B,56249;ES1-B,56249,ES1-B,8/14/2014,12/31/2049,Yes
NC,37,,37007,Anson,10616211,NCDAQ,3700700050,North Carolina Electric Membership Corporation,NCEMC - Anson Plant,Unit,74982813,EPACAMD,56249CAMDUNITES5-B,56249;ES5-B,56249,ES5-B,8/14/2014,12/31/2049,Yes
NC,37,,37153,Richmond,10631811,NCDAQ,3715300082,North Carolina Electric Membership Corporation,NCEMC - Hamlet Plant,Unit,74982313,EPACAMD,56292CAMDUNITES2-A,56292;ES2-A,56292,ES2-A,8/14/2014,12/31/2049,Yes
CA,6,,6067,Sacramento,4919611,CARB,341624194,SACRAMENTO POWER AUTHORITY,SACRAMENTO POWER AUTHORITY,Unit,32324913,EPACAMD,7552CAMDUNIT1,7552;1,7552,1,3/18/2013,,Yes
VA,51,,51740,Portsmouth city,4938911,VADEQ,61049,Portsmouth Genco LLC,Portsmouth Genco LLC,Unit,32361013,EPACAMD,10071CAMDUNITBLR01C,10071;BLR01C,10071,BLR01C,8/8/2011,,Yes
VA,51,,51181,Surry,4937411,VADEQ,50336,Dominion - Gravel Neck CT Station,Surry Power Station and Gravel Neck,Unit,32379213,EPACAMD,7032CAMDUNIT3,7032;3,7032,3,9/30/2014,12/31/2049,Yes
IN,18,,18097,Marion,4885311,INDEM,34,Na,Citizens Thermal,Unit,100805413,EPACAMD,992CAMDUNIT12,992;12,992,12,3/19/2013,,Yes
IN,18,,18097,Marion,4885311,INDEM,34,Na,Citizens Thermal,Unit,100805313,EPACAMD,992CAMDUNIT11,992;11,992,11,8/22/2014,,Yes
GA,13,,13303,Washington,15502311,GADNR,30300040,,AL Sandersville,Unit,97057813,EPACAMD,55672CAMDUNITCT7,55672;CT7,55672,CT7,1/6/2014,,Yes
GA,13,,13303,Washington,15504111,GADNR,30300039,,"Washington County Power, LLC",Unit,97063513,EPACAMD,55332CAMDUNITT1,55332;T1,55332,T1,8/15/2014,,Yes
GA,13,,13205,Mitchell,15578811,GADNR,20500044,,Baconton Power LLC,Unit,98197713,EPACAMD,55304CAMDUNITCT4,55304;CT4,55304,CT4,8/15/2014,,Yes
GA,13,,13207,Monroe,15578911,GADNR,20700030,,Smarr EMC,Unit,98198513,EPACAMD,7829CAMDUNIT2,7829;2,7829,2,10/9/2014,,Yes
VT,50,,50023,Washington,15579011,VTDEC,248,,Green Mountain Power Unit #5 Berlin,Unit,98200513,EPACAMD,3734CAMDUNITA,3734;A,3734,A,11/10/2014,12/31/2049,Yes
CT,9,,9005,Litchfield,16712111,CTBAM,T183P0024C07741,"NRG ENERGY, INC.","Connecticut Jet Power LLC, Franklin Drive",Unit,107732013,EPACAMD,561CAMDUNIT10,561;10,561,10,11/6/2014,,Yes
IL,17,,17197,Will,7973011,ILEPA,197809AAO,"Midwest Generation Eme, LLC",Midwest Generation LLC,Unit,2981413,EPACAMD,384CAMDUNIT72,384;72,384,72,8/14/2014,12/31/2049,Yes
IL,17,,17119,Madison,7940411,ILEPA,119090AAA,,WRB Refining LP Wood River Refinery,Unit,3049713,EPACAMD,880067CAMDUNITBLR16,880067;BLR16,880067,BLR16,8/8/2011,,Yes
OH,39,,39035,Cuyahoga,7937411,OHEPA,1318001613,Na,Cleveland-Cliffs Cleveland Works LLC (1318001613),Unit,3103013,EPACAMD,10398CAMDUNITB001,10398;B001,10398,B001,2/12/2018,,Yes
NC,37,,37087,Haywood,7920511,NCDAQ,3708700159,Blue Ridge Paper Products LLC,Blue Ridge Paper Products LLC,Unit,3185313,EPACAMD,50244CAMDUNITPG,50244;PG,50244,PG,2/28/2018,,Yes
NJ,34,,34029,Ocean,7903511,NJDEP,78932,Conectiv Atlantic Generation LLC,Cedar Energy Center,Unit,3262613,EPACAMD,2380CAMDUNIT004001,2380;004001,2380,4001,10/14/2014,,Yes
MI,26,,26115,Monroe,7888311,MIDEQ,B2816,DTE Electric Company,DTE Electric Company - Monroe Power Plant,Unit,3285113,EPACAMD,1733CAMDUNIT2,1733;2,1733,2,8/8/2011,,Yes
NY,36,,36103,Suffolk,9318211,NYDEC,1472003061,PINELAWN POWER LLC,PINELAWN POWER,Unit,55568913,EPACAMD,56188CAMDUNIT00001,56188;00001,56188,1,11/6/2014,,Yes
NY,36,,36081,Queens,9333411,NYDEC,2630800513,BAYSWATER PEAKING FACILITY LLC,BAYSWATER / JAMAICA BAY PEAKING FACILITY,Unit,55489513,EPACAMD,55699CAMDUNIT2,55699;2,55699,2,8/26/2014,,Yes
NC,37,,37109,Lincoln,7731511,NCDAQ,3710900082,"Duke Energy Carolinas, LLC",Duke Energy Corporation LCTS,Unit,142849913,EPACAMD,7277CAMDUNIT17,7277;17,7277,17,5/25/2022,,Yes
NC,37,,37109,Lincoln,7731511,NCDAQ,3710900082,"Duke Energy Carolinas, LLC",Duke Energy Corporation LCTS,Unit,3480013,EPACAMD,7277CAMDUNIT5,7277;5,7277,5,8/14/2014,12/31/2049,Yes
NC,37,,37109,Lincoln,7731511,NCDAQ,3710900082,"Duke Energy Carolinas, LLC",Duke Energy Corporation LCTS,Unit,3480013,EPACAMD,7277CAMDUNIT6,7277;6,7277,6,8/14/2014,12/31/2049,Yes
NC,37,,37109,Lincoln,7731511,NCDAQ,3710900082,"Duke Energy Carolinas, LLC",Duke Energy Corporation LCTS,Unit,3480013,EPACAMD,7277CAMDUNIT14,7277;14,7277,14,8/14/2014,12/31/2049,Yes
NC,37,,37109,Lincoln,7731511,NCDAQ,3710900082,"Duke Energy Carolinas, LLC",Duke Energy Corporation LCTS,Unit,3480013,EPACAMD,7277CAMDUNIT16,7277;16,7277,16,8/14/2014,12/31/2049,Yes
NY,36,,36087,Rockland,7953011,NYDEC,3392800010,MIRANT LOVETT LLC,LOVETT GENERATING STATION,Unit,3500413,EPACAMD,2629CAMDUNIT5,2629;5,2629,5,8/8/2011,,Yes
NY,36,,36087,Rockland,7952711,NYDEC,3392600059,AER NY-GEN LLC,ALLIANCE ENERGY- HILLBURN GAS TURBINE FACILITY,Unit,3502213,EPACAMD,2628CAMDUNIT001,2628;001,2628,1,10/27/2014,,Yes
PA,42,,42017,Bucks,8004311,PADEP,420170006,CONSTELLATION ENERGY GENERATION LLC,EXELON GENERATION CO/CROYDON GEN STA,Unit,5056813,EPACAMD,8012CAMDUNIT41,8012;41,8012,41,8/17/2014,,Yes
PA,42,,42017,Bucks,8004311,PADEP,420170006,CONSTELLATION ENERGY GENERATION LLC,EXELON GENERATION CO/CROYDON GEN STA,Unit,5056613,EPACAMD,8012CAMDUNIT22,8012;22,8012,22,8/17/2014,,Yes
PA,42,,42017,Bucks,8004311,PADEP,420170006,CONSTELLATION ENERGY GENERATION LLC,EXELON GENERATION CO/CROYDON GEN STA,Unit,5056513,EPACAMD,8012CAMDUNIT12,8012;12,8012,12,8/17/2014,,Yes
NJ,34,,34039,Union,7990111,NJDEP,41810,PSEG Power LLC,PSEG Fossil LLC Linden Gen St & PSE&G SNG Plt,Unit,5103913,EPACAMD,2406CAMDUNIT5,2406;5,2406,5,9/29/2014,12/31/2049,Yes
NJ,34,,34039,Union,7990111,NJDEP,41810,PSEG Power LLC,PSEG Fossil LLC Linden Gen St & PSE&G SNG Plt,Unit,5103913,EPACAMD,2406CAMDUNIT6,2406;6,2406,6,9/29/2014,12/31/2049,Yes
NJ,34,,34039,Union,7990111,NJDEP,41810,PSEG Power LLC,PSEG Fossil LLC Linden Gen St & PSE&G SNG Plt,Unit,5103913,EPACAMD,2406CAMDUNIT7,2406;7,2406,7,9/29/2014,12/31/2049,Yes
NJ,34,,34039,Union,7990111,NJDEP,41810,PSEG Power LLC,PSEG Fossil LLC Linden Gen St & PSE&G SNG Plt,Unit,5103913,EPACAMD,2406CAMDUNIT8,2406;8,2406,8,9/29/2014,12/31/2049,Yes
NJ,34,,34039,Union,7990011,NJDEP,41809,Cogen Technologies Linden Venture,"Cogen Technologies Linden Venture, L.P.",Unit,65946113,EPACAMD,50006CAMDUNIT004001,50006;004001,50006,4001,8/8/2011,,Yes
OK,40,,40109,Oklahoma,8185411,OKDEQ,1208,OG AND E,HORSESHOE LAKE GENERATING STATION,Unit,5362513,EPACAMD,2951CAMDUNIT9,2951;9,2951,9,9/23/2011,,Yes
OR,41,,41049,Morrow,8171111,ORDEQ,25-0016,Portland General Electric Company,PGE Boardman,Unit,5385813,EPACAMD,6106CAMDUNIT1SG,6106;1SG,6106,1SG,8/8/2011,,Yes
TX,48,,48201,Harris,6429411,TXCEQ,387,ODYSSEY ENERGY ALTURA COGEN LLC,ALTURA COGEN,Unit,16632313,EPACAMD,50815CAMDUNITENG201,50815;ENG201,50815,ENG201,8/8/2011,,Yes
WV,54,,54061,Monongalia,6773611,WVDAQ,1,MONONGAHELA POWER CO,MONONGAHELA POWER CO.- FORT MARTIN POWER,Unit,71939413,EPACAMD,3943CAMDUNIT2,3943;2,3943,2,8/8/2011,,Yes
WV,54,,54053,Mason,6760711,WVDAQ,1,Appalachian Power Company,APPALACHIAN POWER CO.-PHILIP SPORN PLANT,Unit,71715413,EPACAMD,3938CAMDUNIT31,3938;31,3938,31,8/8/2011,,Yes
WV,54,,54051,Marshall,6902411,WVDAQ,6,AEP Generation Resources Inc.,AEP Generation Resources Inc. - KAMMER PLANT,Unit,71766513,EPACAMD,3947CAMDUNIT1,3947;1,3947,1,8/8/2011,,Yes
VA,51,,51033,Caroline,6866611,VADEQ,40960,Dominion - Ladysmith CT Station,Dominion - Ladysmith CT Station,Unit,13523113,EPACAMD,7839CAMDUNIT5,7839;5,7839,5,7/27/2014,,Yes
MN,27,,27019,Carver,7005011,MNPCA,2701900059,City Of Chaska,MMPA - Minnesota River Station,Unit,15154413,EPACAMD,7844CAMDUNITU001,7844;U001,7844,U001,11/7/2014,,Yes
MN,27,,27141,Sherburne,6990811,MNPCA,2714100004,Northern States Power,Xcel Energy - Sherburne County Generating Plant,Unit,15175013,EPACAMD,6090CAMDUNIT2,6090;2,6090,2,8/8/2011,,Yes
CA,6,,6073,San Diego,10098911,CARB,3712277594,"CALPEAK POWER - ENTERPRISE, LLC",CALPEAK POWER ENTERPRISE LLC,Unit,54010713,EPACAMD,55513CAMDUNITGT-1,55513;GT-1,55513,GT-1,10/28/2014,,Yes
MO,29,,29107,Lafayette,7269411,MODNR,38,Na,HIGGINSVILLE MUNICIPAL POWER FACILITY,Unit,9960613,EPACAMD,2131CAMDUNIT4B,2131;4B,2131,4B,11/6/2014,,Yes
NJ,34,,34017,Hudson,7217311,NJDEP,12200,PSEG Power LLC,Kearny Generating Station,Unit,107401813,EPACAMD,2404CAMDUNIT131,2404;131,2404,131,10/16/2014,12/31/2049,Yes
NJ,34,,34017,Hudson,7217311,NJDEP,12200,PSEG Power LLC,Kearny Generating Station,Unit,107401813,EPACAMD,2404CAMDUNIT133,2404;133,2404,133,10/16/2014,12/31/2049,Yes
NJ,34,,34017,Hudson,7217311,NJDEP,12200,PSEG Power LLC,Kearny Generating Station,Unit,66329213,EPACAMD,2404CAMDUNIT123,2404;123,2404,123,10/16/2014,12/31/2049,Yes
NJ,34,,34017,Hudson,7217311,NJDEP,12200,PSEG Power LLC,Kearny Generating Station,Unit,66329213,EPACAMD,2404CAMDUNIT124,2404;124,2404,124,10/16/2014,12/31/2049,Yes
NJ,34,,34003,Bergen,7392311,NJDEP,2488,PSEG Power LLC,PSEG Bergen Generating Station,Unit,10494713,EPACAMD,2398CAMDUNIT1301,2398;1301,2398,1301,8/14/2014,12/31/2049,Yes
NJ,34,,34003,Bergen,7392311,NJDEP,2488,PSEG Power LLC,PSEG Bergen Generating Station,Unit,10494513,EPACAMD,2398CAMDUNIT3001,2398;3001,2398,3001,9/29/2014,,Yes
PA,42,,42109,Snyder,18897911,PADEP,421090099,HUMMEL STA LLC,PANDA HUMMEL STA LLC/SUNBURY NAT GAS PLT,Unit,135435313,EPACAMD,60368CAMDUNITCT2,60368;CT2,60368,CT2,1/2/2020,,Yes
PA,42,,42069,Lackawanna,18896111,PADEP,420690135,LACKAWANNA ENERGY CTR LLC,LACKAWANNA ENERGY CTR LLC/JESSUP,Unit,135449513,EPACAMD,60357CAMDUNIT2,60357;2,60357,2,1/25/2021,,Yes
MO,29,,29019,Boone,6345611,MODNR,105,Ameren Energy Generating Company,COLUMBIA ENERGY CENTER PEABODY ROAD,Unit,15427813,EPACAMD,55447CAMDUNITCT04,55447;CT04,55447,CT04,10/8/2014,12/31/2049,Yes
NJ,34,,34033,Salem,7479811,NJDEP,65495,Conectiv Atlantic Generation LLC,Deepwater Energy Center,Unit,11632613,EPACAMD,2384CAMDUNIT8,2384;8,2384,8,8/8/2011,,Yes
NJ,34,,34013,Essex,7464111,NJDEP,7617,Newark Bay Cogen Partnership LP,Newark Bay Cogeneration Partnership LP,Unit,11647813,EPACAMD,50385CAMDUNIT2001,50385;2001,50385,2001,8/23/2014,,Yes
CA,6,,6013,Contra Costa,10524811,CARB,7130314512,GILROY ENERGY CENTER LLC FOR RIVERVIEW ENERGY CTR,Riverview Energy Center,Unit,52537613,EPACAMD,55963CAMDUNIT1,55963;1,55963,1,11/3/2014,,Yes
AL,1,,1103,Morgan,10552611,ADEM,80,,Morgan Energy Center LLC,Unit,52214613,EPACAMD,55293CAMDUNITCT-2,55293;CT-2,55293,CT-2,8/3/2014,,Yes
VA,51,,51087,Henrico,6311211,VADEQ,50997,Dominion - Darbytown CT Station,Dominion - Darbytown CT Station,Unit,58458613,EPACAMD,7212CAMDUNIT1,7212;1,7212,1,9/23/2011,,Yes
MN,27,,27037,Dakota,6276011,MNPCA,2703700015,,Xcel Energy - Inver Hills Generating Plant,Unit,15794413,EPACAMD,1913CAMDUNIT5,1913;5,1913,5,9/24/2014,,Yes
MN,27,,27037,Dakota,6275411,MNPCA,2703700003,Northern States Power (Xcel Energy),Xcel Energy - Black Dog Generating Plant,Unit,15814713,EPACAMD,1904CAMDUNIT3,1904;3,1904,3,8/8/2011,,Yes
NC,37,,37145,Person,7826011,NCDAQ,3714500029,"Duke Energy Progress, LLC","Duke Energy Progress, LLC - Roxboro Steam Electric Plant",Unit,2214813,EPACAMD,2712CAMDUNIT4B,2712;4B,2712,4B,8/14/2014,12/31/2049,Yes
IL,17,,17097,Lake,7792311,ILEPA,097190AAC,"Midwest Generation Eme, LLC",Waukegan Electric Generating Station,Unit,2285513,EPACAMD,883CAMDUNIT311,883;311,883,311,10/1/2014,12/31/2049,Yes
IL,17,,17097,Lake,7792311,ILEPA,097190AAC,"Midwest Generation Eme, LLC",Waukegan Electric Generating Station,Unit,2285513,EPACAMD,883CAMDUNIT312,883;312,883,312,10/1/2014,12/31/2049,Yes
IL,17,,17119,Madison,7791011,ILEPA,119020AAE,Dynegy Midwest Generation,Wood River,Unit,2330413,EPACAMD,898CAMDUNIT4,898;4,898,4,8/8/2011,,Yes
TX,48,,48039,Brazoria,5632311,TXCEQ,135,SWEENY COGENERATION LP,SWEENY COGENERATION FACILITY,Unit,21218313,EPACAMD,55015CAMDUNIT3,55015;3,55015,3,5/22/2013,,Yes
TX,48,,48029,Bexar,5617211,TXCEQ,63,CITY PUBLIC SERVICE BOARD,CALAVERAS PLANT,Unit,21260113,EPACAMD,6181CAMDUNIT1,6181;1,6181,1,8/8/2011,,Yes
TX,48,,48029,Bexar,5617211,TXCEQ,63,CITY PUBLIC SERVICE BOARD,CALAVERAS PLANT,Unit,58498513,EPACAMD,3611CAMDUNIT2,3611;2,3611,2,8/8/2011,,Yes
TX,48,,48029,Bexar,5616511,TXCEQ,5,CITY PUBLIC SERVICE BOARD,VH BRAUNIG PLANT,Unit,91500713,EPACAMD,3612CAMDUNITCGT5,3612;CGT5,3612,CGT5,10/12/2014,,Yes
TX,48,,48029,Bexar,5616511,TXCEQ,5,CITY PUBLIC SERVICE BOARD,VH BRAUNIG PLANT,Unit,21290313,EPACAMD,3612CAMDUNITCT01,3612;CT01,3612,CT01,8/8/2011,,Yes
MA,25,,25021,Norfolk,5851311,MADEP,1200133,EXELON WEST MEDWAY LLC AND WEST MEDWAY II LLC,CONSTELLATION WEST MEDWAY LLC,Unit,87476713,EPACAMD,1592CAMDUNITJ1T2,1592;J1T2,1592,J1T2,10/27/2014,,Yes
VA,51,,51580,Covington city,5798711,VADEQ,20328,,WESTROCK VIRGINIA CORP,Unit,21496913,EPACAMD,50900CAMDUNIT002,50900;002,50900,2,4/21/2017,,Yes
CA,6,,6037,Los Angeles,5796711,CARB,1.91E+11,"LA CITY, DWP HAYNES GENERATING STATION","LA CITY, DWP HAYNES GENERATING STATION",Unit,119397313,EPACAMD,400CAMDUNIT1,400;1,400,1,5/25/2017,,Yes
CA,6,,6037,Los Angeles,5796711,CARB,1.91E+11,"LA CITY, DWP HAYNES GENERATING STATION","LA CITY, DWP HAYNES GENERATING STATION",Unit,119396713,EPACAMD,400CAMDUNIT12,400;12,400,12,5/25/2017,,Yes
MD,24,,24003,Anne Arundel,6084311,MDDOE,003-0468,"Constellation Power Source Generation, Inc.",Raven Power Fort Smallwood LLC,Unit,87886413,EPACAMD,602CAMDUNIT2,602;2,602,2,8/8/2011,,Yes
LA,22,,22001,Acadia,6082711,LADEQ08,83623,Cleco Power LLC,Cleco Power LLC - Acadia Power Station,Unit,80438813,EPACAMD,55173CAMDUNITCT1,55173;CT1,55173,CT1,8/8/2011,,Yes
KY,21,,21233,Webster,6098611,KYDAQ,2123300052,Western Kentucky Energy Corporation,Big Rivers Electric Corp - Green Station,Unit,86744513,EPACAMD,6639CAMDUNITG2,6639;G2,6639,G2,8/8/2011,,Yes
KY,21,,21233,Webster,6098611,KYDAQ,2123300052,Western Kentucky Energy Corporation,Big Rivers Electric Corp - Green Station,Unit,86744213,EPACAMD,6639CAMDUNITG1,6639;G1,6639,G1,8/8/2011,,Yes
MO,29,,29099,Jefferson,5258811,MODNR,16,Union Electric Company,AMEREN MISSOURI RUSH ISLAND ENERGY CENTER,Unit,26073613,EPACAMD,6155CAMDUNIT1,6155;1,6155,1,8/8/2011,,Yes
NM,35,,35025,Lea,5229511,NMED,604,Southwestern Public Service Co dba Xcel Energy,Cunningham Station Power Plant,Unit,82534013,EPACAMD,2454CAMDUNIT124T,2454;124T,2454,124T,8/8/2011,,Yes
NJ,34,,34029,Ocean,5111011,NJDEP,78912,Purenergy Ope,"Forked River Power, LLC",Unit,24651913,EPACAMD,7138CAMDUNIT002001,7138;002001,7138,2001,10/29/2014,,Yes
KY,21,,21049,Clark,5523111,KYDAQ,2104900003,East Kentucky Power Cooperative,East KY Power Coop - Dale Station,Unit,26663813,EPACAMD,1385CAMDUNIT2,1385;2,1385,2,8/8/2011,,Yes
LA,22,,22051,Jefferson,5521211,LADEQ08,2841,Entergy Louisiana LLC,Entergy Louisiana LLC - Ninemile Point Electric Generating Plant,Unit,80538913,EPACAMD,1403CAMDUNIT1,1403;1,1403,1,8/2/2011,12/31/2049,Yes
LA,22,,22051,Jefferson,5521211,LADEQ08,2841,Entergy Louisiana LLC,Entergy Louisiana LLC - Ninemile Point Electric Generating Plant,Unit,80540013,EPACAMD,1403CAMDUNIT2,1403;2,1403,2,8/2/2011,12/31/2049,Yes
LA,22,,22051,Jefferson,5521211,LADEQ08,2841,Entergy Louisiana LLC,Entergy Louisiana LLC - Ninemile Point Electric Generating Plant,Unit,80539113,EPACAMD,1403CAMDUNIT4,1403;4,1403,4,8/8/2011,,Yes
LA,22,,22047,Iberville,5504511,LADEQ08,2625,Entergy Louisiana LLC,Entergy LA LLC - Willow Glen Generating Plant,Unit,81115113,EPACAMD,1394CAMDUNIT4,1394;4,1394,4,8/8/2011,,Yes
TX,48,,48453,Travis,5021711,TXCEQ,2,CITY OF AUSTIN ELECTRIC UTILITY DEPARTMENT DBA AUSTIN ENERGY,DECKER CREEK POWER PLANT,Unit,28727913,EPACAMD,3548CAMDUNITGT-4B,3548;GT-4B,3548,GT-4B,8/21/2014,,Yes
CA,6,,6073,San Diego,5003711,CARB,37122773,,Carlsbad Energy Center,Unit,86059213,EPACAMD,302CAMDUNIT3,302;3,302,3,8/8/2011,,Yes
CA,6,,6073,San Diego,5003111,CARB,37122772,DYNEGY SOUTH BAY,DYNEGY SOUTH BAY LLC,Unit,86028013,EPACAMD,310CAMDUNIT2,310;2,310,2,8/8/2011,,Yes
WV,54,,54019,Fayette,4985711,WVDAQ,1,"WEST VIRGINIA ALLOYS, INC.","WEST VIRGINIA ALLOYS, INC.",Unit,71688913,EPACAMD,50012CAMDUNITBLR4,50012;BLR4,50012,BLR4,8/17/2012,,Yes
PA,42,,42133,York,4966111,PADEP,421330016,PIXELLE SPECIALTY SOLUTIONS LLC,PIXELLE SPEC SOLUTIONS LLC/SPRING GROVE,Unit,129133613,EPACAMD,50397CAMDUNIT038,50397;038,50397,38,12/17/2018,,Yes
TN,47,,47145,Roane,4979111,TNDEC,73-0013,TVA KINGSTON FOSSIL PLANT,TVA - Kingston Fossil Plant,Unit,30041913,EPACAMD,3407CAMDUNIT2,3407;2,3407,2,8/8/2011,,Yes
TN,47,,47145,Roane,4979111,TNDEC,73-0013,TVA KINGSTON FOSSIL PLANT,TVA - Kingston Fossil Plant,Unit,30041513,EPACAMD,3407CAMDUNIT4,3407;4,3407,4,8/8/2011,,Yes
TN,47,,47145,Roane,4979111,TNDEC,73-0013,TVA KINGSTON FOSSIL PLANT,TVA - Kingston Fossil Plant,Unit,30042313,EPACAMD,3407CAMDUNIT9,3407;9,3407,9,8/8/2011,,Yes
TN,47,,47145,Roane,4979111,TNDEC,73-0013,TVA KINGSTON FOSSIL PLANT,TVA - Kingston Fossil Plant,Unit,30041813,EPACAMD,3407CAMDUNIT6,3407;6,3407,6,8/8/2011,,Yes
SC,45,,45007,Anderson,4948311,SCDHEC,0200-0004,"Duke Energy, LLC",DUKE ENERGY CAROLINAS LLC LEE STEAM STAT,Unit,127001413,EPACAMD,3264CAMDUNIT12,3264;12,3264,12,4/27/2020,,Yes
TX,48,,48347,Nacogdoches,13389311,TXCEQ,35,CITY OF AUSTIN,NACOGDOCHES GENERATING FACILITY,Unit,106746813,EPACAMD,55708CAMDUNITBFB-1,55708;BFB-1,55708,BFB-1,10/27/2014,,Yes
IL,17,,17021,Christian,1929211,ILEPA,021814AAB,Kincaid Generation LLC,Kincaid Generation LLC,Unit,41602913,EPACAMD,876CAMDUNIT1,876;1,876,1,8/8/2011,,Yes
IL,17,,17021,Christian,1929211,ILEPA,021814AAB,Kincaid Generation LLC,Kincaid Generation LLC,Unit,41603313,EPACAMD,876CAMDUNIT2,876;2,876,2,8/8/2011,,Yes
IL,17,,17197,Will,4106911,ILEPA,197030AAO,"Crete Energy Venture, LLC",Crete Energy Park,Unit,34121313,EPACAMD,55253CAMDUNITGT1,55253;GT1,55253,GT1,9/30/2014,,Yes
CO,8,,8123,Weld,4223811,CODPHE,CO0000000812300250,Na,THERMO COGEN PARTNERSHIP - JM SHAFER,Unit,68875613,EPACAMD,50707CAMDUNITS002,50707;S002,50707,S002,8/17/2014,,Yes
IA,19,,19127,Marshall,3779111,IADNR,64-01-012,INTERSTATE POWER AND LIGHT COMPANY,IPL - MARSHALLTOWN GENERATING STATION,Unit,37006613,EPACAMD,1068CAMDUNIT2A,1068;2A,1068,2A,4/18/2014,,Yes
IA,19,,19125,Marion,3764911,IADNR,63-02-005,,PELLA MUNICIPAL POWER PLANT,Unit,37010313,EPACAMD,1175CAMDUNIT8,1175;8,1175,8,8/8/2011,,Yes
SC,45,,45021,Cherokee,3763611,SCDHEC,0600-0060,"Cherokee County Cogen Partners, LP",CHEROKEE COUNTY COGENERATION,Unit,37023113,EPACAMD,55043CAMDUNITCCCP1,55043;CCCP1,55043,CCCP1,4/29/2014,,Yes
PA,42,,42097,Northumberland,3762011,PADEP,420970031,MT CARMEL COGEN INC,MT CARMEL COGEN/CULM FIRED COGEN PLT,Unit,37027513,EPACAMD,10343CAMDUNITSG-101,10343;SG-101,10343,SG-101,8/8/2011,,Yes
PA,42,,42073,Lawrence,3776611,PADEP,420730025,GENON POWER MIDWEST LP,NEW CASTLE POWER LLC/NEW CASTLE GENERATING STATION,Unit,37249513,EPACAMD,3138CAMDUNIT5,3138;5,3138,5,8/8/2011,,Yes
CA,6,,6085,Santa Clara,743011,CARB,43130311180,CALPINE GILROY COGEN LP & GILROY ENERGY CENTER LLC,CALPINE GILROY COGEN LP & GILROY ENERGY CENTER LLC,Unit,45722913,EPACAMD,10034CAMDUNITS-100,10034;S-100,10034,S-100,10/29/2014,,Yes
AR,5,,5007,Benton,1015511,ARDEQ,500700107,Southwestern Electric Power Co. (AEP),FLINT CREEK POWER PLANT (SWEPCO),Unit,48088413,EPACAMD,6138CAMDUNIT1,6138;1,6138,1,8/8/2011,,Yes
IA,19,,19013,Black Hawk,12806211,IADNR,07-02-005-01,CEDAR FALLS UTILITIES,CEDAR FALLS MUNICIPAL ELECTRIC UTILITY,Unit,67677813,EPACAMD,1131CAMDUNIT7,1131;7,1131,7,8/8/2011,,Yes
TX,48,,48113,Dallas,6476611,TXCEQ,12,LUMINANT GENERATION CO LLC,NORTH LAKE STEAM ELECTRIC STATION,Unit,17688413,EPACAMD,3454CAMDUNIT3,3454;3,3454,3,8/8/2011,,Yes
LA,22,,22055,Lafayette,6128911,LADEQ08,31135,Lafayette Consolidated Government,Lafayette Consolidated Government - Louis Doc Bonin Electric Generating Statio,Unit,80088013,EPACAMD,1443CAMDUNIT1,1443;1,1443,1,8/8/2011,,Yes
LA,22,,22033,East Baton Rouge,5160611,LADEQ08,1186,Entergy Louisiana LLC,EthosEnergy Power Operations (West) LLC - Louisiana Station Electrical Generatin,Unit,80696713,EPACAMD,1391CAMDUNIT3A,1391;3A,1391,3A,8/8/2011,,Yes
TX,48,,48501,Yoakum,5129311,TXCEQ,39,GOLDEN SPREAD ELECTRIC COOPERATIVE INC,MUSTANG ELECTRIC STATION,Unit,110129013,EPACAMD,56326CAMDUNITGEN1,56326;GEN1,56326,GEN1,5/7/2018,,Yes
TX,48,,48501,Yoakum,5129311,TXCEQ,39,GOLDEN SPREAD ELECTRIC COOPERATIVE INC,MUSTANG ELECTRIC STATION,Unit,25190413,EPACAMD,55065CAMDUNIT1,55065;1,55065,1,8/8/2011,,Yes
MA,25,,25005,Bristol,5058411,MADEP,1200061,DYNEGY INC,BRAYTON POINT ENERGY LLC,Unit,87340813,EPACAMD,1619CAMDUNIT3,1619;3,1619,3,8/8/2011,,Yes
NJ,34,,34023,Middlesex,17798211,NJDEP,18940,,Woodbridge Energy Center,Unit,124746613,EPACAMD,57839CAMDUNIT0002,57839;0002,57839,2,12/30/2049,12/31/2049,Yes
NJ,34,,34023,Middlesex,17798211,NJDEP,18940,,Woodbridge Energy Center,Unit,124746613,EPACAMD,57839CAMDUNIT0001,57839;0001,57839,1,12/30/2049,12/31/2049,Yes
OH,39,,39017,Butler,17967111,OHEPA,1409001151,,"Ohio Power Partners, LLC (1409001151)",Unit,134964213,EPACAMD,59326CAMDUNIT1,59326;1,59326,1,4/27/2020,,Yes
MI,26,,26139,Ottawa,17974611,MIDEQ,P0465,Holland Board of Public Works,HOLLAND BOARD OF PUBLIC WORKS-Holland Energy Park,Unit,127690713,EPACAMD,59093CAMDUNIT10,59093;10,59093,10,11/8/2018,,Yes
IN,18,,18141,St. Joseph,17995911,INDEM,579,Na,St. Joseph Energy Center LLC,Unit,128411713,EPACAMD,57794CAMDUNITCTG01B,57794;CTG01B,57794,CTG01B,4/27/2020,,No
MA,25,,25017,Middlesex,5233811,MADEP,1210362,TANNER STREET GENERATION LLC,TANNER STREET GENERATION LLC,Unit,87523113,EPACAMD,54586CAMDUNIT2,54586;2,54586,2,10/27/2014,,Yes
KY,21,,21157,Marshall,5213311,KYDAQ,2115700053,Tennessee Valley Authority,TVA - KGen Marshall LLC,Unit,86742513,EPACAMD,55232CAMDUNITCT6,55232;CT6,55232,CT6,10/27/2014,,Yes
GA,13,,13095,Dougherty,3709711,GADNR,9500002,Georgia Power Company,Ga Power Company - Plant Mitchell,Unit,36856513,EPACAMD,727CAMDUNIT4CB,727;4CB,727,4CB,10/10/2014,,Yes
GA,13,,13095,Dougherty,3709711,GADNR,9500002,Georgia Power Company,Ga Power Company - Plant Mitchell,Unit,36856413,EPACAMD,727CAMDUNIT4AA,727;4AA,727,4AA,10/10/2014,,Yes
VA,51,,51670,Hopewell city,10633611,VADEQ,51019,Dominion-Hopewell Power Station,Dominion-Hopewell Power Station,Unit,58466213,EPACAMD,10771CAMDUNIT1,10771;1,10771,1,8/8/2011,,Yes
AR,5,,5093,Mississippi,10642211,ARDEQ,509300448,Associated Electric COOP Inc.,ASSOCIATED ELECTRIC COOP INC-DELL PWR PL,Unit,63353913,EPACAMD,55340CAMDUNIT1,55340;1,55340,1,8/24/2014,12/31/2049,Yes
AR,5,,5143,Washington,10642811,ARDEQ,514300695,AMERICAN ELECTRIC POWER-SWEPCO,Harry D. Mattison Power Plant,Unit,63390413,EPACAMD,56328CAMDUNIT3,56328;3,56328,3,4/16/2014,,Yes
MO,29,,29037,Cass,10734511,MODNR,63,,EVERGY INC SOUTH HARPER GENERATING STATION,Unit,59225013,EPACAMD,56151CAMDUNIT2,56151;2,56151,2,10/9/2014,,Yes
FL,12,,12103,Pinellas,2744511,FLDEP,1030013,Bayboro,"DUKE ENERGY FLORIDA, LLC",Unit,41361113,EPACAMD,627CAMDUNIT4B,627;4B,627,4B,10/10/2014,12/31/2049,Yes
FL,12,,12103,Pinellas,2744511,FLDEP,1030013,Bayboro,"DUKE ENERGY FLORIDA, LLC",Unit,41360913,EPACAMD,627CAMDUNIT3B,627;3B,627,3B,10/10/2014,12/31/2049,Yes
VA,51,,51027,Buchanan,9093011,VADEQ,11390,"Buchanan Generation, LLC","Buchanan Generation, LLC",Unit,57553513,EPACAMD,55738CAMDUNIT1,55738;1,55738,1,10/9/2014,12/31/2049,Yes
RI,44,,44007,Providence,3040211,RIDEM,AIR2998,OSP Holdings LLC,OCEAN STATE POWER,Unit,88343013,EPACAMD,51030CAMDUNIT1,51030;1,51030,1,9/29/2014,12/31/2049,Yes
PA,42,,42063,Indiana,3005211,PADEP,420630003,RRI ENERGY NE MGMT CO,HOMER CITY GEN LP/CENTER TWP,Unit,38366513,EPACAMD,3122CAMDUNIT1,3122;1,3122,1,8/8/2011,,Yes
NE,31,,31109,Lancaster,9428811,NELLCHD,240,Lincoln Electric System,LES Terry Bundy Generating Station,Unit,57627413,EPACAMD,7887CAMDUNITSVGS2,7887;SVGS2,7887,SVGS2,10/9/2014,,Yes
MI,26,,26115,Monroe,7285811,MIDEQ,B2846,Consumers Energy Company,J.R. WHITING CO,Unit,8570713,EPACAMD,1723CAMDUNIT2,1723;2,1723,2,8/8/2011,,Yes
LA,22,,22101,St. Mary,7204011,LADEQ08,2432,CLECO Power LLC,CLECO Power LLC - Teche Power Station,Unit,80795513,EPACAMD,1400CAMDUNIT2,1400;2,1400,2,8/8/2011,,Yes
LA,22,,22071,Orleans,7448111,LADEQ08,32494,Entergy New Orleans LLC,Entergy New Orleans LLC - Michoud Electric Generating Plant - New Orleans Power,Unit,80595513,EPACAMD,1409CAMDUNIT2,1409;2,1409,2,8/2/2011,12/31/2049,Yes
LA,22,,22079,Rapides,7446811,LADEQ08,2922,CLECO Power LLC,CLECO Power LLC - Brame Energy Center,Unit,81274013,EPACAMD,6190CAMDUNIT2,6190;2,6190,2,8/8/2011,,Yes
NY,36,,36103,Suffolk,8452511,NYDEC,1472200108,NATIONAL GRID GENERATION LLC,WADING RIVER GT FACILITY,Unit,575613,EPACAMD,7146CAMDUNITUGT014,7146;UGT014,7146,UGT014,9/23/2011,,Yes
NY,36,,36103,Suffolk,8452411,NYDEC,1472200105,NATIONAL GRID GENERATION LLC,HOLTSVILLE GT FACILITY,Unit,126778313,EPACAMD,8007CAMDUNITU00013,8007;U00013,8007,U00013,5/1/2018,12/31/2049,No
NY,36,,36103,Suffolk,8452411,NYDEC,1472200105,NATIONAL GRID GENERATION LLC,HOLTSVILLE GT FACILITY,Unit,126778313,EPACAMD,8007CAMDUNITU00001,8007;U00001,8007,U00001,5/1/2018,12/31/2049,No
NY,36,,36103,Suffolk,8452411,NYDEC,1472200105,NATIONAL GRID GENERATION LLC,HOLTSVILLE GT FACILITY,Unit,126778313,EPACAMD,8007CAMDUNITU00002,8007;U00002,8007,U00002,5/1/2018,12/31/2049,No
NE,31,,31001,Adams,8399211,NEDEQ,58048,City Of Hastings,Whelan Energy Center,Unit,104525113,EPACAMD,60CAMDUNIT2,60;2,60,2,4/29/2016,,Yes
OK,40,,40017,Canadian,8350811,OKDEQ,1205,OG AND E,MUSTANG ENERGY CENTER,Unit,128563913,EPACAMD,2953CAMDUNITT11,2953;T11,2953,T11,1/25/2021,,Yes
OK,40,,40017,Canadian,8350811,OKDEQ,1205,OG AND E,MUSTANG ENERGY CENTER,Unit,128564013,EPACAMD,2953CAMDUNITT12,2953;T12,2953,T12,1/25/2021,,Yes
NC,37,,37191,Wayne,7265811,NCDAQ,3719100017,"Duke Energy Progress, LLC","Duke Energy Progress, LLC - H.F. Lee Steam Electric Plant",Unit,88910013,EPACAMD,2709CAMDUNIT14,2709;14,2709,14,10/14/2014,,Yes
,,"Navajo Nation, Arizona, New Mexico & Utah",88780,,7197711,TR780,NN-ROP 05-07,Arizona Public Service Company,Four Corners Power Plant,Unit,79764913,EPACAMD,2442CAMDUNIT2,2442;2,2442,2,8/8/2011,,Yes
AL,1,,1047,Dallas,7213511,ADEM,3,,International Paper Company,Unit,10806813,EPACAMD,54096CAMDUNITX026,54096;X026,54096,X026,2/12/2018,,Yes
AL,1,,1033,Colbert,7212811,ADEM,10,Tennessee Valley Authority,TVA,Unit,10818113,EPACAMD,47CAMDUNITCCT6,47;CCT6,47,CCT6,10/9/2014,,Yes
VA,51,,51191,Washington,7707611,VADEQ,11348,"Wolf Hills Energy, LLC",Wolf Hills Energy LLC,Unit,11344713,EPACAMD,55285CAMDUNITWH07,55285;WH07,55285,WH07,8/23/2014,12/31/2049,Yes
VA,51,,51191,Washington,7707611,VADEQ,11348,"Wolf Hills Energy, LLC",Wolf Hills Energy LLC,Unit,11344613,EPACAMD,55285CAMDUNITWH01,55285;WH01,55285,WH01,8/23/2014,12/31/2049,Yes
WI,55,,55021,Columbia,7673611,WIDNR,111003090,Wisconsin Power & Light Company,Alliant Energy - WPL - Columbia Energy Center,Unit,11387613,EPACAMD,8023CAMDUNIT2,8023;2,8023,2,8/8/2011,,Yes
WI,55,,55009,Brown,7642611,WIDNR,405170920,Wisconsin Public Service Corporation,WISCONSIN PUBLIC SERVICE CORP - DE PERE ENERGY CENTER,Unit,11426713,EPACAMD,55029CAMDUNITB01,55029;B01,55029,B01,10/29/2014,,Yes
WI,55,,55059,Kenosha,7324011,WIDNR,230094810,Wisconsin Electric Power Company,WISCONSIN ELECTRIC POWER COMPANY D/B/A WE ENERGIES-PARIS GENERATING STATION,Unit,11032113,EPACAMD,7270CAMDUNIT**2,7270;**2,7270,**2,10/9/2014,,Yes
WA,53,,53053,Pierce,12623711,WAPSCAA,10645,,Frederickson Power LP,Unit,63640913,EPACAMD,55818CAMDUNITF1CT,55818;F1CT,55818,F1CT,10/9/2014,,Yes
NY,36,,36081,Queens,12681711,NYDEC,2630100191,ASTORIA GAS TURBINE POWER LLC,ASTORIA GAS TURBINE POWER,Unit,64122513,EPACAMD,55243CAMDUNITCT3-1B,55243;CT3-1B,55243,CT3-1B,8/15/2014,12/31/2049,Yes
NY,36,,36081,Queens,12681711,NYDEC,2630100191,ASTORIA GAS TURBINE POWER LLC,ASTORIA GAS TURBINE POWER,Unit,64122513,EPACAMD,55243CAMDUNITCT3-4B,55243;CT3-4B,55243,CT3-4B,8/15/2014,12/31/2049,Yes
NY,36,,36081,Queens,12681711,NYDEC,2630100191,ASTORIA GAS TURBINE POWER LLC,ASTORIA GAS TURBINE POWER,Unit,64122513,EPACAMD,55243CAMDUNITCT4-1A,55243;CT4-1A,55243,CT4-1A,8/15/2014,12/31/2049,Yes
NY,36,,36081,Queens,12681711,NYDEC,2630100191,ASTORIA GAS TURBINE POWER LLC,ASTORIA GAS TURBINE POWER,Unit,64122513,EPACAMD,55243CAMDUNITCT4-2B,55243;CT4-2B,55243,CT4-2B,8/15/2014,12/31/2049,Yes
NY,36,,36081,Queens,12681711,NYDEC,2630100191,ASTORIA GAS TURBINE POWER LLC,ASTORIA GAS TURBINE POWER,Unit,64122513,EPACAMD,55243CAMDUNITCT4-3A,55243;CT4-3A,55243,CT4-3A,8/15/2014,12/31/2049,Yes
KS,20,,20111,Lyon,12635811,KSDOHE,46,"Evergy, Inc.",Evergy - Emporia,Unit,63892213,EPACAMD,56502CAMDUNITEEC7,56502;EEC7,56502,EEC7,5/22/2013,,Yes
KS,20,,20111,Lyon,12635811,KSDOHE,46,"Evergy, Inc.",Evergy - Emporia,Unit,63892013,EPACAMD,56502CAMDUNITEEC5,56502;EEC5,56502,EEC5,5/22/2013,,Yes
MI,26,,26139,Ottawa,6336811,MIDEQ,B1976,Grand Haven Board of Light and Power,J.B. Sims Generating Station,Unit,16370813,EPACAMD,1825CAMDUNIT3,1825;3,1825,3,8/8/2011,,Yes
CA,6,,6077,San Joaquin,14090111,CARB,3914304940,MODESTO IRRIGATION DISTRICT,MODESTO IRRIGATION DISTRICT,Unit,85018813,EPACAMD,56135CAMDUNIT2,56135;2,56135,2,11/1/2014,,Yes
CA,6,,6077,San Joaquin,14090111,CARB,3914304940,MODESTO IRRIGATION DISTRICT,MODESTO IRRIGATION DISTRICT,Unit,85018913,EPACAMD,56135CAMDUNIT1,56135;1,56135,1,11/1/2014,,Yes
NC,37,,37007,Anson,15613711,NCDAQ,3700700032,"Duke Energy Progress, LLC","Duke Energy Progress, LLC - Blewett",Unit,98739313,EPACAMD,2707CAMDUNIT3,2707;3,2707,3,10/23/2014,,Yes
NC,37,,37007,Anson,15613711,NCDAQ,3700700032,"Duke Energy Progress, LLC","Duke Energy Progress, LLC - Blewett",Unit,98739113,EPACAMD,2707CAMDUNIT1,2707;1,2707,1,10/23/2014,,Yes
MO,29,,29151,Osage,6724711,MODNR,2,Central Electric Power Cooperative,"ASSOCIATED ELECTRIC COOPERATIVE, INC.-CHAMOIS PLANT",Unit,12829113,EPACAMD,2169CAMDUNIT2,2169;2,2169,2,8/8/2011,,Yes
NE,31,,31145,Red Willow,7767711,NEDEQ,39986,Nebraska Public Power District,NPPD Mc Cook Peaking Unit,Unit,1717513,EPACAMD,2271CAMDUNIT1B,2271;1B,2271,1B,12/30/2049,12/31/2049,Yes
MT,30,,30087,Rosebud,7765611,MTDEQ,087-0008,TALEN MONTANA LLC,COLSTRIP STEAM ELECTRIC STATION,Unit,1786513,EPACAMD,6076CAMDUNIT4,6076;4,6076,4,8/8/2011,,Yes
MD,24,,24001,Allegany,7763811,MDDOE,001-0011,,Luke Paper Company,Unit,87862313,EPACAMD,50282CAMDUNITPR003,50282;PR003,50282,PR003,4/20/2017,,Yes
NY,36,,36081,Queens,7763311,NYDEC,2630100072,ASTORIA ENERGY II LLC,ASTORIA ENERGY LLC & ASTORIA ENERGY II LLC,Unit,64122013,EPACAMD,55375CAMDUNITCT3,55375;CT3,55375,CT3,9/29/2014,12/31/2049,Yes
NY,36,,36081,Queens,7763311,NYDEC,2630100072,ASTORIA ENERGY II LLC,ASTORIA ENERGY LLC & ASTORIA ENERGY II LLC,Unit,64122013,EPACAMD,55375CAMDUNITCT1,55375;CT1,55375,CT1,9/29/2014,12/31/2049,Yes
WI,55,,55105,Rock,6877611,WIDNR,154003630,Na,WPL - BLACKHAWK GENERATING STATION,Unit,12968113,EPACAMD,4048CAMDUNIT3,4048;3,4048,3,8/8/2011,,Yes
MI,26,,26063,Huron,7790211,MIDEQ,B2815,Detroit Edison Company,DTE - Electric Company Harbor Beach Power Plant,Unit,2337613,EPACAMD,1731CAMDUNIT1,1731;1,1731,1,8/8/2011,,Yes
OH,39,,39061,Hamilton,7738711,OHEPA,1431350093,"Duke Energy Ohio, Inc",Miami Fort Power Company LLC (1431350093),Unit,2470413,EPACAMD,2832CAMDUNIT5-1,2832;5-1,2832,1-May,10/28/2014,,Yes
OH,39,,39061,Hamilton,7738711,OHEPA,1431350093,"Duke Energy Ohio, Inc",Miami Fort Power Company LLC (1431350093),Unit,2471213,EPACAMD,2832CAMDUNIT5-2,2832;5-2,2832,2-May,10/28/2014,,Yes
WI,55,,55055,Jefferson,6765911,WIDNR,128065080,Wisconsin Electric Power Company,WISCONSIN ELECTRIC POWER COMPANY D/B/A WE ENERGIES - CONCORD STATION,Unit,13145213,EPACAMD,7159CAMDUNIT**1,7159;**1,7159,**1,10/9/2014,,Yes
WI,55,,55043,Grant,6748311,WIDNR,122003640,"WPS Power Development, Inc",E J STONEMAN STATION,Unit,13167713,EPACAMD,4146CAMDUNITB2,4146;B2,4146,B2,8/8/2011,,Yes
WI,55,,55039,Fond du Lac,6746711,WIDNR,420101660,Wisconsin Power & Light Company,WPL - SOUTH FOND DU LAC COMBUSTION TURBINE SITE,Unit,13171813,EPACAMD,7203CAMDUNIT**CT1,7203;**CT1,7203,**CT1,10/5/2014,,Yes
VA,51,,51550,Chesapeake city,6682611,VADEQ,61108,Dominion - Elizabeth River CT Station,Dominion - Elizabeth River CT Station,Unit,13202013,EPACAMD,52087CAMDUNITCT-3,52087;CT-3,52087,CT-3,8/21/2014,,Yes
VA,51,,51510,Alexandria city,6922811,VADEQ,70228,GenOn Potomac River Limited Liability Corp,GenOn Potomac River Limited Liability Corp,Unit,13210413,EPACAMD,3788CAMDUNIT2,3788;2,3788,2,8/8/2011,,Yes
GA,13,,13213,Murray,9751411,GADNR,21300034,,Thomas A. Smith Energy Facility,Unit,57647913,EPACAMD,55382CAMDUNITCCCT2,55382;CCCT2,55382,CCCT2,8/8/2011,,Yes
GA,13,,13213,Murray,9751411,GADNR,21300034,,Thomas A. Smith Energy Facility,Unit,57648113,EPACAMD,55382CAMDUNITCCCT4,55382;CCCT4,55382,CCCT4,8/8/2011,,Yes
GA,13,,13213,Murray,9751411,GADNR,21300034,,Thomas A. Smith Energy Facility,Unit,57648013,EPACAMD,55382CAMDUNITCCCT3,55382;CCCT3,55382,CCCT3,8/8/2011,,Yes
MT,30,,30087,Rosebud,7854911,MTDEQ,087-0007,COLSTRIP ENERGY LTD PARTNERSHIP,COLSTRIP ENERGY LTD PARTNERSHIP,Unit,2808213,EPACAMD,10784CAMDUNITCBLR,10784;CBLR,10784,CBLR,5/23/2023,,Yes
MN,27,,27137,St. Louis,7838011,MNPCA,2713700015,City Of Duluth,Minnesota Power - Hibbard Renewable Energy Center,Unit,2841413,EPACAMD,1897CAMDUNIT3,1897;3,1897,3,8/8/2011,,Yes
MI,26,,26117,Montcalm,7836711,MIDEQ,N6873,DTE Electric Company,DTE Electric Company - Renaissance Power Plant,Unit,2844313,EPACAMD,55402CAMDUNITCT4,55402;CT4,55402,CT4,8/14/2014,12/31/2049,Yes
NY,36,,36013,Chautauqua,7806011,NYDEC,9060800053,JAMESTOWN BOARD OF PUBLIC UTILITIES,SAMUEL A CARLSON GENERATING STATION,Unit,2858613,EPACAMD,2682CAMDUNIT9,2682;9,2682,9,9/29/2014,12/31/2049,Yes
AZ,4,,4013,Maricopa,10704311,AZMCAQD,1522,Mesquite Power LLC,Mesquite Generating Station,Unit,58618813,EPACAMD,55481CAMDUNIT1,55481;1,55481,1,8/8/2011,,Yes
AZ,4,,4013,Maricopa,10704411,AZMCAQD,1759,Salt River Project,Gila River Power Station,Unit,58714913,EPACAMD,55306CAMDUNIT3CTGB,55306;3CTGB,55306,3CTGB,8/8/2011,,Yes
NY,36,,36047,Kings,8039511,NYDEC,2610200086,ASTORIA GENERATING COMPANY LP,NARROWS GENERATING STATION,Unit,64125713,EPACAMD,2499CAMDUNITCT02-3,2499;CT02-3,2499,CT02-3,10/15/2014,12/31/2049,Yes
NY,36,,36047,Kings,8039511,NYDEC,2610200086,ASTORIA GENERATING COMPANY LP,NARROWS GENERATING STATION,Unit,64125713,EPACAMD,2499CAMDUNITCT02-7,2499;CT02-7,2499,CT02-7,10/15/2014,12/31/2049,Yes
NY,36,,36047,Kings,8039511,NYDEC,2610200086,ASTORIA GENERATING COMPANY LP,NARROWS GENERATING STATION,Unit,3677313,EPACAMD,2499CAMDUNITCT01-3,2499;CT01-3,2499,CT01-3,10/15/2014,12/31/2049,Yes
NY,36,,36047,Kings,8039511,NYDEC,2610200086,ASTORIA GENERATING COMPANY LP,NARROWS GENERATING STATION,Unit,3677313,EPACAMD,2499CAMDUNITCT01-5,2499;CT01-5,2499,CT01-5,10/15/2014,12/31/2049,Yes
NY,36,,36047,Kings,8038811,NYDEC,2610100042,CONSOLIDATED EDISON COMPANY OF NEW YORK INC,CON EDISON - HUDSON AVE STATION,Unit,3680013,EPACAMD,2496CAMDUNITBLR081,2496;BLR081,2496,BLR081,12/6/2014,12/31/2049,Yes
NY,36,,36047,Kings,8038811,NYDEC,2610100042,CONSOLIDATED EDISON COMPANY OF NEW YORK INC,CON EDISON - HUDSON AVE STATION,Unit,3680013,EPACAMD,2496CAMDUNITBLR071,2496;BLR071,2496,BLR071,12/6/2014,12/31/2049,Yes
NY,36,,36061,New York,7995311,NYDEC,2620400019,CONSOLIDATED EDISON COMPANY OF NEW YORK INC,CON ED-74TH STREET STA,Unit,4074513,EPACAMD,2504CAMDUNITCT0002,2504;CT0002,2504,CT0002,9/29/2014,12/31/2049,Yes
NY,36,,36061,New York,7995311,NYDEC,2620400019,CONSOLIDATED EDISON COMPANY OF NEW YORK INC,CON ED-74TH STREET STA,Unit,4074613,EPACAMD,2504CAMDUNIT122,2504;122,2504,122,9/29/2014,12/31/2049,Yes
NM,35,,35045,San Juan,7991911,NMED,1421,Public Service Company of New Mexico (PNM),San Juan Generating Station,Unit,82425313,EPACAMD,2451CAMDUNIT3,2451;3,2451,3,8/8/2011,,Yes
IN,18,,18109,Morgan,8225111,INDEM,4,Na,IPL Eagle Valley Generating Station,Unit,4234713,EPACAMD,991CAMDUNIT3,991;3,991,3,8/8/2011,,Yes
VA,51,,51065,Fluvanna,6631311,VADEQ,40199,Dominion - Bremo Power Station,Dominion - Bremo Power Station,Unit,17179613,EPACAMD,3796CAMDUNIT3,3796;3,3796,3,8/8/2011,,Yes
TX,48,,48201,Harris,6616311,TXCEQ,282,AIR PRODUCTS LLC,LA PORTE FACILITY,Unit,17207913,EPACAMD,55365CAMDUNITGT-4,55365;GT-4,55365,GT-4,10/29/2014,,Yes
IL,17,,17115,Macon,8139911,ILEPA,115015AAE,,Archer Daniels Midland Co,Unit,4636413,EPACAMD,10865CAMDUNITFBC9,10865;FBC9,10865,FBC9,8/8/2011,,Yes
IL,17,,17115,Macon,8139911,ILEPA,115015AAE,,Archer Daniels Midland Co,Unit,4640213,EPACAMD,10865CAMDUNITFBC3,10865;FBC3,10865,FBC3,8/8/2011,,Yes
NC,37,,37071,Gaston,8137511,NCDAQ,3707100039,"Duke Energy Carolinas, LLC","Duke Energy Carolinas, LLC - Allen Steam Station",Unit,122706013,EPACAMD,2718CAMDUNIT3,2718;3,2718,3,1/1/2015,12/31/2049,Yes
NC,37,,37017,Bladen,8121911,NCDAQ,3701700043,"East Carolina Energy Investments, LLC","North Carolina Renewable Power - Elizabethtown, LLC",Unit,4704313,EPACAMD,10380CAMDUNITUNIT1,10380;UNIT1,10380,UNIT1,7/28/2014,12/31/2049,Yes
NY,36,,36045,Jefferson,8104811,NYDEC,6224000009,BLACK RIVER GENERATION LLC,BLACK RIVER GENERATION LLC,Unit,4821513,EPACAMD,10464CAMDUNITE0002,10464;E0002,10464,E0002,10/23/2014,12/31/2049,Yes
NY,36,,36061,New York,7986111,NYDEC,2620200032,CONSOLIDATED EDISON COMPANY OF NEW YORK INC,CON ED-59TH ST STA,Unit,5576613,EPACAMD,2503CAMDUNITBLR118,2503;BLR118,2503,BLR118,8/17/2014,12/31/2049,Yes
NY,36,,36061,New York,7986111,NYDEC,2620200032,CONSOLIDATED EDISON COMPANY OF NEW YORK INC,CON ED-59TH ST STA,Unit,5576613,EPACAMD,2503CAMDUNITBLR114,2503;BLR114,2503,BLR114,8/17/2014,12/31/2049,Yes
MS,28,,28149,Warren,8233711,MSDEQ,2814900027,AI001074,"ENTERGY MISSISSIPPI INC, BAXTER WILSON P",Unit,5616513,EPACAMD,2050CAMDUNIT1,2050;1,2050,1,8/8/2011,,Yes
WA,53,,53041,Lewis,6281311,WASWCAA,754,"TransAlta Centralia Generation, LLC","TransAlta Centralia Generation, LLC",Unit,15506213,EPACAMD,3845CAMDUNIT60,3845;60,3845,60,9/23/2011,,Yes
WI,55,,55117,Sheboygan,9012411,WIDNR,460067190,,WPL - SHEBOYGAN FALLS ENERGY FACILITY,Unit,54825913,EPACAMD,56166CAMDUNIT2,56166;2,56166,2,8/19/2014,,Yes
WI,55,,55105,Rock,9018711,WIDNR,154099880,,WPL - RIVERSIDE ENERGY CENTER,Unit,137298813,EPACAMD,55641CAMDUNITCT-04,55641;CT-04,55641,CT-04,5/25/2022,,Yes
WI,55,,55105,Rock,9018711,WIDNR,154099880,,WPL - RIVERSIDE ENERGY CENTER,Unit,54948713,EPACAMD,55641CAMDUNITCT-01,55641;CT-01,55641,CT-01,8/8/2013,,Yes
OH,39,,39081,Jefferson,8115711,OHEPA,641050002,Ohio Power Company,Cardinal Power Plant (Cardinal Operating Company) (0641050002),Unit,6046013,EPACAMD,2828CAMDUNIT1,2828;1,2828,1,8/8/2011,,Yes
OH,39,,39155,Trumbull,8115611,OHEPA,278000648,,Cleveland-Cliffs Warren (0278000648),Unit,111622713,EPACAMD,54207CAMDUNITB004,54207;B004,54207,B004,2/12/2018,,Yes
MS,28,,28009,Benton,7037011,MSDEQ,2800900019,AI013469,TVA MAGNOLIA COMBINED CYCLE,Unit,14200613,EPACAMD,55451CAMDUNITCTG-1,55451;CTG-1,55451,CTG-1,8/8/2011,,Yes
MS,28,,28007,Attala,7036511,MSDEQ,2800700032,AI012502,ENTERGY MISSISSIPPI ATTALA PLANT,Unit,14202313,EPACAMD,55220CAMDUNITA02,55220;A02,55220,A02,8/8/2011,,Yes
MN,27,,27099,Mower,7003311,MNPCA,2709900048,Great River Energy,Great River Energy - Pleasant Valley Station,Unit,14228013,EPACAMD,7843CAMDUNIT12,7843;12,7843,12,9/23/2011,,Yes
CA,6,,6019,Fresno,10437111,CARB,1014303811,"CAL PEAK POWER, LLC, ATTN: CLAUDE COUVILLION","CAL PEAK POWER - PANOCHE, LLC",Unit,58172913,EPACAMD,55508CAMDUNITGT-1,55508;GT-1,55508,GT-1,4/13/2016,12/31/2049,Yes
NY,36,,36063,Niagara,7417811,NYDEC,9293800003,AES SOMERSET LLC,AES SOMERSET LLC,Unit,7974613,EPACAMD,6082CAMDUNIT1,6082;1,6082,1,8/8/2011,,Yes
NY,36,,36063,Niagara,7417511,NYDEC,9292600016,LOCKPORT ENERGY ASSOCIATES LP,LOCKPORT COGENERATION FACILITY,Unit,7977913,EPACAMD,54041CAMDUNIT011855,54041;011855,54041,11855,10/12/2014,12/31/2049,Yes
WV,54,,54033,Harrison,6271711,WVDAQ,15,MONONGAHELA POWER CO. - HARRISON,MONONGAHELA POWER CO. - HARRISON,Unit,71923213,EPACAMD,3944CAMDUNIT1,3944;1,3944,1,8/8/2011,,Yes
OH,39,,39163,Vinton,9216611,OHEPA,682000057,,"Rolling Hills Generating, LLC (0682000057)",Unit,55669013,EPACAMD,55401CAMDUNITCT-3,55401;CT-3,55401,CT-3,8/17/2014,,Yes
NJ,34,,34023,Middlesex,7621211,NJDEP,17884,Reliant Energy New Jersey Holdings,Sayreville Generating Station,Unit,11834813,EPACAMD,2390CAMDUNIT014001,2390;014001,2390,14001,8/8/2011,,Yes
NJ,34,,34023,Middlesex,7620911,NJDEP,17824,PSEG Fossil LLC,PSEG FOSSIL LLC EDISON GENERATING STATION,Unit,11840713,EPACAMD,2400CAMDUNIT11001,2400;11001,2400,11001,8/25/2014,12/31/2049,Yes
NJ,34,,34017,Hudson,7591211,NJDEP,12174,Bayonne Plant Holding LLC,"Bayonne Plant Holding, L.L.C.",Unit,11873413,EPACAMD,50497CAMDUNIT001001,50497;001001,50497,1001,10/15/2014,,Yes
MA,25,,25021,Norfolk,6569511,MADEP,1190491,BRAINTREE ELECTRIC,BRAINTREE ELECTRIC,Unit,87608013,EPACAMD,1660CAMDUNIT3,1660;3,1660,3,10/2/2014,,Yes
ME,23,,23009,Hancock,8387311,MEDEP,A-000022,,BUCKSPORT GENERATION LLC,Unit,391213,EPACAMD,50243CAMDUNITGEN4,50243;GEN4,50243,GEN4,8/8/2011,,Yes
NC,37,,37035,Catawba,8370411,NCDAQ,3703500073,Duke Energy Carolinas LLC,"Duke Energy Carolinas, LLC - Marshall Steam Station",Unit,408613,EPACAMD,2727CAMDUNIT3,2727;3,2727,3,8/8/2011,,Yes
ID,16,,16039,Elmore,8355111,IDDEQ,3900024,Idaho Power Company,IDAHO POWER CO - EVANDER ANDREWS COMPLEX,Unit,418513,EPACAMD,7953CAMDUNITCT2,7953;CT2,7953,CT2,10/8/2014,,Yes
GA,13,,13207,Monroe,8354711,GADNR,20700008,,Ga Power Company - Plant Scherer,Unit,420013,EPACAMD,6257CAMDUNIT1,6257;1,6257,1,8/8/2011,,Yes
VA,51,,51153,Prince William,7520511,VADEQ,70225,Dominion - Possum Point Power Station,Dominion - Possum Point Power Station,Unit,12373313,EPACAMD,3804CAMDUNIT4,3804;4,3804,4,8/8/2011,,Yes
VA,51,,51153,Prince William,7520511,VADEQ,70225,Dominion - Possum Point Power Station,Dominion - Possum Point Power Station,Unit,12374013,EPACAMD,3804CAMDUNIT5,3804;5,3804,5,8/8/2011,,Yes
OH,39,,39025,Clermont,8294411,OHEPA,1413100008,"Duke Energy Ohio, Inc",New Richmond Development Corp LLC (1413100008),Unit,1539513,EPACAMD,2830CAMDUNIT4,2830;4,2830,4,8/8/2011,,Yes
OH,39,,39025,Clermont,8294411,OHEPA,1413100008,"Duke Energy Ohio, Inc",New Richmond Development Corp LLC (1413100008),Unit,1539413,EPACAMD,2830CAMDUNITCT2,2830;CT2,2830,CT2,10/9/2014,,Yes
OH,39,,39023,Clark,8293611,OHEPA,812790035,FirstEnergy Generation Corporation,Mad River Plant (0812790035),Unit,1542013,EPACAMD,2860CAMDUNITB,2860;B,2860,B,10/9/2014,,Yes
NC,37,,37129,New Hanover,8547211,NCDAQ,3712900036,"Duke Energy Progress, LLC","Duke Energy Progress, LLC - L.V. Sutton Electric Plant",Unit,109330213,EPACAMD,2713CAMDUNIT01A,2713;01A,2713,01A,12/28/2015,,Yes
WI,55,,55073,Marathon,16843311,WIDNR,737227040,,WISCONSIN ELECTRIC POWER COMPANY (DBA WE ENERGIES) - ROTHSCHILD BIOMASS COGENE,Unit,109223413,EPACAMD,58124CAMDUNIT1,58124;1,58124,1,7/15/2015,,Yes
MI,26,,26075,Jackson,5695811,MIDEQ,N6626,Consumers Energy Company,Consumers Energy Co. - Jackson Generating Station,Unit,22024913,EPACAMD,55270CAMDUNIT7EA,55270;7EA,55270,7EA,8/21/2014,12/31/2019,No
TX,48,,48315,Marion,5613211,TXCEQ,1,SOUTHWESTERN ELECTRIC POWER COMPANY,WILKES POWER PLANT,Unit,22160113,EPACAMD,3478CAMDUNIT1,3478;1,3478,1,8/8/2011,,Yes
TN,47,,47165,Sumner,5610411,TNDEC,83-0025,TVA GALLATIN FOSSIL PLANT,TVA - Gallatin Fossil Plant,Unit,22205813,EPACAMD,3403CAMDUNITGCT5,3403;GCT5,3403,GCT5,8/15/2014,12/31/2049,Yes
TN,47,,47165,Sumner,5610411,TNDEC,83-0025,TVA GALLATIN FOSSIL PLANT,TVA - Gallatin Fossil Plant,Unit,22206213,EPACAMD,3403CAMDUNITGCT2,3403;GCT2,3403,GCT2,8/15/2014,12/31/2049,Yes
TX,48,,48085,Collin,5860711,TXCEQ,15,CITY OF GARLAND POWER & LIGHT,RAY OLINGER PLANT,Unit,22303513,EPACAMD,3576CAMDUNITCE1,3576;CE1,3576,CE1,8/8/2011,,Yes
MD,24,,24033,Prince Georges,6011911,MDDOE,033-0014,"Mirant Chalk Point, LLC","NRG Chalk Point, LLC",Unit,88002313,EPACAMD,1571CAMDUNIT4,1571;4,1571,4,8/8/2011,,Yes
MD,24,,24017,Charles,6011511,MDDOE,017-0014,"Mirant Mid-Atlantic, LLC","GenOn Mid-Atlantic, LLC Morgantown Generating Station",Unit,87935913,EPACAMD,1573CAMDUNITGT4,1573;GT4,1573,GT4,8/8/2011,,Yes
MD,24,,24017,Charles,6011511,MDDOE,017-0014,"Mirant Mid-Atlantic, LLC","GenOn Mid-Atlantic, LLC Morgantown Generating Station",Unit,87936013,EPACAMD,1573CAMDUNITGT5,1573;GT5,1573,GT5,8/8/2011,,Yes
IL,17,,17103,Lee,5483011,ILEPA,103817AAH,"Duke Energy Ohio, Inc.",Lee County Generating Station LLC,Unit,88662813,EPACAMD,55236CAMDUNITCT8,55236;CT8,55236,CT8,10/1/2014,,Yes
KY,21,,21223,Trimble,5742811,KYDAQ,2122300002,Louisville Gas And Electric Company,Louisville Gas & Electric Co - Trimble Co Generating Station,Unit,22615913,EPACAMD,6071CAMDUNIT8,6071;8,6071,8,7/22/2012,,Yes
KY,21,,21223,Trimble,5742811,KYDAQ,2122300002,Louisville Gas And Electric Company,Louisville Gas & Electric Co - Trimble Co Generating Station,Unit,22616913,EPACAMD,6071CAMDUNIT10,6071;10,6071,10,7/22/2012,,Yes
KY,21,,21223,Trimble,5742811,KYDAQ,2122300002,Louisville Gas And Electric Company,Louisville Gas & Electric Co - Trimble Co Generating Station,Unit,22617113,EPACAMD,6071CAMDUNIT9,6071;9,6071,9,7/22/2012,,Yes
ME,23,,23007,Franklin,5677011,MEDEP,A-000718,Verso Paper,PIXELLE ANDROSCOGGIN LLC (COGENERATION),Unit,94542813,EPACAMD,55031CAMDUNITCT03,55031;CT03,55031,CT03,3/21/2013,,Yes
MA,25,,25009,Essex,5090111,MADEP,1190015,PEABODY MUNICIPAL LIGHT PLANT,PEABODY MUNICIPAL LIGHT PLANT,Unit,87331513,EPACAMD,1678CAMDUNIT2,1678;2,1678,2,10/29/2014,,Yes
IL,17,,17197,Will,4506411,ILEPA,197808AAG,Elwood Energy LLC,Elwood Energy LLC,Unit,88700413,EPACAMD,55199CAMDUNIT1,55199;1,55199,1,10/9/2014,,Yes
KS,20,,20209,Wyandotte,4627911,KSDOHE,48,Board of Public Utilities,Kansas City BPU - Quindaro,Unit,27807613,EPACAMD,1295CAMDUNIT2,1295;2,1295,2,8/8/2011,,Yes
PA,42,,42109,Snyder,4737311,PADEP,421090002,SUNBURY GENERATION LP,SUNBURY GENERATION LP/SUNBURY SES,Unit,27901813,EPACAMD,3152CAMDUNIT1A,3152;1A,3152,1A,8/8/2011,,Yes
PA,42,,42107,Schuylkill,4735811,PADEP,421070023,RAUSCH CREEK GENERATION LLC,RAUSCH CREEK GENERATION LLC/FRAILEY TWP,Unit,27908813,EPACAMD,50611CAMDUNIT031,50611;031,50611,31,8/8/2011,,Yes
IN,18,,18055,Greene,4560611,INDEM,34,Na,Worthington Generating Station,Unit,28032513,EPACAMD,55148CAMDUNIT1,55148;1,55148,1,10/6/2014,,Yes
GA,13,,13147,Hart,2612411,GADNR,14700021,,Hartwell Energy Facility,Unit,97989113,EPACAMD,70454CAMDUNITMAG1,70454;MAG1,70454,MAG1,10/13/2014,,Yes
PA,42,,42001,Adams,4713111,PADEP,420010122,NRG WHOLESALE GENERATION LP,KESTREL ACQUISITION LLC/HUNTERSTOWN PLT,Unit,67433613,EPACAMD,55976CAMDUNITCT301,55976;CT301,55976,CT301,7/16/2014,,Yes
CO,8,,8085,Montrose,3457111,CODPHE,CO0000000808500001,Tri-State Generation & Transmission,TRI STATE GENERATION - NUCLA STATION,Unit,36572413,EPACAMD,527CAMDUNIT1,527;1,527,1,8/8/2011,,Yes
IL,17,,17079,Jasper,2587011,ILEPA,079808AAA,Ameren Energy Generating Company,Illinois Power Generating Co,Unit,40794913,EPACAMD,6017CAMDUNIT2,6017;2,6017,2,8/8/2011,,Yes
IL,17,,17079,Jasper,2587011,ILEPA,079808AAA,Ameren Energy Generating Company,Illinois Power Generating Co,Unit,40794613,EPACAMD,6017CAMDUNIT1,6017;1,6017,1,8/8/2011,,Yes
FL,12,,12099,Palm Beach,919411,FLDEP,990045,City Of Lake Worth Utilities,CITY OF LAKE WORTH UTILITIES,Unit,46529713,EPACAMD,673CAMDUNITS-3,673;S-3,673,S-3,10/7/2014,,Yes
AR,5,,5057,Hempstead,909411,ARDEQ,505700304,Arkansas Electric Cooperative  Corporation,ARK ELEC CO-OP CORP-FULTON CTI GENER STA,Unit,46559713,EPACAMD,7825CAMDUNITCT1,7825;CT1,7825,CT1,10/13/2014,,Yes
FL,12,,12086,Miami-Dade,900011,FLDEP,250003,Florida Power & Light Company,FLORIDA POWER & LIGHT (PTF),Unit,46585113,EPACAMD,621CAMDUNITPTP2,621;PTP2,621,PTP2,8/8/2011,,Yes
FL,12,,12086,Miami-Dade,900011,FLDEP,250003,Florida Power & Light Company,FLORIDA POWER & LIGHT (PTF),Unit,67219213,EPACAMD,621CAMDUNITTPCT5C,621;TPCT5C,621,TPCT5C,8/8/2011,,Yes
TX,48,,48209,Hays,4927111,TXCEQ,15,HAYS ENERGY LLC,HAYS ENERGY FACILITY,Unit,31205213,EPACAMD,55144CAMDUNITSTK3,55144;STK3,55144,STK3,8/8/2011,,Yes
TX,48,,48201,Harris,4926511,TXCEQ,42,NRG TEXAS POWER LLC,TH WHARTON ELECTRIC GENERATING STATION,Unit,31236913,EPACAMD,3469CAMDUNITTHW53,3469;THW53,3469,THW53,8/21/2014,,Yes
TX,48,,48201,Harris,4926511,TXCEQ,42,NRG TEXAS POWER LLC,TH WHARTON ELECTRIC GENERATING STATION,Unit,31237413,EPACAMD,3469CAMDUNITTHW54,3469;THW54,3469,THW54,8/21/2014,,Yes
TX,48,,48201,Harris,4926511,TXCEQ,42,NRG TEXAS POWER LLC,TH WHARTON ELECTRIC GENERATING STATION,Unit,31237313,EPACAMD,3469CAMDUNITTHW34,3469;THW34,3469,THW34,8/21/2014,,Yes
TX,48,,48201,Harris,4926511,TXCEQ,42,NRG TEXAS POWER LLC,TH WHARTON ELECTRIC GENERATING STATION,Unit,31236013,EPACAMD,3469CAMDUNITTHW52,3469;THW52,3469,THW52,8/21/2014,,Yes
PA,42,,42059,Greene,3746611,PADEP,420590006,ALLEGHENY ENERGY SUPPLY CO LLC,ALLEGHENY ENERGY SUPPLY CO/HATFIELDS FERRY POWER STA,Unit,37864613,EPACAMD,3179CAMDUNIT2,3179;2,3179,2,8/8/2011,,Yes
SC,45,,45051,Horry,4760911,SCDHEC,1340-0021,Santee Cooper,SANTEE COOPER MYRTLE BEACH,Unit,32046813,EPACAMD,3320CAMDUNITCT5,3320;CT5,3320,CT5,4/29/2014,,Yes
SC,45,,45041,Florence,4758811,SCDHEC,1040-0003,,WESTROCK CP LLC,Unit,32072513,EPACAMD,50806CAMDUNIT16,50806;16,50806,16,8/8/2011,,Yes
SC,45,,45003,Aiken,5045611,SCDHEC,0080-0011,South Carolina Electric & Gas Company,URQUHART STATION,Unit,32105613,EPACAMD,3295CAMDUNITURQ3,3295;URQ3,3295,URQ3,8/8/2011,,Yes
KS,20,,20099,Labette,5028811,KSDOHE,1,,WESTAR ENERGY - Neosho,Unit,32109913,EPACAMD,1243CAMDUNIT7,1243;7,1243,7,10/29/2014,,Yes
TX,48,,48161,Freestone,3052111,TXCEQ,2,LUMINANT GENERATION COMPANY LLC,BIG BROWN STEAM ELECTRIC STATION,Unit,37996113,EPACAMD,3497CAMDUNIT1,3497;1,3497,1,8/8/2011,,Yes
AR,5,,5047,Franklin,1117411,ARDEQ,504700012,ARKANSAS ELECTRIC COOPERATIVE CORPORATION,ARKANSAS ELECTRIC-THOMAS B FITZHUGH CORP,Unit,46792013,EPACAMD,201CAMDUNIT2,201;2,201,2,8/8/2011,,Yes
AR,5,,5123,St. Francis,1099611,ARDEQ,512300010,ENTERGY,ENTERGY ARK-MOSES,Unit,46862513,EPACAMD,168CAMDUNIT1,168;1,168,1,10/2/2014,,Yes
AR,5,,5063,Independence,1083411,ARDEQ,506300042,"Entergy Arkansas, LLC",ENTERGY ARKANSAS LLC-INDEPENDENCE PLANT,Unit,46911413,EPACAMD,6641CAMDUNIT1,6641;1,6641,1,8/8/2011,,Yes
AR,5,,5063,Independence,1083411,ARDEQ,506300042,"Entergy Arkansas, LLC",ENTERGY ARKANSAS LLC-INDEPENDENCE PLANT,Unit,46911013,EPACAMD,6641CAMDUNIT2,6641;2,6641,2,8/8/2011,,Yes
PA,42,,42003,Allegheny,2990311,PAACHD,4200300580,ALLEGHENY ENERGY SUPPLY,ALLEGHENY ENERGY SUPPLY/SPRINGDALE,Unit,38213013,EPACAMD,55196CAMDUNIT1,55196;1,55196,1,10/4/2014,,Yes
CT,9,,9001,Fairfield,754311,CTBAM,T015P0045C08087,"PSEG POWER CT, LLC",PSEG PWR CT LLC/BPT HARBOR STA,Unit,46286413,EPACAMD,568CAMDUNITBHB3,568;BHB3,568,BHB3,8/8/2011,,Yes
DE,10,,10001,Kent,753811,DEDNR,1000100127,Clearway Energy,"ENERGY CENTER DOVER, LLC",Unit,46292413,EPACAMD,10030CAMDUNIT2,10030;2,10030,2,8/8/2011,,Yes
FL,12,,12105,Polk,752011,FLDEP,1050003,Lakeland Electric,LAKELAND ELECTRIC,Unit,46313313,EPACAMD,675CAMDUNIT7,675;7,675,7,12/11/2014,,Yes
FL,12,,12105,Polk,751911,FLDEP,1050233,Tampa Electric Company,TAMPA ELECTRIC COMPANY-POLK,Unit,46314213,EPACAMD,7242CAMDUNIT**3,7242;**3,7242,**3,10/15/2014,12/31/2016,Yes
FL,12,,12105,Polk,751911,FLDEP,1050233,Tampa Electric Company,TAMPA ELECTRIC COMPANY-POLK,Unit,111793713,EPACAMD,7242CAMDUNIT**2,7242;**2,7242,**2,1/1/2017,,Yes
FL,12,,12085,Martin,751511,FLDEP,850001,Florida Power & Light Company,FLORIDA POWER & LIGHT (PMR),Unit,67227613,EPACAMD,6043CAMDUNITPMR8C,6043;PMR8C,6043,PMR8C,8/8/2011,,Yes
FL,12,,12085,Martin,751511,FLDEP,850001,Florida Power & Light Company,FLORIDA POWER & LIGHT (PMR),Unit,46319513,EPACAMD,6043CAMDUNITHRSG4B,6043;HRSG4B,6043,HRSG4B,8/8/2011,,Yes
CT,9,,9007,Middlesex,715711,CTBAM,T104P0024C07741,"NRG ENERGY, INC.",MIDDLETOWN POWER LLC,Unit,46361413,EPACAMD,562CAMDUNIT2,562;2,562,2,8/8/2011,,Yes
CT,9,,9003,Hartford,715611,CTBAM,T075P0158C08792,Materials Innovation and Recycling Authority (MIRA),MIRA / MID-CONNECTICUT,Unit,46361913,EPACAMD,563CAMDUNIT14B,563;14B,563,14B,6/11/2013,,Yes
CT,9,,9003,Hartford,715611,CTBAM,T075P0158C08792,Materials Innovation and Recycling Authority (MIRA),MIRA / MID-CONNECTICUT,Unit,46362213,EPACAMD,563CAMDUNIT13A,563;13A,563,13A,6/11/2013,,Yes
CA,6,,6037,Los Angeles,4084611,CARB,1.91E+11,EL SEGUNDO ENERGY CENTER LLC,EL SEGUNDO ENERGY CENTER LLC,Unit,85780813,EPACAMD,330CAMDUNIT4,330;4,330,4,5/22/2017,,Yes
CA,6,,6037,Los Angeles,4084611,CARB,1.91E+11,EL SEGUNDO ENERGY CENTER LLC,EL SEGUNDO ENERGY CENTER LLC,Unit,118844213,EPACAMD,330CAMDUNIT5,330;5,330,5,5/22/2017,,Yes
CA,6,,6037,Los Angeles,4083411,CARB,1.91E+11,"AES REDONDO BEACH, LLC","AES REDONDO BEACH, LLC",Unit,35218813,EPACAMD,356CAMDUNIT8,356;8,356,8,5/24/2017,,Yes
CA,6,,6037,Los Angeles,4083011,CARB,1.91E+11,"LONG BEACH GENERATION, LLC","LONG BEACH GENERATION, LLC",Unit,35227213,EPACAMD,341CAMDUNIT2,341;2,341,2,10/27/2014,,Yes
CA,6,,6037,Los Angeles,4082511,CARB,1.91E+11,CARSON COGENERATION COMPANY,CARSON COGENERATION COMPANY,Unit,100907513,EPACAMD,10169CAMDUNITD1,10169;D1,10169,D1,10/13/2014,,Yes
PA,42,,42133,York,3193911,PADEP,421330020,BRUNNER ISLAND LLC,BRUNNER ISLAND LLC/BRUNNER ISLAND,Unit,38702613,EPACAMD,3140CAMDUNIT1,3140;1,3140,1,8/8/2011,,Yes
CO,8,,8069,Larimer,4364011,CODPHE,CO0000000806900053,Platte River Power Authority,PLATTE RIVER POWER AUTHORITY - RAWHIDE,Unit,36154713,EPACAMD,6761CAMDUNITB,6761;B,6761,B,9/23/2011,,Yes
MA,25,,25021,Norfolk,5735611,MADEP,1201509,"ANP BELLINGHAM ENERGY, LLC",ANP BELLINGHAM ENERGY COMPANY LLC,Unit,87524813,EPACAMD,55211CAMDUNIT2,55211;2,55211,2,9/23/2011,,Yes
CA,6,,6053,Monterey,5684111,CARB,270715577,MOSS LANDING POWER COMPANY LLC,"DYNEGY MOSS LANDING, LLC",Unit,20546813,EPACAMD,260CAMDUNIT1A,260;1A,260,1A,8/8/2011,,Yes
WI,55,,55087,Outagamie,15038711,WIDNR,445159110,,WISCONSIN PUBLIC SERVICE CORPORATION - FOX ENERGY CENTER,Unit,91926113,EPACAMD,56031CAMDUNITCTG-1,56031;CTG-1,56031,CTG-1,8/22/2014,,Yes
GA,13,,13263,Talbot,15040211,GADNR,26300013,,Talbot Energy Facility,Unit,91997513,EPACAMD,7916CAMDUNIT3,7916;3,7916,3,8/17/2014,,Yes
CA,6,,6019,Fresno,13845911,CARB,1014304305,"MALAGA POWER, LLC","MALAGA POWER, LLC",Unit,84878213,EPACAMD,56239CAMDUNITGT-1,56239;GT-1,56239,GT-1,10/3/2014,,Yes
MT,30,,30023,Deer Lodge,14496011,MTDEQ,023-0002,NORTHWESTERN ENERGY,DAVE GATES GENERATING STATION AT MILL CREEK,Unit,87303413,EPACAMD,56908CAMDUNIT3A,56908;3A,56908,3A,10/10/2014,12/31/2049,Yes
MT,30,,30023,Deer Lodge,14496011,MTDEQ,023-0002,NORTHWESTERN ENERGY,DAVE GATES GENERATING STATION AT MILL CREEK,Unit,87303513,EPACAMD,56908CAMDUNIT2A,56908;2A,56908,2A,10/10/2014,12/31/2049,Yes
FL,12,,12099,Palm Beach,14654911,FLDEP,990646,FLORIDA POWER AND LIGHT COMPANY,FLORIDA POWER AND LIGHT COMPANY,Unit,89427313,EPACAMD,56407CAMDUNITWCCT1A,56407;WCCT1A,56407,WCCT1A,5/22/2013,,Yes
FL,12,,12097,Osceola,558411,FLDEP,970043,Kissimmee Utility Authority,FMPA & KISSIMMEE UTILITY AUTHORITY,Unit,89409413,EPACAMD,7238CAMDUNIT4,7238;4,7238,4,7/29/2013,,Yes
LA,22,,22117,Washington,19253711,LADEQ08,83619,Entergy Louisiana LLC,Entergy Louisiana LLC - Washington Parish Energy Center,Unit,157083413,EPACAMD,55486CAMDUNITCTG01,55486;CTG01,55486,CTG01,4/10/2023,,Yes
MI,26,,26017,Bay,8172811,MIDEQ,B2840,Consumers Energy Company,Consumers Energy D.E. Karn Facility,Unit,4492313,EPACAMD,1702CAMDUNIT1,1702;1,1702,1,1/1/2020,,Yes
MI,26,,26017,Bay,8172811,MIDEQ,B2840,Consumers Energy Company,Consumers Energy D.E. Karn Facility,Unit,82867413,EPACAMD,1702CAMDUNIT4,1702;4,1702,4,8/25/2014,12/31/2049,Yes
MI,26,,26017,Bay,8172811,MIDEQ,B2840,Consumers Energy Company,Consumers Energy D.E. Karn Facility,Unit,82867713,EPACAMD,1702CAMDUNITA,1702;A,1702,A,12/7/2014,12/31/2049,Yes
MS,28,,28047,Harrison,6788111,MSDEQ,2804700055,AI000927,"MISSISSIPPI POWER COMPANY, PLANT JACK WA",Unit,13581813,EPACAMD,2049CAMDUNITCTB,2049;CTB,2049,CTB,11/5/2014,12/31/2049,Yes
GA,13,,13149,Heard,9765611,GADNR,14900007,,Municipal Electric Authority Of Ga-Wansley,Unit,57654213,EPACAMD,7946CAMDUNITCT9A,7946;CT9A,7946,CT9A,8/8/2011,,Yes
OH,39,,39039,Defiance,8257511,OHEPA,320010006,FirstEnergy Generation Corporation,Richland Substation Peaker Facility (0320010006),Unit,35713,EPACAMD,2880CAMDUNITCTG5,2880;CTG5,2880,CTG5,9/23/2014,,Yes
OH,39,,39037,Darke,8257111,OHEPA,819070237,"Buckeye Power, Inc",Buckeye Power Greenville Station (0819070237),Unit,36813,EPACAMD,55228CAMDUNITG1CT2,55228;G1CT2,55228,G1CT2,10/10/2014,,Yes
OH,39,,39037,Darke,8257111,OHEPA,819070237,"Buckeye Power, Inc",Buckeye Power Greenville Station (0819070237),Unit,36213,EPACAMD,55228CAMDUNITG1CT1,55228;G1CT1,55228,G1CT1,10/10/2014,,Yes
OH,39,,39037,Darke,8257111,OHEPA,819070237,"Buckeye Power, Inc",Buckeye Power Greenville Station (0819070237),Unit,36713,EPACAMD,55228CAMDUNITG4CT2,55228;G4CT2,55228,G4CT2,10/10/2014,,Yes
LA,22,,22001,Acadia,7368411,LADEQ08,92706,Bayou Cove Peaking Power LLC,Bayou Cove Peaking Power LLC - Bayou Cove Peaking Power Plant,Unit,80131913,EPACAMD,55433CAMDUNITCTG-4,55433;CTG-4,55433,CTG-4,10/9/2014,,Yes
MS,28,,28059,Jackson,6251011,MSDEQ,2805900090,AI001321,"MISSISSIPPI POWER COMPANY, PLANT VICTOR",Unit,16467613,EPACAMD,6073CAMDUNIT3A,6073;3A,6073,3A,8/8/2011,,Yes
MS,28,,28059,Jackson,6251011,MSDEQ,2805900090,AI001321,"MISSISSIPPI POWER COMPANY, PLANT VICTOR",Unit,16467413,EPACAMD,6073CAMDUNIT3B,6073;3B,6073,3B,8/8/2011,,Yes
CA,6,,6025,Imperial,6515911,CARB,13151115,IMPERIAL IRRIGATION DISTRICT,IMPERIAL IRRIGATION DISTRICT ECGS,Unit,19300813,EPACAMD,389CAMDUNIT4,389;4,389,4,8/8/2011,,Yes
AR,5,,5069,Jefferson,893911,ARDEQ,506900110,"Entergy Arkansas, LLC",ENTERGY ARK-WHITE BLUFF,Unit,46642113,EPACAMD,6009CAMDUNIT1,6009;1,6009,1,8/8/2011,,Yes
AZ,4,,4013,Maricopa,1139411,AZMCAQD,15,Salt River Project,Salt River Project - Kyrene Generating Station,Unit,46674413,EPACAMD,147CAMDUNITK-2,147;K-2,147,K-2,12/12/2014,,Yes
AZ,4,,4013,Maricopa,1139311,AZMCAQD,14,Salt River Project,Salt River Project - Agua Fria Generating Station,Unit,142939813,EPACAMD,141CAMDUNIT3,141;3,141,3,1/1/2020,,Yes
AZ,4,,4013,Maricopa,1139211,AZMCAQD,13,Salt River Project,Salt River Project - Santan Generating Station,Unit,105573213,EPACAMD,8068CAMDUNIT5B,8068;5B,8068,5B,8/23/2014,,Yes
AZ,4,,4013,Maricopa,1139111,AZMCAQD,38,Arizona Public Service Company,APS West Phx Power Plant,Unit,105572113,EPACAMD,117CAMDUNITCC5B,117;CC5B,117,CC5B,9/23/2014,,Yes
MO,29,,29147,Nodaway,5255311,MODNR,32,Associated Electric Cooperative Inc,NODAWAY POWER PLANT CONCEPTION JUNCTION,Unit,24936313,EPACAMD,7754CAMDUNIT2,7754;2,7754,2,10/7/2014,,Yes
LA,22,,22109,Terrebonne,5192511,LADEQ08,8838,Terrebonne Parish Consolidated Government,Terrebonne Parish Consolidated Government - Houma Generating Station,Unit,80254713,EPACAMD,1439CAMDUNIT16,1439;16,1439,16,8/8/2011,,Yes
PA,42,,42125,Washington,3895011,PADEP,421250024,GENON POWER MIDWEST LP,GENON POWER MIDWEST LP/ELRAMA POWER PLT,Unit,37444113,EPACAMD,3098CAMDUNIT2,3098;2,3098,2,8/8/2011,,Yes
PA,42,,42123,Warren,3893511,PADEP,421230004,NRG REMA LLC,WARREN GENERATION LLC/WARREN COMBUSTION TURBINE,Unit,37450213,EPACAMD,3132CAMDUNIT005,3132;005,3132,5,9/24/2014,,Yes
PA,42,,42121,Venango,3880211,PADEP,421210043,HANDSOME LAKE ENERGY LLC,HANDSOME LAKE ENERGY LLC/KENNERDELL,Unit,37451613,EPACAMD,55233CAMDUNITEU-3A,55233;EU-3A,55233,EU-3A,10/2/2014,,Yes
PA,42,,42121,Venango,3880211,PADEP,421210043,HANDSOME LAKE ENERGY LLC,HANDSOME LAKE ENERGY LLC/KENNERDELL,Unit,37451913,EPACAMD,55233CAMDUNITEU-5A,55233;EU-5A,55233,EU-5A,10/2/2014,,Yes
VA,51,,51031,Campbell,4565711,VADEQ,30859,Dominion - Altavista Power Station,Dominion - Altavista Power Station,Unit,27832713,EPACAMD,10773CAMDUNIT2,10773;2,10773,2,8/8/2011,,Yes
PA,42,,42033,Clearfield,2985011,PADEP,420330021,GENON REMA LLC,SHAWVILLE POWER LLC/SHAWVILLE GEN STA,Unit,38387813,EPACAMD,3131CAMDUNIT4,3131;4,3131,4,8/8/2011,,Yes
SC,45,,45031,Darlington,4951511,SCDHEC,0820-0002,Carolina Power & Light Company,DUKE ENERGY PROGRESS LLC - HB ROBINSON/DARLINGTON,Unit,28949913,EPACAMD,3250CAMDUNIT12,3250;12,3250,12,9/23/2011,,Yes
SC,45,,45031,Darlington,4951511,SCDHEC,0820-0002,Carolina Power & Light Company,DUKE ENERGY PROGRESS LLC - HB ROBINSON/DARLINGTON,Unit,28949513,EPACAMD,3250CAMDUNIT6,3250;6,3250,6,9/23/2011,,Yes
TX,48,,48439,Tarrant,4916711,TXCEQ,7,CONSTELLATION HANDLEY POWER LLC,HANDLEY STEAM ELECTRIC STATION,Unit,29005213,EPACAMD,3491CAMDUNIT5,3491;5,3491,5,9/23/2011,,Yes
TX,48,,48245,Jefferson,4862411,TXCEQ,18,EXXONMOBIL OIL CORPORATION,BEAUMONT REFINERY,Unit,71060413,EPACAMD,50625CAMDUNIT61STK1,50625;61STK1,50625,61STK1,10/23/2014,,Yes
SC,45,,45007,Anderson,4075711,SCDHEC,0200-0144,Santee Cooper,SANTEE COOPER RAINEY,Unit,69627313,EPACAMD,7834CAMDUNITCT1A,7834;CT1A,7834,CT1A,8/14/2014,12/31/2049,Yes
TX,48,,48201,Harris,4057511,TXCEQ,1512,EIF CHANNELVIEW COGENERATION LLC,CHANNELVIEW COGENERATION FACILITY,Unit,33491113,EPACAMD,55187CAMDUNITCHV4,55187;CHV4,55187,CHV4,8/8/2011,,Yes
AZ,4,,4021,Pinal,11310611,Pinal,COOLGEN,Coolidge Power LLC,Coolidge Generating Station,Unit,118550013,EPACAMD,56948CAMDUNITCT08,56948;CT08,56948,CT08,5/31/2018,,Yes
AZ,4,,4021,Pinal,11310611,Pinal,COOLGEN,Coolidge Power LLC,Coolidge Generating Station,Unit,118549813,EPACAMD,56948CAMDUNITCT10,56948;CT10,56948,CT10,5/31/2018,,Yes
NV,32,,32003,Clark,12770211,NVCCDAQM,1584,,Nevada Power Silverhawk,Unit,67165513,EPACAMD,55841CAMDUNITA01,55841;A01,55841,A01,8/8/2011,,Yes
NJ,34,,34015,Gloucester,16662211,NJDEP,56220,,Eagle Point Power Generation LLC,Unit,107406013,EPACAMD,50561CAMDUNIT0002,50561;0002,50561,2,10/9/2014,12/31/2049,Yes
MD,24,,24015,Cecil,17878911,MDDOE,015-0272,Old Dominion Electric Cooperative,Wildcat Point Generation Facility,Unit,125589813,EPACAMD,59220CAMDUNITCT1,59220;CT1,59220,CT1,4/27/2020,,Yes
MD,24,,24033,Prince Georges,17878311,MDDOE,033-2737,"Keys Energy Center, LLC",PSEG Keys Energy Center,Unit,125599413,EPACAMD,60302CAMDUNIT11,60302;11,60302,11,4/27/2020,,Yes
GA,13,,13297,Walton,15640311,GADNR,29700041,,Doyle Generating Facility,Unit,99507913,EPACAMD,55244CAMDUNITCTG-2,55244;CTG-2,55244,CTG-2,5/22/2013,,Yes
SD,46,,46103,Pennington,15649011,SDDENR,28.0802-02,,Black Hills Corporation (Lange),Unit,99817013,EPACAMD,55478CAMDUNITCT1,55478;CT1,55478,CT1,12/11/2014,,Yes
PA,42,,42133,York,15649311,PADEP,421330329,CALPINE MID MERIT LLC,CALPINE MID MERIT LLC/YORK ENERGY CTR DELTA,Unit,99820813,EPACAMD,55524CAMDUNIT2,55524;2,55524,2,10/28/2014,,Yes
NJ,34,,34017,Hudson,15658011,NJDEP,12863,,Bayonne Energy Center,Unit,135756313,EPACAMD,56964CAMDUNITGT10,56964;GT10,56964,GT10,1/25/2021,12/31/2049,Yes
NJ,34,,34017,Hudson,15658011,NJDEP,12863,,Bayonne Energy Center,Unit,99940113,EPACAMD,56964CAMDUNITGT8,56964;GT8,56964,GT8,12/6/2014,12/31/2049,Yes
NJ,34,,34017,Hudson,15658011,NJDEP,12863,,Bayonne Energy Center,Unit,99940113,EPACAMD,56964CAMDUNITGT7,56964;GT7,56964,GT7,12/6/2014,12/31/2049,Yes
TX,48,,48203,Harrison,9123111,TXCEQ,81,EAST TEXAS ELECTRIC COOPERATIVE INC,HARRISON COUNTY POWER PROJECT,Unit,57531813,EPACAMD,55664CAMDUNITGT-2,55664;GT-2,55664,GT-2,7/21/2012,,Yes
IN,18,,18077,Jefferson,7744211,INDEM,1,Na,Indiana-Kentucky Electric Corporation -,Unit,1876313,EPACAMD,983CAMDUNIT5,983;5,983,5,8/8/2011,,Yes
IN,18,,18077,Jefferson,7744211,INDEM,1,Na,Indiana-Kentucky Electric Corporation -,Unit,1876113,EPACAMD,983CAMDUNIT4,983;4,983,4,8/8/2011,,Yes
NY,36,,36055,Monroe,7911911,NYDEC,8262800068,ROCHESTER GAS & ELECTRIC CORP,R G & E RUSSELL STATION,Unit,2163013,EPACAMD,2642CAMDUNIT4,2642;4,2642,4,10/27/2014,12/31/2049,Yes
TX,48,,48161,Freestone,4852511,TXCEQ,30,FREESTONE POWER GENERATION LP,FREESTONE ENERGY CENTER,Unit,31657113,EPACAMD,55226CAMDUNITGT1,55226;GT1,55226,GT1,8/8/2011,,Yes
TX,48,,48141,El Paso,4837411,TXCEQ,8,EL PASO ELECTRIC COMPANY,NEWMAN STATION,Unit,31688713,EPACAMD,3456CAMDUNIT2,3456;2,3456,2,8/8/2011,,Yes
SC,45,,45015,Berkeley,4834711,SCDHEC,0420-0003,Santee Cooper,SANTEE COOPER JEFFERIES,Unit,31810513,EPACAMD,3319CAMDUNIT4,3319;4,3319,4,8/8/2011,,Yes
TX,48,,48201,Harris,4777911,TXCEQ,46,NRG TEXAS POWER LLC,GREENS BAYOU ELECTRIC GENERATING STATION,Unit,31929813,EPACAMD,3464CAMDUNITGBY5,3464;GBY5,3464,GBY5,8/8/2011,,Yes
NY,36,,36071,Orange,8427711,NYDEC,3334600011,DYNEGY NORTHEAST GENERATION,DANSKAMMER GENERATING STATION,Unit,1625613,EPACAMD,2480CAMDUNIT3,2480;3,2480,3,8/8/2011,,Yes
NY,36,,36071,Orange,8427211,NYDEC,3330900040,AER NY-GEN LLC,SHOEMAKER GAS TURBINE FACILITY,Unit,1626913,EPACAMD,2632CAMDUNIT1,2632;1,2632,1,10/27/2014,,Yes
MT,30,,30003,Big Horn,7851511,MTDEQ,003-0018,ROCKY MOUNTAIN POWER INC,ROCKY MOUNTAIN POWER,Unit,3395313,EPACAMD,55749CAMDUNITU1,55749;U1,55749,U1,8/8/2011,,Yes
NY,36,,36001,Albany,7801111,NYDEC,4012200078,SELKIRK COGEN PARTNERS LP,SELKIRK COGENERATION PROJECT,Unit,3434913,EPACAMD,10725CAMDUNITCTG101,10725;CTG101,10725,CTG101,8/8/2011,,Yes
CA,6,,6111,Ventura,3943511,CARB,56113465,"ORMOND BEACH POWER, LLC",ORMOND BEACH GENERATING STATION,Unit,35586813,EPACAMD,350CAMDUNIT1,350;1,350,1,10/8/2014,,Yes
TX,48,,48335,Mitchell,4204911,TXCEQ,1,LUMINANT GENERATION COMPANY LLC,MORGAN CREEK STEAM ELECTRIC STATION,Unit,35745713,EPACAMD,3492CAMDUNITCT6,3492;CT6,3492,CT6,8/8/2011,,Yes
TX,48,,48335,Mitchell,4204911,TXCEQ,1,LUMINANT GENERATION COMPANY LLC,MORGAN CREEK STEAM ELECTRIC STATION,Unit,35744913,EPACAMD,3492CAMDUNITCT2,3492;CT2,3492,CT2,8/8/2011,,Yes
TX,48,,48355,Nueces,4189011,TXCEQ,14,NUECES BAY LLC,NUECES BAY POWER STATION,Unit,71384513,EPACAMD,3441CAMDUNIT9,3441;9,3441,9,8/8/2013,,Yes
TN,47,,47073,Hawkins,4188311,TNDEC,37-0007,TVA JOHN SEVIER FOSSIL PLANT,TVA - John Sevier Combined Cycle Plant,Unit,105932313,EPACAMD,3405CAMDUNITJCC3,3405;JCC3,3405,JCC3,10/14/2014,,Yes
TN,47,,47073,Hawkins,4188311,TNDEC,37-0007,TVA JOHN SEVIER FOSSIL PLANT,TVA - John Sevier Combined Cycle Plant,Unit,35862313,EPACAMD,3405CAMDUNIT2,3405;2,3405,2,8/8/2011,,Yes
TX,48,,48363,Palo Pinto,7926611,TXCEQ,1,BRAZOS ELECTRIC POWER COOPERATIVE INC,RW MILLER PLANT,Unit,2550313,EPACAMD,3628CAMDUNIT**5,3628;**5,3628,**5,8/8/2011,,Yes
TX,48,,48363,Palo Pinto,7926611,TXCEQ,1,BRAZOS ELECTRIC POWER COOPERATIVE INC,RW MILLER PLANT,Unit,2549913,EPACAMD,3628CAMDUNIT2,3628;2,3628,2,8/8/2011,,Yes
TX,48,,48439,Tarrant,7925711,TXCEQ,6,LUMINANT GENERATION CO LLC,EAGLE MOUNTAIN STATION,Unit,2555313,EPACAMD,3489CAMDUNIT1,3489;1,3489,1,10/8/2014,,Yes
PA,42,,42025,Carbon,7889011,PADEP,420250023,PANTHER CREEK PARTNERS,PANTHER CREEK POWER OPR LLC/NESQUEHONING,Unit,2746813,EPACAMD,50776CAMDUNIT2,50776;2,50776,2,8/8/2011,,Yes
OH,39,,39053,Gallia,7983011,OHEPA,627000003,Ohio Valley Electric Corporation,"Ohio Valley Electric Corp., Kyger Creek Station (0627000003)",Unit,6441613,EPACAMD,2876CAMDUNIT3,2876;3,2876,3,8/8/2011,,Yes
NY,36,,36081,Queens,7982311,NYDEC,2630100185,ASTORIA GENERATING COMPANY LP,ASTORIA GENERATING STATION,Unit,6450913,EPACAMD,8906CAMDUNIT32SH,8906;32SH,8906,32SH,8/14/2014,12/31/2049,Yes
NE,31,,31073,Gosper,8211811,NEDEQ,8512,Nebraska Public Power District,NPPD Canaday Station,Unit,6705913,EPACAMD,2226CAMDUNIT1,2226;1,2226,1,10/23/2014,,Yes
NV,32,,32003,Clark,8211211,NVCCDAQM,7,Nevada Power Company,Nevada Power Clark Station,Unit,67144713,EPACAMD,2322CAMDUNIT18B,2322;18B,2322,18B,10/5/2014,12/31/2049,Yes
NV,32,,32019,Lyon,8209811,NVBAQ,A0028,SIERRA PACIFIC POWER COMPANY DBA NV ENERGY,FORT CHURCHILL GENERATING STATION,Unit,97830613,EPACAMD,2330CAMDUNIT2,2330;2,2330,2,3/20/2013,,Yes
NH,33,,33013,Merrimack,8178911,NHDES,3301300026,Public Service Of New Hampshire,GSP MERRIMACK LLC,Unit,6758113,EPACAMD,2364CAMDUNITCT2,2364;CT2,2364,CT2,6/20/2018,,Yes
NC,37,,37071,Gaston,8176211,NCDAQ,3707100040,"Duke Energy Carolinas, LLC","Duke Energy Carolinas, LLC - Riverbend Steam",Unit,6828413,EPACAMD,2732CAMDUNIT10,2732;10,2732,10,8/8/2011,,Yes
NC,37,,37071,Gaston,8176211,NCDAQ,3707100040,"Duke Energy Carolinas, LLC","Duke Energy Carolinas, LLC - Riverbend Steam",Unit,74611813,EPACAMD,2732CAMDUNIT10C,2732;10C,2732,10C,12/6/2014,,Yes
TX,48,,48113,Dallas,5729911,TXCEQ,10,MOUNTAIN CREEK POWER LLC,MOUNTAIN CREEK STEAM ELECTRIC STATION,Unit,21904013,EPACAMD,3453CAMDUNIT7,3453;7,3453,7,8/8/2011,,Yes
NY,36,,36005,Bronx,9389711,NYDEC,2600700726,NEW YORK POWER AUTHORITY,HARLEM RIVER YARDS PLANT,Unit,55527913,EPACAMD,7914CAMDUNITHR02,7914;HR02,7914,HR02,10/9/2014,12/31/2049,Yes
NY,36,,36005,Bronx,9389811,NYDEC,2600700724,NEW YORK POWER AUTHORITY,HELL GATE,Unit,55527813,EPACAMD,7913CAMDUNITHG01,7913;HG01,7913,HG01,10/9/2014,12/31/2049,Yes
ND,38,,38065,Oliver,8087911,NDDEQ,344,"Minnkota Power Cooperative, Inc.","Minnkota Power Cooperative, Inc. - Milton R. Young Station",Unit,64291013,EPACAMD,2823CAMDUNITB2,2823;B2,2823,B2,3/18/2013,,Yes
ND,38,,38057,Mercer,8086411,NDDEQ,342,Great River Energy (Owner/Operator),Stanton Station,Unit,64288913,EPACAMD,2824CAMDUNIT1,2824;1,2824,1,8/8/2011,,Yes
CA,6,,6073,San Diego,3371111,CARB,371227540,CABRILLO POWER II LLC,CABRILLO POWER II LLC MIRAMAR GT,Unit,78629213,EPACAMD,56232CAMDUNIT1,56232;1,56232,1,8/26/2014,,Yes
KS,20,,20091,Johnson,9637911,KSDOHE,174,"Evergy, Inc.",Evergy - West Gardner,Unit,53802013,EPACAMD,7929CAMDUNIT2,7929;2,7929,2,10/9/2014,,Yes
MA,25,,25025,Suffolk,7240911,MADEP,1190128,"CONSTELLATION MYSTIC POWER, LLC",MYSTIC STATION,Unit,87693713,EPACAMD,1588CAMDUNIT93,1588;93,1588,93,8/8/2011,,Yes
MA,25,,25025,Suffolk,7240911,MADEP,1190128,"CONSTELLATION MYSTIC POWER, LLC",MYSTIC STATION,Unit,87693813,EPACAMD,1588CAMDUNIT94,1588;94,1588,94,8/8/2011,,Yes
MI,26,,26147,St. Clair,7239211,MIDEQ,B6145,DTE Electric Company,DTE Electric Company - Greenwood Energy Center,Unit,7532913,EPACAMD,6035CAMDUNITCTG111,6035;CTG111,6035,CTG111,10/5/2014,,Yes
MI,26,,26147,St. Clair,7239111,MIDEQ,B2796,DTE Electric Company,ST. CLAIR / BELLE RIVER POWER PLANT,Unit,7540013,EPACAMD,1743CAMDUNIT2,1743;2,1743,2,8/8/2011,,Yes
MI,26,,26147,St. Clair,7239111,MIDEQ,B2796,DTE Electric Company,ST. CLAIR / BELLE RIVER POWER PLANT,Unit,7536613,EPACAMD,6034CAMDUNITCTG131,6034;CTG131,6034,CTG131,10/1/2014,,Yes
NY,36,,36059,Nassau,7223311,NYDEC,1282400947,BETHPAGE ENERGY CENTER 3 LLC,TBG COGEN FACILITY,Unit,7556813,EPACAMD,50292CAMDUNITGT1,50292;GT1,50292,GT1,8/24/2014,12/31/2015,Yes
NY,36,,36059,Nassau,7221611,NYDEC,1282000553,NATIONAL GRID CORPORATE SERVICES LLC,EF BARRETT POWER STATION,Unit,118548113,EPACAMD,2511CAMDUNITU00016,2511;U00016,2511,U00016,4/30/2018,12/31/2049,Yes
NY,36,,36059,Nassau,7221611,NYDEC,1282000553,NATIONAL GRID CORPORATE SERVICES LLC,EF BARRETT POWER STATION,Unit,118548113,EPACAMD,2511CAMDUNITU00015,2511;U00015,2511,U00015,4/30/2018,12/31/2049,Yes
NY,36,,36059,Nassau,7221311,NYDEC,1282000358,VILLAGE OF FREEPORT,FREEPORT POWER PLANT #2,Unit,64114913,EPACAMD,2679CAMDUNIT5,2679;5,2679,5,11/1/2014,,Yes
KY,21,,21145,McCracken,6037011,KYDAQ,2114500006,Tennessee Valley Authority,Tennessee Valley Authority (TVA) - Shawnee Fossil Plant,Unit,24138213,EPACAMD,1379CAMDUNIT2,1379;2,1379,2,8/8/2011,,Yes
KY,21,,21145,McCracken,6037011,KYDAQ,2114500006,Tennessee Valley Authority,Tennessee Valley Authority (TVA) - Shawnee Fossil Plant,Unit,24137713,EPACAMD,1379CAMDUNIT9,1379;9,1379,9,8/8/2011,,Yes
KY,21,,21127,Lawrence,6019011,KYDAQ,2112700003,Kentucky Power Company,Kentucky Power Co-Big Sandy Plant,Unit,82996713,EPACAMD,1353CAMDUNITBSU1,1353;BSU1,1353,BSU1,8/8/2011,,Yes
TX,48,,48187,Guadalupe,4018911,TXCEQ,12,GUADALUPE POWER I LLC,GUADALUPE GENERATING STATION,Unit,34400213,EPACAMD,55153CAMDUNITCTG-1,55153;CTG-1,55153,CTG-1,8/8/2011,,Yes
TX,48,,48157,Fort Bend,3968411,TXCEQ,5,NRG TEXAS POWER LLC,WA PARISH ELECTRIC GENERATING STATION,Unit,34521913,EPACAMD,3470CAMDUNITWAP4,3470;WAP4,3470,WAP4,8/8/2011,,Yes
MO,29,,29077,Greene,7496411,MODNR,39,City Utilities Of Springfield Missouri,CITY UTILITIES OF SPRINGFIELD MISSOURI JOHN TWITTY ENERGY CENTER,Unit,91542013,EPACAMD,6195CAMDUNIT2,6195;2,6195,2,3/18/2013,,Yes
CO,8,,8123,Weld,3551511,CODPHE,CO0000000812300023,Public Service Company Of Colorado,PUBLIC SERVICE CO - FORT SAINT VRAIN PLT,Unit,90957313,EPACAMD,6112CAMDUNIT5,6112;5,6112,5,10/1/2014,,Yes
CO,8,,8123,Weld,3551511,CODPHE,CO0000000812300023,Public Service Company Of Colorado,PUBLIC SERVICE CO - FORT SAINT VRAIN PLT,Unit,36792713,EPACAMD,6112CAMDUNIT4,6112;4,6112,4,8/8/2011,,Yes
IL,17,,17167,Sangamon,7377311,ILEPA,167120AAO,City Of Springfield,City Water Light & Power,Unit,91371513,EPACAMD,963CAMDUNIT4,963;4,963,4,3/21/2013,,Yes
IN,18,,18127,Porter,7376611,INDEM,2,Na,Northern Indiana Public Service Company LLC - Bailly Generating Station,Unit,10538613,EPACAMD,995CAMDUNIT7,995;7,995,7,8/8/2011,,Yes
IN,18,,18125,Pike,7362411,INDEM,2,Na,Indianapolis Power and Light Petersburg,Unit,10578813,EPACAMD,994CAMDUNIT2,994;2,994,2,8/8/2011,,Yes
NJ,34,,34005,Burlington,7310911,NJDEP,45979,PSEG Power LLC,Burlington Generating Station,Unit,10702513,EPACAMD,2399CAMDUNIT16001,2399;16001,2399,16001,12/6/2014,12/31/2049,Yes
NJ,34,,34009,Cape May,5133111,NJDEP,73243,Conectiv Atlantic Generation LLC,Middle Energy Center,Unit,25809913,EPACAMD,2382CAMDUNIT003001,2382;003001,2382,3001,10/9/2014,,Yes
UT,49,,49015,Emery,5050511,UTDAQ,10237,PacifiCorp,PacifiCorp- Hunter Power Plant,Unit,25905513,EPACAMD,6165CAMDUNIT3,6165;3,6165,3,8/8/2011,,Yes
UT,49,,49007,Carbon,5066211,UTDAQ,10081,PacifiCorp,PacifiCorp- Carbon Power Plant,Unit,25977213,EPACAMD,3644CAMDUNIT2,3644;2,3644,2,8/8/2011,,Yes
UT,49,,49007,Carbon,5066211,UTDAQ,10081,PacifiCorp,PacifiCorp- Carbon Power Plant,Unit,25977113,EPACAMD,3644CAMDUNIT1,3644;1,3644,1,8/8/2011,,Yes
CA,6,,6095,Solano,9850311,CARB,48130314416,GOOSE HAVEN ENERGY CENTER,GOOSE HAVEN ENERGY CENTER,Unit,53998713,EPACAMD,55627CAMDUNITUNIT1,55627;UNIT1,55627,UNIT1,10/28/2014,,Yes
MO,29,,29175,Randolph,6688411,MODNR,1,"Associated Electric Cooperative, Inc",THOMAS HILL ENERGY CENTER POWER DIVISION THOMAS HILL,Unit,12908813,EPACAMD,2168CAMDUNITMB3,2168;MB3,2168,MB3,8/8/2011,,Yes
WI,55,,55131,Washington,5235111,WIDNR,267006190,Wisconsin Electric Power Company,WISCONSIN ELECTRIC POWER COMPANY D/B/A WE ENERGIES-GERMANTOWN STATION,Unit,25373813,EPACAMD,6253CAMDUNITP32,6253;P32,6253,P32,10/5/2014,,Yes
MO,29,,29207,Stoddard,5201711,MODNR,64,Associated Electric Cooperative Inc,ESSEX POWER PLANT,Unit,25438613,EPACAMD,7749CAMDUNIT1,7749;1,7749,1,10/7/2014,,Yes
MD,24,,24005,Baltimore,5155011,MDDOE,005-0079,Constellation Power Source Generation Inc.,C. P. Crane LLC,Unit,87895213,EPACAMD,1552CAMDUNIT1,1552;1,1552,1,8/8/2011,,Yes
MD,24,,24005,Baltimore,5154911,MDDOE,005-0078,Constellation Power Source Generation Inc.,Constellation - Riverside,Unit,87895113,EPACAMD,1559CAMDUNITCT6,1559;CT6,1559,CT6,10/1/2014,,Yes
WI,55,,55025,Dane,7454711,WIDNR,113308030,"Calpine Operating Services Company, Inc.",RockGen Energy Center,Unit,12394113,EPACAMD,55391CAMDUNITCT-3,55391;CT-3,55391,CT-3,8/17/2014,,Yes
WI,55,,55025,Dane,7454711,WIDNR,113308030,"Calpine Operating Services Company, Inc.",RockGen Energy Center,Unit,12394013,EPACAMD,55391CAMDUNITCT-2,55391;CT-2,55391,CT-2,8/17/2014,,Yes
MO,29,,29095,Jackson,7663711,MODNR,22,Kansas City Power & Light Company,EVERGY INC HAWTHORN GENERATING STATION,Unit,12448813,EPACAMD,2079CAMDUNIT8,2079;8,2079,8,8/8/2011,,Yes
KS,20,,20173,Sedgwick,5603311,KSDOHE,14,"WESTAR ENERGY, INC.",Westar Energy - Murray Gill,Unit,27425113,EPACAMD,1242CAMDUNIT2,1242;2,1242,2,8/8/2011,,Yes
KS,20,,20173,Sedgwick,5603311,KSDOHE,14,"WESTAR ENERGY, INC.",Westar Energy - Murray Gill,Unit,27425013,EPACAMD,1242CAMDUNIT3,1242;3,1242,3,8/8/2011,,Yes
KS,20,,20173,Sedgwick,5603211,KSDOHE,12,"Evergy, Inc.",Evergy - Gordon Evans,Unit,27425413,EPACAMD,1240CAMDUNIT2,1240;2,1240,2,8/8/2011,,Yes
WA,53,,53057,Skagit,8532811,WAECY,16,"Puget Sound Energy, Inc.",PSE FREDONIA,Unit,942113,EPACAMD,607CAMDUNITCT3,607;CT3,607,CT3,10/9/2014,,Yes
TX,48,,48475,Ward,8515911,TXCEQ,4,LUMINANT GENERATION COMPANY LLC,PERMIAN BASIN STEAM ELECTRIC STATION,Unit,954213,EPACAMD,3494CAMDUNITCT3,3494;CT3,3494,CT3,8/8/2011,,Yes
GA,13,,13157,Jackson,8500711,GADNR,15700034,,Dahlberg Combustion Turbine Electric Generating Plant,Unit,964613,EPACAMD,7765CAMDUNIT6,7765;6,7765,6,6/29/2013,,Yes
GA,13,,13157,Jackson,8500711,GADNR,15700034,,Dahlberg Combustion Turbine Electric Generating Plant,Unit,964713,EPACAMD,7765CAMDUNIT1,7765;1,7765,1,6/29/2013,,Yes
MN,27,,27091,Martin,8482611,MNPCA,2709100058,Great River Energy,Great River Energy - Lakefield Junction Station,Unit,1108213,EPACAMD,7925CAMDUNITCT06,7925;CT06,7925,CT06,10/9/2014,,Yes
MN,27,,27091,Martin,8482611,MNPCA,2709100058,Great River Energy,Great River Energy - Lakefield Junction Station,Unit,1108313,EPACAMD,7925CAMDUNITCT05,7925;CT05,7925,CT05,10/9/2014,,Yes
OK,40,,40023,Choctaw,8449511,OKDEQ,1700,WESTERN FARMERS ELECTRIC COOPERATIVE,HUGO POWER PLANT,Unit,1415813,EPACAMD,6772CAMDUNIT1,6772;1,6772,1,8/8/2011,,Yes
NC,37,,37037,Chatham,8430611,NCDAQ,3703700063,"Progress Energy Service Company, LLC",Progress Energy Carolinas - Cape Fear Plant,Unit,1452213,EPACAMD,2708CAMDUNIT5,2708;5,2708,5,8/8/2011,,Yes
WV,54,,54099,Wayne,6341811,WVDAQ,80,"BIG SANDY PEAKER, LLC",BIG SANDY PEAKER PLANT,Unit,71745313,EPACAMD,55284CAMDUNITGS02,55284;GS02,55284,GS02,8/23/2014,,Yes
WV,54,,54099,Wayne,6341811,WVDAQ,80,"BIG SANDY PEAKER, LLC",BIG SANDY PEAKER PLANT,Unit,71746013,EPACAMD,55284CAMDUNITGS09,55284;GS09,55284,GS09,8/23/2014,,Yes
IL,17,,17173,Shelby,4725911,ILEPA,173801AAA,"Reliant Energy Wholesale Generation, LLC",Shelby County Energy Center,Unit,28334913,EPACAMD,55237CAMDUNITSCE2,55237;SCE2,55237,SCE2,9/23/2011,,Yes
IL,17,,17197,Will,4688511,ILEPA,197899AAB,University Park Energy LLC,University Park Energy LLC,Unit,60403713,EPACAMD,55250CAMDUNITUP11,55250;UP11,55250,UP11,7/25/2012,,Yes
OH,39,,39017,Butler,8455211,OHEPA,1409120656,"Duke Energy Kentucky, Inc","Duke Energy Kentucky, Woodsdale Generating Station (1409120656)",Unit,303813,EPACAMD,7158CAMDUNIT**GT4,7158;**GT4,7158,**GT4,8/8/2011,,Yes
OH,39,,39017,Butler,8455211,OHEPA,1409120656,"Duke Energy Kentucky, Inc","Duke Energy Kentucky, Woodsdale Generating Station (1409120656)",Unit,303613,EPACAMD,7158CAMDUNIT**GT6,7158;**GT6,7158,**GT6,8/8/2011,,Yes
OH,39,,39017,Butler,8454911,OHEPA,1409040243,City Of Hamilton,City of Hamilton Department of Infrastructure (1409040243),Unit,304613,EPACAMD,2917CAMDUNIT8,2917;8,2917,8,8/8/2011,,Yes
SC,45,,45021,Cherokee,8421611,SCDHEC,0600-0081,"Duke Energy Carolinas, LLC",DUKE ENERGY CAROLINAS LLC MILL CREEK COM,Unit,99910213,EPACAMD,7981CAMDUNIT2,7981;2,7981,2,4/29/2014,,Yes
SC,45,,45021,Cherokee,8421611,SCDHEC,0600-0081,"Duke Energy Carolinas, LLC",DUKE ENERGY CAROLINAS LLC MILL CREEK COM,Unit,99910313,EPACAMD,7981CAMDUNIT6,7981;6,7981,6,4/29/2014,,Yes
SC,45,,45021,Cherokee,8421611,SCDHEC,0600-0081,"Duke Energy Carolinas, LLC",DUKE ENERGY CAROLINAS LLC MILL CREEK COM,Unit,99911213,EPACAMD,7981CAMDUNIT3,7981;3,7981,3,4/29/2014,,Yes
SC,45,,45021,Cherokee,8421611,SCDHEC,0600-0081,"Duke Energy Carolinas, LLC",DUKE ENERGY CAROLINAS LLC MILL CREEK COM,Unit,99911813,EPACAMD,7981CAMDUNIT5,7981;5,7981,5,4/29/2014,,Yes
PA,42,,42101,Philadelphia,8405411,PACOP,4210104902,VICINITY ENERGY PHILA INC,VICINITY ENERGY PHILA INC/EDISON STATION,Unit,103862213,EPACAMD,880006CAMDUNIT2,880006;2,880006,2,10/18/2014,,Yes
PA,42,,42101,Philadelphia,8405411,PACOP,4210104902,VICINITY ENERGY PHILA INC,VICINITY ENERGY PHILA INC/EDISON STATION,Unit,103862113,EPACAMD,880006CAMDUNIT1,880006;1,880006,1,10/18/2014,,Yes
TX,48,,48215,Hidalgo,6141711,TXCEQ,87,CALPINE HIDALGO ENERGY CENTER LP,HIDALGO ENERGY CENTER,Unit,15926513,EPACAMD,7762CAMDUNITHRSG2,7762;HRSG2,7762,HRSG2,8/8/2011,,Yes
AL,1,,1063,Greene,1036811,ADEM,1,Alabama Power Company,Alabama Power Company,Unit,47691113,EPACAMD,10CAMDUNITCT7,10;CT7,10,CT7,9/23/2011,,Yes
AL,1,,1085,Lowndes,1020111,ADEM,8,,SABIC Innovative Plastics US LLC,Unit,47700413,EPACAMD,7698CAMDUNITCC1,7698;CC1,7698,CC1,10/29/2014,,Yes
AL,1,,1071,Jackson,1018911,ADEM,8,Tennessee Valley Authority,TVA Widows Creek,Unit,47716413,EPACAMD,50CAMDUNIT2,50;2,50,2,8/8/2011,,Yes
AL,1,,1073,Jefferson,1003111,ALJCBOH,10730011,Alabama Power Company,ALABAMA POWER COMPANY (MILLER POWER PLANT),Unit,62941413,EPACAMD,6002CAMDUNIT2,6002;2,6002,2,8/8/2011,,Yes
IL,17,,17031,Cook,946411,ILEPA,031012ABI,,Ingredion Inc,Unit,47926013,EPACAMD,54556CAMDUNITB06,54556;B06,54556,B06,1/16/2015,,Yes
CO,8,,8031,Denver,1699811,CODPHE,CO0000000803100008,Black Hills Colorado LLC,SWG ARAPAHOE - ARAPAHOE GENERATING,Unit,44962813,EPACAMD,465CAMDUNIT4,465;4,465,4,8/8/2011,,Yes
AZ,4,,4015,Mohave,16323811,AZDEQ,6081,Griffith Power Plant,GRIFFITH ENERGY LLC,Unit,103915413,EPACAMD,55124CAMDUNITP1,55124;P1,55124,P1,4/10/2014,,Yes
AZ,4,,4015,Mohave,16323811,AZDEQ,6081,Griffith Power Plant,GRIFFITH ENERGY LLC,Unit,103915513,EPACAMD,55124CAMDUNITP2,55124;P2,55124,P2,4/10/2014,,Yes
WY,56,,56005,Campbell,15064111,WYDEQ,19844,Black Hills Power Incorporated,WYGEN III,Unit,94492613,EPACAMD,56596CAMDUNIT001,56596;001,56596,1,8/23/2012,,Yes
KY,21,,21145,McCracken,15073911,KYDAQ,2114500096,,Paducah Power System - PPS Power Plant # 1,Unit,94795913,EPACAMD,56556CAMDUNITEU01A,56556;EU01A,56556,EU01A,10/10/2014,12/31/2049,Yes
CA,6,,6065,Riverside,17228711,CARB,3.32E+11,SENTINEL ENERGY CENTER LLC,SENTINEL ENERGY CENTER LLC,Unit,119857513,EPACAMD,57482CAMDUNIT7,57482;7,57482,7,5/28/2018,,Yes
CA,6,,6065,Riverside,17228711,CARB,3.32E+11,SENTINEL ENERGY CENTER LLC,SENTINEL ENERGY CENTER LLC,Unit,119857113,EPACAMD,57482CAMDUNIT3,57482;3,57482,3,5/28/2018,,Yes
CA,6,,6001,Alameda,17414311,CARB,1130318136,RUSSELL CITY ENERGY CO  LLC,RUSSELL CITY ENERGY CO  LLC,Unit,120041513,EPACAMD,56467CAMDUNITCT2,56467;CT2,56467,CT2,4/18/2017,,Yes
CA,6,,6013,Contra Costa,17414411,CARB,7130319169,MARSH LANDING LLC (MARSH LANDING GENERATING STA ),MARSH LANDING LLC (MARSH LANDING GENERATING STA ),Unit,120129513,EPACAMD,57267CAMDUNIT2,57267;2,57267,2,5/26/2017,,Yes
TX,48,,48027,Bell,16861111,TXCEQ,670,TEMPLE GENERATION SF LLC,PANDA TEMPLE POWER STATION,Unit,123144913,EPACAMD,58001CAMDUNITCTG4,58001;CTG4,58001,CTG4,4/10/2017,,Yes
TX,48,,48141,El Paso,16861411,TXCEQ,743,EL PASO ELECTRIC COMPANY,MONTANA POWER STATION,Unit,123173813,EPACAMD,58562CAMDUNITGT-1,58562;GT-1,58562,GT-1,5/28/2017,,Yes
MN,27,,27049,Goodhue,13596111,MNPCA,2704900088,,Invenergy Cannon Falls LLC,Unit,79444013,EPACAMD,56241CAMDUNITCT-01,56241;CT-01,56241,CT-01,10/8/2014,,Yes
,,"Navajo Nation, Arizona, New Mexico & Utah",88780,,13606211,TR780,NN-ROP 05-06,Salt River Project,NAVAJO GENERATING STATION,Unit,79759713,EPACAMD,4941CAMDUNIT2,4941;2,4941,2,8/8/2011,,Yes
,,"Navajo Nation, Arizona, New Mexico & Utah",88780,,13606211,TR780,NN-ROP 05-06,Salt River Project,NAVAJO GENERATING STATION,Unit,79759513,EPACAMD,4941CAMDUNIT1,4941;1,4941,1,8/8/2011,,Yes
GA,13,,13149,Heard,15558711,GADNR,14900004,,Tenaska Georgia Generating Station,Unit,97957013,EPACAMD,55061CAMDUNITCT5,55061;CT5,55061,CT5,8/19/2014,,Yes
GA,13,,13149,Heard,15558711,GADNR,14900004,,Tenaska Georgia Generating Station,Unit,97957113,EPACAMD,55061CAMDUNITCT6,55061;CT6,55061,CT6,8/19/2014,,Yes
GA,13,,13153,Houston,15560111,GADNR,15300042,,Mid-Georgia Cogen LP,Unit,98129513,EPACAMD,55040CAMDUNIT1,55040;1,55040,1,8/22/2014,,Yes
FL,12,,12127,Volusia,2797311,FLDEP,1270028,Progress Energy Corporation,"DUKE ENERGY FLORIDA, LLC",Unit,40825613,EPACAMD,6046CAMDUNITP5,6046;P5,6046,P5,8/8/2011,,Yes
FL,12,,12127,Volusia,2797311,FLDEP,1270028,Progress Energy Corporation,"DUKE ENERGY FLORIDA, LLC",Unit,40825313,EPACAMD,6046CAMDUNIT**10,6046;**10,6046,**10,8/8/2011,,Yes
FL,12,,12127,Volusia,2797211,FLDEP,1270020,Na,"DUKE ENERGY FLORIDA, INC.",Unit,40826013,EPACAMD,629CAMDUNITP3,629;P3,629,P3,8/8/2011,,Yes
MI,26,,26101,Manistee,4856911,MIDEQ,N1685,T.E.S. Filer City Station Limited Partnership,TES Filer City Station,Unit,82791313,EPACAMD,50835CAMDUNIT1,50835;1,50835,1,8/25/2014,12/31/2049,Yes
CA,6,,6071,San Bernardino,4785211,CARB,3.61E+11,"RRI ENERGY ETIWANDA, INC.","NRG CALIFORNIA SOUTH LP, ETIWANDA GEN ST",Unit,30670813,EPACAMD,331CAMDUNIT4,331;4,331,4,9/23/2011,,Yes
FL,12,,12011,Broward,591711,FLDEP,110037,Florida Power & Light Company,LAUDERDALE POWER PLANT,Unit,46118913,EPACAMD,613CAMDUNITGFL01,613;GFL01,613,GFL01,8/15/2014,12/31/2049,Yes
FL,12,,12011,Broward,591711,FLDEP,110037,Florida Power & Light Company,LAUDERDALE POWER PLANT,Unit,46118913,EPACAMD,613CAMDUNITGFL02,613;GFL02,613,GFL02,8/15/2014,12/31/2049,Yes
FL,12,,12011,Broward,591711,FLDEP,110037,Florida Power & Light Company,LAUDERDALE POWER PLANT,Unit,46118913,EPACAMD,613CAMDUNITGFL09,613;GFL09,613,GFL09,8/15/2014,12/31/2049,Yes
FL,12,,12011,Broward,591711,FLDEP,110037,Florida Power & Light Company,LAUDERDALE POWER PLANT,Unit,46118913,EPACAMD,613CAMDUNITGFL11,613;GFL11,613,GFL11,8/15/2014,12/31/2049,Yes
FL,12,,12011,Broward,591611,FLDEP,110036,Florida Power & Light Company,PORT EVERGLADES ENERGY CENTER,Unit,46121213,EPACAMD,617CAMDUNITGPE10,617;GPE10,617,GPE10,8/15/2014,12/31/2049,Yes
FL,12,,12011,Broward,591611,FLDEP,110036,Florida Power & Light Company,PORT EVERGLADES ENERGY CENTER,Unit,46121213,EPACAMD,617CAMDUNITGPE11,617;GPE11,617,GPE11,8/15/2014,12/31/2049,Yes
FL,12,,12009,Brevard,590511,FLDEP,90008,Orlando Utilities Commission,ORLANDO UTILITIES COMMISSION (OUC),Unit,46128813,EPACAMD,683CAMDUNITB,683;B,683,B,8/8/2011,,Yes
FL,12,,12009,Brevard,590411,FLDEP,90006,Florida Power & Light Company,FLORIDA POWER & LIGHT COMPANY (PCC),Unit,91828113,EPACAMD,609CAMDUNITCCCT3B,609;CCCT3B,609,CCCT3B,7/15/2015,,Yes
DE,10,,10001,Kent,588111,DEDNR,1000100002,City of Dover,McKee Run Generating Station,Unit,46182213,EPACAMD,599CAMDUNIT3,599;3,599,3,8/8/2011,,Yes
FL,12,,12095,Orange,845411,FLDEP,950137,Florida Municipal Power Agency,ORLANDO UTILITIES COMMISSION,Unit,89408913,EPACAMD,564CAMDUNITCCB,564;CCB,564,CCB,10/3/2014,,Yes
FL,12,,12127,Volusia,845211,FLDEP,1270009,Florida Power & Light Company,FLORIDA POWER & LIGHT (PSN),Unit,67204013,EPACAMD,620CAMDUNITSNCT4B,620;SNCT4B,620,SNCT4B,8/8/2011,,Yes
FL,12,,12127,Volusia,845211,FLDEP,1270009,Florida Power & Light Company,FLORIDA POWER & LIGHT (PSN),Unit,46194513,EPACAMD,620CAMDUNITPSN3,620;PSN3,620,PSN3,8/8/2011,,Yes
FL,12,,12107,Putnam,842511,FLDEP,1070014,Florida Power & Light Company,FLORIDA POWER & LIGHT (PPN),Unit,46222713,EPACAMD,6246CAMDUNITHRSG21,6246;HRSG21,6246,HRSG21,8/8/2011,,Yes
WV,54,,54079,Putnam,6789111,WVDAQ,6,APPALACHIAN POWER COMPANY,APPALACHIAN POWER COMPANY - JOHN E AMOS PLANT,Unit,71712813,EPACAMD,3935CAMDUNIT1,3935;1,3935,1,8/8/2011,,Yes
WV,54,,54079,Putnam,6789111,WVDAQ,6,APPALACHIAN POWER COMPANY,APPALACHIAN POWER COMPANY - JOHN E AMOS PLANT,Unit,71713013,EPACAMD,3935CAMDUNIT3,3935;3,3935,3,8/8/2011,,Yes
WV,54,,54077,Preston,6776811,WVDAQ,1,Monongahela Power Company,MONONGAHELA POWER CO - ALBRIGHT P.S.,Unit,71938713,EPACAMD,3942CAMDUNIT1,3942;1,3942,1,8/8/2011,,Yes
PA,42,,42095,Northampton,3883511,PADEP,420950254,CONECTIV BETHLEHEM LLC,CALPINE BETHLEHEM LLC/BETHLEHEM,Unit,37138713,EPACAMD,55690CAMDUNIT1,55690;1,55690,1,9/29/2014,,Yes
PA,42,,42095,Northampton,3883511,PADEP,420950254,CONECTIV BETHLEHEM LLC,CALPINE BETHLEHEM LLC/BETHLEHEM,Unit,37138913,EPACAMD,55690CAMDUNIT3,55690;3,55690,3,9/29/2014,,Yes
MO,29,,29007,Audrain,6998911,MODNR,53,Audrain Generating LLC,AMEREN MISSOURI AUDRAIN POWER STATION,Unit,109323113,EPACAMD,55234CAMDUNITCT2,55234;CT2,55234,CT2,1/1/2013,,Yes
PA,42,,42011,Berks,3872411,PADEP,420110427,"Dynegy, Inc.",ONTELAUNEE POWER OPR CO LLC/ONTELAUNEE PLT,Unit,37780113,EPACAMD,55193CAMDUNITCT1,55193;CT1,55193,CT1,8/22/2014,,Yes
PA,42,,42011,Berks,3857011,PADEP,420110045,TITUS POWER LLC,TITUS POWER LLC/COMBUSTION TURBINE,Unit,37800013,EPACAMD,3115CAMDUNIT2,3115;2,3115,2,8/8/2011,,Yes
KS,20,,20057,Ford,3822711,KSDOHE,1,Sunflower Electric Power Corporation,Sunflower Electric - Fort Dodge,Unit,37817813,EPACAMD,1233CAMDUNIT4,1233;4,1233,4,8/8/2011,,Yes
MN,27,,27059,Isanti,6167711,MNPCA,2705900014,,Great River Energy - Cambridge,Unit,79523213,EPACAMD,2038CAMDUNIT2,2038;2,2038,2,10/1/2014,,Yes
MN,27,,27059,Isanti,6167711,MNPCA,2705900014,,Great River Energy - Cambridge,Unit,15289213,EPACAMD,2038CAMDUNIT1,2038;1,2038,1,10/1/2014,,Yes
AZ,4,,4027,Yuma,1013411,AZDEQ,9955,ARIZONA PUBLIC SERVICE CO,APS - YUCCA POWER PLANT,Unit,88712113,EPACAMD,120CAMDUNITCT6,120;CT6,120,CT6,10/13/2014,,Yes
AZ,4,,4021,Pinal,998111,Pinal,EGU0049,Salt River Project,Desert Basin Generating Station,Unit,48101813,EPACAMD,55129CAMDUNITDBG1,55129;DBG1,55129,DBG1,9/23/2011,,Yes
IL,17,,17147,Piatt,9686711,ILEPA,147803AAC,Ameren Services,Ameren Services,Unit,88686913,EPACAMD,55496CAMDUNITCT-02,55496;CT-02,55496,CT-02,9/30/2014,,Yes
IL,17,,17197,Will,9701111,ILEPA,197899AAC,,LSP University Park LLC,Unit,53541013,EPACAMD,55640CAMDUNITCT08,55640;CT08,55640,CT08,7/25/2012,,Yes
IL,17,,17197,Will,9701111,ILEPA,197899AAC,,LSP University Park LLC,Unit,53541413,EPACAMD,55640CAMDUNITCT12,55640;CT12,55640,CT12,7/25/2012,,Yes
LA,22,,22089,St. Charles,5609311,LADEQ08,83898,Entergy Louisiana LLC,Entergy Louisiana LLC - Waterford 1 & 2 Electric Generating Plant,Unit,80643313,EPACAMD,8056CAMDUNIT2,8056;2,8056,2,8/2/2011,12/31/2049,Yes
LA,22,,22089,St. Charles,5609311,LADEQ08,83898,Entergy Louisiana LLC,Entergy Louisiana LLC - Waterford 1 & 2 Electric Generating Plant,Unit,80643013,EPACAMD,8056CAMDUNIT1,8056;1,8056,1,8/2/2011,12/31/2049,Yes
LA,22,,22089,St. Charles,5609311,LADEQ08,83898,Entergy Louisiana LLC,Entergy Louisiana LLC - Waterford 1 & 2 Electric Generating Plant,Unit,89569813,EPACAMD,8056CAMDUNIT1,8056;1,8056,1,9/24/2014,12/31/2049,Yes
LA,22,,22089,St. Charles,5609111,LADEQ08,687,Entergy Louisiana LLC,Entergy Louisiana LLC - Little Gypsy Generating Plant,Unit,80583413,EPACAMD,1402CAMDUNIT1,1402;1,1402,1,8/2/2011,12/31/2049,Yes
MA,25,,25027,Worcester,6049311,MADEP,1180211,VISTRA ENERGY CORP.,BLACKSTONE POWER GENERATING LLC,Unit,87675913,EPACAMD,55212CAMDUNIT2,55212;2,55212,2,8/15/2014,,Yes
MI,26,,26065,Ingham,5985211,MIDEQ,B2647,Lansing Board of Water & Light,LBWL - Eckert Station & REO Town Plant,Unit,24541313,EPACAMD,1831CAMDUNIT1,1831;1,1831,1,8/14/2014,12/31/2049,Yes
KY,21,,21185,Oldham,5353311,KYDAQ,2118500036,"Dynegy, Inc.",East Kentucky Power Cooperative Inc - Bluegrass Generating Station,Unit,86743613,EPACAMD,55164CAMDUNITGTG3,55164;GTG3,55164,GTG3,10/8/2014,,Yes
CA,6,,6029,Kern,10288711,CARB,1514303636,"PASTORIA ENERGY FACILITY, LLC","PASTORIA ENERGY FACILITY, LLC",Unit,58153713,EPACAMD,55656CAMDUNITCT002,55656;CT002,55656,CT002,8/8/2011,,Yes
CA,6,,6089,Shasta,1549311,CARB,451628163,REDDING ELECTRIC UTILITY,REDDING POWER PLANT,Unit,100325613,EPACAMD,7307CAMDUNIT6,7307;6,7307,6,10/7/2014,,Yes
AL,1,,1015,Calhoun,10569911,ADEM,73,,Calhoun Power Company I LLC Generating Station,Unit,52270213,EPACAMD,55409CAMDUNITCT4,55409;CT4,55409,CT4,12/23/2013,,Yes
AL,1,,1015,Calhoun,10569911,ADEM,73,,Calhoun Power Company I LLC Generating Station,Unit,52269913,EPACAMD,55409CAMDUNITCT1,55409;CT1,55409,CT1,12/23/2013,,Yes
VA,51,,51081,Greensville,18854911,VADEQ,52525,Dominion Energy,Dominion Energy - Greensville Power Station,Unit,134704213,EPACAMD,59913CAMDUNIT1C,59913;1C,59913,1C,1/25/2021,,Yes
CT,9,,9009,New Haven,18867011,CTBAM,T144P0014C08677,"CPV Towantic, LLC",TOWANTIC ENERGY LLC,Unit,134853813,EPACAMD,56047CAMDUNIT2,56047;2,56047,2,4/27/2020,,Yes
FL,12,,12093,Okeechobee,18866311,FLDEP,930117,FLORIDA POWER & LIGHT COMPANY,FLORIDA POWER & LIGHT COMPANY,Unit,134848413,EPACAMD,60345CAMDUNITOCEC1B,60345;OCEC1B,60345,OCEC1B,2/3/2021,,Yes
FL,12,,12095,Orange,18868811,FLDEP,951378,,NEXTERA ENERGY,Unit,134849413,EPACAMD,55821CAMDUNIT26,55821;26,55821,26,1/1/2018,,Yes
OH,39,,39155,Trumbull,18867811,OHEPA,278112009,,"Clean Energy Future - Lordstown, LLC (0278112009)",Unit,134943413,EPACAMD,60376CAMDUNIT1,60376;1,60376,1,10/26/2020,,No
WV,54,,54023,Grant,6257011,WVDAQ,3,"Dominion Resources, Inc.","Dominion Resources, Inc. - MOUNT STORM POWER STATION",Unit,71961713,EPACAMD,3954CAMDUNIT2,3954;2,3954,2,8/8/2011,,Yes
TX,48,,48453,Travis,9071611,TXCEQ,343,CITY OF AUSTIN ELECTRIC UTILITY DEPARTMENT DBA AUSTIN ENERGY,SAND HILL ENERGY CENTER,Unit,57558913,EPACAMD,7900CAMDUNITSH2,7900;SH2,7900,SH2,8/8/2011,,Yes
VA,51,,51061,Fauquier,9081211,VADEQ,40996,Old Dominion Electric Cooperative - Marsh Run,Old Dominion Electric Cooperative - Marsh Run,Unit,58375913,EPACAMD,7836CAMDUNITEU2,7836;EU2,7836,EU2,7/25/2012,,Yes
LA,22,,22019,Calcasieu,8361211,LADEQ08,19588,Entergy Gulf States LA LLC,Entergy Louisiana LLC - Roy S Nelson Electric Generating Plant (Coal Unit 6),Unit,82325013,EPACAMD,1393CAMDUNIT4,1393;4,1393,4,8/8/2011,,Yes
WY,56,,56009,Converse,6418211,WYDEQ,644,PacifiCorp,Dave Johnston,Unit,72194813,EPACAMD,4158CAMDUNITBW44,4158;BW44,4158,BW44,8/8/2011,,Yes
WY,56,,56009,Converse,6418211,WYDEQ,644,PacifiCorp,Dave Johnston,Unit,72195213,EPACAMD,4158CAMDUNITBW41,4158;BW41,4158,BW41,8/8/2011,,Yes
SD,46,,46099,Minnehaha,9164411,SDDENR,28.0801-01,Northern States Power Company,Xcel Energy,Unit,54879813,EPACAMD,7237CAMDUNIT3,7237;3,7237,3,10/15/2014,12/31/2049,Yes
MD,24,,24033,Prince Georges,6413611,MDDOE,033-2200,"Panda Brandywine, L.P.","KMC Thermo, LLC",Unit,88021413,EPACAMD,54832CAMDUNIT2,54832;2,54832,2,8/8/2011,,Yes
OH,39,,39129,Pickaway,9242811,OHEPA,165000132,,Darby Electric Generating Station (0165000132),Unit,55201413,EPACAMD,55247CAMDUNITCT1,55247;CT1,55247,CT1,10/1/2014,,Yes
OH,39,,39173,Wood,9253811,OHEPA,387000377,,"Troy Energy, LLC (0387000377)",Unit,55202213,EPACAMD,55348CAMDUNIT2,55348;2,55348,2,9/23/2011,,Yes
ME,23,,23015,Lincoln,8026711,MEDEP,2301500010,,Mason Station LLC (owned by National Resources in CT),Unit,3759113,EPACAMD,1496CAMDUNIT4,1496;4,1496,4,12/6/2014,,Yes
IL,17,,17137,Morgan,4639611,ILEPA,137805AAA,Ameren Energy Generating Company,AmerenEnergy Medina Valley Cogen LLC,Unit,28190613,EPACAMD,864CAMDUNIT06,864;06,864,6,9/23/2011,,Yes
IL,17,,17137,Morgan,4639611,ILEPA,137805AAA,Ameren Energy Generating Company,AmerenEnergy Medina Valley Cogen LLC,Unit,28190513,EPACAMD,864CAMDUNIT02,864;02,864,2,8/8/2011,,Yes
NV,32,,32003,Clark,9398411,NVCCDAQM,1550,,NV Energy-Walter Higgins,Unit,97436513,EPACAMD,55687CAMDUNITBHG2,55687;BHG2,55687,BHG2,9/29/2014,,Yes
NV,32,,32003,Clark,9399211,NVCCDAQM,329,,SWG Nevada Holdings LLC,Unit,55525513,EPACAMD,10761CAMDUNIT2,10761;2,10761,2,10/20/2014,,Yes
IL,17,,17179,Tazewell,8199411,ILEPA,179801AAA,"Midwest Generation Eme, LLC",Midwest Generation LLC,Unit,5805313,EPACAMD,879CAMDUNIT51,879;51,879,51,8/14/2014,12/31/2049,Yes
IN,18,,18041,Fayette,8198011,INDEM,9,Na,Duke Energy Indiana LLC - Connersville,Unit,5820513,EPACAMD,1002CAMDUNIT1A,1002;1A,1002,1A,8/17/2014,,Yes
IN,18,,18041,Fayette,8198011,INDEM,9,Na,Duke Energy Indiana LLC - Connersville,Unit,5820413,EPACAMD,1002CAMDUNIT1B,1002;1B,1002,1B,8/17/2014,,Yes
OH,39,,39085,Lake,8149511,OHEPA,243160009,FirstEnergy Generation Corporation,Eastlake Substation (0243160009),Unit,5943913,EPACAMD,2837CAMDUNIT2,2837;2,2837,2,8/8/2011,,Yes
OH,39,,39085,Lake,8149511,OHEPA,243160009,FirstEnergy Generation Corporation,Eastlake Substation (0243160009),Unit,5943713,EPACAMD,2837CAMDUNIT1,2837;1,2837,1,8/8/2011,,Yes
IN,18,,18177,Wayne,5506011,INDEM,9,Na,Indiana Municipal Power Agency,Unit,27516313,EPACAMD,1040CAMDUNIT1,1040;1,1040,1,8/8/2011,,Yes
IL,17,,17135,Montgomery,7340311,ILEPA,135803AAA,Ameren Energy Generating Company,Illinois Power Generating Co,Unit,8199413,EPACAMD,861CAMDUNIT01,861;01,861,1,8/8/2011,,Yes
IL,17,,17119,Madison,7338011,ILEPA,119105AAA,Union Electric Company - Venice,Ameren Missouri Venice Energy Ctr,Unit,60147113,EPACAMD,913CAMDUNITCT2A,913;CT2A,913,CT2A,9/23/2014,,Yes
IL,17,,17125,Mason,7337411,ILEPA,125804AAB,"Dynegy Midwest Generation, Inc",Dynegy Midwest Generation LLC,Unit,8279913,EPACAMD,891CAMDUNIT4,891;4,891,4,11/3/2014,12/31/2049,Yes
TX,48,,48293,Limestone,5650511,TXCEQ,10,NRG TEXAS POWER LLC,LIMESTONE ELECTRIC GENERATION STATION,Unit,19919113,EPACAMD,298CAMDUNITLIM2,298;LIM2,298,LIM2,8/8/2011,,Yes
IL,17,,17031,Cook,9725911,ILEPA,031600GKE,,Exelon Generation Co LLC,Unit,54104213,EPACAMD,55281CAMDUNITCTG5,55281;CTG5,55281,CTG5,10/12/2014,,Yes
IL,17,,17031,Cook,9725911,ILEPA,031600GKE,,Exelon Generation Co LLC,Unit,59522413,EPACAMD,55281CAMDUNITCTG11,55281;CTG11,55281,CTG11,10/12/2014,,Yes
IL,17,,17031,Cook,9728111,ILEPA,031600GHA,,Calumet Energy Team LLC,Unit,54102613,EPACAMD,55296CAMDUNIT**1,55296;**1,55296,**1,10/8/2014,,Yes
GA,13,,13103,Effingham,9736811,GADNR,10300014,Ga Power Company,Ga Power Company - McIntosh Combined Cycle Facility,Unit,57649613,EPACAMD,56150CAMDUNIT10A,56150;10A,56150,10A,8/8/2011,,Yes
GA,13,,13103,Effingham,9736811,GADNR,10300014,Ga Power Company,Ga Power Company - McIntosh Combined Cycle Facility,Unit,57649813,EPACAMD,56150CAMDUNIT11A,56150;11A,56150,11A,8/8/2011,,Yes
GA,13,,13103,Effingham,9736911,GADNR,10300012,,"Effingham County Power, LLC",Unit,57649313,EPACAMD,55406CAMDUNIT2,55406;2,55406,2,8/8/2011,,Yes
NM,35,,35029,Luna,7404611,NMED,878,Public Service Company of New Mexico (PNM),Luna Energy Center,Unit,82437613,EPACAMD,55343CAMDUNITCTG2,55343;CTG2,55343,CTG2,8/8/2011,,Yes
MO,29,,29037,Cass,7357911,MODNR,3,Na,EVERGY INC RALPH GREEN GENERATING STATION,Unit,11009513,EPACAMD,2092CAMDUNIT3,2092;3,2092,3,10/7/2014,,Yes
IL,17,,17127,Massac,5535711,ILEPA,127899AAA,"Midwest Electric Power, Inc",Midwest Electric Power Inc,Unit,26973813,EPACAMD,7858CAMDUNIT1,7858;1,7858,1,9/23/2011,,Yes
IL,17,,17127,Massac,5535711,ILEPA,127899AAA,"Midwest Electric Power, Inc",Midwest Electric Power Inc,Unit,26974313,EPACAMD,7858CAMDUNIT4,7858;4,7858,4,9/23/2011,,Yes
PA,42,,42079,Luzerne,4742711,PADEP,420790014,UGI DEV CO,UGI DEVELOPMENT CO/HUNLOCK CREEK ENERGY CENTER,Unit,99882613,EPACAMD,3176CAMDUNITCT6,3176;CT6,3176,CT6,10/9/2014,,Yes
PA,42,,42045,Delaware,10723711,PADEP,420450317,MARCUS HOOK ENERGY LP,MARCUS HOOK ENERGY LP/750 MW,Unit,58850313,EPACAMD,55801CAMDUNIT0003,55801;0003,55801,3,8/8/2011,,Yes
IA,19,,19033,Cerro Gordo,10702411,IADNR,17-02-016,IPL/ALLIANT ENERGY CORP,IPL - EMERY GENERATING STATION,Unit,58602213,EPACAMD,8031CAMDUNIT11,8031;11,8031,11,8/8/2011,,Yes
TN,47,,47085,Humphreys,5720911,TNDEC,43-0011,TVA JOHNSONVILLE FOSSIL PLANT,TVA - Johnsonville Combustion Turbine Plant,Unit,23016013,EPACAMD,3406CAMDUNIT10,3406;10,3406,10,8/8/2011,,Yes
TN,47,,47085,Humphreys,5720911,TNDEC,43-0011,TVA JOHNSONVILLE FOSSIL PLANT,TVA - Johnsonville Combustion Turbine Plant,Unit,23016213,EPACAMD,3406CAMDUNITJCT2,3406;JCT2,3406,JCT2,8/25/2014,12/31/2049,Yes
TN,47,,47085,Humphreys,5720911,TNDEC,43-0011,TVA JOHNSONVILLE FOSSIL PLANT,TVA - Johnsonville Combustion Turbine Plant,Unit,23016213,EPACAMD,3406CAMDUNITJCT11,3406;JCT11,3406,JCT11,8/25/2014,12/31/2049,Yes
TN,47,,47085,Humphreys,5720911,TNDEC,43-0011,TVA JOHNSONVILLE FOSSIL PLANT,TVA - Johnsonville Combustion Turbine Plant,Unit,23016213,EPACAMD,3406CAMDUNITJCT12,3406;JCT12,3406,JCT12,8/25/2014,12/31/2049,Yes
CA,6,,6111,Ventura,5705211,CARB,56113413,GENON CALIFORNIA SOUTH LP,MANDALAY GENERATING STATION,Unit,23052213,EPACAMD,345CAMDUNIT1,345;1,345,1,10/8/2014,,Yes
LA,22,,22077,Pointe Coupee,5931611,LADEQ08,11917,Louisiana Generating LLC,Louisiana Generating LLC - Big Cajun I Power Plant,Unit,81661613,EPACAMD,1464CAMDUNIT1B1,1464;1B1,1464,1B1,10/1/2014,,Yes
MS,28,,28027,Coahoma,7181411,MSDEQ,2802700079,AI015093,"CLARKSDALE PUBLIC UTILITIES, CROSSROADS",Unit,14339113,EPACAMD,55395CAMDUNITCT04,55395;CT04,55395,CT04,8/15/2014,,Yes
MS,28,,28027,Coahoma,7181411,MSDEQ,2802700079,AI015093,"CLARKSDALE PUBLIC UTILITIES, CROSSROADS",Unit,14339313,EPACAMD,55395CAMDUNITCT02,55395;CT02,55395,CT02,8/15/2014,,Yes
IA,19,,19033,Cerro Gordo,5494511,IADNR,17-01-066,INTERSTATE POWER AND LIGHT COMPANY,IPL - LIME CREEK COMBUSTION TURBINES STATION,Unit,27288213,EPACAMD,7155CAMDUNIT**1,7155;**1,7155,**1,4/15/2014,,Yes
NY,36,,36081,Queens,8309011,NYDEC,2630400024,TC RAVENSWOOD LLC,RAVENSWOOD GENERATING STATION,Unit,202713,EPACAMD,2500CAMDUNITCT0004,2500;CT0004,2500,CT0004,9/24/2014,,Yes
NY,36,,36081,Queens,8309011,NYDEC,2630400024,TC RAVENSWOOD LLC,RAVENSWOOD GENERATING STATION,Unit,202813,EPACAMD,2500CAMDUNITCT0009,2500;CT0009,2500,CT0009,9/24/2014,,Yes
SC,45,,45013,Beaufort,8306411,SCDHEC,0360-0006,Santee Cooper,SANTEE COOPER HILTON HEAD,Unit,212813,EPACAMD,3318CAMDUNITCT1,3318;CT1,3318,CT1,9/23/2011,,Yes
NC,37,,37159,Rowan,8506911,NCDAQ,3715900004,"Duke Energy Carolinas, LLC","Duke Energy Carolinas, LLC - Buck Combined Cycle Facility",Unit,106141213,EPACAMD,2720CAMDUNIT12C,2720;12C,2720,12C,10/4/2014,12/31/2049,Yes
NC,37,,37153,Richmond,8490411,NCDAQ,3715300070,"Duke Energy Progress, LLC","Duke Energy Progress, LLC - Richmond County Turbines",Unit,98738513,EPACAMD,7805CAMDUNIT9,7805;9,7805,9,8/15/2014,,Yes
IN,18,,18065,Henry,4664211,INDEM,32,Na,Duke Energy Indiana LLC - Henry County,Unit,27969513,EPACAMD,7763CAMDUNIT1,7763;1,7763,1,10/6/2014,,Yes
IN,18,,18065,Henry,4664211,INDEM,32,Na,Duke Energy Indiana LLC - Henry County,Unit,27969413,EPACAMD,7763CAMDUNIT3,7763;3,7763,3,10/6/2014,,Yes
OK,40,,40097,Mayes,8522311,OKDEQ,799,GRAND RIVER DAM AUTH,GRAND RIVER ENERGY CENTER,Unit,484513,EPACAMD,165CAMDUNIT2,165;2,165,2,8/8/2011,,Yes
OR,41,,41059,Umatilla,8518911,ORDEQ,30-0113,"Hermiston Generating Company, L.P.","Hermiston Generating Company, L.P.",Unit,112412413,EPACAMD,54761CAMDUNIT2,54761;2,54761,2,4/29/2012,,Yes
AL,1,,1097,Mobile,1056111,ADEM,1001,Alabama Power Company,Alabama Power Company-Barry,Unit,47671713,EPACAMD,3CAMDUNIT7A,3;7A,3,7A,8/8/2011,,Yes
CA,6,,6061,Placer,15695911,CARB,3116232046,ROSEVILLE ELECTRIC,ROSEVILLE ENERGY PARK,Unit,100281613,EPACAMD,56298CAMDUNITCT001,56298;CT001,56298,CT001,11/1/2014,,Yes
NY,36,,36027,Dutchess,17942411,NYDEC,3132600275,,Cricket Valley Energy Center,Unit,127198913,EPACAMD,57185CAMDUNITU001,57185;U001,57185,U001,5/25/2022,,Yes
CA,6,,6019,Fresno,13986511,CARB,1014304071,ALGONQUIN POWER SANGER LLC,ALGONQUIN POWER SANGER LLC,Unit,101975013,EPACAMD,57564CAMDUNIT8,57564;8,57564,8,12/17/2018,,Yes
IN,18,,18167,Vigo,4148011,INDEM,123,Na,Northern Indiana Public Service Company LLC - Sugar Creek Generating Station,Unit,33171213,EPACAMD,55364CAMDUNITCT11,55364;CT11,55364,CT11,8/17/2014,12/31/2049,Yes
IN,18,,18167,Vigo,4147311,INDEM,21,Na,"Duke Energy Indiana, LLC- Wabash River",Unit,33172613,EPACAMD,1010CAMDUNIT4,1010;4,1010,4,8/8/2011,,Yes
IN,18,,18165,Vermillion,4133511,INDEM,22,Na,Duke Energy Indiana LLC Vermillion Gene,Unit,33175613,EPACAMD,55111CAMDUNIT7,55111;7,55111,7,9/23/2011,,Yes
CO,8,,8041,El Paso,4392711,CODPHE,CO0000000804100030,Colorado Springs Utilities,COLORADO SPRINGS UTILITIES - NIXON PLT,Unit,68588013,EPACAMD,55283CAMDUNIT1,55283;1,55283,1,8/8/2011,,Yes
CO,8,,8041,El Paso,4392711,CODPHE,CO0000000804100030,Colorado Springs Utilities,COLORADO SPRINGS UTILITIES - NIXON PLT,Unit,68588113,EPACAMD,55283CAMDUNIT2,55283;2,55283,2,8/8/2011,,Yes
CO,8,,8001,Adams,3555811,CODPHE,CO0000000800100001,Public Service Company Of Colorado,PUBLIC SERVICE CO - CHEROKEE PLT,Unit,36702513,EPACAMD,469CAMDUNIT4,469;4,469,4,8/8/2011,,Yes
CO,8,,8001,Adams,3555811,CODPHE,CO0000000800100001,Public Service Company Of Colorado,PUBLIC SERVICE CO - CHEROKEE PLT,Unit,36702913,EPACAMD,469CAMDUNIT1,469;1,469,1,8/8/2011,,Yes
GA,13,,13127,Glynn,3721111,GADNR,12700004,Georgia Power Company,Ga Power Company - Plant McManus,Unit,36833813,EPACAMD,715CAMDUNIT3A,715;3A,715,3A,10/8/2014,,Yes
GA,13,,13127,Glynn,3721111,GADNR,12700004,Georgia Power Company,Ga Power Company - Plant McManus,Unit,36833613,EPACAMD,715CAMDUNIT3B,715;3B,715,3B,10/8/2014,,Yes
PA,42,,42017,Bucks,2878411,PADEP,420170578,CONSTELLATION ENERGY GENERATION LLC,EXELON GENERATION CO/FALLS TWP PEAK PWR PLT,Unit,37949513,EPACAMD,3162CAMDUNIT2,3162;2,3162,2,10/8/2014,,Yes
PA,42,,42017,Bucks,2878411,PADEP,420170578,CONSTELLATION ENERGY GENERATION LLC,EXELON GENERATION CO/FALLS TWP PEAK PWR PLT,Unit,37949613,EPACAMD,3162CAMDUNIT1,3162;1,3162,1,10/8/2014,,Yes
UT,49,,49049,Utah,12730611,UTDAQ,13031,PacifiCorp Energy,PacifiCorp Energy: Lake Side Power Plant,Unit,121901913,EPACAMD,56237CAMDUNITCT04,56237;CT04,56237,CT04,4/10/2017,,Yes
UT,49,,49049,Utah,12730611,UTDAQ,13031,PacifiCorp Energy,PacifiCorp Energy: Lake Side Power Plant,Unit,121901813,EPACAMD,56237CAMDUNITCT03,56237;CT03,56237,CT03,4/10/2017,,Yes
RI,44,,44007,Providence,3073211,RIDEM,AIR3914,FPL Energy Inc.,RHODE ISLAND STATE ENERGY CENTER,Unit,103257813,EPACAMD,55107CAMDUNITRISEP1,55107;RISEP1,55107,RISEP1,8/14/2014,12/31/2049,Yes
KS,20,,20055,Finney,3167811,KSDOHE,26,Sunflower Electric Power Corporation,Sunflower Electric - Garden City,Unit,38765213,EPACAMD,1336CAMDUNITS-4,1336;S-4,1336,S-4,5/30/2017,,Yes
IA,19,,19153,Polk,3164811,IADNR,77-13-002,MIDAMERICAN ENERGY COMPANY,MIDAMERICAN ENERGY CO - PLEASANT HILL/GDMEC,Unit,38775213,EPACAMD,7145CAMDUNIT1,7145;1,7145,1,7/24/2012,,Yes
IL,17,,17043,DuPage,3220911,ILEPA,043407AAF,,Aurora Generation LLC,Unit,39465413,EPACAMD,55279CAMDUNITAGS10,55279;AGS10,55279,AGS10,9/23/2011,,Yes
FL,12,,12113,Santa Rosa,2492411,FLDEP,1130168,CALPINE CORP,"SANTA ROSA ENERGY CTR, LLC",Unit,40405313,EPACAMD,55242CAMDUNITCT-1,55242;CT-1,55242,CT-1,8/22/2014,,Yes
FL,12,,12107,Putnam,2474411,FLDEP,1070025,"Seminole Electric Cooperative, Inc.","SEMINOLE ELECTRIC COOPERATIVE, INC.",Unit,40414713,EPACAMD,136CAMDUNIT1,136;1,136,1,8/8/2011,,Yes
AR,5,,5059,Hot Spring,658911,ARDEQ,505900011,ENTERGY,ENTERGY ARK LLC-LAKE CATHERINE,Unit,63320213,EPACAMD,170CAMDUNIT1,170;1,170,1,8/8/2011,12/31/2049,Yes
FL,12,,12105,Polk,643111,FLDEP,1050004,Lakeland Electric,"C.D. MCINTOSH, JR. POWER PLANT",Unit,138587313,EPACAMD,676CAMDUNITMGT2,676;MGT2,676,MGT2,5/25/2022,,Yes
FL,12,,12105,Polk,643111,FLDEP,1050004,Lakeland Electric,"C.D. MCINTOSH, JR. POWER PLANT",Unit,46452813,EPACAMD,676CAMDUNIT2,676;2,676,2,9/23/2011,,Yes
FL,12,,12121,Suwannee,642811,FLDEP,1210003,Progress Energy Corporation,"DUKE ENERGY FLORIDA, LLC",Unit,46455113,EPACAMD,638CAMDUNIT2A,638;2A,638,2A,8/25/2014,12/31/2049,Yes
FL,12,,12017,Citrus,640611,FLDEP,170004,CRYSTAL RIVER POWER PLANT,"DUKE ENERGY FLORIDA, LLC",Unit,134840113,EPACAMD,628CAMDUNIT2GTB,628;2GTB,628,2GTB,6/23/2020,,Yes
FL,12,,12017,Citrus,640611,FLDEP,170004,CRYSTAL RIVER POWER PLANT,"DUKE ENERGY FLORIDA, LLC",Unit,46478413,EPACAMD,628CAMDUNIT5,628;5,628,5,8/8/2011,,Yes
DE,10,,10003,New Castle,640311,DEDNR,1000300388,"Calpine Mid-Atlantic Generation, LLC",HAY ROAD ENERGY CENTER,Unit,46482513,EPACAMD,7153CAMDUNIT5,7153;5,7153,5,8/8/2011,,Yes
DE,10,,10003,New Castle,640311,DEDNR,1000300388,"Calpine Mid-Atlantic Generation, LLC",HAY ROAD ENERGY CENTER,Unit,46482613,EPACAMD,7153CAMDUNIT6,7153;6,7153,6,8/8/2011,,Yes
FL,12,,12031,Duval,640211,FLDEP,310045,JEA,JEA-NORTHSIDE/SJRPP,Unit,46483313,EPACAMD,667CAMDUNITGT5,667;GT5,667,GT5,10/7/2014,,Yes
FL,12,,12031,Duval,640211,FLDEP,310045,JEA,JEA-NORTHSIDE/SJRPP,Unit,46483413,EPACAMD,667CAMDUNITGT4,667;GT4,667,GT4,10/7/2014,,Yes
FL,12,,12071,Lee,922311,FLDEP,710002,Florida Power & Light Company,FLORIDA POWER & LIGHT,Unit,67301913,EPACAMD,612CAMDUNITGFM03,612;GFM03,612,GFM03,10/9/2014,,Yes
CT,9,,9011,New London,920711,CTBAM,T107P0044C05779,"A E S THAMES, LLC","A E S THAMES, LLC",Unit,46513613,EPACAMD,10675CAMDUNITUNITA,10675;UNITA,10675,UNITA,8/8/2011,,Yes
AL,1,,1129,Washington,1028911,ADEM,12,"Alabama Electric Cooperative, Inc",PowerSouth Energy Cooperative Inc,Unit,95199113,EPACAMD,7063CAMDUNIT**5,7063;**5,7063,**5,6/6/2014,,Yes
AR,5,,5107,Phillips,976511,ARDEQ,510700017,ENTERGY,ENTERGY ARK-RITCHIE,Unit,47096813,EPACAMD,173CAMDUNIT2,173;2,173,2,10/5/2014,,Yes
OK,40,,40087,McClain,882511,OKDEQ,3694,OG AND E,MCCLAIN ENERGY FACILITY,Unit,47401613,EPACAMD,55457CAMDUNITCT1,55457;CT1,55457,CT1,8/8/2011,,Yes
AZ,4,,4017,Navajo,863011,AZDEQ,447,ARIZONA PUBLIC SERVICE CO,APS - CHOLLA POWER PLANT,Unit,111574813,EPACAMD,113CAMDUNIT4,113;4,113,4,10/1/2015,,Yes
AZ,4,,4017,Navajo,863011,AZDEQ,447,ARIZONA PUBLIC SERVICE CO,APS - CHOLLA POWER PLANT,Unit,111574613,EPACAMD,113CAMDUNIT2,113;2,113,2,10/1/2015,,Yes
AZ,4,,4003,Cochise,862811,AZDEQ,3532,"ARIZONA ELECTRIC POWER COOPERATIVE, INC.",AEPCO - APACHE GENERATING STATION,Unit,47506113,EPACAMD,160CAMDUNIT2,160;2,160,2,8/14/2014,12/31/2049,Yes
CA,6,,6067,Sacramento,13841411,CARB,3416243456,SMUD COSUMNES POWER PLANT,SMUD COSUMNES POWER PLANT,Unit,84720813,EPACAMD,55970CAMDUNIT2,55970;2,55970,2,7/22/2012,,Yes
CT,9,,9015,Windham,2766111,CTBAM,T176P0005C08801,Empire Tire Of Edgewater II LLC,Empire Tire Of Edgewater II LLC formerly ReEnergy Sterling or EXETER ENERGY L.P.,Unit,41346813,EPACAMD,50736CAMDUNITB1,50736;B1,50736,B1,8/8/2011,,Yes
AZ,4,,4013,Maricopa,545911,AZMCAQD,40,Arizona Public Service Company,APS Redhawk Generating Facility,Unit,48318413,EPACAMD,55455CAMDUNITCC2A,55455;CC2A,55455,CC2A,8/22/2014,,Yes
FL,12,,12057,Hillsborough,538611,FLDEP,570039,Tampa Electric Company,TEC Big Bend,Unit,156029913,EPACAMD,645CAMDUNITBB06,645;BB06,645,BB06,2/20/2023,,Yes
FL,12,,12057,Hillsborough,538611,FLDEP,570039,Tampa Electric Company,TEC Big Bend,Unit,48397513,EPACAMD,645CAMDUNITBB01,645;BB01,645,BB01,8/8/2011,,Yes
FL,12,,12081,Manatee,537911,FLDEP,810010,Florida Power & Light Company,FLORIDA POWER & LIGHT (PMT),Unit,67276913,EPACAMD,6042CAMDUNITMTCT3C,6042;MTCT3C,6042,MTCT3C,8/8/2011,,Yes
FL,12,,12081,Manatee,537911,FLDEP,810010,Florida Power & Light Company,FLORIDA POWER & LIGHT (PMT),Unit,48407613,EPACAMD,6042CAMDUNITPMT2,6042;PMT2,6042,PMT2,8/8/2011,,Yes
FL,12,,12001,Alachua,536811,FLDEP,10005,Gainesville Regional Utilities,GAINESVILLE REGIONAL UTILITIES,Unit,48417613,EPACAMD,664CAMDUNITCC1,664;CC1,664,CC1,10/12/2014,,Yes
FL,12,,12097,Osceola,1950911,FLDEP,970014,Progress Energy Corporation,"DUKE ENERGY FLORIDA, LLC",Unit,41858213,EPACAMD,8049CAMDUNIT6B,8049;6B,8049,6B,10/3/2014,12/31/2049,Yes
CA,6,,6013,Contra Costa,150711,CARB,7130312095,DELTA ENERGY CENTER,DELTA ENERGY CENTER,Unit,51454013,EPACAMD,55333CAMDUNIT2,55333;2,55333,2,8/8/2011,,Yes
CA,6,,6013,Contra Costa,148911,CARB,7130311866,LOS MEDANOS ENERGY CENTER,LOS MEDANOS ENERGY CENTER,Unit,51468613,EPACAMD,55217CAMDUNITX725,55217;X725,55217,X725,8/8/2011,,Yes
NC,37,,37007,Anson,10616211,NCDAQ,3700700050,North Carolina Electric Membership Corporation,NCEMC - Anson Plant,Unit,74982813,EPACAMD,56249CAMDUNITES2-A,56249;ES2-A,56249,ES2-A,8/14/2014,12/31/2049,Yes
NC,37,,37153,Richmond,10631811,NCDAQ,3715300082,North Carolina Electric Membership Corporation,NCEMC - Hamlet Plant,Unit,109394713,EPACAMD,56292CAMDUNITES6-A,56292;ES6-A,56292,ES6-A,12/30/2049,12/31/2049,Yes
NC,37,,37153,Richmond,10631811,NCDAQ,3715300082,North Carolina Electric Membership Corporation,NCEMC - Hamlet Plant,Unit,109394713,EPACAMD,56292CAMDUNITES6-B,56292;ES6-B,56292,ES6-B,12/30/2049,12/31/2049,Yes
SC,45,,45019,Charleston,4973611,SCDHEC,0560-0008,,WESTROCK CHARLESTON KRAFT LLC,Unit,109748813,EPACAMD,7737CAMDUNITB001,7737;B001,7737,B001,1/1/2014,,Yes
CA,6,,6067,Sacramento,4919711,CARB,341624195,SACRAMENTO COGENERATION AUTHOY,SACRAMENTO COGENERATION AUTHOY,Unit,84801213,EPACAMD,7551CAMDUNIT1C,7551;1C,7551,1C,10/12/2014,,Yes
GA,13,,13087,Decatur,15498211,GADNR,8700053,,Bainbridge Power Facility,Unit,97049513,EPACAMD,56015CAMDUNITP1B,56015;P1B,56015,P1B,10/29/2014,12/31/2049,Yes
GA,13,,13205,Mitchell,15578811,GADNR,20500044,,Baconton Power LLC,Unit,98197613,EPACAMD,55304CAMDUNITCT1,55304;CT1,55304,CT1,8/15/2014,,Yes
GA,13,,13297,Walton,15604711,GADNR,29700040,,MPC Generating LLC,Unit,98451813,EPACAMD,7764CAMDUNIT2,7764;2,7764,2,10/8/2014,,Yes
GA,13,,13297,Walton,15604711,GADNR,29700040,,MPC Generating LLC,Unit,98451713,EPACAMD,7764CAMDUNIT1,7764;1,7764,1,10/8/2014,,Yes
NC,37,,37045,Cleveland,16600211,NCDAQ,3704500372,Southern Power Company,Cleveland County Generating Facility,Unit,106270213,EPACAMD,57029CAMDUNITES1,57029;ES1,57029,ES1,10/8/2014,,Yes
AZ,4,,4001,Apache,7735011,AZDEQ,4477,SRP - CORONADO GENERATING STATION,CORONADO GENERATING PLANT,Unit,2903213,EPACAMD,6177CAMDUNITU1B,6177;U1B,6177,U1B,8/8/2011,,Yes
TX,48,,48187,Guadalupe,7720411,TXCEQ,13,CITY PUBLIC SERVICE BOARD,RIO NOGALES POWER PLANT,Unit,2930213,EPACAMD,55137CAMDUNITCTG-1,55137;CTG-1,55137,CTG-1,8/8/2011,,Yes
IN,18,,18095,Madison,7956711,INDEM,51,Na,Indiana Municipal Power Agency Anderson,Unit,3011413,EPACAMD,7336CAMDUNITACT3,7336;ACT3,7336,ACT3,10/1/2014,12/31/2049,Yes
IN,18,,18095,Madison,7956711,INDEM,51,Na,Indiana Municipal Power Agency Anderson,Unit,3011413,EPACAMD,7336CAMDUNITACT1,7336;ACT1,7336,ACT1,10/1/2014,12/31/2049,Yes
IL,17,,17157,Randolph,7954611,ILEPA,157851AAA,"Dynegy Midwest Generation, Inc",Dynegy Midwest Generation LLC,Unit,3024213,EPACAMD,889CAMDUNIT1,889;1,889,1,8/8/2011,,Yes
OH,39,,39017,Butler,7920911,OHEPA,1409040212,Na,Smart Papers - Hamilton Mill (1409040212),Unit,3177713,EPACAMD,50247CAMDUNITB010,50247;B010,50247,B010,8/8/2011,,Yes
NC,37,,37087,Haywood,7920511,NCDAQ,3708700159,Blue Ridge Paper Products LLC,Blue Ridge Paper Products LLC,Unit,3184713,EPACAMD,50244CAMDUNITRB,50244;RB,50244,RB,2/28/2018,,Yes
NY,36,,36047,Kings,9326011,NYDEC,2610200482,NEW YORK POWER AUTHORITY,23RD AND 3RD PLANT,Unit,55489013,EPACAMD,7910CAMDUNIT2302,7910;2302,7910,2302,10/29/2014,12/31/2049,Yes
NY,36,,36089,St. Lawrence,7968011,NYDEC,6401200053,AG-ENERGY LP,OGDENSBURG ENERGY FACILITY,Unit,3495513,EPACAMD,10803CAMDUNIT1,10803;1,10803,1,12/6/2014,,Yes
AL,1,,1103,Morgan,7916011,ADEM,79,"Decatur Energy Center, LLC",Decatur Energy Center LLC,Unit,3536713,EPACAMD,55292CAMDUNITCTG-2,55292;CTG-2,55292,CTG-2,8/8/2011,,Yes
OK,40,,40133,Seminole,8007311,OKDEQ,1210,OG AND E,SEMINOLE GENERATING STATION,Unit,5014013,EPACAMD,2956CAMDUNIT3,2956;3,2956,3,8/8/2011,,Yes
PA,42,,42007,Beaver,7991511,PADEP,420070032,HORSEHEAD CORP,HORSEHEAD CORP/MONACA SMELTER,Unit,5082613,EPACAMD,50130CAMDUNIT35,50130;35,50130,35,8/8/2011,,Yes
NJ,34,,34039,Union,7990111,NJDEP,41810,PSEG Power LLC,PSEG Fossil LLC Linden Gen St & PSE&G SNG Plt,Unit,66146013,EPACAMD,2406CAMDUNIT2201,2406;2201,2406,2201,8/14/2014,12/31/2049,Yes
NJ,34,,34039,Union,7990111,NJDEP,41810,PSEG Power LLC,PSEG Fossil LLC Linden Gen St & PSE&G SNG Plt,Unit,66146013,EPACAMD,2406CAMDUNIT2101,2406;2101,2406,2101,8/14/2014,12/31/2049,Yes
NJ,34,,34039,Union,7990011,NJDEP,41809,Cogen Technologies Linden Venture,"Cogen Technologies Linden Venture, L.P.",Unit,5105013,EPACAMD,50006CAMDUNIT006001,50006;006001,50006,6001,8/8/2011,,Yes
NJ,34,,34033,Salem,7989011,NJDEP,65498,"Chambers Cogeneration, LP",CARNEYS POINT GENERATING PLANT,Unit,90352313,EPACAMD,10566CAMDUNIT1001,10566;1001,10566,1001,3/11/2013,,Yes
OK,40,,40143,Tulsa,8186111,OKDEQ,213,PUBLIC SERVICE COMPANY OF OKLAHOMA,PSO RIVERSIDE JENKS POWER STATION,Unit,72254613,EPACAMD,4940CAMDUNIT1503,4940;1503,4940,1503,4/2/2014,,Yes
OK,40,,40143,Tulsa,8186111,OKDEQ,213,PUBLIC SERVICE COMPANY OF OKLAHOMA,PSO RIVERSIDE JENKS POWER STATION,Unit,5350213,EPACAMD,4940CAMDUNIT1502,4940;1502,4940,1502,8/8/2011,,Yes
OK,40,,40109,Oklahoma,8185511,OKDEQ,1407,OG AND E,FRONTIER GENERATING STATION,Unit,5362113,EPACAMD,50558CAMDUNITCC01,50558;CC01,50558,CC01,5/29/2017,,Yes
OR,41,,41049,Morrow,8171111,ORDEQ,25-0016,Portland General Electric Company,PGE Boardman,Unit,126787713,EPACAMD,58503CAMDUNITCTEU1,58503;CTEU1,58503,CTEU1,12/18/2018,,Yes
CA,6,,6073,San Diego,17193811,CARB,3712276289,"J-POWER USA DEVELOPMENT CO, LTD",ORANGE GROVE ENERGY LP,Unit,145869113,EPACAMD,56914CAMDUNITCTG2,56914;CTG2,56914,CTG2,6/2/2023,,Yes
MI,26,,26163,Wayne,6441111,MIDEQ,M4854,Wolverine Power Supply Cooperative Inc.,Sumpter Generating Plant,Unit,16724913,EPACAMD,7972CAMDUNIT4,7972;4,7972,4,9/23/2011,,Yes
WV,54,,54051,Marshall,6902411,WVDAQ,6,AEP Generation Resources Inc.,AEP Generation Resources Inc. - KAMMER PLANT,Unit,71766613,EPACAMD,3947CAMDUNIT2,3947;2,3947,2,8/8/2011,,Yes
WV,54,,54051,Marshall,6902311,WVDAQ,5,KENTUCKY POWER COMPANY,KENTUCKY POWER COMPANY - MITCHELL PLANT,Unit,71766413,EPACAMD,3948CAMDUNITAUX1,3948;AUX1,3948,AUX1,12/6/2014,,Yes
CA,6,,6079,San Luis Obispo,7123811,CARB,4011318,DUKE ENERGY MORRO BAY,DYNEGY MORRO BAY LLC,Unit,15065513,EPACAMD,259CAMDUNIT1,259;1,259,1,10/1/2014,,Yes
CA,6,,6079,San Luis Obispo,7123811,CARB,4011318,DUKE ENERGY MORRO BAY,DYNEGY MORRO BAY LLC,Unit,15065813,EPACAMD,259CAMDUNIT4,259;4,259,4,9/23/2011,,Yes
CA,6,,6073,San Diego,10099011,CARB,3712277592,SDG&E,SDG&E CUYAMACA PEAK ENERGY PLANT,Unit,54010613,EPACAMD,55512CAMDUNITGT-1,55512;GT-1,55512,GT-1,8/27/2014,,Yes
CA,6,,6065,Riverside,10115711,CARB,3.32E+11,"WILDFLOWER ENERGY LP/INDIGOGEN., LLC","WILDFLOWER ENERGY LP/INDIGOGEN., LLC",Unit,119847513,EPACAMD,55541CAMDUNIT1,55541;1,55541,1,2/9/2018,,Yes
MA,25,,25003,Berkshire,7220511,MADEP,1170006,PITTSFIELD GENERATING COMPANY LP,PITTSFIELD GENERATING COMPANY LP,Unit,87515413,EPACAMD,50002CAMDUNIT3,50002;3,50002,3,10/9/2014,,Yes
OK,40,,40143,Tulsa,7218011,OKDEQ,3594,GREEN COUNTRY ENERGY LLC,GREEN COUNTRY ENERGY PROJECT,Unit,10019113,EPACAMD,55146CAMDUNITCTGEN3,55146;CTGEN3,55146,CTGEN3,8/8/2011,,Yes
NJ,34,,34017,Hudson,7217311,NJDEP,12200,PSEG Power LLC,Kearny Generating Station,Unit,10029213,EPACAMD,2404CAMDUNIT17001,2404;17001,2404,17001,10/15/2014,,Yes
NJ,34,,34017,Hudson,7217311,NJDEP,12200,PSEG Power LLC,Kearny Generating Station,Unit,66329213,EPACAMD,2404CAMDUNIT121,2404;121,2404,121,10/16/2014,12/31/2049,Yes
NJ,34,,34003,Bergen,7392311,NJDEP,2488,PSEG Power LLC,PSEG Bergen Generating Station,Unit,10494713,EPACAMD,2398CAMDUNIT2101,2398;2101,2398,2101,8/14/2014,12/31/2049,Yes
NE,31,,31169,Thayer,6898611,NEDEQ,58034,Nebraska Public Power District,NPPD Hebron Peaking Unit,Unit,13709013,EPACAMD,2266CAMDUNIT1B,2266;1B,2266,1B,12/30/2049,12/31/2049,Yes
PA,42,,42109,Snyder,18897911,PADEP,421090099,HUMMEL STA LLC,PANDA HUMMEL STA LLC/SUNBURY NAT GAS PLT,Unit,135435713,EPACAMD,60368CAMDUNITCT1,60368;CT1,60368,CT1,1/2/2020,,Yes
LA,22,,22089,St. Charles,18906811,LADEQ08,197303,Entergy Louisiana LLC,Entergy Louisiana LLC - J. Wayne Leonard Power Station,Unit,136848313,EPACAMD,60926CAMDUNIT1B,60926;1B,60926,1B,3/1/2021,12/31/2049,Yes
TN,47,,47157,Shelby,18912511,MSC_HD,1280,Tennessee Valley Authority (TVA),TVA-Allen Combined Cycle Plant,Unit,137605213,EPACAMD,3393CAMDUNITACC2,3393;ACC2,3393,ACC2,5/29/2021,,Yes
NY,36,,36071,Orange,18918211,NYDEC,3335600136,,CPV VALLEY ENERGY CENTER,Unit,137077213,EPACAMD,56940CAMDUNIT1,56940;1,56940,1,1/25/2021,,Yes
MO,29,,29019,Boone,6345611,MODNR,105,Ameren Energy Generating Company,COLUMBIA ENERGY CENTER PEABODY ROAD,Unit,15427813,EPACAMD,55447CAMDUNITCT02,55447;CT02,55447,CT02,10/8/2014,12/31/2049,Yes
WI,55,,55079,Milwaukee,6330511,WIDNR,241007800,Wisconsin Electric Power Company,WISCONSIN ELECTRIC POWER COMPANY D/B/A WE ENERGIES-VALLEY STATION,Unit,15438213,EPACAMD,4042CAMDUNIT2,4042;2,4042,2,8/8/2011,,Yes
WI,55,,55079,Milwaukee,6330511,WIDNR,241007800,Wisconsin Electric Power Company,WISCONSIN ELECTRIC POWER COMPANY D/B/A WE ENERGIES-VALLEY STATION,Unit,15438113,EPACAMD,4042CAMDUNIT3,4042;3,4042,3,8/8/2011,,Yes
NJ,34,,34013,Essex,7478411,NJDEP,7627,PSEG Fossil LLC,PSEG FOSSIL LLC ESSEX GENERATING STATION,Unit,11647413,EPACAMD,2401CAMDUNIT20001,2401;20001,2401,20001,8/15/2014,12/31/2049,Yes
NJ,34,,34013,Essex,7478411,NJDEP,7627,PSEG Fossil LLC,PSEG FOSSIL LLC ESSEX GENERATING STATION,Unit,11647313,EPACAMD,2401CAMDUNIT22001,2401;22001,2401,22001,8/15/2014,12/31/2049,Yes
NJ,34,,34013,Essex,7478411,NJDEP,7627,PSEG Fossil LLC,PSEG FOSSIL LLC ESSEX GENERATING STATION,Unit,11647313,EPACAMD,2401CAMDUNIT28001,2401;28001,2401,28001,8/15/2014,12/31/2049,Yes
MO,29,,29095,Jackson,7668211,MODNR,139,Na,EVERGY INC GREENWOOD GENERATING STATION,Unit,11760213,EPACAMD,6074CAMDUNIT1,6074;1,6074,1,5/31/2018,,Yes
VA,51,,51001,Accomack,6960911,VADEQ,40898,Commonwealth Chesapeake Power Station,Commonwealth Chesapeake Power Station,Unit,14006913,EPACAMD,55381CAMDUNITCT-007,55381;CT-007,55381,CT-007,10/9/2014,12/31/2049,Yes
VA,51,,51001,Accomack,6960911,VADEQ,40898,Commonwealth Chesapeake Power Station,Commonwealth Chesapeake Power Station,Unit,14006913,EPACAMD,55381CAMDUNITCT-006,55381;CT-006,55381,CT-006,10/9/2014,12/31/2049,Yes
VA,51,,51001,Accomack,6960911,VADEQ,40898,Commonwealth Chesapeake Power Station,Commonwealth Chesapeake Power Station,Unit,14006913,EPACAMD,55381CAMDUNITCT-001,55381;CT-001,55381,CT-001,10/9/2014,12/31/2049,Yes
MS,28,,28075,Lauderdale,7155511,MSDEQ,2807500032,AI001281,"MISSISSIPPI POWER COMPANY, PLANT SWEATT",Unit,14073413,EPACAMD,2048CAMDUNIT1,2048;1,2048,1,9/23/2011,,Yes
MS,28,,28067,Jones,7139511,MSDEQ,2806700035,AI005099,"COOPERATIVE ENERGY, MOSELLE GENERATING P",Unit,99118713,EPACAMD,2070CAMDUNIT7,2070;7,2070,7,3/25/2018,,Yes
,,"Fort Mojave Indian Tribe of Arizona, California & Nevada",88604,,8264011,TR604,FM-OP 02-01,,Calpine-South Point Energy Center,Unit,17613,EPACAMD,55177CAMDUNITA,55177;A,55177,A,10/8/2014,,Yes
VA,51,,51083,Halifax,6160611,VADEQ,30867,Dominion/ODEC  - Clover Power Station,Dominion/ODEC - Clover Power Station,Unit,15869513,EPACAMD,7213CAMDUNIT1,7213;1,7213,1,8/8/2011,,Yes
NM,35,,35013,Dona Ana,7583911,NMED,164,Public Service Company of New Mexico (PNM),Afton Generating Station,Unit,82578113,EPACAMD,55210CAMDUNIT0001,55210;0001,55210,1,8/8/2011,,Yes
NM,35,,35013,Dona Ana,7581811,NMED,122,El Paso Electric Company,Rio Grande Generating Station,Unit,82572113,EPACAMD,2444CAMDUNIT8,2444;8,2444,8,8/8/2011,,Yes
WI,55,,55087,Outagamie,14992311,WIDNR,445032830,,WPPI ENERGY - KAUKAUNA TURBINES,Unit,91453413,EPACAMD,55836CAMDUNIT1A,55836;1A,55836,1A,11/1/2014,12/31/2049,Yes
CA,6,,6037,Los Angeles,5635111,CARB,1.91E+11,"GLENDALE CITY, GLENDALE WATER & POWER","GLENDALE CITY, GLENDALE WATER & POWER",Unit,85700013,EPACAMD,377CAMDUNIT9,377;9,377,9,9/23/2011,,Yes
CA,6,,6037,Los Angeles,5635111,CARB,1.91E+11,"GLENDALE CITY, GLENDALE WATER & POWER","GLENDALE CITY, GLENDALE WATER & POWER",Unit,85700213,EPACAMD,377CAMDUNIT4,377;4,377,4,9/23/2011,,Yes
TX,48,,48029,Bexar,5616511,TXCEQ,5,CITY PUBLIC SERVICE BOARD,VH BRAUNIG PLANT,Unit,21290213,EPACAMD,3612CAMDUNITCT02,3612;CT02,3612,CT02,8/8/2011,,Yes
TX,48,,48029,Bexar,5616511,TXCEQ,5,CITY PUBLIC SERVICE BOARD,VH BRAUNIG PLANT,Unit,91501013,EPACAMD,3612CAMDUNITCGT8,3612;CGT8,3612,CGT8,10/12/2014,,Yes
TX,48,,48029,Bexar,5616511,TXCEQ,5,CITY PUBLIC SERVICE BOARD,VH BRAUNIG PLANT,Unit,91500913,EPACAMD,3612CAMDUNITCGT7,3612;CGT7,3612,CGT7,10/12/2014,,Yes
MA,25,,25021,Norfolk,5851311,MADEP,1200133,EXELON WEST MEDWAY LLC AND WEST MEDWAY II LLC,CONSTELLATION WEST MEDWAY LLC,Unit,87476813,EPACAMD,1592CAMDUNITJ2T1,1592;J2T1,1592,J2T1,10/27/2014,,Yes
MA,25,,25021,Norfolk,5851311,MADEP,1200133,EXELON WEST MEDWAY LLC AND WEST MEDWAY II LLC,CONSTELLATION WEST MEDWAY LLC,Unit,87477013,EPACAMD,1592CAMDUNITJ3T1,1592;J3T1,1592,J3T1,10/27/2014,,Yes
VA,51,,51580,Covington city,5798711,VADEQ,20328,,WESTROCK VIRGINIA CORP,Unit,21497413,EPACAMD,50900CAMDUNIT004,50900;004,50900,4,4/21/2017,,Yes
CA,6,,6037,Los Angeles,5796711,CARB,1.91E+11,"LA CITY, DWP HAYNES GENERATING STATION","LA CITY, DWP HAYNES GENERATING STATION",Unit,119396913,EPACAMD,400CAMDUNIT14,400;14,400,14,5/25/2017,,Yes
CA,6,,6037,Los Angeles,5796711,CARB,1.91E+11,"LA CITY, DWP HAYNES GENERATING STATION","LA CITY, DWP HAYNES GENERATING STATION",Unit,86017913,EPACAMD,400CAMDUNIT1,400;1,400,1,9/23/2011,1/1/2013,Yes
CA,6,,6037,Los Angeles,5796711,CARB,1.91E+11,"LA CITY, DWP HAYNES GENERATING STATION","LA CITY, DWP HAYNES GENERATING STATION",Unit,119398113,EPACAMD,400CAMDUNIT11,400;11,400,11,5/25/2017,,Yes
MD,24,,24025,Harford,6131311,MDDOE,025-0024,"Constellation Power Source Generation, Inc.",Constellation Power - Perryman Power Plant,Unit,87957413,EPACAMD,1556CAMDUNITCT2,1556;CT2,1556,CT2,8/8/2011,,Yes
LA,22,,22017,Caddo,6116111,LADEQ08,1060,Southwestern Electric Power Co (SWEPCO),Southwestern Electric Power Company - Arsenal Hill Power Plant,Unit,80711413,EPACAMD,1416CAMDUNIT5A,1416;5A,1416,5A,8/8/2011,,Yes
MD,24,,24003,Anne Arundel,6084311,MDDOE,003-0468,"Constellation Power Source Generation, Inc.",Raven Power Fort Smallwood LLC,Unit,87886513,EPACAMD,1554CAMDUNIT2,1554;2,1554,2,8/8/2011,,Yes
NM,35,,35025,Lea,5229511,NMED,604,Southwestern Public Service Co dba Xcel Energy,Cunningham Station Power Plant,Unit,82534313,EPACAMD,2454CAMDUNIT121B,2454;121B,2454,121B,8/8/2011,,Yes
KY,21,,21177,Muhlenberg,5196711,KYDAQ,2117700006,Tennessee Valley Authority,Tennessee Valley Authority - Paradise Fossil Plant,Unit,86762413,EPACAMD,1378CAMDUNIT3,1378;3,1378,3,8/8/2011,,Yes
KY,21,,21177,Muhlenberg,5196711,KYDAQ,2117700006,Tennessee Valley Authority,Tennessee Valley Authority - Paradise Fossil Plant,Unit,129705813,EPACAMD,1378CAMDUNITPCC2,1378;PCC2,1378,PCC2,5/16/2019,,Yes
KS,20,,20209,Wyandotte,4633811,KSDOHE,8,Board of Public Utilities,Kansas City BPU - Nearman,Unit,28397413,EPACAMD,6064CAMDUNITN1,6064;N1,6064,N1,8/8/2011,,Yes
KY,21,,21167,Mercer,5933111,KYDAQ,2116700001,Louisville Gas And Electric Company,KY Utilities Co - Brown Station,Unit,86760313,EPACAMD,1355CAMDUNIT7,1355;7,1355,7,10/1/2014,,Yes
KY,21,,21049,Clark,5523111,KYDAQ,2104900003,East Kentucky Power Cooperative,East KY Power Coop - Dale Station,Unit,26663313,EPACAMD,1385CAMDUNIT1,1385;1,1385,1,8/8/2011,,Yes
LA,22,,22047,Iberville,5504511,LADEQ08,2625,Entergy Louisiana LLC,Entergy LA LLC - Willow Glen Generating Plant,Unit,81114913,EPACAMD,1394CAMDUNIT1,1394;1,1394,1,8/2/2011,12/31/2049,Yes
LA,22,,22047,Iberville,5504511,LADEQ08,2625,Entergy Louisiana LLC,Entergy LA LLC - Willow Glen Generating Plant,Unit,81115213,EPACAMD,1394CAMDUNIT3,1394;3,1394,3,8/8/2011,,Yes
LA,22,,22047,Iberville,5504511,LADEQ08,2625,Entergy Louisiana LLC,Entergy LA LLC - Willow Glen Generating Plant,Unit,81115413,EPACAMD,1394CAMDUNIT5,1394;5,1394,5,8/8/2011,,Yes
CA,6,,6073,San Diego,5003711,CARB,37122773,,Carlsbad Energy Center,Unit,86059413,EPACAMD,302CAMDUNIT1,302;1,302,1,8/8/2011,,Yes
CA,6,,6073,San Diego,5003711,CARB,37122773,,Carlsbad Energy Center,Unit,86059813,EPACAMD,302CAMDUNIT4,302;4,302,4,8/8/2011,,Yes
CA,6,,6073,San Diego,5003111,CARB,37122772,DYNEGY SOUTH BAY,DYNEGY SOUTH BAY LLC,Unit,86028413,EPACAMD,310CAMDUNIT3,310;3,310,3,8/8/2011,,Yes
TN,47,,47145,Roane,4979111,TNDEC,73-0013,TVA KINGSTON FOSSIL PLANT,TVA - Kingston Fossil Plant,Unit,30042113,EPACAMD,3407CAMDUNIT1,3407;1,3407,1,8/8/2011,,Yes
TN,47,,47145,Roane,4979111,TNDEC,73-0013,TVA KINGSTON FOSSIL PLANT,TVA - Kingston Fossil Plant,Unit,30041713,EPACAMD,3407CAMDUNIT5,3407;5,3407,5,8/8/2011,,Yes
CA,6,,6071,San Bernardino,4947111,CARB,3605181880,COOLWATER GENERATING STATION,COOLWATER GENERATING STATION,Unit,30096213,EPACAMD,329CAMDUNIT42,329;42,329,42,8/8/2011,,Yes
TX,48,,48279,Lamb,4930011,TXCEQ,18,SOUTHWESTERN PUBLIC SERVICE COMPANY,TOLK STATION POWER PLANT,Unit,30286413,EPACAMD,6194CAMDUNIT172B,6194;172B,6194,172B,8/8/2011,,Yes
TX,48,,48279,Lamb,4930011,TXCEQ,18,SOUTHWESTERN PUBLIC SERVICE COMPANY,TOLK STATION POWER PLANT,Unit,30286513,EPACAMD,6194CAMDUNIT171B,6194;171B,6194,171B,8/8/2011,,Yes
TX,48,,48135,Ector,13408111,TXCEQ,134,QUAIL RUN ENERGY PARTNERS LP,QUAIL RUN ENERGY CENTER,Unit,70291213,EPACAMD,56349CAMDUNITCT2B,56349;CT2B,56349,CT2B,7/21/2012,,Yes
TX,48,,48237,Jack,13385011,TXCEQ,658,BRAZOS ELECTRIC POWER COOPERATIVE INC,JACK COUNTY GENERATION FACILITY,Unit,99310413,EPACAMD,55230CAMDUNITCT-3,55230;CT-3,55230,CT-3,5/22/2013,,Yes
TX,48,,48481,Wharton,13392711,TXCEQ,306,COLORADO BEND I POWER LLC,COLORADO BEND I,Unit,71581813,EPACAMD,56350CAMDUNITCT2A,56350;CT2A,56350,CT2A,7/21/2012,,Yes
IL,17,,17031,Cook,1731811,ILEPA,031600AMI,Midwest Generation LLC,Fisk Electric Generating Station,Unit,41554613,EPACAMD,886CAMDUNIT341,886;341,886,341,10/7/2014,12/31/2049,Yes
VA,51,,51041,Chesterfield,4181011,VADEQ,50396,Dominion - Chesterfield Power Station,Dominion Virginia Power- Chesterfield,Unit,33878613,EPACAMD,3797CAMDUNIT3,3797;3,3797,3,8/8/2011,,Yes
TX,48,,48149,Fayette,4144811,TXCEQ,5,LOWER COLORADO RIVER AUTHORITY,FAYETTE POWER PROJECT,Unit,34061613,EPACAMD,6179CAMDUNIT3,6179;3,6179,3,8/8/2011,,Yes
KS,20,,20201,Washington,4126711,KSDOHE,12,Sunflower Electric Power Corporation,Sunflower Electric - Clifton,Unit,34105313,EPACAMD,8037CAMDUNITCL1,8037;CL1,8037,CL1,5/30/2017,,Yes
IL,17,,17197,Will,4106911,ILEPA,197030AAO,"Crete Energy Venture, LLC",Crete Energy Park,Unit,88709613,EPACAMD,55253CAMDUNITGT3,55253;GT3,55253,GT3,9/30/2014,,Yes
CA,6,,6099,Stanislaus,1218311,CARB,5014303299,TURLOCK IRRIGATION DISTRICT,Almond Power Plant,Unit,85092813,EPACAMD,7315CAMDUNIT1,7315;1,7315,1,11/4/2014,,Yes
CA,6,,6037,Los Angeles,13909011,CARB,1.91E+11,"LA CITY, DWP SCATTERGOOD GENERATING STN","LA CITY, DWP SCATTERGOOD GENERATING STN",Unit,85871913,EPACAMD,404CAMDUNIT2,404;2,404,2,9/23/2011,,Yes
CO,8,,8001,Adams,1621811,CODPHE,CO0000000800101349,"Tri-State G & T Association, Inc.",TRI-STATE GENERATION & TRANS - F.KNUTSON,Unit,44307313,EPACAMD,55505CAMDUNITBR2,55505;BR2,55505,BR2,10/9/2014,,Yes
IA,19,,19127,Marshall,3779111,IADNR,64-01-012,INTERSTATE POWER AND LIGHT COMPANY,IPL - MARSHALLTOWN GENERATING STATION,Unit,37006413,EPACAMD,1068CAMDUNIT3A,1068;3A,1068,3A,4/18/2014,,Yes
IA,19,,19127,Marshall,3779111,IADNR,64-01-012,INTERSTATE POWER AND LIGHT COMPANY,IPL - MARSHALLTOWN GENERATING STATION,Unit,37006713,EPACAMD,1068CAMDUNIT1B,1068;1B,1068,1B,4/18/2014,,Yes
IA,19,,19125,Marion,3764911,IADNR,63-02-005,,PELLA MUNICIPAL POWER PLANT,Unit,37010413,EPACAMD,1175CAMDUNIT7,1175;7,1175,7,8/8/2011,,Yes
PA,42,,42073,Lawrence,3776611,PADEP,420730025,GENON POWER MIDWEST LP,NEW CASTLE POWER LLC/NEW CASTLE GENERATING STATION,Unit,37249213,EPACAMD,3138CAMDUNIT3,3138;3,3138,3,8/8/2011,,Yes
IL,17,,17057,Fulton,3206511,ILEPA,057801AAA,Amerenenergy Resources Generating Company,Illinois Power Resources Generating LLC,Unit,39272713,EPACAMD,6016CAMDUNIT1,6016;1,6016,1,8/8/2011,,Yes
CA,6,,6085,Santa Clara,743011,CARB,43130311180,CALPINE GILROY COGEN LP & GILROY ENERGY CENTER LLC,CALPINE GILROY COGEN LP & GILROY ENERGY CENTER LLC,Unit,45722513,EPACAMD,55810CAMDUNITS-5,55810;S-5,55810,S-5,10/9/2014,,Yes
AR,5,,5139,Union,1016511,ARDEQ,513900543,"Entergy Arkansas, LLC","Entergy Arkansas, LLC - Union Power Station",Unit,48086313,EPACAMD,55380CAMDUNITCTG-6,55380;CTG-6,55380,CTG-6,8/19/2014,12/31/2049,Yes
AR,5,,5139,Union,1016511,ARDEQ,513900543,"Entergy Arkansas, LLC","Entergy Arkansas, LLC - Union Power Station",Unit,48086313,EPACAMD,55380CAMDUNITCTG-5,55380;CTG-5,55380,CTG-5,8/19/2014,12/31/2049,Yes
AR,5,,5139,Union,1016511,ARDEQ,513900543,"Entergy Arkansas, LLC","Entergy Arkansas, LLC - Union Power Station",Unit,48086313,EPACAMD,55380CAMDUNITCTG-3,55380;CTG-3,55380,CTG-3,8/19/2014,12/31/2049,Yes
CA,6,,6029,Kern,456011,CARB,151430172,LIVE OAK LIMITED,LIVE OAK LIMITED,Unit,48853413,EPACAMD,54768CAMDUNITGT1,54768;GT1,54768,GT1,12/17/2018,,Yes
WY,56,,56005,Campbell,12811111,WYDEQ,13933,Cheyenne Light Fuel and Power Company,WYGEN II,Unit,68391113,EPACAMD,56319CAMDUNIT001,56319;001,56319,1,8/8/2011,,Yes
CO,8,,8001,Adams,12818011,CODPHE,CO0000000800101354,,PUBLIC SERV - BLUE SPRUCE ENERGY CENTER,Unit,68509713,EPACAMD,55645CAMDUNITCT-02,55645;CT-02,55645,CT-02,9/29/2014,,Yes
AR,5,,5119,Pulaski,210811,ARDEQ,511901380,Arkansas Electric Cooperative Corporation,ARK ELEC CO-OP-OSWALD GENERATING STATION,Unit,63447013,EPACAMD,55221CAMDUNITG4,55221;G4,55221,G4,5/22/2013,,Yes
AR,5,,5119,Pulaski,210811,ARDEQ,511901380,Arkansas Electric Cooperative Corporation,ARK ELEC CO-OP-OSWALD GENERATING STATION,Unit,63447113,EPACAMD,55221CAMDUNITG5,55221;G5,55221,G5,5/22/2013,,Yes
MI,26,,26111,Midland,6473711,MIDEQ,B6527,Midland Cogeneration Venture,Midland Cogeneration Venture,Unit,17730113,EPACAMD,10745CAMDUNIT007,10745;007,10745,7,8/25/2014,12/31/2049,Yes
MI,26,,26111,Midland,6473711,MIDEQ,B6527,Midland Cogeneration Venture,Midland Cogeneration Venture,Unit,17730113,EPACAMD,10745CAMDUNIT011,10745;011,10745,11,8/25/2014,12/31/2049,Yes
MI,26,,26111,Midland,6473711,MIDEQ,B6527,Midland Cogeneration Venture,Midland Cogeneration Venture,Unit,82666813,EPACAMD,10745CAMDUNIT016,10745;016,10745,16,8/25/2014,12/31/2049,Yes
MI,26,,26111,Midland,6473711,MIDEQ,B6527,Midland Cogeneration Venture,Midland Cogeneration Venture,Unit,17730213,EPACAMD,10745CAMDUNIT012,10745;012,10745,12,8/25/2014,,Yes
MA,25,,25025,Suffolk,6404711,MADEP,1190012,EXELON NEW BOSTON LLC,EXELON NEW BOSTON LLC,Unit,17758613,EPACAMD,1589CAMDUNIT1,1589;1,1589,1,10/28/2014,,Yes
VA,51,,51670,Hopewell city,5883511,VADEQ,50967,Hopewell Cogeneration Limited Partnership,Hopewell Cogeneration Ltd Partnership,Unit,23364713,EPACAMD,10633CAMDUNIT3,10633;3,10633,3,8/8/2011,,Yes
LA,22,,22033,East Baton Rouge,5160611,LADEQ08,1186,Entergy Louisiana LLC,EthosEnergy Power Operations (West) LLC - Louisiana Station Electrical Generatin,Unit,80696813,EPACAMD,1391CAMDUNIT1A,1391;1A,1391,1A,8/8/2011,,Yes
TX,48,,48501,Yoakum,5129311,TXCEQ,39,GOLDEN SPREAD ELECTRIC COOPERATIVE INC,MUSTANG ELECTRIC STATION,Unit,25190513,EPACAMD,55065CAMDUNIT2,55065;2,55065,2,8/8/2011,,Yes
MA,25,,25005,Bristol,5058811,MADEP,1200067,TAUNTON MUNICIPAL LIGHTING PLANT,TAUNTON MUNICIPAL LIGHT PLANT,Unit,87718113,EPACAMD,1682CAMDUNIT9,1682;9,1682,9,9/23/2011,12/31/2049,Yes
MA,25,,25005,Bristol,5058411,MADEP,1200061,DYNEGY INC,BRAYTON POINT ENERGY LLC,Unit,87339713,EPACAMD,1619CAMDUNIT4,1619;4,1619,4,8/8/2011,,Yes
MA,25,,25005,Bristol,5058411,MADEP,1200061,DYNEGY INC,BRAYTON POINT ENERGY LLC,Unit,87340713,EPACAMD,1619CAMDUNIT1,1619;1,1619,1,8/8/2011,,Yes
OH,39,,39019,Carroll,17965011,OHEPA,210002025,,Carroll County Energy LLC (0210002025),Unit,127489813,EPACAMD,59773CAMDUNIT2,59773;2,59773,2,12/17/2018,,Yes
CO,8,,8123,Weld,13331311,CODPHE,CO0000000812305468,,"SPINDLE HILL ENERGY, LLC",Unit,68956313,EPACAMD,56445CAMDUNITCT-02,56445;CT-02,56445,CT-02,8/21/2014,,Yes
KY,21,,21157,Marshall,5213311,KYDAQ,2115700053,Tennessee Valley Authority,TVA - KGen Marshall LLC,Unit,86742613,EPACAMD,55232CAMDUNITCT2,55232;CT2,55232,CT2,10/27/2014,,Yes
GA,13,,13103,Effingham,3711211,GADNR,10300003,Georgia Power Company,Ga Power Co Plt McIntosh,Unit,36851513,EPACAMD,6124CAMDUNITCT5,6124;CT5,6124,CT5,10/7/2014,,Yes
GA,13,,13077,Coweta,3703111,GADNR,7700001,Georgia Power Company,Ga Power Company - Plant Yates,Unit,36868213,EPACAMD,728CAMDUNITY7BR,728;Y7BR,728,Y7BR,8/8/2011,,Yes
GA,13,,13077,Coweta,3703111,GADNR,7700001,Georgia Power Company,Ga Power Company - Plant Yates,Unit,36868513,EPACAMD,728CAMDUNITY6BR,728;Y6BR,728,Y6BR,8/8/2011,,Yes
GA,13,,13067,Cobb,3699211,GADNR,6700003,Georgia Power Company,Ga Power Company - Plant McDonough/Atkinson,Unit,36889713,EPACAMD,710CAMDUNIT3BB,710;3BB,710,3BB,10/8/2014,,Yes
GA,13,,13067,Cobb,3699211,GADNR,6700003,Georgia Power Company,Ga Power Company - Plant McDonough/Atkinson,Unit,105654513,EPACAMD,710CAMDUNIT5A,710;5A,710,5A,10/8/2014,,Yes
GA,13,,13067,Cobb,3699211,GADNR,6700003,Georgia Power Company,Ga Power Company - Plant McDonough/Atkinson,Unit,36890213,EPACAMD,710CAMDUNIT3AA,710;3AA,710,3AA,10/8/2014,,Yes
GA,13,,13051,Chatham,3677911,GADNR,5100006,Georgia Power Company,Ga Power Company - Plant Kraft,Unit,36921013,EPACAMD,733CAMDUNIT2,733;2,733,2,8/8/2011,,Yes
FL,12,,12103,Pinellas,2744511,FLDEP,1030013,Bayboro,"DUKE ENERGY FLORIDA, LLC",Unit,41361413,EPACAMD,627CAMDUNIT2B,627;2B,627,2B,10/10/2014,12/31/2049,Yes
WA,53,,53041,Lewis,9091111,WASWCAA,1900,PacifiCorp,PacifiCorp - Chehalis Generation Facility,Unit,55096713,EPACAMD,55662CAMDUNITCT2,55662;CT2,55662,CT2,7/21/2012,,Yes
WA,53,,53039,Klickitat,9091411,WAECY,62,,Goldendale Generating Station,Unit,55096213,EPACAMD,55482CAMDUNITCT-1,55482;CT-1,55482,CT-1,10/9/2014,,Yes
OH,39,,39087,Lawrence,9279711,OHEPA,744000150,,"Hanging Rock Power Company, LLC (0744000150)",Unit,55248613,EPACAMD,55736CAMDUNITCTG2,55736;CTG2,55736,CTG2,8/8/2011,,Yes
OH,39,,39087,Lawrence,9279711,OHEPA,744000150,,"Hanging Rock Power Company, LLC (0744000150)",Unit,55248513,EPACAMD,55736CAMDUNITCTG1,55736;CTG1,55736,CTG1,8/8/2011,,Yes
OH,39,,39087,Lawrence,9279711,OHEPA,744000150,,"Hanging Rock Power Company, LLC (0744000150)",Unit,55250113,EPACAMD,55736CAMDUNITCTG3,55736;CTG3,55736,CTG3,8/8/2011,,Yes
PA,42,,42021,Cambria,21251711,PADEP,420210001,CPV FAIRVIEW LLC,CPV FAIRVIEW LLC/FAIRVIEW ENERGY CTR,Unit,154932713,EPACAMD,60589CAMDUNITCT-1,60589;CT-1,60589,CT-1,6/29/2022,,Yes
MI,26,,26115,Monroe,7285811,MIDEQ,B2846,Consumers Energy Company,J.R. WHITING CO,Unit,8570413,EPACAMD,1723CAMDUNIT1,1723;1,1723,1,8/8/2011,,Yes
LA,22,,22079,Rapides,7446811,LADEQ08,2922,CLECO Power LLC,CLECO Power LLC - Brame Energy Center,Unit,89630713,EPACAMD,6190CAMDUNIT3-2,6190;3-2,6190,2-Mar,3/21/2013,,Yes
NY,36,,36103,Suffolk,8452511,NYDEC,1472200108,NATIONAL GRID GENERATION LLC,WADING RIVER GT FACILITY,Unit,575513,EPACAMD,7146CAMDUNITUGT009,7146;UGT009,7146,UGT009,9/23/2011,,Yes
NY,36,,36103,Suffolk,8452511,NYDEC,1472200108,NATIONAL GRID GENERATION LLC,WADING RIVER GT FACILITY,Unit,575113,EPACAMD,7146CAMDUNITUGT008,7146;UGT008,7146,UGT008,9/23/2011,,Yes
NY,36,,36103,Suffolk,8452411,NYDEC,1472200105,NATIONAL GRID GENERATION LLC,HOLTSVILLE GT FACILITY,Unit,126778313,EPACAMD,8007CAMDUNITU00005,8007;U00005,8007,U00005,5/1/2018,12/31/2049,No
NY,36,,36103,Suffolk,8452411,NYDEC,1472200105,NATIONAL GRID GENERATION LLC,HOLTSVILLE GT FACILITY,Unit,126778313,EPACAMD,8007CAMDUNITU00015,8007;U00015,8007,U00015,5/1/2018,12/31/2049,No
NY,36,,36103,Suffolk,8452411,NYDEC,1472200105,NATIONAL GRID GENERATION LLC,HOLTSVILLE GT FACILITY,Unit,126778313,EPACAMD,8007CAMDUNITU00017,8007;U00017,8007,U00017,5/1/2018,12/31/2049,No
NY,36,,36103,Suffolk,8452411,NYDEC,1472200105,NATIONAL GRID GENERATION LLC,HOLTSVILLE GT FACILITY,Unit,126778313,EPACAMD,8007CAMDUNITU00016,8007;U00016,8007,U00016,5/1/2018,12/31/2049,No
NY,36,,36103,Suffolk,8452411,NYDEC,1472200105,NATIONAL GRID GENERATION LLC,HOLTSVILLE GT FACILITY,Unit,126778313,EPACAMD,8007CAMDUNITU00006,8007;U00006,8007,U00006,5/1/2018,12/31/2049,No
OK,40,,40017,Canadian,8350811,OKDEQ,1205,OG AND E,MUSTANG ENERGY CENTER,Unit,908413,EPACAMD,2953CAMDUNIT1,2953;1,2953,1,4/2/2014,,Yes
OK,40,,40017,Canadian,8350811,OKDEQ,1205,OG AND E,MUSTANG ENERGY CENTER,Unit,128563813,EPACAMD,2953CAMDUNITT10,2953;T10,2953,T10,1/25/2021,,Yes
OK,40,,40083,Logan,8350311,OKDEQ,4001,EVERGY INC,SPRING CREEK ENERGY CENTER,Unit,910413,EPACAMD,55651CAMDUNITCT-01,55651;CT-01,55651,CT-01,4/2/2014,,Yes
NC,37,,37191,Wayne,7265811,NCDAQ,3719100017,"Duke Energy Progress, LLC","Duke Energy Progress, LLC - H.F. Lee Steam Electric Plant",Unit,109331013,EPACAMD,2709CAMDUNIT01C,2709;01C,2709,01C,7/15/2015,,Yes
WI,55,,55025,Dane,7467711,WIDNR,113016200,,MADISON GAS & ELEC FITCHBURG GENERATING STAT,Unit,11325013,EPACAMD,3991CAMDUNIT1,3991;1,3991,1,10/6/2014,,Yes
WI,55,,55025,Dane,7467711,WIDNR,113016200,,MADISON GAS & ELEC FITCHBURG GENERATING STAT,Unit,11325113,EPACAMD,3991CAMDUNIT2,3991;2,3991,2,10/6/2014,,Yes
VA,51,,51191,Washington,7707611,VADEQ,11348,"Wolf Hills Energy, LLC",Wolf Hills Energy LLC,Unit,11344813,EPACAMD,55285CAMDUNITWH09,55285;WH09,55285,WH09,8/23/2014,12/31/2049,Yes
VA,51,,51191,Washington,7707611,VADEQ,11348,"Wolf Hills Energy, LLC",Wolf Hills Energy LLC,Unit,11344513,EPACAMD,55285CAMDUNITWH04,55285;WH04,55285,WH04,8/23/2014,12/31/2049,Yes
NJ,34,,34001,Atlantic,7514511,NJDEP,70525,Conectiv Atlantic Generation LLC,Missouri Energy Center,Unit,11142613,EPACAMD,2383CAMDUNIT010001,2383;010001,2383,10001,11/6/2014,,Yes
NY,36,,36081,Queens,12681711,NYDEC,2630100191,ASTORIA GAS TURBINE POWER LLC,ASTORIA GAS TURBINE POWER,Unit,64122513,EPACAMD,55243CAMDUNITCT3-2B,55243;CT3-2B,55243,CT3-2B,8/15/2014,12/31/2049,Yes
NY,36,,36081,Queens,12681711,NYDEC,2630100191,ASTORIA GAS TURBINE POWER LLC,ASTORIA GAS TURBINE POWER,Unit,64122513,EPACAMD,55243CAMDUNITCT4-1B,55243;CT4-1B,55243,CT4-1B,8/15/2014,12/31/2049,Yes
NY,36,,36081,Queens,12681711,NYDEC,2630100191,ASTORIA GAS TURBINE POWER LLC,ASTORIA GAS TURBINE POWER,Unit,64122513,EPACAMD,55243CAMDUNITCT4-2A,55243;CT4-2A,55243,CT4-2A,8/15/2014,12/31/2049,Yes
NY,36,,36081,Queens,12681711,NYDEC,2630100191,ASTORIA GAS TURBINE POWER LLC,ASTORIA GAS TURBINE POWER,Unit,64122513,EPACAMD,55243CAMDUNITCT0011,55243;CT0011,55243,CT0011,8/15/2014,12/31/2049,Yes
TX,48,,48221,Hood,6153011,TXCEQ,1,LUMINANT GENERATION COMPANY LLC,DECORDOVA STEAM ELECTRIC STATION,Unit,16225913,EPACAMD,8063CAMDUNITCT4,8063;CT4,8063,CT4,8/8/2011,,Yes
VA,51,,51025,Brunswick,17646111,VADEQ,52404,Dominion,Dominion - Brunswick,Unit,122170013,EPACAMD,58260CAMDUNIT1A,58260;1A,58260,1A,4/25/2017,,Yes
NC,37,,37007,Anson,15613711,NCDAQ,3700700032,"Duke Energy Progress, LLC","Duke Energy Progress, LLC - Blewett",Unit,98739413,EPACAMD,2707CAMDUNIT4,2707;4,2707,4,10/23/2014,,Yes
NE,31,,31055,Douglas,6732511,NEOPWD,3,Omaha Public Power District,Omaha Public Power District - Jones Street Power Station,Unit,105527613,EPACAMD,2290CAMDUNIT1,2290;1,2290,1,5/30/2017,,Yes
NJ,34,,34023,Middlesex,6719711,NJDEP,18072,North Jersey Energy Associates LP,SAYREVILLE POWER LP,Unit,12842713,EPACAMD,10308CAMDUNIT1001,10308;1001,10308,1001,8/8/2011,,Yes
NJ,34,,34023,Middlesex,6719511,NJDEP,18061,EFS Parlin Holdings LLC,"EFS Parlin Holdings, LLC",Unit,12843913,EPACAMD,50799CAMDUNIT003001,50799;003001,50799,3001,10/7/2014,12/31/2049,Yes
WI,55,,55105,Rock,6877711,WIDNR,154003740,Alliant Energy,WPL - ROCK RIVER GENERATING STATION,Unit,12967913,EPACAMD,4057CAMDUNITCT3,4057;CT3,4057,CT3,4/19/2014,,Yes
IL,17,,17121,Marion,9701511,ILEPA,121803AAA,,Kinmundy Power Plant,Unit,105901513,EPACAMD,55204CAMDUNITKCTG2,55204;KCTG2,55204,KCTG2,10/9/2014,,Yes
IL,17,,17121,Marion,9701511,ILEPA,121803AAA,,Kinmundy Power Plant,Unit,53871313,EPACAMD,55204CAMDUNITKCTG1,55204;KCTG1,55204,KCTG1,10/9/2014,,Yes
WI,55,,55043,Grant,6748911,WIDNR,122014530,Wisconsin Power & Light Company,WPL - NELSON DEWEY GENERATING STATION,Unit,13165013,EPACAMD,4054CAMDUNIT1,4054;1,4054,1,8/8/2011,,Yes
WI,55,,55039,Fond du Lac,6746711,WIDNR,420101660,Wisconsin Power & Light Company,WPL - SOUTH FOND DU LAC COMBUSTION TURBINE SITE,Unit,13172013,EPACAMD,7203CAMDUNIT**CT3,7203;**CT3,7203,**CT3,10/5/2014,,Yes
WI,55,,55039,Fond du Lac,6746711,WIDNR,420101660,Wisconsin Power & Light Company,WPL - SOUTH FOND DU LAC COMBUSTION TURBINE SITE,Unit,13171913,EPACAMD,7203CAMDUNIT**CT4,7203;**CT4,7203,**CT4,10/5/2014,,Yes
VA,51,,51510,Alexandria city,6922811,VADEQ,70228,GenOn Potomac River Limited Liability Corp,GenOn Potomac River Limited Liability Corp,Unit,13210313,EPACAMD,3788CAMDUNIT3,3788;3,3788,3,8/8/2011,,Yes
NY,36,,36013,Chautauqua,7805611,NYDEC,9060300021,DUNKIRK POWER LLC,DUNKIRK STEAM GENERATING STATION,Unit,2860913,EPACAMD,2554CAMDUNIT4,2554;4,2554,4,8/14/2014,12/31/2049,Yes
CO,8,,8073,Lincoln,7785911,CODPHE,CO0000000807300036,"Tri-State G & T Association, Inc.",TRI-STATE GENERATION & TRANS - LIMON,Unit,2873913,EPACAMD,55504CAMDUNITL1,55504;L1,55504,L1,10/9/2014,,Yes
AZ,4,,4013,Maricopa,10704311,AZMCAQD,1522,Mesquite Power LLC,Mesquite Generating Station,Unit,58713713,EPACAMD,55481CAMDUNIT6,55481;6,55481,6,8/8/2011,,Yes
AZ,4,,4013,Maricopa,10704411,AZMCAQD,1759,Salt River Project,Gila River Power Station,Unit,58714613,EPACAMD,55306CAMDUNIT2CTGA,55306;2CTGA,55306,2CTGA,8/8/2011,,Yes
IN,18,,18093,Lawrence,10714911,INDEM,28,Na,Lawrence  Generating Station,Unit,58599013,EPACAMD,7948CAMDUNIT4,7948;4,7948,4,9/23/2011,,Yes
IN,18,,18093,Lawrence,10714911,INDEM,28,Na,Lawrence  Generating Station,Unit,58599113,EPACAMD,7948CAMDUNIT5,7948;5,7948,5,9/23/2011,,Yes
IN,18,,18093,Lawrence,10714911,INDEM,28,Na,Lawrence  Generating Station,Unit,58598813,EPACAMD,7948CAMDUNIT2,7948;2,7948,2,9/23/2011,,Yes
IN,18,,18029,Dearborn,10715711,INDEM,33,Na,Lawrenceberg Power LLC,Unit,58635913,EPACAMD,55502CAMDUNIT3,55502;3,55502,3,5/22/2013,,Yes
MI,26,,26163,Wayne,7778711,MIDEQ,N6631,CMS Energy Corp.,DEARBORN INDUSTRIAL GENERATION,Unit,3631413,EPACAMD,55088CAMDUNITBL2100,55088;BL2100,55088,BL2100,7/22/2012,,Yes
MI,26,,26103,Marquette,7778411,MIDEQ,B4261,Wisconsin Electric Power Company,WISCONSIN ELECTRIC POWER COMPANY,Unit,3632613,EPACAMD,1769CAMDUNIT5,1769;5,1769,5,8/8/2011,,Yes
NY,36,,36047,Kings,8039511,NYDEC,2610200086,ASTORIA GENERATING COMPANY LP,NARROWS GENERATING STATION,Unit,3677313,EPACAMD,2499CAMDUNITCT01-6,2499;CT01-6,2499,CT01-6,10/15/2014,12/31/2049,Yes
NY,36,,36047,Kings,8039511,NYDEC,2610200086,ASTORIA GENERATING COMPANY LP,NARROWS GENERATING STATION,Unit,3677313,EPACAMD,2499CAMDUNITCT01-8,2499;CT01-8,2499,CT01-8,10/15/2014,12/31/2049,Yes
OH,39,,39031,Coshocton,8010811,OHEPA,616000000,AEP Generation Resources,Conesville Power Plant (0616000000),Unit,4031713,EPACAMD,2840CAMDUNIT3,2840;3,2840,3,8/8/2011,,Yes
OH,39,,39031,Coshocton,8010811,OHEPA,616000000,AEP Generation Resources,Conesville Power Plant (0616000000),Unit,4031113,EPACAMD,2840CAMDUNIT4,2840;4,2840,4,8/8/2011,,Yes
NM,35,,35023,Hidalgo,7994311,NMED,560,Public Service Company of New Mexico (PNM),Lordsburg Generating Station,Unit,82504913,EPACAMD,7967CAMDUNIT2,7967;2,7967,2,8/20/2012,,Yes
IN,18,,18109,Morgan,8225111,INDEM,4,Na,IPL Eagle Valley Generating Station,Unit,4234513,EPACAMD,991CAMDUNIT1,991;1,991,1,9/23/2011,,Yes
VA,51,,51670,Hopewell city,6633911,VADEQ,50950,James River Cogeneration Company,James River Cogeneration Company,Unit,58457513,EPACAMD,10377CAMDUNITBLR01B,10377;BLR01B,10377,BLR01B,8/14/2014,12/31/2049,Yes
VA,51,,51085,Hanover,6631811,VADEQ,51018,Doswell Limited Partnership,Doswell Limited Partnership Doswell Energy Center,Unit,17175713,EPACAMD,52019CAMDUNIT502,52019;502,52019,502,8/8/2011,,Yes
VA,51,,51065,Fluvanna,6631311,VADEQ,40199,Dominion - Bremo Power Station,Dominion - Bremo Power Station,Unit,17179313,EPACAMD,3796CAMDUNIT4,3796;4,3796,4,8/8/2011,,Yes
TX,48,,48201,Harris,6616311,TXCEQ,282,AIR PRODUCTS LLC,LA PORTE FACILITY,Unit,17206613,EPACAMD,55365CAMDUNITGT-3,55365;GT-3,55365,GT-3,10/29/2014,,Yes
NC,37,,37071,Gaston,8137511,NCDAQ,3707100039,"Duke Energy Carolinas, LLC","Duke Energy Carolinas, LLC - Allen Steam Station",Unit,4669913,EPACAMD,2718CAMDUNIT2,2718;2,2718,2,8/8/2011,12/31/2014,Yes
NC,37,,37065,Edgecombe,8124311,NCDAQ,3706500146,"Edgecombe Genco, LLC",Edgecombe Power Station,Unit,4679213,EPACAMD,10384CAMDUNITBLR02B,10384;BLR02B,10384,BLR02B,4/29/2012,12/31/2049,Yes
NC,37,,37017,Bladen,8121911,NCDAQ,3701700043,"East Carolina Energy Investments, LLC","North Carolina Renewable Power - Elizabethtown, LLC",Unit,4704313,EPACAMD,10380CAMDUNITUNIT2,10380;UNIT2,10380,UNIT2,7/28/2014,12/31/2049,Yes
NY,36,,36047,Kings,8105011,NYDEC,2610100185,BROOKLYN NAVY YARD COGENERATION PARTNERS,BROOKLYN NAVY YARD COGENERATION PLANT,Unit,4819713,EPACAMD,54914CAMDUNIT2,54914;2,54914,2,8/17/2014,,Yes
UT,49,,49053,Washington,6987011,UTDAQ,10892,St. George City Power,"St. George City Power Red Rock, Millcreek and Bloomington Power Generation Sta",Unit,105550213,EPACAMD,56253CAMDUNITMC-2,56253;MC-2,56253,MC-2,9/21/2020,,Yes
MS,28,,28059,Jackson,6970611,MSDEQ,2805900048,AI012237,"MISSISSIPPI POWER COMPANY, CHEVRON COGEN",Unit,13971413,EPACAMD,2047CAMDUNIT5,2047;5,2047,5,8/8/2011,,Yes
,,"Ute Indian Tribe of the Uintah & Ouray Reservation, Utah",88687,,6281811,,,Deseret Generation & Transmission,Bonanza,Unit,15501913,EPACAMD,7790CAMDUNIT1-1,7790;1-1,7790,1-Jan,8/8/2011,,Yes
WI,55,,55025,Dane,9018111,WIDNR,113151500,,MG&E WEST CAMPUS COGENERATION FTY,Unit,54742913,EPACAMD,7991CAMDUNITU1,7991;U1,7991,U1,12/17/2018,,Yes
WI,55,,55105,Rock,9018711,WIDNR,154099880,,WPL - RIVERSIDE ENERGY CENTER,Unit,137299113,EPACAMD,55641CAMDUNITCT-03,55641;CT-03,55641,CT-03,5/25/2022,,Yes
OH,39,,39081,Jefferson,8115711,OHEPA,641050002,Ohio Power Company,Cardinal Power Plant (Cardinal Operating Company) (0641050002),Unit,6045913,EPACAMD,2828CAMDUNIT2,2828;2,2828,2,8/8/2011,,Yes
IL,17,,17179,Tazewell,8065311,ILEPA,179060ACR,,Alto Pekin LLC,Unit,6299413,EPACAMD,880086CAMDUNITUNITC,880086;UNITC,880086,UNITC,4/21/2017,,Yes
TN,47,,47037,Davidson,6516311,NDC_MPHD,4703700002,,E I  Dupont De Nemours & Co Inc (CLOSED),Unit,18571713,EPACAMD,10797CAMDUNITOP1,10797;OP1,10797,OP1,8/8/2011,,Yes
TX,48,,48167,Galveston,9132111,TXCEQ,147,SOUTH HOUSTON GREEN POWER LLC,SOUTH HOUSTON GREEN POWER SITE,Unit,57493413,EPACAMD,55470CAMDUNITEPN803,55470;EPN803,55470,EPN803,8/8/2011,,Yes
MN,27,,27099,Mower,7002411,MNPCA,2709900001,Southern Minnesota Municipal Power,Austin Utilities - NE Power Station,Unit,14231213,EPACAMD,1961CAMDUNITNEPP,1961;NEPP,1961,NEPP,8/8/2011,,Yes
NY,36,,36063,Niagara,7417511,NYDEC,9292600016,LOCKPORT ENERGY ASSOCIATES LP,LOCKPORT COGENERATION FACILITY,Unit,7977913,EPACAMD,54041CAMDUNIT011854,54041;011854,54041,11854,10/12/2014,12/31/2049,Yes
WV,54,,54033,Harrison,6271711,WVDAQ,15,MONONGAHELA POWER CO. - HARRISON,MONONGAHELA POWER CO. - HARRISON,Unit,71923313,EPACAMD,3944CAMDUNIT2,3944;2,3944,2,8/8/2011,,Yes
OH,39,,39167,Washington,9212911,OHEPA,684000213,AEP Generation Resources,Waterford Plant (0684000213),Unit,55703913,EPACAMD,55503CAMDUNIT1,55503;1,55503,1,5/22/2013,,Yes
OH,39,,39163,Vinton,9216611,OHEPA,682000057,,"Rolling Hills Generating, LLC (0682000057)",Unit,55695813,EPACAMD,55401CAMDUNITCT-5,55401;CT-5,55401,CT-5,8/17/2014,,Yes
OH,39,,39161,Van Wert,9216911,OHEPA,381000043,,Robert P. Mone Plant (0381000043),Unit,55667913,EPACAMD,7872CAMDUNIT2,7872;2,7872,2,9/23/2011,,Yes
OK,40,,40109,Oklahoma,9219711,OKDEQ,4240,OG AND E,REDBUD POWER PLANT,Unit,57748613,EPACAMD,55463CAMDUNITCT-04,55463;CT-04,55463,CT-04,8/8/2011,,Yes
OK,40,,40109,Oklahoma,9219711,OKDEQ,4240,OG AND E,REDBUD POWER PLANT,Unit,57748313,EPACAMD,55463CAMDUNITCT-01,55463;CT-01,55463,CT-01,8/8/2011,,Yes
OR,41,,41035,Klamath,9223711,ORDEQ,18-0003,Klamath Energy LLC,Klamath Cogeneration Proj,Unit,118464113,EPACAMD,55544CAMDUNITGT3,55544;GT3,55544,GT3,12/30/2049,12/31/2049,No
NJ,34,,34023,Middlesex,7620911,NJDEP,17824,PSEG Fossil LLC,PSEG FOSSIL LLC EDISON GENERATING STATION,Unit,11841213,EPACAMD,2400CAMDUNIT5001,2400;5001,2400,5001,8/25/2014,12/31/2049,Yes
NJ,34,,34023,Middlesex,7620811,NJDEP,17823,Reliant Energy New Jersey Holdings,Werner Generating Station,Unit,11841913,EPACAMD,2385CAMDUNIT009001,2385;009001,2385,9001,8/17/2014,,Yes
NJ,34,,34017,Hudson,7591411,NJDEP,12202,PSEG LLC,Hudson Generating Station,Unit,11870913,EPACAMD,2403CAMDUNIT2,2403;2,2403,2,8/8/2011,,Yes
NJ,34,,34017,Hudson,7591211,NJDEP,12174,Bayonne Plant Holding LLC,"Bayonne Plant Holding, L.L.C.",Unit,11873313,EPACAMD,50497CAMDUNIT002001,50497;002001,50497,2001,10/15/2014,,Yes
UT,49,,49035,Salt Lake,7559311,UTDAQ,10355,Pacificorp Energy,Pacificorp Energy- Gadsby Power Plant,Unit,11941613,EPACAMD,3648CAMDUNIT6,3648;6,3648,6,9/23/2011,,Yes
GA,13,,13207,Monroe,8354711,GADNR,20700008,,Ga Power Company - Plant Scherer,Unit,419913,EPACAMD,6257CAMDUNIT4,6257;4,6257,4,8/8/2011,,Yes
GA,13,,13207,Monroe,8354711,GADNR,20700008,,Ga Power Company - Plant Scherer,Unit,420213,EPACAMD,6257CAMDUNIT3,6257;3,6257,3,8/8/2011,,Yes
OH,39,,39095,Lucas,8302011,OHEPA,448020006,FirstEnergy Generation Corporation,"Walleye Power, LLC, Bay Shore Plant (0448020006)",Unit,444713,EPACAMD,2878CAMDUNIT4,2878;4,2878,4,8/8/2011,,Yes
NC,37,,37161,Rutherford,8300611,NCDAQ,3716100028,"Duke Energy Carolinas, LLC","Duke Energy Carolinas, LLC - Cliffside Steam Station",Unit,452013,EPACAMD,2721CAMDUNIT4,2721;4,2721,4,8/8/2011,,Yes
OH,39,,39025,Clermont,8294411,OHEPA,1413100008,"Duke Energy Ohio, Inc",New Richmond Development Corp LLC (1413100008),Unit,1538613,EPACAMD,2830CAMDUNIT5,2830;5,2830,5,8/8/2011,,Yes
OH,39,,39025,Clermont,8294311,OHEPA,1413090154,Columbus Southern Power Company and DP&L,Zimmer Power Company LLC (1413090154),Unit,1539913,EPACAMD,6019CAMDUNITA,6019;A,6019,A,12/6/2014,,Yes
NC,37,,37129,New Hanover,8547211,NCDAQ,3712900036,"Duke Energy Progress, LLC","Duke Energy Progress, LLC - L.V. Sutton Electric Plant",Unit,1553813,EPACAMD,2713CAMDUNIT2A,2713;2A,2713,2A,11/6/2014,,Yes
MI,26,,26075,Jackson,5695811,MIDEQ,N6626,Consumers Energy Company,Consumers Energy Co. - Jackson Generating Station,Unit,22025013,EPACAMD,55270CAMDUNITLM4,55270;LM4,55270,LM4,8/21/2014,12/31/2049,Yes
TX,48,,48355,Nueces,5611911,TXCEQ,47,BARNEY DAVIS LLC,BARNEY DAVIS ENERGY CENTER,Unit,22181613,EPACAMD,4939CAMDUNIT2,4939;2,4939,2,8/8/2011,,Yes
TX,48,,48355,Nueces,5611911,TXCEQ,47,BARNEY DAVIS LLC,BARNEY DAVIS ENERGY CENTER,Unit,90278713,EPACAMD,4939CAMDUNIT4,4939;4,4939,4,5/22/2013,,Yes
TX,48,,48355,Nueces,5611911,TXCEQ,47,BARNEY DAVIS LLC,BARNEY DAVIS ENERGY CENTER,Unit,90278613,EPACAMD,4939CAMDUNIT3,4939;3,4939,3,5/22/2013,,Yes
TN,47,,47165,Sumner,5610411,TNDEC,83-0025,TVA GALLATIN FOSSIL PLANT,TVA - Gallatin Fossil Plant,Unit,22206313,EPACAMD,3403CAMDUNIT4,3403;4,3403,4,8/8/2011,,Yes
TX,48,,48469,Victoria,5863011,TXCEQ,9,SOUTH TEXAS ELECTRIC COOPERATIVE INC,SOUTH TEXAS ELECTRIC COOP,Unit,71566013,EPACAMD,3631CAMDUNITCT8,3631;CT8,3631,CT8,10/12/2014,,Yes
TX,48,,48085,Collin,5860711,TXCEQ,15,CITY OF GARLAND POWER & LIGHT,RAY OLINGER PLANT,Unit,22303913,EPACAMD,3576CAMDUNITBW2,3576;BW2,3576,BW2,8/8/2011,,Yes
TX,48,,48071,Chambers,5847411,TXCEQ,3,NRG TEXAS POWER LLC,CEDAR BAYOU GEN STATION,Unit,22332113,EPACAMD,3460CAMDUNITCBY1,3460;CBY1,3460,CBY1,8/8/2011,,Yes
TX,48,,48071,Chambers,5847411,TXCEQ,3,NRG TEXAS POWER LLC,CEDAR BAYOU GEN STATION,Unit,70141213,EPACAMD,56806CAMDUNITCBY42,56806;CBY42,56806,CBY42,11/6/2014,,Yes
MA,25,,25013,Hampden,6028411,MADEP,420117,ESSENTIAL POWER MASSACHUSETTS LLC,ESSENTIAL POWER MASSACHUSETTS LLC,Unit,87696413,EPACAMD,1642CAMDUNITCTG1,1642;CTG1,1642,CTG1,10/1/2014,,Yes
KY,21,,21223,Trimble,5742811,KYDAQ,2122300002,Louisville Gas And Electric Company,Louisville Gas & Electric Co - Trimble Co Generating Station,Unit,22616013,EPACAMD,6071CAMDUNIT7,6071;7,6071,7,7/22/2012,,Yes
KY,21,,21223,Trimble,5742811,KYDAQ,2122300002,Louisville Gas And Electric Company,Louisville Gas & Electric Co - Trimble Co Generating Station,Unit,22616213,EPACAMD,6071CAMDUNIT5,6071;5,6071,5,8/8/2011,,Yes
KY,21,,21223,Trimble,5742811,KYDAQ,2122300002,Louisville Gas And Electric Company,Louisville Gas & Electric Co - Trimble Co Generating Station,Unit,86766713,EPACAMD,6071CAMDUNIT2,6071;2,6071,2,3/18/2013,,Yes
KS,20,,20149,Pottawatomie,5406811,KSDOHE,1,"Evergy, Inc.",Evergy - Jeffrey,Unit,27604913,EPACAMD,6068CAMDUNIT2,6068;2,6068,2,8/8/2011,,Yes
MA,25,,25009,Essex,5090811,MADEP,1190194,FOOTPRINT POWER SALEM HARBOR OPERATIONS LLC,SALEM HARBOR STATION,Unit,87668913,EPACAMD,1626CAMDUNIT2,1626;2,1626,2,8/8/2011,,Yes
IL,17,,17183,Vermilion,5553011,ILEPA,183090AAE,"Dynegy Midwest Generation, Inc",Tilton Energy Center,Unit,26964713,EPACAMD,7760CAMDUNIT1,7760;1,7760,1,9/23/2011,,Yes
IA,19,,19041,Clay,5509511,IADNR,21-01-003,CORN BELT POWER COOPERATIVE,CORN BELT POWER - WISDOM GENERATING STATION,Unit,27280613,EPACAMD,1217CAMDUNIT1,1217;1,1217,1,8/8/2011,,Yes
FL,12,,12049,Hardee,4390111,FLDEP,490340,"Seminole Electric Cooperative, Inc.","SEMINOLE ELECTRIC COOPERATIVE, INC.",Unit,36250013,EPACAMD,7380CAMDUNIT1,7380;1,7380,1,8/8/2011,,Yes
FL,12,,12049,Hardee,4390111,FLDEP,490340,"Seminole Electric Cooperative, Inc.","SEMINOLE ELECTRIC COOPERATIVE, INC.",Unit,67290413,EPACAMD,7380CAMDUNIT7B,7380;7B,7380,7B,9/24/2014,12/31/2049,Yes
PA,42,,42109,Snyder,4737311,PADEP,421090002,SUNBURY GENERATION LP,SUNBURY GENERATION LP/SUNBURY SES,Unit,27901913,EPACAMD,3152CAMDUNIT4,3152;4,3152,4,8/8/2011,,Yes
CO,8,,8101,Pueblo,4367811,CODPHE,CO0000000810100003,Public Service Company Of Colorado,PUBLIC SERVICE CO - COMANCHE PLT,Unit,36421413,EPACAMD,470CAMDUNIT2,470;2,470,2,8/8/2011,,Yes
GA,13,,13147,Hart,2612411,GADNR,14700021,,Hartwell Energy Facility,Unit,97989213,EPACAMD,70454CAMDUNITMAG2,70454;MAG2,70454,MAG2,8/14/2014,,Yes
OK,40,,40121,Pittsburg,1024211,OKDEQ,4258,KIOWA POWER PARTNERS LLC,TENASKA KIAMICHI GENERATING STATION,Unit,72371913,EPACAMD,55501CAMDUNITCTGDB3,55501;CTGDB3,55501,CTGDB3,8/8/2011,,Yes
PA,42,,42001,Adams,4713111,PADEP,420010122,NRG WHOLESALE GENERATION LP,KESTREL ACQUISITION LLC/HUNTERSTOWN PLT,Unit,67433513,EPACAMD,55976CAMDUNITCT201,55976;CT201,55976,CT201,7/16/2014,,Yes
GA,13,,13015,Bartow,2813011,GADNR,1500011,Georgia Power Company,Ga Power Company - Plant Bowen,Unit,40819013,EPACAMD,703CAMDUNIT4BLR,703;4BLR,703,4BLR,8/8/2011,,Yes
IL,17,,17051,Fayette,2670611,ILEPA,051808AAK,"Southwestern Electric Cooperative, Inc",Freedom Power Station,Unit,41043513,EPACAMD,7842CAMDUNITCT1,7842;CT1,7842,CT1,9/23/2011,,Yes
FL,12,,12027,DeSoto,901411,FLDEP,270016,Desoto County Generating Company LLC,"DESOTO COUNTY GENERATING COMPANY, LLC",Unit,46573713,EPACAMD,55422CAMDUNITCT2,55422;CT2,55422,CT2,10/8/2014,,Yes
FL,12,,12057,Hillsborough,901211,FLDEP,570040,Tampa Electric Company,TAMPA ELECTRIC COMPANY,Unit,67262613,EPACAMD,7873CAMDUNITCT4A,7873;CT4A,7873,CT4A,8/16/2014,,Yes
FL,12,,12057,Hillsborough,901211,FLDEP,570040,Tampa Electric Company,TAMPA ELECTRIC COMPANY,Unit,67262113,EPACAMD,7873CAMDUNITCT2B,7873;CT2B,7873,CT2B,8/8/2011,,Yes
FL,12,,12057,Hillsborough,901211,FLDEP,570040,Tampa Electric Company,TAMPA ELECTRIC COMPANY,Unit,67262813,EPACAMD,7873CAMDUNITCT5A,7873;CT5A,7873,CT5A,8/16/2014,,Yes
IL,17,,17197,Will,4590011,ILEPA,197811AAH,Lincoln Generating Facility LLC,Lincoln Generating Facility,Unit,28414513,EPACAMD,55222CAMDUNITCTG-6,55222;CTG-6,55222,CTG-6,9/23/2011,,Yes
IL,17,,17145,Perry,4533911,ILEPA,145842AAA,Union Electric Company,Pinckneyville Power Plant,Unit,60256313,EPACAMD,55202CAMDUNITCT02,55202;CT02,55202,CT02,9/23/2011,,Yes
IL,17,,17145,Perry,4533911,ILEPA,145842AAA,Union Electric Company,Pinckneyville Power Plant,Unit,60257013,EPACAMD,55202CAMDUNITCT03,55202;CT03,55202,CT03,9/23/2011,,Yes
IL,17,,17145,Perry,4533911,ILEPA,145842AAA,Union Electric Company,Pinckneyville Power Plant,Unit,60257113,EPACAMD,55202CAMDUNITCT04,55202;CT04,55202,CT04,9/23/2011,,Yes
IA,19,,19113,Linn,3940111,IADNR,57-01-040,"IES Utilities, Inc",IPL - SIXTH STREET GENERATING STATION,Unit,37607913,EPACAMD,1058CAMDUNIT3,1058;3,1058,3,8/8/2011,,Yes
IA,19,,19113,Linn,3940111,IADNR,57-01-040,"IES Utilities, Inc",IPL - SIXTH STREET GENERATING STATION,Unit,37607713,EPACAMD,1058CAMDUNIT4,1058;4,1058,4,8/8/2011,,Yes
TX,48,,48201,Harris,4926511,TXCEQ,42,NRG TEXAS POWER LLC,TH WHARTON ELECTRIC GENERATING STATION,Unit,31236713,EPACAMD,3469CAMDUNITTHW55,3469;THW55,3469,THW55,8/21/2014,,Yes
TX,48,,48201,Harris,4926511,TXCEQ,42,NRG TEXAS POWER LLC,TH WHARTON ELECTRIC GENERATING STATION,Unit,31237013,EPACAMD,3469CAMDUNITTHW42,3469;THW42,3469,THW42,8/21/2014,,Yes
PA,42,,42059,Greene,3746611,PADEP,420590006,ALLEGHENY ENERGY SUPPLY CO LLC,ALLEGHENY ENERGY SUPPLY CO/HATFIELDS FERRY POWER STA,Unit,37864713,EPACAMD,3179CAMDUNIT3,3179;3,3179,3,8/8/2011,,Yes
PA,42,,42121,Venango,4760211,PADEP,421210013,SCRUBGRASS POWER LLC,SCRUBGRASS GENERATING PLT/VENANGO,Unit,32052513,EPACAMD,50974CAMDUNIT2,50974;2,50974,2,8/8/2011,,Yes
OK,40,,40015,Caddo,1046611,OKDEQ,1699,WESTERN FARMERS ELECTRIC COOPERATIVE,WESTERN FARMERS ANADARKO PLANT,Unit,46955413,EPACAMD,3006CAMDUNIT3,3006;3,3006,3,7/22/2012,,Yes
PA,42,,42003,Allegheny,2990311,PAACHD,4200300580,ALLEGHENY ENERGY SUPPLY,ALLEGHENY ENERGY SUPPLY/SPRINGDALE,Unit,38213113,EPACAMD,55196CAMDUNIT2,55196;2,55196,2,10/4/2014,,Yes
WY,56,,56031,Platte,4207711,WYDEQ,85,Basin Electric Power Cooperative,Laramie River Station,Unit,72228413,EPACAMD,6204CAMDUNIT1,6204;1,6204,1,8/8/2011,,Yes
FL,12,,12049,Hardee,769811,FLDEP,490015,Hardee Power Partners,HARDEE POWER PARTNERS LIMITED,Unit,46276913,EPACAMD,50949CAMDUNITCT2A,50949;CT2A,50949,CT2A,8/8/2011,,Yes
DE,10,,10001,Kent,753811,DEDNR,1000100127,Clearway Energy,"ENERGY CENTER DOVER, LLC",Unit,46292313,EPACAMD,10030CAMDUNIT3,10030;3,10030,3,9/23/2011,,Yes
FL,12,,12033,Escambia,752711,FLDEP,330045,Gulf Power Company,FLORIDA POWER & LIGHT COMPANY,Unit,46305813,EPACAMD,641CAMDUNIT5,641;5,641,5,8/8/2011,,Yes
FL,12,,12105,Polk,751911,FLDEP,1050233,Tampa Electric Company,TAMPA ELECTRIC COMPANY-POLK,Unit,46314713,EPACAMD,7242CAMDUNIT**2,7242;**2,7242,**2,10/15/2014,12/31/2016,Yes
FL,12,,12105,Polk,751911,FLDEP,1050233,Tampa Electric Company,TAMPA ELECTRIC COMPANY-POLK,Unit,46314613,EPACAMD,7242CAMDUNIT**1,7242;**1,7242,**1,8/8/2011,,Yes
FL,12,,12103,Pinellas,751811,FLDEP,1030011,Progress Energy Corporation,"DUKE ENERGY FLORIDA, LLC",Unit,67282213,EPACAMD,634CAMDUNIT4B,634;4B,634,4B,8/14/2014,,Yes
FL,12,,12085,Martin,751511,FLDEP,850001,Florida Power & Light Company,FLORIDA POWER & LIGHT (PMR),Unit,46320213,EPACAMD,6043CAMDUNITHRSG3B,6043;HRSG3B,6043,HRSG3B,8/8/2011,,Yes
FL,12,,12086,Miami-Dade,717511,FLDEP,250001,Florida Power & Light Company,FLORIDA POWER & LIGHT (PCU),Unit,46336013,EPACAMD,610CAMDUNITPCU6,610;PCU6,610,PCU6,9/23/2011,,Yes
CT,9,,9007,Middlesex,715711,CTBAM,T104P0024C07741,"NRG ENERGY, INC.",MIDDLETOWN POWER LLC,Unit,99518613,EPACAMD,562CAMDUNIT13,562;13,562,13,6/11/2013,,Yes
CT,9,,9007,Middlesex,715711,CTBAM,T104P0024C07741,"NRG ENERGY, INC.",MIDDLETOWN POWER LLC,Unit,99518513,EPACAMD,562CAMDUNIT14,562;14,562,14,6/11/2013,,Yes
CT,9,,9007,Middlesex,715711,CTBAM,T104P0024C07741,"NRG ENERGY, INC.",MIDDLETOWN POWER LLC,Unit,99518713,EPACAMD,562CAMDUNIT12,562;12,562,12,6/11/2013,,Yes
CT,9,,9007,Middlesex,715711,CTBAM,T104P0024C07741,"NRG ENERGY, INC.",MIDDLETOWN POWER LLC,Unit,46360813,EPACAMD,562CAMDUNIT3,562;3,562,3,8/8/2011,,Yes
CT,9,,9007,Middlesex,715711,CTBAM,T104P0024C07741,"NRG ENERGY, INC.",MIDDLETOWN POWER LLC,Unit,46361313,EPACAMD,562CAMDUNIT10,562;10,562,10,8/8/2011,,Yes
CA,6,,6037,Los Angeles,4083411,CARB,1.91E+11,"AES REDONDO BEACH, LLC","AES REDONDO BEACH, LLC",Unit,35219113,EPACAMD,356CAMDUNIT6,356;6,356,6,5/24/2017,,Yes
CO,8,,8069,Larimer,4364011,CODPHE,CO0000000806900053,Platte River Power Authority,PLATTE RIVER POWER AUTHORITY - RAWHIDE,Unit,68758813,EPACAMD,6761CAMDUNITF,6761;F,6761,F,9/23/2011,,Yes
FL,12,,12055,Highlands,4288311,FLDEP,550003,Na,"DUKE ENERGY FLORIDA, LLC",Unit,36198913,EPACAMD,624CAMDUNITP2,624;P2,624,P2,8/8/2011,,Yes
TN,47,,47183,Weakley,3428511,TNDEC,92-0108,Tennessee Valley Authority,TVA GLEASON COMBUSTION TURBINE PLANT,Unit,38857313,EPACAMD,55251CAMDUNITCTG-2,55251;CTG-2,55251,CTG-2,10/8/2014,,Yes
ME,23,,23005,Cumberland,5823511,MEDEP,A-000388,Central Vermont Public Service Corporation,FPL ENERGY WYMAN LLC,Unit,22917713,EPACAMD,1507CAMDUNIT2,1507;2,1507,2,8/8/2011,,Yes
ME,23,,23005,Cumberland,5823511,MEDEP,A-000388,Central Vermont Public Service Corporation,FPL ENERGY WYMAN LLC,Unit,22917813,EPACAMD,1507CAMDUNIT3,1507;3,1507,3,8/8/2011,,Yes
KY,21,,21049,Clark,5163011,KYDAQ,2104900027,East Kentucky Power Cooperative,East KY Power - J K Smith Station,Unit,86750713,EPACAMD,54CAMDUNITSCT4,54;SCT4,54,SCT4,9/23/2011,,Yes
KY,21,,21049,Clark,5163011,KYDAQ,2104900027,East Kentucky Power Cooperative,East KY Power - J K Smith Station,Unit,86750413,EPACAMD,54CAMDUNITSCT5,54;SCT5,54,SCT5,9/23/2011,,Yes
MO,29,,29143,New Madrid,5363811,MODNR,4,"Associated Electric Cooperative, Inc",NEW MADRID POWER PLANT MARSTON,Unit,26290513,EPACAMD,2167CAMDUNIT1,2167;1,2167,1,8/8/2011,,Yes
KY,21,,21111,Jefferson,5702411,KYJCAPCD,126,Louisville Gas & Electric Company,"Louisville Gas & Electric Co., Cane Run Station",Unit,123580513,EPACAMD,1363CAMDUNIT7B,1363;7B,1363,7B,12/30/2049,12/31/2049,Yes
CA,6,,6053,Monterey,5684111,CARB,270715577,MOSS LANDING POWER COMPANY LLC,"DYNEGY MOSS LANDING, LLC",Unit,20546413,EPACAMD,260CAMDUNIT4A,260;4A,260,4A,8/8/2011,,Yes
CA,6,,6053,Monterey,5684111,CARB,270715577,MOSS LANDING POWER COMPANY LLC,"DYNEGY MOSS LANDING, LLC",Unit,20546913,EPACAMD,260CAMDUNIT6-1,260;6-1,260,1-Jun,8/8/2011,,Yes
CA,6,,6053,Monterey,5684111,CARB,270715577,MOSS LANDING POWER COMPANY LLC,"DYNEGY MOSS LANDING, LLC",Unit,20546613,EPACAMD,260CAMDUNIT2A,260;2A,260,2A,8/8/2011,,Yes
GA,13,,13263,Talbot,15040211,GADNR,26300013,,Talbot Energy Facility,Unit,91997313,EPACAMD,7916CAMDUNIT1,7916;1,7916,1,8/17/2014,,Yes
FL,12,,12099,Palm Beach,14654911,FLDEP,990646,FLORIDA POWER AND LIGHT COMPANY,FLORIDA POWER AND LIGHT COMPANY,Unit,89428713,EPACAMD,56407CAMDUNITWCCT3C,56407;WCCT3C,56407,WCCT3C,5/22/2013,,Yes
FL,12,,12099,Palm Beach,14654911,FLDEP,990646,FLORIDA POWER AND LIGHT COMPANY,FLORIDA POWER AND LIGHT COMPANY,Unit,89427513,EPACAMD,56407CAMDUNITWCCT1C,56407;WCCT1C,56407,WCCT1C,5/22/2013,,Yes
FL,12,,12105,Polk,552011,FLDEP,1050234,Progress Energy Florida,"DUKE ENERGY FLORIDA, LLC",Unit,67213813,EPACAMD,7302CAMDUNIT4A,7302;4A,7302,4A,8/8/2011,,Yes
FL,12,,12105,Polk,552011,FLDEP,1050234,Progress Energy Florida,"DUKE ENERGY FLORIDA, LLC",Unit,48264613,EPACAMD,7302CAMDUNIT1A,7302;1A,7302,1A,8/8/2011,,Yes
PA,42,,42081,Lycoming,18039911,PADEP,420810052,,"HAMILTON PATRIOT, LLC/HAMILTON PATRIOT GENERATION PLANT",Unit,129197613,EPACAMD,58426CAMDUNITCT1,58426;CT1,58426,CT1,12/18/2018,,Yes
TX,48,,48201,Harris,18897611,TXCEQ,2042,TEJAS POWER GENERATION LLC,UNIT 1,Unit,135218213,EPACAMD,60468CAMDUNITCT-1,60468;CT-1,60468,CT-1,4/27/2020,,Yes
VA,51,,51071,Giles,10698711,VADEQ,21418,Duke Energy Generation Services of Narrows LLC,Celanese cogen,Unit,58889913,EPACAMD,52089CAMDUNITBLR007,52089;BLR007,52089,BLR007,12/6/2003,12/31/2011,Yes
NE,31,,31025,Cass,9445711,NEDEQ,70919,Omaha Public Power District,OPPD Cass County Station,Unit,55517113,EPACAMD,55972CAMDUNITCT2,55972;CT2,55972,CT2,10/8/2014,,Yes
OH,39,,39081,Jefferson,8190811,OHEPA,641160017,FirstEnergy Generation Corporation,W. H. Sammis Plant (0641160017),Unit,4409713,EPACAMD,2866CAMDUNIT1,2866;1,2866,1,8/8/2011,,Yes
OH,39,,39081,Jefferson,8190811,OHEPA,641160017,FirstEnergy Generation Corporation,W. H. Sammis Plant (0641160017),Unit,4410213,EPACAMD,2866CAMDUNIT3,2866;3,2866,3,8/8/2011,,Yes
MI,26,,26017,Bay,8172811,MIDEQ,B2840,Consumers Energy Company,Consumers Energy D.E. Karn Facility,Unit,82867413,EPACAMD,1702CAMDUNIT3,1702;3,1702,3,8/25/2014,12/31/2049,Yes
OH,39,,39037,Darke,8257111,OHEPA,819070237,"Buckeye Power, Inc",Buckeye Power Greenville Station (0819070237),Unit,36313,EPACAMD,55228CAMDUNITG2CT2,55228;G2CT2,55228,G2CT2,10/10/2014,,Yes
OH,39,,39035,Cuyahoga,8250811,OHEPA,1318000245,Cleveland Electric Illuminating,"Cleveland Electric Illuminating Co., Lake Shore Plant (1318000245)Cleveland Elec",Unit,62513,EPACAMD,2838CAMDUNIT18,2838;18,2838,18,8/8/2011,,Yes
SC,45,,45029,Colleton,8335511,SCDHEC,0740-0002,South Carolina Electric & Gas Company,SCE&G CANADYS,Unit,90513,EPACAMD,3280CAMDUNITCAN2,3280;CAN2,3280,CAN2,8/8/2011,,Yes
SC,45,,45029,Colleton,8335511,SCDHEC,0740-0002,South Carolina Electric & Gas Company,SCE&G CANADYS,Unit,90913,EPACAMD,3280CAMDUNITCAN1,3280;CAN1,3280,CAN1,8/8/2011,,Yes
MI,26,,26121,Muskegon,7384111,MIDEQ,B2836,Consumers Energy Company,B. C. Cobb Plant,Unit,82890713,EPACAMD,1695CAMDUNIT2,1695;2,1695,2,8/24/2014,12/31/2049,Yes
MI,26,,26121,Muskegon,7384111,MIDEQ,B2836,Consumers Energy Company,B. C. Cobb Plant,Unit,82890713,EPACAMD,1695CAMDUNIT1,1695;1,1695,1,8/24/2014,12/31/2049,Yes
MI,26,,26121,Muskegon,7384111,MIDEQ,B2836,Consumers Energy Company,B. C. Cobb Plant,Unit,82890813,EPACAMD,1695CAMDUNIT5,1695;5,1695,5,8/14/2014,12/31/2049,Yes
LA,22,,22001,Acadia,7368411,LADEQ08,92706,Bayou Cove Peaking Power LLC,Bayou Cove Peaking Power LLC - Bayou Cove Peaking Power Plant,Unit,80132113,EPACAMD,55433CAMDUNITCTG-2,55433;CTG-2,55433,CTG-2,10/9/2014,,Yes
LA,22,,22001,Acadia,7368411,LADEQ08,92706,Bayou Cove Peaking Power LLC,Bayou Cove Peaking Power LLC - Bayou Cove Peaking Power Plant,Unit,80131613,EPACAMD,55433CAMDUNITCTG-1,55433;CTG-1,55433,CTG-1,10/9/2014,,Yes
KY,21,,21157,Marshall,7366911,KYDAQ,2115700009,,Evonik Corporation,Unit,73357813,EPACAMD,55308CAMDUNITB,55308;B,55308,B,8/8/2011,12/31/2011,Yes
KY,21,,21111,Jefferson,7353711,KYJCAPCD,127,Louisville Gas & Electric Company,"Louisville Gas & Electric Co., Mill Creek Station",Unit,9603613,EPACAMD,1364CAMDUNIT2,1364;2,1364,2,8/8/2011,,Yes
MS,28,,28107,Panola,6993011,MSDEQ,2810700054,AI000862,"COOPERATIVE ENERGY, A MISSISSIPPI ELECTR",Unit,14910513,EPACAMD,55063CAMDUNIT2,55063;2,55063,2,8/8/2011,,Yes
MI,26,,26137,Otsego,6335011,MIDEQ,N6526,CMS Generation Michigan Power L.L.C.,"CMS Generation, Livingston Generating Station",Unit,16380213,EPACAMD,55102CAMDUNIT2,55102;2,55102,2,8/24/2014,12/31/2049,Yes
MS,28,,28059,Jackson,6251011,MSDEQ,2805900090,AI001321,"MISSISSIPPI POWER COMPANY, PLANT VICTOR",Unit,16467213,EPACAMD,6073CAMDUNIT2,6073;2,6073,2,8/8/2011,,Yes
MS,28,,28059,Jackson,6251011,MSDEQ,2805900090,AI001321,"MISSISSIPPI POWER COMPANY, PLANT VICTOR",Unit,16467513,EPACAMD,6073CAMDUNIT4B,6073;4B,6073,4B,8/8/2011,,Yes
MA,25,,25021,Norfolk,6567311,MADEP,1190227,CALPINE CORPORATION,FORE RIVER ENERGY CENTER,Unit,87373513,EPACAMD,55317CAMDUNIT12,55317;12,55317,12,5/22/2013,,Yes
MA,25,,25021,Norfolk,6567311,MADEP,1190227,CALPINE CORPORATION,FORE RIVER ENERGY CENTER,Unit,87373313,EPACAMD,55317CAMDUNIT11,55317;11,55317,11,5/22/2013,,Yes
CA,6,,6013,Contra Costa,6530211,CARB,7130318,"GENON DELTA, LLC","GENON DELTA, LLC",Unit,19187313,EPACAMD,228CAMDUNIT10,228;10,228,10,9/23/2011,,Yes
AZ,4,,4013,Maricopa,1139311,AZMCAQD,14,Salt River Project,Salt River Project - Agua Fria Generating Station,Unit,46675913,EPACAMD,141CAMDUNIT3,141;3,141,3,8/8/2011,12/31/2019,No
AZ,4,,4013,Maricopa,1139211,AZMCAQD,13,Salt River Project,Salt River Project - Santan Generating Station,Unit,105573313,EPACAMD,8068CAMDUNIT6A,8068;6A,8068,6A,8/23/2014,,Yes
IL,17,,17143,Peoria,5422711,ILEPA,143805AAG,Amerenenergy Resources Generating Company,Illinois Power Resources Generating LLC,Unit,26814513,EPACAMD,856CAMDUNIT1,856;1,856,1,8/8/2011,,Yes
IA,19,,19061,Dubuque,5335511,IADNR,31-01-017,IPL-ALLIANT ENERGY CO,IPL - DUBUQUE GENERATING STATION,Unit,26892613,EPACAMD,1046CAMDUNIT1,1046;1,1046,1,8/8/2011,,Yes
PA,42,,42125,Washington,3894811,PADEP,421250014,ALLEGHENY ENERGY SUPPLY CO LLC,ALLEGHENY ENERGY SUPPLY CO/MITCHELL POWER STA,Unit,37444713,EPACAMD,3181CAMDUNIT33,3181;33,3181,33,8/8/2011,,Yes
PA,42,,42125,Washington,3894811,PADEP,421250014,ALLEGHENY ENERGY SUPPLY CO LLC,ALLEGHENY ENERGY SUPPLY CO/MITCHELL POWER STA,Unit,37445113,EPACAMD,3181CAMDUNIT3,3181;3,3181,3,9/28/2011,,Yes
PA,42,,42121,Venango,3880211,PADEP,421210043,HANDSOME LAKE ENERGY LLC,HANDSOME LAKE ENERGY LLC/KENNERDELL,Unit,37451713,EPACAMD,55233CAMDUNITEU-3B,55233;EU-3B,55233,EU-3B,10/2/2014,,Yes
PA,42,,42121,Venango,3880211,PADEP,421210043,HANDSOME LAKE ENERGY LLC,HANDSOME LAKE ENERGY LLC/KENNERDELL,Unit,37451113,EPACAMD,55233CAMDUNITEU-5B,55233;EU-5B,55233,EU-5B,10/2/2014,,Yes
KS,20,,20021,Cherokee,3878111,KSDOHE,2,Empire District Electric Company,Empire District Electric - Riverton,Unit,37460813,EPACAMD,1239CAMDUNIT40,1239;40,1239,40,8/8/2011,,Yes
VA,51,,51199,York,4565211,VADEQ,60137,Dominion - Yorktown Power Station,Dominion - Yorktown Power Station,Unit,27837113,EPACAMD,3809CAMDUNIT2,3809;2,3809,2,8/8/2011,,Yes
PA,42,,42033,Clearfield,2985011,PADEP,420330021,GENON REMA LLC,SHAWVILLE POWER LLC/SHAWVILLE GEN STA,Unit,38387313,EPACAMD,3131CAMDUNIT3,3131;3,3131,3,8/8/2011,,Yes
SC,45,,45031,Darlington,4951511,SCDHEC,0820-0002,Carolina Power & Light Company,DUKE ENERGY PROGRESS LLC - HB ROBINSON/DARLINGTON,Unit,28950113,EPACAMD,3250CAMDUNIT5,3250;5,3250,5,9/23/2011,,Yes
TX,48,,48439,Tarrant,4916711,TXCEQ,7,CONSTELLATION HANDLEY POWER LLC,HANDLEY STEAM ELECTRIC STATION,Unit,29005413,EPACAMD,3491CAMDUNIT4,3491;4,3491,4,9/23/2011,,Yes
TX,48,,48147,Fannin,4900211,TXCEQ,1,LUMINANT GENERATION COMPANY LLC,VALLEY STEAM ELECTRIC STATION,Unit,29044013,EPACAMD,3508CAMDUNIT2,3508;2,3508,2,8/8/2011,,Yes
TX,48,,48013,Atascosa,4898511,TXCEQ,7,SAN MIGUEL ELECTRIC COOPERATIVE INC,SAN MIGUEL ELECTRIC PLANT,Unit,69876513,EPACAMD,6183CAMDUNITSM-1,6183;SM-1,6183,SM-1,8/8/2011,,Yes
WV,54,,54051,Marshall,4878711,WVDAQ,2,Westlake Chemical,"Eagle Natrium, LLC",Unit,71796313,EPACAMD,50491CAMDUNIT002,50491;002,50491,2,8/8/2011,,Yes
WV,54,,54049,Marion,4864511,WVDAQ,26,AMERICAN BITUMINOUS POWER-GRANT TOWN PLT,AMERICAN BITUMINOUS POWER-GRANT TOWN PLT,Unit,71941913,EPACAMD,10151CAMDUNIT1A,10151;1A,10151,1A,8/14/2014,12/31/2049,Yes
WV,54,,54049,Marion,4864511,WVDAQ,26,AMERICAN BITUMINOUS POWER-GRANT TOWN PLT,AMERICAN BITUMINOUS POWER-GRANT TOWN PLT,Unit,71941913,EPACAMD,10151CAMDUNIT1B,10151;1B,10151,1B,8/14/2014,12/31/2049,Yes
SC,45,,45007,Anderson,4075711,SCDHEC,0200-0144,Santee Cooper,SANTEE COOPER RAINEY,Unit,69627513,EPACAMD,7834CAMDUNITCT4,7834;CT4,7834,CT4,9/24/2014,12/31/2049,Yes
VA,51,,51760,Richmond city,4039911,VADEQ,52758,,Spruance Operating Services LLC,Unit,33619613,EPACAMD,54081CAMDUNITBLR04A,54081;BLR04A,54081,BLR04A,8/14/2014,12/31/2049,Yes
VA,51,,51760,Richmond city,4039911,VADEQ,52758,,Spruance Operating Services LLC,Unit,33619413,EPACAMD,54081CAMDUNITBLR02A,54081;BLR02A,54081,BLR02A,8/14/2014,12/31/2049,Yes
AZ,4,,4021,Pinal,11310611,Pinal,COOLGEN,Coolidge Power LLC,Coolidge Generating Station,Unit,118550213,EPACAMD,56948CAMDUNITCT06,56948;CT06,56948,CT06,5/31/2018,,Yes
DC,11,,11001,District of Columbia,2701211,DOEE,25,U.S. General Services Administration,U.S. GSA Central Heating and Refrigeration Plant,Unit,41213813,EPACAMD,880004CAMDUNIT2,880004;2,880004,2,9/29/2014,,Yes
IL,17,,17033,Crawford,2667311,ILEPA,033801AAA,Ameren Energy Generating Company,AmerenEnergy Medina Valley Cogen LLC-Hutsonville Energy Ctr,Unit,41250813,EPACAMD,863CAMDUNIT06,863;06,863,6,8/8/2011,,Yes
NV,32,,32003,Clark,12768311,NVCCDAQM,1513,,Nevada Power (Chuck Lenzie),Unit,67164513,EPACAMD,55322CAMDUNITCTG-2,55322;CTG-2,55322,CTG-2,8/8/2011,,Yes
KY,21,,21157,Marshall,16652211,KYDAQ,2115700070,,DTE Calvert City LLC,Unit,107228013,EPACAMD,55308CAMDUNITC,55308;C,55308,C,1/1/2012,,Yes
VA,51,,51107,Loudoun,17856211,VADEQ,73826,Panda Stonewall LLC,Panda Stonewall LLC,Unit,125485013,EPACAMD,59004CAMDUNITCT2,59004;CT2,59004,CT2,6/20/2018,,Yes
GA,13,,13297,Walton,15640311,GADNR,29700041,,Doyle Generating Facility,Unit,99508213,EPACAMD,55244CAMDUNITCTG-5,55244;CTG-5,55244,CTG-5,5/22/2013,,Yes
SD,46,,46013,Brown,15649111,SDDENR,28.0802-03,,Basin Electric Power Cooperative-Groton,Unit,99817213,EPACAMD,56238CAMDUNITCT001,56238;CT001,56238,CT001,10/1/2014,,Yes
PA,42,,42133,York,15649311,PADEP,421330329,CALPINE MID MERIT LLC,CALPINE MID MERIT LLC/YORK ENERGY CTR DELTA,Unit,99820713,EPACAMD,55524CAMDUNIT1,55524;1,55524,1,10/28/2014,,Yes
NJ,34,,34017,Hudson,15658011,NJDEP,12863,,Bayonne Energy Center,Unit,135756313,EPACAMD,56964CAMDUNITGT9,56964;GT9,56964,GT9,1/25/2021,,Yes
NJ,34,,34017,Hudson,15658011,NJDEP,12863,,Bayonne Energy Center,Unit,99940113,EPACAMD,56964CAMDUNITGT1,56964;GT1,56964,GT1,12/6/2014,12/31/2049,Yes
TX,48,,48351,Newton,9118811,TXCEQ,11,COTTONWOOD ENERGY COMPANY LP,COTTONWOOD ENERGY CO LP,Unit,57546913,EPACAMD,55358CAMDUNITCT4,55358;CT4,55358,CT4,8/8/2011,,Yes
TX,48,,48351,Newton,9118811,TXCEQ,11,COTTONWOOD ENERGY COMPANY LP,COTTONWOOD ENERGY CO LP,Unit,57546613,EPACAMD,55358CAMDUNITCT1,55358;CT1,55358,CT1,8/8/2011,,Yes
LA,22,,22017,Caddo,7928011,LADEQ08,584,Southwestern Electric Power Co,Southwestern Electric Power Co (SWEPCO) - Lieberman Power Plant,Unit,81338913,EPACAMD,1417CAMDUNIT3,1417;3,1417,3,8/8/2011,,Yes
NY,36,,36055,Monroe,7911911,NYDEC,8262800068,ROCHESTER GAS & ELECTRIC CORP,R G & E RUSSELL STATION,Unit,2163013,EPACAMD,2642CAMDUNIT3,2642;3,2642,3,10/27/2014,12/31/2049,Yes
NY,36,,36055,Monroe,7911911,NYDEC,8262800068,ROCHESTER GAS & ELECTRIC CORP,R G & E RUSSELL STATION,Unit,2162613,EPACAMD,2642CAMDUNIT2,2642;2,2642,2,10/27/2014,12/31/2049,Yes
NH,33,,33015,Rockingham,7458511,NHDES,3301590793,Newington Energy LLC,ESSENTIAL POWER NEWINGTON LLC,Unit,12074413,EPACAMD,55661CAMDUNIT1,55661;1,55661,1,8/8/2011,,Yes
TX,48,,48141,El Paso,4837411,TXCEQ,8,EL PASO ELECTRIC COMPANY,NEWMAN STATION,Unit,90282913,EPACAMD,3456CAMDUNITGT-6B,3456;GT-6B,3456,GT-6B,7/20/2018,12/31/2049,Yes
TX,48,,48141,El Paso,4837411,TXCEQ,8,EL PASO ELECTRIC COMPANY,NEWMAN STATION,Unit,31689213,EPACAMD,3456CAMDUNIT1,3456;1,3456,1,8/8/2011,,Yes
TX,48,,48141,El Paso,4837411,TXCEQ,8,EL PASO ELECTRIC COMPANY,NEWMAN STATION,Unit,92051813,EPACAMD,3456CAMDUNITGT-6A,3456;GT-6A,3456,GT-6A,8/21/2014,12/31/2049,Yes
TX,48,,48141,El Paso,4837411,TXCEQ,8,EL PASO ELECTRIC COMPANY,NEWMAN STATION,Unit,90282813,EPACAMD,3456CAMDUNITGT-6A,3456;GT-6A,3456,GT-6A,12/30/2049,12/31/2049,Yes
TX,48,,48201,Harris,4777911,TXCEQ,46,NRG TEXAS POWER LLC,GREENS BAYOU ELECTRIC GENERATING STATION,Unit,31930313,EPACAMD,3464CAMDUNITGBY82,3464;GBY82,3464,GBY82,8/21/2014,,Yes
OH,39,,39167,Washington,8445611,OHEPA,684020037,,Marietta Materials Management and Transportation Center (0684020037),Unit,1631113,EPACAMD,7253CAMDUNIT2,7253;2,7253,2,8/8/2011,,Yes
OH,39,,39167,Washington,8445611,OHEPA,684020037,,Marietta Materials Management and Transportation Center (0684020037),Unit,1630813,EPACAMD,7253CAMDUNIT4,7253;4,7253,4,8/8/2011,,Yes
NY,36,,36001,Albany,7801111,NYDEC,4012200078,SELKIRK COGEN PARTNERS LP,SELKIRK COGENERATION PROJECT,Unit,3435013,EPACAMD,10725CAMDUNITCTG301,10725;CTG301,10725,CTG301,8/16/2014,12/31/2049,Yes
NY,36,,36001,Albany,7801011,NYDEC,4012200044,PSEG POWER NEW YORK INC,BETHLEHEM ENERGY CENTER,Unit,3435613,EPACAMD,2539CAMDUNIT3,2539;3,2539,3,12/6/2014,,Yes
PA,42,,42021,Cambria,6594311,PADEP,420210033,EBENSBURG POWER CO,EBENSBURG POWER CO/EBENSBURG COGENERATION PLT,Unit,17845713,EPACAMD,10603CAMDUNIT031,10603;031,10603,31,8/8/2011,,Yes
TN,47,,47075,Haywood,3982711,TNDEC,38-0069,Tennessee Valley Authority,TVA LAGOON CREEK COMBUSTION TURBINE PLANT,Unit,35468013,EPACAMD,7845CAMDUNITLCT10,7845;LCT10,7845,LCT10,12/26/2013,,Yes
TX,48,,48021,Bastrop,3981511,TXCEQ,2,LOWER COLORADO RIVER AUTHORITY,SIM GIDEON POWER PLANT,Unit,35536513,EPACAMD,3601CAMDUNIT2,3601;2,3601,2,8/8/2011,,Yes
TX,48,,48335,Mitchell,4204911,TXCEQ,1,LUMINANT GENERATION COMPANY LLC,MORGAN CREEK STEAM ELECTRIC STATION,Unit,35745413,EPACAMD,3492CAMDUNITCT1,3492;CT1,3492,CT1,8/8/2011,,Yes
OH,39,,39017,Butler,9303411,OHEPA,1409000896,,"Duke Energy Indiana, Madison Generating Station (1409000896)",Unit,55544413,EPACAMD,55110CAMDUNIT2,55110;2,55110,2,9/23/2014,,Yes
OH,39,,39017,Butler,9303411,OHEPA,1409000896,,"Duke Energy Indiana, Madison Generating Station (1409000896)",Unit,55544513,EPACAMD,55110CAMDUNIT3,55110;3,55110,3,9/23/2014,,Yes
OH,39,,39017,Butler,9303411,OHEPA,1409000896,,"Duke Energy Indiana, Madison Generating Station (1409000896)",Unit,55574913,EPACAMD,55110CAMDUNIT6,55110;6,55110,6,9/23/2014,,Yes
TX,48,,48277,Lamar,7910611,TXCEQ,20,LUMINANT GENERATION COMPANY LLC,LAMAR POWER PLANT,Unit,2567613,EPACAMD,55097CAMDUNIT1,55097;1,55097,1,8/8/2011,,Yes
TX,48,,48201,Harris,7907811,TXCEQ,1444,NRG TEXAS POWER LLC,SAN JACINTO STEAM ELECTRIC STATION,Unit,2583613,EPACAMD,7325CAMDUNITSJS1,7325;SJS1,7325,SJS1,8/8/2011,,Yes
SC,45,,45075,Orangeburg,7870811,SCDHEC,1860-0044,South Carolina Electric & Gas Company,COPE STATION,Unit,2803113,EPACAMD,7210CAMDUNITCOP1,7210;COP1,7210,COP1,8/8/2011,,Yes
FL,12,,12105,Polk,3197811,FLDEP,1050231,Orange Cogeneration Limited Partnership,ORANGE COGENERATION LIMITED PARTNERSHIP,Unit,39670813,EPACAMD,54365CAMDUNIT1,54365;1,54365,1,8/8/2011,,Yes
PA,42,,42017,Bucks,9202811,PADEP,420170131,FAIRLESS ENERGY LLC,FAIRLESS ENERGY LLC/FALLS TWP,Unit,57827313,EPACAMD,55298CAMDUNIT1B,55298;1B,55298,1B,8/8/2011,,Yes
PA,42,,42051,Fayette,9207411,PADEP,420510122,ALLEGHENY ENERGY SUPPLY CO LLC,FAYETTE ENERGY FACILITY/MASONTOWN,Unit,54831913,EPACAMD,55516CAMDUNITCTG1,55516;CTG1,55516,CTG1,9/23/2011,,Yes
OH,39,,39053,Gallia,7983011,OHEPA,627000003,Ohio Valley Electric Corporation,"Ohio Valley Electric Corp., Kyger Creek Station (0627000003)",Unit,6441913,EPACAMD,2876CAMDUNIT5,2876;5,2876,5,8/8/2011,,Yes
NY,36,,36081,Queens,7982311,NYDEC,2630100185,ASTORIA GENERATING COMPANY LP,ASTORIA GENERATING STATION,Unit,6450913,EPACAMD,8906CAMDUNIT31RH,8906;31RH,8906,31RH,8/14/2014,12/31/2049,Yes
NY,36,,36081,Queens,7982311,NYDEC,2630100185,ASTORIA GENERATING COMPANY LP,ASTORIA GENERATING STATION,Unit,6450813,EPACAMD,8906CAMDUNIT50,8906;50,8906,50,12/6/2002,12/31/2010,Yes
NY,36,,36081,Queens,7982211,NYDEC,2630100084,NEW YORK POWER AUTHORITY,POLETTI POWER PROJECT,Unit,64122213,EPACAMD,56196CAMDUNITCTG7B,56196;CTG7B,56196,CTG7B,9/29/2014,12/31/2049,Yes
NY,36,,36075,Oswego,7980511,NYDEC,7351200030,OSWEGO HARBOR POWER LLC,OSWEGO HARBOR POWER,Unit,97077113,EPACAMD,2594CAMDUNIT3,2594;3,2594,3,12/6/2014,,Yes
NC,37,,37049,Craven,7980211,NCDAQ,3704900104,International Paper Company,International Paper - New Bern Mill,Unit,6476813,EPACAMD,50188CAMDUNIT105,50188;105,50188,105,2/12/2018,,Yes
MI,26,,26163,Wayne,8229311,MIDEQ,B2810,DTE Electric Company,DTE Electric Company - River Rouge Power Plant,Unit,6593713,EPACAMD,1740CAMDUNIT2,1740;2,1740,2,8/8/2011,,Yes
NV,32,,32003,Clark,8211211,NVCCDAQM,7,Nevada Power Company,Nevada Power Clark Station,Unit,67144013,EPACAMD,2322CAMDUNIT11B,2322;11B,2322,11B,10/5/2014,12/31/2049,Yes
NV,32,,32003,Clark,8211211,NVCCDAQM,7,Nevada Power Company,Nevada Power Clark Station,Unit,67144613,EPACAMD,2322CAMDUNIT17A,2322;17A,2322,17A,10/5/2014,12/31/2049,Yes
NV,32,,32003,Clark,8211211,NVCCDAQM,7,Nevada Power Company,Nevada Power Clark Station,Unit,67144613,EPACAMD,2322CAMDUNIT17B,2322;17B,2322,17B,10/5/2014,12/31/2049,Yes
NH,33,,33013,Merrimack,8178911,NHDES,3301300026,Public Service Of New Hampshire,GSP MERRIMACK LLC,Unit,6758313,EPACAMD,2364CAMDUNIT1,2364;1,2364,1,8/8/2011,,Yes
NH,33,,33013,Merrimack,8178911,NHDES,3301300026,Public Service Of New Hampshire,GSP MERRIMACK LLC,Unit,6758513,EPACAMD,2364CAMDUNITCT1,2364;CT1,2364,CT1,6/20/2018,,Yes
MN,27,,27141,Sherburne,8162511,MNPCA,2714100003,,Great River Energy - Elk River,Unit,102574213,EPACAMD,2039CAMDUNITERPS11,2039;ERPS11,2039,ERPS11,10/29/2014,,Yes
TX,48,,48375,Potter,5745311,TXCEQ,22,SOUTHWESTERN PUBLIC SERVICE COMPANY,HARRINGTON STATION POWER PLANT,Unit,21837113,EPACAMD,6193CAMDUNIT061B,6193;061B,6193,061B,8/8/2011,,Yes
NY,36,,36005,Bronx,9389811,NYDEC,2600700724,NEW YORK POWER AUTHORITY,HELL GATE,Unit,55527813,EPACAMD,7913CAMDUNITHG02,7913;HG02,7913,HG02,10/9/2014,12/31/2049,Yes
MT,30,,30021,Dawson,8150511,MTDEQ,021-0005,MONTANA DAKOTA UTILITIES CO,MDU - GLENDIVE,Unit,5485913,EPACAMD,2176CAMDUNITGT-2,2176;GT-2,2176,GT-2,8/8/2011,,Yes
OH,39,,39007,Ashtabula,8103911,OHEPA,204010000,FirstEnergy Generation Corporation,"FirstEnergy Generation Corp., Ashtabula Plant (0204010000)",Unit,5518313,EPACAMD,2835CAMDUNIT11,2835;11,2835,11,12/6/2014,,Yes
ND,38,,38057,Mercer,8086511,NDDEQ,349,Basin Electric Power Cooperative,Basin Electric Power Cooperative - Antelope Valley Station,Unit,64298413,EPACAMD,6469CAMDUNITB1,6469;B1,6469,B1,8/8/2011,,Yes
CA,6,,6073,San Diego,3371411,CARB,371227544,CABRILLO POWER II LLC,CABRILLO POWER II LLC EL CAJON GT,Unit,86058213,EPACAMD,57001CAMDUNIT1,57001;1,57001,1,8/27/2014,,Yes
KS,20,,20091,Johnson,9637911,KSDOHE,174,"Evergy, Inc.",Evergy - West Gardner,Unit,53801913,EPACAMD,7929CAMDUNIT1,7929;1,7929,1,10/9/2014,,Yes
MA,25,,25017,Middlesex,7240311,MADEP,1190092,THE PRESIDENT AND FELLOWS OF HARVARD COLLEGE/HARVARD UNIVERSITY,HARVARD UNIVERSITY BLACKSTONE STEAM PLAN,Unit,87680813,EPACAMD,1594CAMDUNIT11,1594;11,1594,11,8/22/2014,,Yes
MA,25,,25017,Middlesex,7240311,MADEP,1190092,THE PRESIDENT AND FELLOWS OF HARVARD COLLEGE/HARVARD UNIVERSITY,HARVARD UNIVERSITY BLACKSTONE STEAM PLAN,Unit,87680913,EPACAMD,1594CAMDUNIT12,1594;12,1594,12,8/22/2014,,Yes
MI,26,,26147,St. Clair,7239211,MIDEQ,B6145,DTE Electric Company,DTE Electric Company - Greenwood Energy Center,Unit,7533413,EPACAMD,6035CAMDUNIT1,6035;1,6035,1,8/8/2011,,Yes
MI,26,,26147,St. Clair,7239111,MIDEQ,B2796,DTE Electric Company,ST. CLAIR / BELLE RIVER POWER PLANT,Unit,7536513,EPACAMD,6034CAMDUNITCTG122,6034;CTG122,6034,CTG122,10/1/2014,,Yes
MI,26,,26147,St. Clair,7239111,MIDEQ,B2796,DTE Electric Company,ST. CLAIR / BELLE RIVER POWER PLANT,Unit,7535613,EPACAMD,6034CAMDUNIT2,6034;2,6034,2,8/8/2011,,Yes
MI,26,,26147,St. Clair,7239111,MIDEQ,B2796,DTE Electric Company,ST. CLAIR / BELLE RIVER POWER PLANT,Unit,7536213,EPACAMD,55718CAMDUNIT1,55718;1,55718,1,10/1/2014,,Yes
MI,26,,26147,St. Clair,7239111,MIDEQ,B2796,DTE Electric Company,ST. CLAIR / BELLE RIVER POWER PLANT,Unit,7534613,EPACAMD,55718CAMDUNIT3,55718;3,55718,3,10/1/2014,,Yes
MI,26,,26147,St. Clair,7239111,MIDEQ,B2796,DTE Electric Company,ST. CLAIR / BELLE RIVER POWER PLANT,Unit,7536113,EPACAMD,55718CAMDUNIT4,55718;4,55718,4,10/1/2014,,Yes
NY,36,,36059,Nassau,7223311,NYDEC,1282400947,BETHPAGE ENERGY CENTER 3 LLC,TBG COGEN FACILITY,Unit,64116413,EPACAMD,50292CAMDUNITGT3,50292;GT3,50292,GT3,8/24/2014,,Yes
NY,36,,36059,Nassau,7221611,NYDEC,1282000553,NATIONAL GRID CORPORATE SERVICES LLC,EF BARRETT POWER STATION,Unit,118548013,EPACAMD,2511CAMDUNITU00005,2511;U00005,2511,U00005,4/30/2018,12/31/2049,Yes
KY,21,,21145,McCracken,6037011,KYDAQ,2114500006,Tennessee Valley Authority,Tennessee Valley Authority (TVA) - Shawnee Fossil Plant,Unit,24139013,EPACAMD,1379CAMDUNIT3,1379;3,1379,3,8/8/2011,,Yes
TX,48,,48167,Galveston,4021011,TXCEQ,6,PHR HOLDINGS LLC,PH ROBINSON STATION ELECTRIC GENERATING STATION,Unit,127938613,EPACAMD,60264CAMDUNITBCGT3,60264;BCGT3,60264,BCGT3,10/26/2020,,Yes
TX,48,,48167,Galveston,4021011,TXCEQ,6,PHR HOLDINGS LLC,PH ROBINSON STATION ELECTRIC GENERATING STATION,Unit,126664413,EPACAMD,60264CAMDUNITBCGT2,60264;BCGT2,60264,BCGT2,10/26/2020,,Yes
MI,26,,26079,Kalkaska,9543911,MIDEQ,N7113,Michigan Public Power Agency,Michigan Public Power Agency,Unit,57792713,EPACAMD,7984CAMDUNIT1A,7984;1A,7984,1A,11/7/2014,12/31/2049,Yes
MO,29,,29077,Greene,7498011,MODNR,164,City Utilities Of Springfield-,CITY UTILITIES OF SPRINGFIELD N L MCCARTNEY DIST GENERATION,Unit,11195913,EPACAMD,7903CAMDUNITMGS1B,7903;MGS1B,7903,MGS1B,10/10/2014,,Yes
MO,29,,29077,Greene,7494511,MODNR,5,City Utilities Of Springfield Missouri,CITY UTILITIES OF SPRINGFIELD MISSOURI JAMES RIVER POWER PLANT,Unit,11237613,EPACAMD,2161CAMDUNIT**GT2,2161;**GT2,2161,**GT2,8/8/2011,,Yes
MO,29,,29077,Greene,7494511,MODNR,5,City Utilities Of Springfield Missouri,CITY UTILITIES OF SPRINGFIELD MISSOURI JAMES RIVER POWER PLANT,Unit,11237913,EPACAMD,2161CAMDUNIT**GT1,2161;**GT1,2161,**GT1,4/15/2014,,Yes
MN,27,,27123,Ramsey,7488611,MNPCA,2712300012,Northern States Power (Xcel Energy),Xcel Energy - High Bridge Combined Cycle Plant,Unit,79645013,EPACAMD,1912CAMDUNIT7,1912;7,1912,7,8/15/2014,,Yes
MD,24,,24031,Montgomery,5998011,MDDOE,031-0019,"Dominion Transmission, Inc",GenOn Dickerson Generating Station,Unit,87978313,EPACAMD,1572CAMDUNIT3,1572;3,1572,3,8/8/2011,,Yes
MA,25,,25013,Hampden,5979211,MADEP,420001,MASS MUNICIPAL WHOLESALE ELECTRIC CO,STONY BROOK ENERGY CENTER,Unit,87356213,EPACAMD,6081CAMDUNIT002,6081;002,6081,2,8/8/2011,,Yes
MA,25,,25013,Hampden,5979211,MADEP,420001,MASS MUNICIPAL WHOLESALE ELECTRIC CO,STONY BROOK ENERGY CENTER,Unit,87355613,EPACAMD,6081CAMDUNIT005,6081;005,6081,5,9/23/2011,,Yes
MA,25,,25013,Hampden,5979211,MADEP,420001,MASS MUNICIPAL WHOLESALE ELECTRIC CO,STONY BROOK ENERGY CENTER,Unit,87356313,EPACAMD,6081CAMDUNIT003,6081;003,6081,3,8/8/2011,,Yes
IN,18,,18125,Pike,7362411,INDEM,2,Na,Indianapolis Power and Light Petersburg,Unit,10578713,EPACAMD,994CAMDUNIT4,994;4,994,4,8/8/2011,,Yes
NJ,34,,34019,Hunterdon,7312511,NJDEP,80002,Reliant Energy New Jersey Holdings,Gilbert Generating Station,Unit,10666113,EPACAMD,2393CAMDUNIT04,2393;04,2393,4,10/7/2014,,Yes
NJ,34,,34019,Hunterdon,7312511,NJDEP,80002,Reliant Energy New Jersey Holdings,Gilbert Generating Station,Unit,10666613,EPACAMD,2393CAMDUNIT016001,2393;016001,2393,16001,10/7/2014,,Yes
NJ,34,,34019,Hunterdon,7312511,NJDEP,80002,Reliant Energy New Jersey Holdings,Gilbert Generating Station,Unit,10666813,EPACAMD,2393CAMDUNIT018001,2393;018001,2393,18001,10/7/2014,,Yes
NJ,34,,34005,Burlington,7310911,NJDEP,45979,PSEG Power LLC,Burlington Generating Station,Unit,10702713,EPACAMD,2399CAMDUNIT30001,2399;30001,2399,30001,12/6/2014,12/31/2049,Yes
NJ,34,,34005,Burlington,7310911,NJDEP,45979,PSEG Power LLC,Burlington Generating Station,Unit,10702713,EPACAMD,2399CAMDUNIT32001,2399;32001,2399,32001,12/6/2014,12/31/2049,Yes
NJ,34,,34009,Cape May,5133011,NJDEP,73242,R.C. Cape May Holdings LLC,B. L. England Generating Station,Unit,25811113,EPACAMD,2378CAMDUNIT3,2378;3,2378,3,8/8/2011,,Yes
WI,55,,55009,Brown,5295111,WIDNR,405031990,Wisconsin Public Service Corporation,WI PUBLIC SERVICE CORP - JP PULLIAM PLANT,Unit,25986613,EPACAMD,4072CAMDUNIT6,4072;6,4072,6,8/8/2011,,Yes
MO,29,,29101,Johnson,5245111,MODNR,51,Associated Electric Cooperative Inc,HOLDEN POWER PLANT,Unit,26016913,EPACAMD,7848CAMDUNIT1,7848;1,7848,1,10/9/2014,,Yes
CA,6,,6095,Solano,9850211,CARB,48130314511,"GILROY ENERGY CENTER, LLC (WOLFSKILL ENERGY CTR)",Wolfskill Energy Center,Unit,53998913,EPACAMD,55855CAMDUNITUNIT1,55855;UNIT1,55855,UNIT1,11/3/2014,,Yes
NE,31,,31079,Hall,6714711,NEDEQ,54712,Grand Island Utilities Dept,C W Burdick Generating Station,Unit,91102213,EPACAMD,2241CAMDUNITGT-2,2241;GT-2,2241,GT-2,11/6/2014,,Yes
WI,55,,55131,Washington,5235111,WIDNR,267006190,Wisconsin Electric Power Company,WISCONSIN ELECTRIC POWER COMPANY D/B/A WE ENERGIES-GERMANTOWN STATION,Unit,25374213,EPACAMD,6253CAMDUNITP36,6253;P36,6253,P36,10/5/2014,,Yes
MO,29,,29095,Jackson,7664111,MODNR,31,"Aquila, Inc",KCP AND L GREATER MISSOURI OPERATIONS CO SIBLEY GENERATING STATION,Unit,12444413,EPACAMD,2094CAMDUNIT2,2094;2,2094,2,8/8/2011,,Yes
MO,29,,29095,Jackson,7663711,MODNR,22,Kansas City Power & Light Company,EVERGY INC HAWTHORN GENERATING STATION,Unit,12448713,EPACAMD,2079CAMDUNIT6,2079;6,2079,6,8/8/2011,,Yes
KS,20,,20173,Sedgwick,5603211,KSDOHE,12,"Evergy, Inc.",Evergy - Gordon Evans,Unit,27425213,EPACAMD,1240CAMDUNITE1CT,1240;E1CT,1240,E1CT,10/1/2014,,Yes
IN,18,,18097,Marion,5544111,INDEM,352,Na,Georgetown Substation Generating Plant,Unit,100833113,EPACAMD,7759CAMDUNITGT3,7759;GT3,7759,GT3,10/9/2014,,Yes
MN,27,,27091,Martin,7122011,MNPCA,2709100007,Interstate Power & Light Company,Interstate Power & Light - Fox Lake,Unit,14114213,EPACAMD,1888CAMDUNIT3,1888;3,1888,3,8/8/2011,,Yes
WA,53,,53057,Skagit,8532811,WAECY,16,"Puget Sound Energy, Inc.",PSE FREDONIA,Unit,942213,EPACAMD,607CAMDUNITCT4,607;CT4,607,CT4,10/9/2014,,Yes
TX,48,,48475,Ward,8515911,TXCEQ,4,LUMINANT GENERATION COMPANY LLC,PERMIAN BASIN STEAM ELECTRIC STATION,Unit,954313,EPACAMD,3494CAMDUNITCT2,3494;CT2,3494,CT2,8/8/2011,,Yes
GA,13,,13157,Jackson,8500711,GADNR,15700034,,Dahlberg Combustion Turbine Electric Generating Plant,Unit,965313,EPACAMD,7765CAMDUNIT4,7765;4,7765,4,6/29/2013,,Yes
MN,27,,27091,Martin,8482611,MNPCA,2709100058,Great River Energy,Great River Energy - Lakefield Junction Station,Unit,1108613,EPACAMD,7925CAMDUNITCT03,7925;CT03,7925,CT03,10/9/2014,,Yes
WA,53,,53073,Whatcom,6212611,WAECY,31,,PSE Ferndale Generating Station,Unit,15564813,EPACAMD,54537CAMDUNITCT-1A,54537;CT-1A,54537,CT-1A,10/3/2014,,Yes
MN,27,,27053,Hennepin,6393811,MNPCA,2705300015,Northern States Power (Xcel Energy),Xcel Energy - Riverside Generating Plant,Unit,15644313,EPACAMD,1927CAMDUNIT7,1927;7,1927,7,8/8/2011,,Yes
IL,17,,17173,Shelby,4725911,ILEPA,173801AAA,"Reliant Energy Wholesale Generation, LLC",Shelby County Energy Center,Unit,28335413,EPACAMD,55237CAMDUNITSCE8,55237;SCE8,55237,SCE8,9/23/2011,,Yes
CO,8,,8041,El Paso,4385111,CODPHE,CO0000000804100897,Fountain Valley Power LLC,FOUNTAIN VALLEY POWER - BOCA RATON,Unit,36325313,EPACAMD,55453CAMDUNIT1,55453;1,55453,1,8/8/2011,,Yes
NY,36,,36103,Suffolk,8474611,NYDEC,1472400345,NATIONAL GRID GENERATION LLC,EAST HAMPTON GT FACILITY,Unit,293113,EPACAMD,2512CAMDUNITUGT001,2512;UGT001,2512,UGT001,8/24/2014,,Yes
OH,39,,39017,Butler,8455211,OHEPA,1409120656,"Duke Energy Kentucky, Inc","Duke Energy Kentucky, Woodsdale Generating Station (1409120656)",Unit,303513,EPACAMD,7158CAMDUNIT**GT2,7158;**GT2,7158,**GT2,8/8/2011,,Yes
SC,45,,45021,Cherokee,8421611,SCDHEC,0600-0081,"Duke Energy Carolinas, LLC",DUKE ENERGY CAROLINAS LLC MILL CREEK COM,Unit,99911713,EPACAMD,7981CAMDUNIT1,7981;1,7981,1,4/29/2014,,Yes
PA,42,,42101,Philadelphia,8405411,PACOP,4210104902,VICINITY ENERGY PHILA INC,VICINITY ENERGY PHILA INC/EDISON STATION,Unit,103862313,EPACAMD,880006CAMDUNIT3,880006;3,880006,3,10/18/2014,,Yes
PA,42,,42003,Allegheny,8404911,PAACHD,4200300158,GENON POWER MIDWEST LP,NRG POWER MIDWEST L.P../BRUNOT ISLE POWER PLT,Unit,98943713,EPACAMD,3096CAMDUNIT1C,3096;1C,3096,1C,10/7/2014,,Yes
PA,42,,42003,Allegheny,8404911,PAACHD,4200300158,GENON POWER MIDWEST LP,NRG POWER MIDWEST L.P../BRUNOT ISLE POWER PLT,Unit,361713,EPACAMD,3096CAMDUNIT2A,3096;2A,3096,2A,7/16/2014,,Yes
OH,39,,39093,Lorain,6371011,OHEPA,247080487,FirstEnergy Generation Corporation,West Lorain Power Plant (0247080487),Unit,15958213,EPACAMD,2869CAMDUNIT2,2869;2,2869,2,10/9/2014,,Yes
OH,39,,39093,Lorain,6371011,OHEPA,247080487,FirstEnergy Generation Corporation,West Lorain Power Plant (0247080487),Unit,15958013,EPACAMD,2869CAMDUNIT1B,2869;1B,2869,1B,10/9/2014,,Yes
AL,1,,1063,Greene,1036811,ADEM,1,Alabama Power Company,Alabama Power Company,Unit,47691913,EPACAMD,10CAMDUNITCT8,10;CT8,10,CT8,9/23/2011,,Yes
AL,1,,1063,Greene,1036811,ADEM,1,Alabama Power Company,Alabama Power Company,Unit,47691813,EPACAMD,10CAMDUNITCT6,10;CT6,10,CT6,9/23/2011,,Yes
AL,1,,1063,Greene,1036811,ADEM,1,Alabama Power Company,Alabama Power Company,Unit,47691213,EPACAMD,10CAMDUNITCT9,10;CT9,10,CT9,9/23/2011,,Yes
AL,1,,1073,Jefferson,1003111,ALJCBOH,10730011,Alabama Power Company,ALABAMA POWER COMPANY (MILLER POWER PLANT),Unit,62941613,EPACAMD,6002CAMDUNIT4,6002;4,6002,4,8/8/2011,,Yes
AL,1,,1103,Morgan,985511,ADEM,10,,Ascend Performance Materials LLC,Unit,47827213,EPACAMD,880041CAMDUNITZ005,880041;Z005,880041,Z005,8/8/2011,,Yes
GA,13,,13149,Heard,16658111,GADNR,14900011,,Southern Power - Wansley Combined Cycle,Unit,105656713,EPACAMD,55965CAMDUNIT7B,55965;7B,55965,7B,1/1/2012,,Yes
GA,13,,13149,Heard,16658111,GADNR,14900011,,Southern Power - Wansley Combined Cycle,Unit,105656613,EPACAMD,55965CAMDUNIT7A,55965;7A,55965,7A,1/1/2012,,Yes
WA,53,,53015,Cowlitz,12579611,WASWCAA,2111,"Mint Farm Energy Center, LLC",Mint Farm Generating Station,Unit,63297313,EPACAMD,55700CAMDUNITCTG1,55700;CTG1,55700,CTG1,8/15/2014,,Yes
CA,6,,6011,Colusa,15322111,CARB,61606224,PG&E COLUSA GENERATING STATION,PG&E COLUSA GENERATING STATION,Unit,96221113,EPACAMD,56532CAMDUNITCT1,56532;CT1,56532,CT1,8/8/2013,,Yes
SC,45,,45017,Calhoun,13372611,SCDHEC,0460-0024,,COLUMBIA ENERGY CENTER,Unit,88107713,EPACAMD,55386CAMDUNITB-3,55386;B-3,55386,B-3,4/29/2014,,Yes
MN,27,,27049,Goodhue,13596111,MNPCA,2704900088,,Invenergy Cannon Falls LLC,Unit,79444113,EPACAMD,56241CAMDUNITCT-02,56241;CT-02,56241,CT-02,10/8/2014,,Yes
FL,12,,12001,Alachua,15561111,FLDEP,10131,,"CITY OF GAINESVILLE, GRU",Unit,106541313,EPACAMD,57241CAMDUNITBFB1,57241;BFB1,57241,BFB1,7/15/2015,,Yes
FL,12,,12127,Volusia,2797311,FLDEP,1270028,Progress Energy Corporation,"DUKE ENERGY FLORIDA, LLC",Unit,40825913,EPACAMD,6046CAMDUNITP2,6046;P2,6046,P2,8/8/2011,,Yes
TX,48,,48469,Victoria,18974111,TXCEQ,50,TRES CITY POWER LLC,VICTORIA CITY PEAKING FACILITY,Unit,136703913,EPACAMD,61241CAMDUNITCT2,61241;CT2,61241,CT2,5/25/2022,,Yes
WY,56,,56005,Campbell,7844911,WYDEQ,134,Black Hills Power Incorporated,Neil Simpson Two,Unit,72201713,EPACAMD,55477CAMDUNITCT2,55477;CT2,55477,CT2,8/8/2011,,Yes
NY,36,,36083,Rensselaer,7864311,NYDEC,4384400008,CASTLETON POWER LLC,EPCOR POWER CASTLETON,Unit,3599713,EPACAMD,10190CAMDUNIT1,10190;1,10190,1,9/23/2011,,Yes
NY,36,,36083,Rensselaer,7863911,NYDEC,4381400029,RENSSELAER COGENERATION LLC,RENSSELAER COGEN FACILITY,Unit,3601013,EPACAMD,54034CAMDUNIT1GTDBS,54034;1GTDBS,54034,1GTDBS,11/6/2014,,Yes
NY,36,,36121,Wyoming,7814811,NYDEC,9563200010,INDECK ENERGY SERVICES OF SILVER SPRINGS,INDECK-SILVER SPRINGS COGENERATION,Unit,3615513,EPACAMD,50449CAMDUNIT1,50449;1,50449,1,11/6/2014,,Yes
WV,54,,54073,Pleasants,4782811,WVDAQ,5,Energy Harbor LLC,Pleasants Power Station,Unit,71785513,EPACAMD,6004CAMDUNIT1,6004;1,6004,1,8/8/2011,,Yes
MN,27,,27085,McLeod,7626711,MNPCA,2708500034,,Hutchinson Utilities-Plant 2,Unit,11448813,EPACAMD,6358CAMDUNIT1,6358;1,6358,1,10/12/2014,,Yes
MO,29,,29083,Henry,7529611,MODNR,1,Kansas City Power & Light Company,KANSAS CITY POWER AND LIGHT CO MONTROSE GENERATING STATION,Unit,11604113,EPACAMD,2080CAMDUNIT2,2080;2,2080,2,8/8/2011,,Yes
CO,8,,8099,Prowers,4229911,CODPHE,CO0000000809900006,,LAMAR LIGHT & POWER/ARKANSAS RIVER POWER,Unit,90941913,EPACAMD,508CAMDUNIT8,508;8,508,8,8/21/2014,,Yes
FL,12,,12011,Broward,591711,FLDEP,110037,Florida Power & Light Company,LAUDERDALE POWER PLANT,Unit,46119013,EPACAMD,613CAMDUNIT5GT1,613;5GT1,613,5GT1,8/8/2011,,Yes
FL,12,,12011,Broward,591711,FLDEP,110037,Florida Power & Light Company,LAUDERDALE POWER PLANT,Unit,46119513,EPACAMD,613CAMDUNITGFL21,613;GFL21,613,GFL21,8/18/2014,12/31/2049,Yes
FL,12,,12011,Broward,591711,FLDEP,110037,Florida Power & Light Company,LAUDERDALE POWER PLANT,Unit,46119513,EPACAMD,613CAMDUNITGFL14,613;GFL14,613,GFL14,8/18/2014,12/31/2049,Yes
FL,12,,12011,Broward,591611,FLDEP,110036,Florida Power & Light Company,PORT EVERGLADES ENERGY CENTER,Unit,46121113,EPACAMD,617CAMDUNITPPE2,617;PPE2,617,PPE2,8/8/2011,,Yes
FL,12,,12009,Brevard,591211,FLDEP,90196,Reliant Energy Florida LLC,"GENON FLORIDA, LP Indian River",Unit,46123113,EPACAMD,55318CAMDUNIT1,55318;1,55318,1,8/8/2011,,Yes
FL,12,,12009,Brevard,591111,FLDEP,90180,Oleander Power Project LP,"OLEANDER POWER PROJECT, LP",Unit,46123413,EPACAMD,55286CAMDUNITO-4,55286;O-4,55286,O-4,8/8/2011,,Yes
FL,12,,12009,Brevard,590511,FLDEP,90008,Orlando Utilities Commission,ORLANDO UTILITIES COMMISSION (OUC),Unit,46129113,EPACAMD,683CAMDUNIT**C,683;**C,683,**C,8/8/2011,,Yes
FL,12,,12009,Brevard,590411,FLDEP,90006,Florida Power & Light Company,FLORIDA POWER & LIGHT COMPANY (PCC),Unit,91828213,EPACAMD,609CAMDUNITCCCT3C,609;CCCT3C,609,CCCT3C,7/15/2015,,Yes
DE,10,,10003,New Castle,588311,DEDNR,1000300016,"Delaware City Refining, LLC",Delaware City Refinery,Unit,46180313,EPACAMD,52193CAMDUNITDCPP2,52193;DCPP2,52193,DCPP2,8/17/2014,,Yes
DE,10,,10003,New Castle,588311,DEDNR,1000300016,"Delaware City Refining, LLC",Delaware City Refinery,Unit,46159913,EPACAMD,52193CAMDUNIT42H123,52193;42H123,52193,42H123,2/12/2018,,Yes
DE,10,,10003,New Castle,588311,DEDNR,1000300016,"Delaware City Refining, LLC",Delaware City Refinery,Unit,46179913,EPACAMD,52193CAMDUNIT41H1,52193;41H1,52193,41H1,2/12/2018,,Yes
DE,10,,10001,Kent,588111,DEDNR,1000100002,City of Dover,McKee Run Generating Station,Unit,46182313,EPACAMD,599CAMDUNIT2,599;2,599,2,11/6/2014,,Yes
FL,12,,12095,Orange,845411,FLDEP,950137,Florida Municipal Power Agency,ORLANDO UTILITIES COMMISSION,Unit,67201513,EPACAMD,55821CAMDUNIT26,55821;26,55821,26,8/8/2011,12/31/2017,Yes
FL,12,,12127,Volusia,845211,FLDEP,1270009,Florida Power & Light Company,FLORIDA POWER & LIGHT (PSN),Unit,67204113,EPACAMD,620CAMDUNITSNCT4C,620;SNCT4C,620,SNCT4C,8/8/2011,,Yes
CT,9,,9015,Windham,844711,CTBAM,T089P0080C07442,"LAKE ROAD GENERATING CO, LLC","LAKE ROAD GENERATING CO, LLC",Unit,46197213,EPACAMD,55149CAMDUNITLRG3,55149;LRG3,55149,LRG3,8/8/2011,,Yes
WV,54,,54073,Pleasants,6776311,WVDAQ,4,Monongahela Power Company,MONONGAHELA POWER CO.-WILLOW ISLAND,Unit,71784813,EPACAMD,3946CAMDUNIT2,3946;2,3946,2,8/8/2011,,Yes
MO,29,,29189,St. Louis,6816611,MODNR,10,Union Electric Company,AMEREN MISSOURI MERAMEC ENERGY CENTER,Unit,13792113,EPACAMD,2104CAMDUNIT1,2104;1,2104,1,8/8/2011,,Yes
PA,42,,42095,Northampton,3881811,PADEP,420950011,GENON REMA LLC,PORTLAND POWER LLC/PORTLAND COMBUSTION TURBINE,Unit,37149613,EPACAMD,3113CAMDUNIT033,3113;033,3113,33,10/29/2014,,Yes
PA,42,,42093,Montour,3881111,PADEP,420930003,MONTOUR LLC,MONTOUR LLC/MONTOUR SES,Unit,37158913,EPACAMD,3149CAMDUNIT2,3149;2,3149,2,8/8/2011,,Yes
PA,42,,42005,Armstrong,3866111,PADEP,420050012,GENON NE MGMT CO,KEYSTONE CONEMAUGH PROJ LLC/KEYSTONE STATION,Unit,37164713,EPACAMD,3136CAMDUNIT1,3136;1,3136,1,8/8/2011,,Yes
MO,29,,29007,Audrain,6998911,MODNR,53,Audrain Generating LLC,AMEREN MISSOURI AUDRAIN POWER STATION,Unit,109323713,EPACAMD,55234CAMDUNITCT8,55234;CT8,55234,CT8,1/1/2013,,Yes
MO,29,,29007,Audrain,6998911,MODNR,53,Audrain Generating LLC,AMEREN MISSOURI AUDRAIN POWER STATION,Unit,109323613,EPACAMD,55234CAMDUNITCT7,55234;CT7,55234,CT7,1/1/2013,,Yes
WI,55,,55071,Manitowoc,7179611,WIDNR,436035930,Manitowoc Public Utilities,MANITOWOC PUBLIC UTILITIES,Unit,64983513,EPACAMD,4125CAMDUNIT9,4125;9,4125,9,8/8/2011,,Yes
WI,55,,55071,Manitowoc,7179611,WIDNR,436035930,Manitowoc Public Utilities,MANITOWOC PUBLIC UTILITIES,Unit,64983613,EPACAMD,4125CAMDUNIT8,4125;8,4125,8,8/8/2011,,Yes
WI,55,,55071,Manitowoc,7179611,WIDNR,436035930,Manitowoc Public Utilities,MANITOWOC PUBLIC UTILITIES,Unit,14752313,EPACAMD,4125CAMDUNIT7,4125;7,4125,7,8/8/2011,,Yes
PA,42,,42011,Berks,3872411,PADEP,420110427,"Dynegy, Inc.",ONTELAUNEE POWER OPR CO LLC/ONTELAUNEE PLT,Unit,37780213,EPACAMD,55193CAMDUNITCT2,55193;CT2,55193,CT2,8/22/2014,,Yes
VA,51,,51099,King George,6148811,VADEQ,40809,"Birchwood Power Partners, LLC",SEI Birchwood Power Facility,Unit,15313013,EPACAMD,54304CAMDUNIT001,54304;001,54304,1,8/8/2011,,Yes
AZ,4,,4021,Pinal,1032711,Pinal,EGUSundance,Arizona Public Service Company,Sundance Power Plant,Unit,62911413,EPACAMD,55522CAMDUNITCT06,55522;CT06,55522,CT06,10/9/2014,,Yes
TX,48,,48185,Grimes,6436111,TXCEQ,13,TENASKA FRONTIER PARTNERS LTD,TENASKA FRONTIER GENERATION STATION,Unit,16961213,EPACAMD,55062CAMDUNIT1,55062;1,55062,1,8/8/2011,,Yes
IL,17,,17147,Piatt,9686711,ILEPA,147803AAC,Ameren Services,Ameren Services,Unit,88687113,EPACAMD,55496CAMDUNITCT-04,55496;CT-04,55496,CT-04,9/30/2014,,Yes
IL,17,,17093,Kendall,9692211,ILEPA,093808AAD,,Kendall Power Co LLC,Unit,59763413,EPACAMD,55131CAMDUNITGTG-2,55131;GTG-2,55131,GTG-2,5/22/2013,,Yes
IL,17,,17093,Kendall,9692211,ILEPA,093808AAD,,Kendall Power Co LLC,Unit,59763513,EPACAMD,55131CAMDUNITGTG-4,55131;GTG-4,55131,GTG-4,5/22/2013,,Yes
IL,17,,17197,Will,9701111,ILEPA,197899AAC,,LSP University Park LLC,Unit,53541313,EPACAMD,55640CAMDUNITCT11,55640;CT11,55640,CT11,7/25/2012,,Yes
IL,17,,17197,Will,9701111,ILEPA,197899AAC,,LSP University Park LLC,Unit,53540513,EPACAMD,55640CAMDUNITCT03,55640;CT03,55640,CT03,7/25/2012,,Yes
IL,17,,17197,Will,9701111,ILEPA,197899AAC,,LSP University Park LLC,Unit,53540913,EPACAMD,55640CAMDUNITCT07,55640;CT07,55640,CT07,7/25/2012,,Yes
IL,17,,17197,Will,9701111,ILEPA,197899AAC,,LSP University Park LLC,Unit,53540713,EPACAMD,55640CAMDUNITCT05,55640;CT05,55640,CT05,7/25/2012,,Yes
LA,22,,22089,St. Charles,5609311,LADEQ08,83898,Entergy Louisiana LLC,Entergy Louisiana LLC - Waterford 1 & 2 Electric Generating Plant,Unit,89569413,EPACAMD,8056CAMDUNIT2,8056;2,8056,2,9/24/2014,12/31/2049,Yes
LA,22,,22089,St. Charles,5609111,LADEQ08,687,Entergy Louisiana LLC,Entergy Louisiana LLC - Little Gypsy Generating Plant,Unit,80583613,EPACAMD,1402CAMDUNIT1,1402;1,1402,1,8/2/2011,12/31/2049,Yes
DE,10,,10003,New Castle,2425311,DEDNR,1000300005,"Calpine Mid-Atlantic Generation, LLC",DELAWARE CITY ENERGY CENTER,Unit,40248813,EPACAMD,592CAMDUNIT10,592;10,592,10,11/6/2014,,Yes
CA,6,,6077,San Joaquin,10009011,CARB,3914304597,"MRP SAN JOAQUIN ENERGY, LLC, TRACY COMB CYCLE POWER PLANT","MRP SAN JOAQUIN ENERGY, LLC",Unit,57721713,EPACAMD,55933CAMDUNITTPP2,55933;TPP2,55933,TPP2,7/22/2012,,Yes
MI,26,,26065,Ingham,5985211,MIDEQ,B2647,Lansing Board of Water & Light,LBWL - Eckert Station & REO Town Plant,Unit,110193013,EPACAMD,58427CAMDUNIT100,58427;100,58427,100,7/15/2015,,Yes
MI,26,,26065,Ingham,5985211,MIDEQ,B2647,Lansing Board of Water & Light,LBWL - Eckert Station & REO Town Plant,Unit,24541313,EPACAMD,1831CAMDUNIT3,1831;3,1831,3,8/14/2014,12/31/2049,Yes
MI,26,,26065,Ingham,5985211,MIDEQ,B2647,Lansing Board of Water & Light,LBWL - Eckert Station & REO Town Plant,Unit,24541313,EPACAMD,1831CAMDUNIT2,1831;2,1831,2,8/14/2014,12/31/2049,Yes
MI,26,,26065,Ingham,5985211,MIDEQ,B2647,Lansing Board of Water & Light,LBWL - Eckert Station & REO Town Plant,Unit,24540813,EPACAMD,1831CAMDUNIT4,1831;4,1831,4,8/14/2014,12/31/2049,Yes
CT,9,,9001,Fairfield,2722511,CTBAM,T067P0017C07741,"NRG ENERGY, INC.","CONNECTICUT JET POWER, LLC",Unit,99525213,EPACAMD,542CAMDUNIT14,542;14,542,14,6/11/2013,,Yes
CT,9,,9001,Fairfield,2722511,CTBAM,T067P0017C07741,"NRG ENERGY, INC.","CONNECTICUT JET POWER, LLC",Unit,41011413,EPACAMD,542CAMDUNIT10,542;10,542,10,6/11/2013,,Yes
MO,29,,29097,Jasper,5321511,MODNR,1,Empire District Electric Company,EMPIRE DISTRICT ELECTRIC CO ASBURY PLANT,Unit,26532413,EPACAMD,2076CAMDUNIT1,2076;1,2076,1,8/8/2011,,Yes
CA,6,,6029,Kern,10296711,CARB,1514303412,"CXA LA PALOMA, LLC;  C/O CLMG CORP.","CXA LA PALOMA, LLC",Unit,58290013,EPACAMD,55151CAMDUNITCTG-1,55151;CTG-1,55151,CTG-1,8/8/2011,,Yes
CA,6,,6029,Kern,10296711,CARB,1514303412,"CXA LA PALOMA, LLC;  C/O CLMG CORP.","CXA LA PALOMA, LLC",Unit,58290213,EPACAMD,55151CAMDUNITCTG-3,55151;CTG-3,55151,CTG-3,8/8/2011,,Yes
KS,20,,20107,Linn,5367811,KSDOHE,5,"Evergy, Inc.",Evergy - La Cygne,Unit,27609613,EPACAMD,1241CAMDUNIT2,1241;2,1241,2,8/8/2011,,Yes
IL,17,,17167,Sangamon,4541611,ILEPA,167822ABG,,City Water Light & Power,Unit,28055113,EPACAMD,7425CAMDUNIT1,7425;1,7425,1,10/7/2014,,Yes
AL,1,,1001,Autauga,10583111,ADEM,10,Alabama Power Company,Southern Power Company,Unit,52263813,EPACAMD,7897CAMDUNIT1B,7897;1B,7897,1B,8/8/2011,,Yes
KS,20,,20045,Douglas,4827111,KSDOHE,14,"Evergy, Inc.",Evergy - Lawrence,Unit,28459513,EPACAMD,1250CAMDUNIT5,1250;5,1250,5,8/8/2011,,Yes
CT,9,,9009,New Haven,18867011,CTBAM,T144P0014C08677,"CPV Towantic, LLC",TOWANTIC ENERGY LLC,Unit,134853713,EPACAMD,56047CAMDUNIT1,56047;1,56047,1,4/27/2020,,Yes
TX,48,,48149,Fayette,14748911,TXCEQ,262,LOWER COLORADO RIVER AUTHORITY,WINCHESTER POWER PARK,Unit,90281113,EPACAMD,56674CAMDUNIT3,56674;3,56674,3,10/9/2014,,Yes
IN,18,,18153,Sullivan,8396211,INDEM,5,Na,HOOSIER ENERGY REC  INC    MEROM GENERA,Unit,1479713,EPACAMD,6213CAMDUNIT1SG1,6213;1SG1,6213,1SG1,8/8/2011,,Yes
NY,36,,36007,Broome,8380211,NYDEC,7030200079,STANDARD BINGHAMTON LLC,BINGHAMTON CO-GENERATION PLANT,Unit,64143213,EPACAMD,55600CAMDUNIT1,55600;1,55600,1,10/29/2014,,Yes
NY,36,,36003,Allegany,8377511,NYDEC,9025800018,ROCHESTER GAS & ELECTRIC CORP,RG&E ALLEGANY STATION #133,Unit,1494013,EPACAMD,10619CAMDUNIT00001,10619;00001,10619,1,6/22/2018,,Yes
SD,46,,46099,Minnehaha,9164411,SDDENR,28.0801-01,Northern States Power Company,Xcel Energy,Unit,54879813,EPACAMD,7237CAMDUNIT4,7237;4,7237,4,10/15/2014,12/31/2049,Yes
MD,24,,24043,Washington,6463211,MDDOE,043-0005,Allegheny Energy Supply Company LLC,R. Paul Smith Power Station,Unit,88029613,EPACAMD,1570CAMDUNIT11,1570;11,1570,11,8/8/2011,,Yes
OH,39,,39129,Pickaway,9242811,OHEPA,165000132,,Darby Electric Generating Station (0165000132),Unit,55201613,EPACAMD,55247CAMDUNITCT3,55247;CT3,55247,CT3,10/1/2014,,Yes
OH,39,,39173,Wood,9253811,OHEPA,387000377,,"Troy Energy, LLC (0387000377)",Unit,55202413,EPACAMD,55348CAMDUNIT4,55348;4,55348,4,9/23/2011,,Yes
OH,39,,39173,Wood,9253811,OHEPA,387000377,,"Troy Energy, LLC (0387000377)",Unit,55202313,EPACAMD,55348CAMDUNIT3,55348;3,55348,3,9/23/2011,,Yes
NY,36,,36045,Jefferson,8036811,NYDEC,6226000024,CARTHAGE ENERGY LLC,CARTHAGE ENERGY COGEN FACILITY,Unit,3684113,EPACAMD,10620CAMDUNIT1,10620;1,10620,1,11/5/2014,,Yes
LA,22,,22077,Pointe Coupee,8020711,LADEQ08,38867,Louisiana Generating LLC,Louisiana Generating LLC - Big Cajun II Power Plant,Unit,81503813,EPACAMD,6055CAMDUNIT2B3,6055;2B3,6055,2B3,8/8/2011,,Yes
IN,18,,18173,Warrick,8183111,INDEM,2,Na,ALCOA Warrick Power Plant AGC Div of Al,Unit,91184713,EPACAMD,6705CAMDUNIT4,6705;4,6705,4,3/21/2013,,Yes
IN,18,,18129,Posey,8166111,INDEM,10,Na,Sigeco AB Brown South Indiana Gas & Ele,Unit,5887913,EPACAMD,6137CAMDUNIT2,6137;2,6137,2,8/8/2011,,Yes
OH,39,,39085,Lake,8149511,OHEPA,243160009,FirstEnergy Generation Corporation,Eastlake Substation (0243160009),Unit,5943313,EPACAMD,2837CAMDUNIT5,2837;5,2837,5,8/8/2011,,Yes
NE,31,,31109,Lancaster,5281411,NELLCHD,130,Lincoln Electric System,LES Rokeby Generating Station,Unit,91231613,EPACAMD,6373CAMDUNIT3,6373;3,6373,3,11/6/2014,,Yes
MI,26,,26159,Van Buren,9510111,MIDEQ,N6767,"Eastern Generation, LLC","New Covert Generating Company, LLC",Unit,57848113,EPACAMD,55297CAMDUNIT001,55297;001,55297,1,8/8/2013,,Yes
MI,26,,26139,Ottawa,8125511,MIDEQ,B2835,Consumers Energy Company,J. H. Campbell Plant,Unit,6964313,EPACAMD,1710CAMDUNIT3,1710;3,1710,3,8/8/2011,,Yes
IN,18,,18179,Wells,5507411,INDEM,26,Na,Montpelier Generating Station LLC,Unit,27512813,EPACAMD,55229CAMDUNITG2CT2,55229;G2CT2,55229,G2CT2,9/23/2011,,Yes
IN,18,,18179,Wells,5507411,INDEM,26,Na,Montpelier Generating Station LLC,Unit,27512913,EPACAMD,55229CAMDUNITG1CT1,55229;G1CT1,55229,G1CT1,9/23/2011,,Yes
LA,22,,22055,Lafayette,9587011,LADEQ08,119640,Lafayette Consolidated Government,Lafayette Consolidated Government - T J Labbe Electric Generating Station,Unit,80803813,EPACAMD,56108CAMDUNITU-2,56108;U-2,56108,U-2,8/8/2011,,Yes
LA,22,,22019,Calcasieu,7354911,LADEQ08,1255,Eagle US 2 LLC,Eagle US 2 LLC - Lake Charles Complex,Unit,82320413,EPACAMD,55117CAMDUNITRS-6,55117;RS-6,55117,RS-6,8/8/2011,,Yes
TX,48,,48299,Llano,5655011,TXCEQ,2,LOWER COLORADO RIVER AUTHORITY,TC FERGUSON POWER PLANT,Unit,19733613,EPACAMD,4937CAMDUNIT1,4937;1,4937,1,8/8/2011,,Yes
MA,25,,25017,Middlesex,5646011,MADEP,1190093,"KENDALL GREEN ENERGY, LLC",KENDALL GREEN ENERGY LLC,Unit,19971313,EPACAMD,1595CAMDUNIT4,1595;4,1595,4,7/26/2014,,Yes
IL,17,,17031,Cook,9725911,ILEPA,031600GKE,,Exelon Generation Co LLC,Unit,59522213,EPACAMD,55281CAMDUNITCTG10,55281;CTG10,55281,CTG10,10/12/2014,,Yes
IL,17,,17031,Cook,9725911,ILEPA,031600GKE,,Exelon Generation Co LLC,Unit,59522113,EPACAMD,55281CAMDUNITCTG8,55281;CTG8,55281,CTG8,10/12/2014,,Yes
IL,17,,17031,Cook,9725911,ILEPA,031600GKE,,Exelon Generation Co LLC,Unit,59522013,EPACAMD,55281CAMDUNITCTG6,55281;CTG6,55281,CTG6,10/12/2014,,Yes
GA,13,,13103,Effingham,9736911,GADNR,10300012,,"Effingham County Power, LLC",Unit,57649213,EPACAMD,55406CAMDUNIT1,55406;1,55406,1,8/8/2011,,Yes
IL,17,,17127,Massac,5535711,ILEPA,127899AAA,"Midwest Electric Power, Inc",Midwest Electric Power Inc,Unit,26974013,EPACAMD,7858CAMDUNIT3,7858;3,7858,3,9/23/2011,,Yes
IL,17,,17171,Scott,5457411,ILEPA,171851AAA,Prairie Power Incorporated,Prairie Power Inc,Unit,27026813,EPACAMD,7818CAMDUNITACT5,7818;ACT5,7818,ACT5,10/27/2014,,Yes
PA,42,,42045,Delaware,10723711,PADEP,420450317,MARCUS HOOK ENERGY LP,MARCUS HOOK ENERGY LP/750 MW,Unit,58814513,EPACAMD,55801CAMDUNITAB01,55801;AB01,55801,AB01,8/8/2011,,Yes
MO,29,,29165,Platte,6795111,MODNR,7,Aquila Power Corporation,EVERGY INC IATAN GENERATING STATION,Unit,13105713,EPACAMD,6065CAMDUNIT1,6065;1,6065,1,8/8/2011,,Yes
MO,29,,29165,Platte,6795111,MODNR,7,Aquila Power Corporation,EVERGY INC IATAN GENERATING STATION,Unit,91539513,EPACAMD,6065CAMDUNIT2,6065;2,6065,2,3/18/2013,,Yes
MO,29,,29163,Pike,6794611,MODNR,47,Union Electric Company,AMEREN MISSOURI PENO CREEK ENERGY CENTER,Unit,13109413,EPACAMD,7964CAMDUNITCT1A,7964;CT1A,7964,CT1A,1/1/2013,,Yes
MO,29,,29163,Pike,6794611,MODNR,47,Union Electric Company,AMEREN MISSOURI PENO CREEK ENERGY CENTER,Unit,109322713,EPACAMD,7964CAMDUNITCT4B,7964;CT4B,7964,CT4B,1/1/2013,,Yes
TN,47,,47085,Humphreys,5720911,TNDEC,43-0011,TVA JOHNSONVILLE FOSSIL PLANT,TVA - Johnsonville Combustion Turbine Plant,Unit,23016213,EPACAMD,3406CAMDUNITJCT14,3406;JCT14,3406,JCT14,8/25/2014,12/31/2049,Yes
TN,47,,47085,Humphreys,5720911,TNDEC,43-0011,TVA JOHNSONVILLE FOSSIL PLANT,TVA - Johnsonville Combustion Turbine Plant,Unit,23016213,EPACAMD,3406CAMDUNITJCT4,3406;JCT4,3406,JCT4,8/25/2014,12/31/2049,Yes
TN,47,,47085,Humphreys,5720911,TNDEC,43-0011,TVA JOHNSONVILLE FOSSIL PLANT,TVA - Johnsonville Combustion Turbine Plant,Unit,23016213,EPACAMD,3406CAMDUNITJCT13,3406;JCT13,3406,JCT13,8/25/2014,12/31/2049,Yes
TN,47,,47157,Shelby,5720111,MSC_HD,528,Tennessee Valley Authority,TVA-Allen Fossil Plant,Unit,23030313,EPACAMD,3393CAMDUNIT1,3393;1,3393,1,8/8/2011,,Yes
MS,28,,28033,DeSoto,7184711,MSDEQ,2803300095,AI012199,TVA SOUTHAVEN COMBINED CYCLE PLANT,Unit,14319113,EPACAMD,55269CAMDUNITAA-002,55269;AA-002,55269,AA-002,8/8/2011,,Yes
MO,29,,29019,Boone,7164511,MODNR,2,City Of Columbia,COLUMBIA MUNICIPAL POWER PLANT,Unit,14383913,EPACAMD,2123CAMDUNIT8,2123;8,2123,8,8/8/2011,,Yes
MN,27,,27109,Olmsted,7150111,MNPCA,2710900020,Rochester Public Utilities,Cascade Creek Combustion Turbine & Substation ISW,Unit,14412313,EPACAMD,6058CAMDUNITCT3,6058;CT3,6058,CT3,11/6/2014,,Yes
NY,36,,36081,Queens,8310711,NYDEC,2630800096,KIAC PARTNERS,KIAC COGENERATION PLANT-JFK AIRPORT,Unit,97071613,EPACAMD,54114CAMDUNITGT2,54114;GT2,54114,GT2,8/22/2014,,Yes
NY,36,,36081,Queens,8309011,NYDEC,2630400024,TC RAVENSWOOD LLC,RAVENSWOOD GENERATING STATION,Unit,201313,EPACAMD,2500CAMDUNITCT02-4,2500;CT02-4,2500,CT02-4,9/24/2014,,Yes
NY,36,,36081,Queens,8309011,NYDEC,2630400024,TC RAVENSWOOD LLC,RAVENSWOOD GENERATING STATION,Unit,201413,EPACAMD,2500CAMDUNITCT03-1,2500;CT03-1,2500,CT03-1,9/24/2014,,Yes
NY,36,,36081,Queens,8309011,NYDEC,2630400024,TC RAVENSWOOD LLC,RAVENSWOOD GENERATING STATION,Unit,201613,EPACAMD,2500CAMDUNITCT03-3,2500;CT03-3,2500,CT03-3,9/24/2014,,Yes
NY,36,,36081,Queens,8309011,NYDEC,2630400024,TC RAVENSWOOD LLC,RAVENSWOOD GENERATING STATION,Unit,202913,EPACAMD,2500CAMDUNITCT0001,2500;CT0001,2500,CT0001,9/24/2014,,Yes
MI,26,,26163,Wayne,8522911,MIDEQ,B2185,City Of Detroit,DETROIT PUBLIC LIGHTING DEPARTMENT,Unit,242413,EPACAMD,1822CAMDUNIT7,1822;7,1822,7,9/23/2011,,Yes
MI,26,,26163,Wayne,8522911,MIDEQ,B2185,City Of Detroit,DETROIT PUBLIC LIGHTING DEPARTMENT,Unit,242213,EPACAMD,1822CAMDUNIT5,1822;5,1822,5,10/13/2014,,Yes
NC,37,,37159,Rowan,8508011,NCDAQ,3715900163,Southern Power Company,Plant Rowan County,Unit,256113,EPACAMD,7826CAMDUNIT3,7826;3,7826,3,10/8/2014,,Yes
NC,37,,37159,Rowan,8506911,NCDAQ,3715900004,"Duke Energy Carolinas, LLC","Duke Energy Carolinas, LLC - Buck Combined Cycle Facility",Unit,74620113,EPACAMD,2720CAMDUNIT9C,2720;9C,2720,9C,12/6/2014,,Yes
NC,37,,37159,Rowan,8506911,NCDAQ,3715900004,"Duke Energy Carolinas, LLC","Duke Energy Carolinas, LLC - Buck Combined Cycle Facility",Unit,265613,EPACAMD,2720CAMDUNIT9,2720;9,2720,9,8/8/2011,,Yes
NC,37,,37155,Robeson,8491311,NCDAQ,3715500166,"North Carolina Renewable Power - Lumberton, LLC","North Carolina Renewable Power - Lumberton, LLC",Unit,277713,EPACAMD,10382CAMDUNITUNIT1,10382;UNIT1,10382,UNIT1,7/28/2014,12/31/2049,Yes
NC,37,,37155,Robeson,8491311,NCDAQ,3715500166,"North Carolina Renewable Power - Lumberton, LLC","North Carolina Renewable Power - Lumberton, LLC",Unit,277713,EPACAMD,10382CAMDUNITUNIT2,10382;UNIT2,10382,UNIT2,7/28/2014,12/31/2049,Yes
NC,37,,37155,Robeson,8491111,NCDAQ,3715500147,"Duke Energy Progress, LLC","Duke Energy Progress, LLC - W. H. Weatherspoon Plant",Unit,278613,EPACAMD,2716CAMDUNIT5,2716;5,2716,5,11/6/2014,,Yes
NC,37,,37155,Robeson,8491111,NCDAQ,3715500147,"Duke Energy Progress, LLC","Duke Energy Progress, LLC - W. H. Weatherspoon Plant",Unit,279013,EPACAMD,2716CAMDUNIT1,2716;1,2716,1,8/8/2011,,Yes
NC,37,,37153,Richmond,8490411,NCDAQ,3715300070,"Duke Energy Progress, LLC","Duke Energy Progress, LLC - Richmond County Turbines",Unit,281213,EPACAMD,7805CAMDUNIT8,7805;8,7805,8,8/8/2011,,Yes
OK,40,,40153,Woodward,8518611,OKDEQ,1701,WESTERN FARMERS ELECTRIC COOPERATIVE,MOORELAND GENERATING STATION,Unit,527513,EPACAMD,3008CAMDUNIT1,3008;1,3008,1,8/8/2011,,Yes
OK,40,,40101,Muskogee,8506011,OKDEQ,1209,OG AND E,MUSKOGEE GENERATING STATION,Unit,535313,EPACAMD,2952CAMDUNIT6,2952;6,2952,6,8/8/2011,,Yes
NY,36,,36103,Suffolk,8452911,NYDEC,1472202441,NISSEQUOGUE COGEN PARTNERS,NISSEQUOGUE COGEN PARTNERS PLANT,Unit,574413,EPACAMD,54149CAMDUNIT1,54149;1,54149,1,8/8/2011,,Yes
CA,6,,6061,Placer,15695911,CARB,3116232046,ROSEVILLE ELECTRIC,ROSEVILLE ENERGY PARK,Unit,100281313,EPACAMD,56298CAMDUNITCT002,56298;CT002,56298,CT002,11/1/2014,,Yes
VA,51,,51071,Giles,4184611,VADEQ,20460,American Electric Power Glen Lyn,APCO - Glen Lyn,Unit,32645013,EPACAMD,3776CAMDUNIT6,3776;6,3776,6,8/8/2011,,Yes
CO,8,,8041,El Paso,4391711,CODPHE,CO0000000804100004,Colorado Springs Utilities,COLORADO SPRINGS UTILITIES- MARTIN DRAKE,Unit,36145413,EPACAMD,492CAMDUNIT6,492;6,492,6,8/8/2011,,Yes
CO,8,,8001,Adams,3555811,CODPHE,CO0000000800100001,Public Service Company Of Colorado,PUBLIC SERVICE CO - CHEROKEE PLT,Unit,124566013,EPACAMD,469CAMDUNIT5,469;5,469,5,4/18/2017,,Yes
CO,8,,8001,Adams,3555811,CODPHE,CO0000000800100001,Public Service Company Of Colorado,PUBLIC SERVICE CO - CHEROKEE PLT,Unit,124566113,EPACAMD,469CAMDUNIT6,469;6,469,6,4/18/2017,,Yes
CO,8,,8001,Adams,3555811,CODPHE,CO0000000800100001,Public Service Company Of Colorado,PUBLIC SERVICE CO - CHEROKEE PLT,Unit,36702613,EPACAMD,469CAMDUNIT3,469;3,469,3,8/8/2011,,Yes
SC,45,,45015,Berkeley,4120411,SCDHEC,0420-0030,Santee Cooper,SANTEE COOPER CROSS GENERATING STATION,Unit,69629813,EPACAMD,130CAMDUNIT3,130;3,130,3,8/8/2011,,Yes
GA,13,,13127,Glynn,3721111,GADNR,12700004,Georgia Power Company,Ga Power Company - Plant McManus,Unit,36833213,EPACAMD,715CAMDUNIT4B,715;4B,715,4B,10/8/2014,,Yes
IN,18,,18167,Vigo,12766611,INDEM,147,Na,Wabash River Highland Plant,Unit,65429313,EPACAMD,1010CAMDUNIT1,1010;1,1010,1,5/15/2013,12/31/2015,Yes
RI,44,,44007,Providence,3073211,RIDEM,AIR3914,FPL Energy Inc.,RHODE ISLAND STATE ENERGY CENTER,Unit,103257813,EPACAMD,55107CAMDUNITRISEP2,55107;RISEP2,55107,RISEP2,8/14/2014,12/31/2049,Yes
KS,20,,20055,Finney,3167811,KSDOHE,26,Sunflower Electric Power Corporation,Sunflower Electric - Garden City,Unit,38765013,EPACAMD,1336CAMDUNITS-2,1336;S-2,1336,S-2,8/8/2011,,Yes
CA,6,,6077,San Joaquin,1405711,CARB,3914302697,NORTHERN CALIFORNIA POWER,NORTHERN CALIFORNIA POWER,Unit,120963713,EPACAMD,57978CAMDUNITCT1,57978;CT1,57978,CT1,4/25/2017,,Yes
CA,6,,6101,Sutter,1371811,CARB,51160813005,SUTTER ENERGY CENTER,SUTTER ENERGY CENTER,Unit,43619013,EPACAMD,55112CAMDUNITCT01,55112;CT01,55112,CT01,8/8/2011,,Yes
CA,6,,6101,Sutter,1371611,CARB,51160813003,"CALPINE CORP, GL UNIT 1",GREENLEAF I,Unit,43619913,EPACAMD,10350CAMDUNIT1,10350;1,10350,1,8/24/2014,,Yes
IL,17,,17043,DuPage,3220911,ILEPA,043407AAF,,Aurora Generation LLC,Unit,39465713,EPACAMD,55279CAMDUNITAGS09,55279;AGS09,55279,AGS09,9/23/2011,,Yes
AR,5,,5059,Hot Spring,658911,ARDEQ,505900011,ENTERGY,ENTERGY ARK LLC-LAKE CATHERINE,Unit,63320413,EPACAMD,170CAMDUNIT4,170;4,170,4,8/8/2011,,Yes
CT,9,,9009,New Haven,643411,CTBAM,T117P0551C08087,"PSEG POWER CT, LLC",PSEG FOSSIL LLC/ POWER CT LLC,Unit,46449613,EPACAMD,6156CAMDUNITNHB1,6156;NHB1,6156,NHB1,8/8/2011,,Yes
FL,12,,12105,Polk,643111,FLDEP,1050004,Lakeland Electric,"C.D. MCINTOSH, JR. POWER PLANT",Unit,46453813,EPACAMD,676CAMDUNIT1,676;1,676,1,9/23/2011,,Yes
DE,10,,10005,Sussex,640911,DEDNR,1000500001,"Indian River Power, LLC",INDIAN RIVER GENERATING STATION,Unit,46474813,EPACAMD,594CAMDUNIT10,594;10,594,10,7/22/2012,,Yes
FL,12,,12031,Duval,922611,FLDEP,310337,,"CEDAR BAY GENERATING COMPANY, L.P.",Unit,46490013,EPACAMD,10672CAMDUNITCBC,10672;CBC,10672,CBC,8/8/2011,,Yes
FL,12,,12071,Lee,922311,FLDEP,710002,Florida Power & Light Company,FLORIDA POWER & LIGHT,Unit,125617913,EPACAMD,612CAMDUNITPFM3D,612;PFM3D,612,PFM3D,12/17/2018,,Yes
FL,12,,12071,Lee,922311,FLDEP,710002,Florida Power & Light Company,FLORIDA POWER & LIGHT,Unit,67302513,EPACAMD,612CAMDUNITGFM09,612;GFM09,612,GFM09,10/9/2014,,Yes
FL,12,,12071,Lee,922311,FLDEP,710002,Florida Power & Light Company,FLORIDA POWER & LIGHT,Unit,46494013,EPACAMD,612CAMDUNITFMCT2E,612;FMCT2E,612,FMCT2E,8/8/2011,,Yes
FL,12,,12071,Lee,922311,FLDEP,710002,Florida Power & Light Company,FLORIDA POWER & LIGHT,Unit,67302713,EPACAMD,612CAMDUNITGFM11,612;GFM11,612,GFM11,10/9/2014,,Yes
FL,12,,12099,Palm Beach,921511,FLDEP,990042,Florida Power & Light Company,FLORIDA POWER & LIGHT (PRV),Unit,89404413,EPACAMD,619CAMDUNITRBCT5A,619;RBCT5A,619,RBCT5A,7/15/2015,,Yes
IL,17,,17041,Douglas,2599311,ILEPA,041030ABG,Suez-Degs Of Tuscola LLC,DTE Tuscola LLC,Unit,40760613,EPACAMD,55245CAMDUNIT1,55245;1,55245,1,8/8/2011,,Yes
AL,1,,1129,Washington,1028911,ADEM,12,"Alabama Electric Cooperative, Inc",PowerSouth Energy Cooperative Inc,Unit,83310613,EPACAMD,7063CAMDUNIT**3,7063;**3,7063,**3,9/23/2011,,Yes
CA,6,,6065,Riverside,13483911,CARB,3.31E+11,"INLAND EMPIRE ENERGY CENTER, LLC","INLAND EMPIRE ENERGY CENTER, LLC",Unit,76271413,EPACAMD,55853CAMDUNIT2,55853;2,55853,2,8/21/2018,,No
AL,1,,1081,Lee,953511,ADEM,36,Georgia Power Company,Southern Power Company,Unit,83316713,EPACAMD,7710CAMDUNIT3B,7710;3B,7710,3B,8/8/2011,,Yes
AL,1,,1081,Lee,953511,ADEM,36,Georgia Power Company,Southern Power Company,Unit,47373413,EPACAMD,7710CAMDUNIT1A,7710;1A,7710,1A,8/8/2011,,Yes
FL,12,,12057,Hillsborough,538611,FLDEP,570039,Tampa Electric Company,TEC Big Bend,Unit,48398013,EPACAMD,645CAMDUNITBB03,645;BB03,645,BB03,8/8/2011,,Yes
CA,6,,6073,San Diego,13562711,CARB,3712277084,CHULA VISTA ENERGY CENTER LLC,CHULA VISTA ENERGY CENTER LLC,Unit,78684613,EPACAMD,55540CAMDUNIT1A,55540;1A,55540,1A,12/30/2049,12/31/2049,Yes
CO,8,,8081,Moffat,1839711,CODPHE,CO0000000808100018,Tri-State Generation & Transmission,TRI STATE GENERATION CRAIG,Unit,41819813,EPACAMD,6021CAMDUNITC3,6021;C3,6021,C3,8/8/2011,,Yes
FL,12,,12097,Osceola,1950911,FLDEP,970014,Progress Energy Corporation,"DUKE ENERGY FLORIDA, LLC",Unit,41858013,EPACAMD,8049CAMDUNIT3B,8049;3B,8049,3B,10/3/2014,12/31/2049,Yes
CA,6,,6013,Contra Costa,150711,CARB,7130312095,DELTA ENERGY CENTER,DELTA ENERGY CENTER,Unit,51454313,EPACAMD,55333CAMDUNIT3,55333;3,55333,3,8/8/2011,,Yes
NC,37,,37007,Anson,10616211,NCDAQ,3700700050,North Carolina Electric Membership Corporation,NCEMC - Anson Plant,Unit,74982813,EPACAMD,56249CAMDUNITES3-B,56249;ES3-B,56249,ES3-B,8/14/2014,12/31/2049,Yes
NV,32,,32003,Clark,10626511,NVCCDAQM,423,,Nevada Sun Peak Partnerships,Unit,58434913,EPACAMD,54854CAMDUNIT5,54854;5,54854,5,2/28/2018,,Yes
NC,37,,37153,Richmond,10631811,NCDAQ,3715300082,North Carolina Electric Membership Corporation,NCEMC - Hamlet Plant,Unit,74982313,EPACAMD,56292CAMDUNITES1-A,56292;ES1-A,56292,ES1-A,8/14/2014,12/31/2049,Yes
CA,6,,6067,Sacramento,4919711,CARB,341624195,SACRAMENTO COGENERATION AUTHOY,SACRAMENTO COGENERATION AUTHOY,Unit,32324713,EPACAMD,7551CAMDUNIT1A,7551;1A,7551,1A,10/12/2014,,Yes
VA,51,,51740,Portsmouth city,4938911,VADEQ,61049,Portsmouth Genco LLC,Portsmouth Genco LLC,Unit,32361913,EPACAMD,10071CAMDUNITBLR01B,10071;BLR01B,10071,BLR01B,8/8/2011,,Yes
VA,51,,51740,Portsmouth city,4938911,VADEQ,61049,Portsmouth Genco LLC,Portsmouth Genco LLC,Unit,32361313,EPACAMD,10071CAMDUNITBLR01A,10071;BLR01A,10071,BLR01A,8/8/2011,,Yes
VA,51,,51740,Portsmouth city,4938911,VADEQ,61049,Portsmouth Genco LLC,Portsmouth Genco LLC,Unit,32361113,EPACAMD,10071CAMDUNITBLR02A,10071;BLR02A,10071,BLR02A,8/8/2011,,Yes
IN,18,,18097,Marion,4885311,INDEM,34,Na,Citizens Thermal,Unit,100805713,EPACAMD,992CAMDUNIT15,992;15,992,15,3/19/2013,,Yes
ID,16,,16055,Kootenai,15472711,IDDEQ,5500040,,AVISTA CORP,Unit,96584113,EPACAMD,7456CAMDUNIT1,7456;1,7456,1,10/9/2014,,Yes
GA,13,,13087,Decatur,15498211,GADNR,8700053,,Bainbridge Power Facility,Unit,97049613,EPACAMD,56015CAMDUNITP2A,56015;P2A,56015,P2A,10/29/2014,12/31/2049,Yes
GA,13,,13303,Washington,15502311,GADNR,30300040,,AL Sandersville,Unit,97057613,EPACAMD,55672CAMDUNITCT5,55672;CT5,55672,CT5,1/6/2014,,Yes
AR,5,,5093,Mississippi,15259811,ARDEQ,509300461,Plum Point Energy,PLUM POINT ENERGY STATION STATION UNIT 1,Unit,95994413,EPACAMD,56456CAMDUNIT1,56456;1,56456,1,4/4/2013,,Yes
GA,13,,13233,Polk,15602211,GADNR,23300042,,Sewell Creek Energy Facility,Unit,98381113,EPACAMD,7813CAMDUNIT4,7813;4,7813,4,4/10/2014,,Yes
GA,13,,13233,Polk,15602211,GADNR,23300042,,Sewell Creek Energy Facility,Unit,98380813,EPACAMD,7813CAMDUNIT1,7813;1,7813,1,4/10/2014,,Yes
NC,37,,37045,Cleveland,16600211,NCDAQ,3704500372,Southern Power Company,Cleveland County Generating Facility,Unit,106270513,EPACAMD,57029CAMDUNITES4,57029;ES4,57029,ES4,10/8/2014,,Yes
TX,48,,48187,Guadalupe,7720411,TXCEQ,13,CITY PUBLIC SERVICE BOARD,RIO NOGALES POWER PLANT,Unit,2930313,EPACAMD,55137CAMDUNITCTG-2,55137;CTG-2,55137,CTG-2,8/8/2011,,Yes
IL,17,,17197,Will,7973011,ILEPA,197809AAO,"Midwest Generation Eme, LLC",Midwest Generation LLC,Unit,2980313,EPACAMD,384CAMDUNIT81,384;81,384,81,8/14/2014,12/31/2049,Yes
IN,18,,18029,Dearborn,7972611,INDEM,2,Na,Tanners Creek Development LLC,Unit,2990313,EPACAMD,988CAMDUNITU2,988;U2,988,U2,8/8/2011,,Yes
IN,18,,18029,Dearborn,7972611,INDEM,2,Na,Tanners Creek Development LLC,Unit,2990113,EPACAMD,988CAMDUNITU3,988;U3,988,U3,8/8/2011,,Yes
IN,18,,18095,Madison,7956711,INDEM,51,Na,Indiana Municipal Power Agency Anderson,Unit,3011413,EPACAMD,7336CAMDUNITACT2,7336;ACT2,7336,ACT2,10/1/2014,12/31/2049,Yes
NC,37,,37087,Haywood,7920511,NCDAQ,3708700159,Blue Ridge Paper Products LLC,Blue Ridge Paper Products LLC,Unit,3185213,EPACAMD,50244CAMDUNITRC,50244;RC,50244,RC,4/21/2017,,Yes
MI,26,,26163,Wayne,7887511,MIDEQ,B2812,Detroit Edison Company,DTE - Electric Company CONNERS CREEK,Unit,3299713,EPACAMD,1726CAMDUNIT17,1726;17,1726,17,9/23/2011,,Yes
NY,36,,36103,Suffolk,9318011,NYDEC,1472204141,NATIONAL GRID PORT JEFFERSON ENERGY CENTER LLC,PORT JEFFERSON ENERGY CENTER,Unit,55407613,EPACAMD,2517CAMDUNITUGT003,2517;UGT003,2517,UGT003,12/6/2014,12/31/2049,Yes
NC,37,,37109,Lincoln,7731511,NCDAQ,3710900082,"Duke Energy Carolinas, LLC",Duke Energy Corporation LCTS,Unit,3480013,EPACAMD,7277CAMDUNIT7,7277;7,7277,7,8/14/2014,12/31/2049,Yes
NC,37,,37109,Lincoln,7731511,NCDAQ,3710900082,"Duke Energy Carolinas, LLC",Duke Energy Corporation LCTS,Unit,3480013,EPACAMD,7277CAMDUNIT10,7277;10,7277,10,8/14/2014,12/31/2049,Yes
NC,37,,37109,Lincoln,7731511,NCDAQ,3710900082,"Duke Energy Carolinas, LLC",Duke Energy Corporation LCTS,Unit,3480013,EPACAMD,7277CAMDUNIT4,7277;4,7277,4,8/14/2014,12/31/2049,Yes
NC,37,,37109,Lincoln,7731511,NCDAQ,3710900082,"Duke Energy Carolinas, LLC",Duke Energy Corporation LCTS,Unit,3480013,EPACAMD,7277CAMDUNIT13,7277;13,7277,13,8/14/2014,12/31/2049,Yes
AL,1,,1127,Walker,7917311,ADEM,1,Alabama Power Company,Alabama Power Company-Gorgas,Unit,3531713,EPACAMD,8CAMDUNIT6,8;6,8,6,8/8/2011,,Yes
AL,1,,1127,Walker,7917311,ADEM,1,Alabama Power Company,Alabama Power Company-Gorgas,Unit,3531813,EPACAMD,8CAMDUNIT10,8;10,8,10,8/8/2011,,Yes
IA,19,,19009,Audubon,9661311,IADNR,05-04-002,WESTERN MINNESOTA MUNICIPAL POWER AGENCY,WESTERN MINNESOTA MUNICIPAL POWER AGENCY,Unit,67654313,EPACAMD,56013CAMDUNITU-1,56013;U-1,56013,U-1,10/14/2014,,Yes
PA,42,,42017,Bucks,8004311,PADEP,420170006,CONSTELLATION ENERGY GENERATION LLC,EXELON GENERATION CO/CROYDON GEN STA,Unit,5057113,EPACAMD,8012CAMDUNIT31,8012;31,8012,31,8/17/2014,,Yes
PA,42,,42017,Bucks,8004311,PADEP,420170006,CONSTELLATION ENERGY GENERATION LLC,EXELON GENERATION CO/CROYDON GEN STA,Unit,5057013,EPACAMD,8012CAMDUNIT21,8012;21,8012,21,8/17/2014,,Yes
NJ,34,,34039,Union,7990011,NJDEP,41809,Cogen Technologies Linden Venture,"Cogen Technologies Linden Venture, L.P.",Unit,5105213,EPACAMD,50006CAMDUNIT005001,50006;005001,50006,5001,8/8/2011,,Yes
OR,41,,41049,Morrow,8184111,ORDEQ,25-0031,Portland General Electric Company,Coyote Springs Plant,Unit,72158313,EPACAMD,7350CAMDUNITCTG2,7350;CTG2,7350,CTG2,8/8/2011,,Yes
TX,48,,48277,Lamar,6431011,TXCEQ,13,PARIS GENERATION LP,PARIS GENERATION,Unit,16595313,EPACAMD,50109CAMDUNITHRSG1,50109;HRSG1,50109,HRSG1,8/8/2011,,Yes
TX,48,,48201,Harris,6429511,TXCEQ,386,CLEAR LAKE COGENERATION LP,CLEAR LAKE COGENERATION,Unit,16631213,EPACAMD,10741CAMDUNITG104,10741;G104,10741,G104,8/8/2011,,Yes
TX,48,,48201,Harris,6429411,TXCEQ,387,ODYSSEY ENERGY ALTURA COGEN LLC,ALTURA COGEN,Unit,16631813,EPACAMD,50815CAMDUNITENG301,50815;ENG301,50815,ENG301,8/8/2011,,Yes
MI,26,,26163,Wayne,6441111,MIDEQ,M4854,Wolverine Power Supply Cooperative Inc.,Sumpter Generating Plant,Unit,16725013,EPACAMD,7972CAMDUNIT1,7972;1,7972,1,9/23/2011,,Yes
VA,51,,51061,Fauquier,6744911,VADEQ,40961,Dominion - Remington CT Station,Dominion - Remington CT Station,Unit,13418613,EPACAMD,7838CAMDUNIT2,7838;2,7838,2,7/27/2014,,Yes
WV,54,,54049,Marion,6901411,WVDAQ,9,Monongahela Power Company,MONONGAHELA POWER CO. - RIVESVILLE PS,Unit,71944113,EPACAMD,3945CAMDUNIT8,3945;8,3945,8,8/8/2011,,Yes
WV,54,,54049,Marion,6901411,WVDAQ,9,Monongahela Power Company,MONONGAHELA POWER CO. - RIVESVILLE PS,Unit,71944013,EPACAMD,3945CAMDUNIT7,3945;7,3945,7,8/8/2011,,Yes
VA,51,,51033,Caroline,6866611,VADEQ,40960,Dominion - Ladysmith CT Station,Dominion - Ladysmith CT Station,Unit,13523713,EPACAMD,7839CAMDUNIT4,7839;4,7839,4,7/27/2014,,Yes
VA,51,,51033,Caroline,6866611,VADEQ,40960,Dominion - Ladysmith CT Station,Dominion - Ladysmith CT Station,Unit,13523313,EPACAMD,7839CAMDUNIT1,7839;1,7839,1,7/27/2014,,Yes
MN,27,,27031,Cook,7039811,MNPCA,2703100001,"Minnesota Power, Inc.",Minnesota Power - Taconite Harbor Energy Center,Unit,15137113,EPACAMD,10075CAMDUNIT3,10075;3,10075,3,8/8/2011,,Yes
MN,27,,27019,Carver,7003611,MNPCA,2701900010,,Great River Energy - Saint Bonifacius,Unit,15160113,EPACAMD,6824CAMDUNIT2,6824;2,6824,2,8/15/2018,,Yes
MN,27,,27141,Sherburne,6990811,MNPCA,2714100004,Northern States Power,Xcel Energy - Sherburne County Generating Plant,Unit,15173513,EPACAMD,6090CAMDUNIT3,6090;3,6090,3,8/8/2011,,Yes
NJ,34,,34017,Hudson,7217311,NJDEP,12200,PSEG Power LLC,Kearny Generating Station,Unit,10029513,EPACAMD,2404CAMDUNIT16001,2404;16001,2404,16001,10/15/2014,,Yes
OR,41,,41009,Columbia,7393911,ORDEQ,20-May,Portland General Electric Company,Beaver Plant/Port Westward I Plant,Unit,68311713,EPACAMD,56227CAMDUNITPWEU1,56227;PWEU1,56227,PWEU1,10/4/2014,,Yes
NJ,34,,34003,Bergen,7392311,NJDEP,2488,PSEG Power LLC,PSEG Bergen Generating Station,Unit,10494713,EPACAMD,2398CAMDUNIT2201,2398;2201,2398,2201,8/14/2014,12/31/2049,Yes
PA,42,,42079,Luzerne,18895311,PADEP,420790126,MOXIE FREEDOM LLC DBA CAITHNESS MOXIE FREEDOM,CAITHNESS MOXIE FREEDOM GENERATION PLANT/SALEM TWP,Unit,135438713,EPACAMD,59906CAMDUNIT201,59906;201,59906,201,1/25/2021,,Yes
PA,42,,42011,Berks,18895911,PADEP,420110505,BIRDSBORO POWER LLC,BIRDSBORO POWER LLC/BIRDSBORO POWER PROJECT,Unit,137554713,EPACAMD,61035CAMDUNIT01,61035;01,61035,1,2/3/2021,,Yes
PA,42,,42069,Lackawanna,18896111,PADEP,420690135,LACKAWANNA ENERGY CTR LLC,LACKAWANNA ENERGY CTR LLC/JESSUP,Unit,135449413,EPACAMD,60357CAMDUNIT1,60357;1,60357,1,1/25/2021,,Yes
MO,29,,29021,Buchanan,6346411,MODNR,4,"Aquila, Inc",EVERGY INC LAKE ROAD GENERATING STATION,Unit,15422413,EPACAMD,2098CAMDUNIT6,2098;6,2098,6,8/8/2011,,Yes
PA,42,,42073,Lawrence,19000811,PADEP,420730001,HICKORY RUN ENERGY LLC,HICKORY RUN ENERGY LLC/NORTH BEAVER TWP,Unit,137546013,EPACAMD,61028CAMDUNITCT2,61028;CT2,61028,CT2,5/25/2022,,Yes
PA,42,,42073,Lawrence,19000811,PADEP,420730001,HICKORY RUN ENERGY LLC,HICKORY RUN ENERGY LLC/NORTH BEAVER TWP,Unit,137545913,EPACAMD,61028CAMDUNITCT1,61028;CT1,61028,CT1,5/25/2022,,Yes
OH,39,,39029,Columbiana,19051111,OHEPA,215132003,,South Field Energy LLC (0215132003),Unit,155148313,EPACAMD,60356CAMDUNIT2,60356;2,60356,2,2/20/2023,,Yes
NJ,34,,34033,Salem,7479811,NJDEP,65495,Conectiv Atlantic Generation LLC,Deepwater Energy Center,Unit,11632913,EPACAMD,2384CAMDUNIT1,2384;1,2384,1,9/23/2011,,Yes
NJ,34,,34013,Essex,7478411,NJDEP,7627,PSEG Fossil LLC,PSEG FOSSIL LLC ESSEX GENERATING STATION,Unit,11647413,EPACAMD,2401CAMDUNIT16001,2401;16001,2401,16001,8/15/2014,12/31/2049,Yes
NJ,34,,34013,Essex,7464111,NJDEP,7617,Newark Bay Cogen Partnership LP,Newark Bay Cogeneration Partnership LP,Unit,11647913,EPACAMD,50385CAMDUNIT1001,50385;1001,50385,1001,8/23/2014,,Yes
NJ,34,,34011,Cumberland,7461611,NJDEP,75482,City Of Vineland,Vineland Municipal Electric Utility (VMEU),Unit,11680913,EPACAMD,6776CAMDUNIT002001,6776;002001,6776,2001,10/23/2014,,Yes
VA,51,,51001,Accomack,6960911,VADEQ,40898,Commonwealth Chesapeake Power Station,Commonwealth Chesapeake Power Station,Unit,14006913,EPACAMD,55381CAMDUNITCT-005,55381;CT-005,55381,CT-005,10/9/2014,12/31/2049,Yes
VA,51,,51087,Henrico,6311211,VADEQ,50997,Dominion - Darbytown CT Station,Dominion - Darbytown CT Station,Unit,58459013,EPACAMD,7212CAMDUNIT3,7212;3,7212,3,9/23/2011,,Yes
MN,27,,27037,Dakota,6276011,MNPCA,2703700015,,Xcel Energy - Inver Hills Generating Plant,Unit,15794813,EPACAMD,1913CAMDUNIT3,1913;3,1913,3,9/24/2014,,Yes
TX,48,,48201,Harris,21432611,TXCEQ,2067,HO CLARKE GENERATING LLC,HO CLARKE GENERATING,Unit,156205213,EPACAMD,63335CAMDUNITCT-1,63335;CT-1,63335,CT-1,2/20/2023,,Yes
NC,37,,37145,Person,7826311,NCDAQ,3714500056,CPI USA North Carolina LLC,CPI USA North Carolina LLC,Unit,2212213,EPACAMD,10379CAMDUNITBLR01A,10379;BLR01A,10379,BLR01A,8/14/2014,12/31/2049,Yes
NC,37,,37145,Person,7826011,NCDAQ,3714500029,"Duke Energy Progress, LLC","Duke Energy Progress, LLC - Roxboro Steam Electric Plant",Unit,2215413,EPACAMD,2712CAMDUNIT2,2712;2,2712,2,8/8/2011,,Yes
IL,17,,17119,Madison,7791011,ILEPA,119020AAE,Dynegy Midwest Generation,Wood River,Unit,2330513,EPACAMD,898CAMDUNIT1,898;1,898,1,11/3/2014,12/31/2049,Yes
IL,17,,17119,Madison,7791011,ILEPA,119020AAE,Dynegy Midwest Generation,Wood River,Unit,2330513,EPACAMD,898CAMDUNIT2,898;2,898,2,11/3/2014,12/31/2049,Yes
TX,48,,48035,Bosque,5617311,TXCEQ,2,CALPINE BOSQUE ENERGY CENTER LLC,BOSQUE COUNTY POWER PLANT WHITNEY,Unit,21255113,EPACAMD,55172CAMDUNITGT-2,55172;GT-2,55172,GT-2,9/23/2011,,Yes
TX,48,,48029,Bexar,5617211,TXCEQ,63,CITY PUBLIC SERVICE BOARD,CALAVERAS PLANT,Unit,21257713,EPACAMD,7097CAMDUNIT**1,7097;**1,7097,**1,8/8/2011,,Yes
MA,25,,25021,Norfolk,5851311,MADEP,1200133,EXELON WEST MEDWAY LLC AND WEST MEDWAY II LLC,CONSTELLATION WEST MEDWAY LLC,Unit,87476613,EPACAMD,1592CAMDUNITJ1T1,1592;J1T1,1592,J1T1,10/27/2014,,Yes
MA,25,,25021,Norfolk,5851311,MADEP,1200133,EXELON WEST MEDWAY LLC AND WEST MEDWAY II LLC,CONSTELLATION WEST MEDWAY LLC,Unit,137477813,EPACAMD,59882CAMDUNITJ5,59882;J5,59882,J5,2/8/2021,,Yes
CA,6,,6037,Los Angeles,5796711,CARB,1.91E+11,"LA CITY, DWP HAYNES GENERATING STATION","LA CITY, DWP HAYNES GENERATING STATION",Unit,86018013,EPACAMD,400CAMDUNIT10,400;10,400,10,9/23/2011,1/1/2013,Yes
WV,54,,54039,Kanawha,5782311,WVDAQ,3,Union Carbide Corporation,UNION CARBIDE CORP -SO CHARLESTON FAC.,Unit,71718013,EPACAMD,50151CAMDUNITB27,50151;B27,50151,B27,8/8/2011,,Yes
WV,54,,54039,Kanawha,5782311,WVDAQ,3,Union Carbide Corporation,UNION CARBIDE CORP -SO CHARLESTON FAC.,Unit,71717913,EPACAMD,50151CAMDUNITB26,50151;B26,50151,B26,8/8/2011,,Yes
TX,48,,48409,San Patricio,5780011,TXCEQ,52,GREGORY POWER PARTNERS LP,GREGORY POWER FACILITY,Unit,21678213,EPACAMD,55086CAMDUNIT101,55086;101,55086,101,8/8/2011,,Yes
MD,24,,24025,Harford,6131311,MDDOE,025-0024,"Constellation Power Source Generation, Inc.",Constellation Power - Perryman Power Plant,Unit,87957713,EPACAMD,1556CAMDUNIT**51,1556;**51,1556,**51,8/8/2011,,Yes
LA,22,,22017,Caddo,6116111,LADEQ08,1060,Southwestern Electric Power Co (SWEPCO),Southwestern Electric Power Company - Arsenal Hill Power Plant,Unit,95093913,EPACAMD,1416CAMDUNITCTG-6B,1416;CTG-6B,1416,CTG-6B,5/22/2013,,Yes
MD,24,,24003,Anne Arundel,6084311,MDDOE,003-0468,"Constellation Power Source Generation, Inc.",Raven Power Fort Smallwood LLC,Unit,87886713,EPACAMD,1554CAMDUNIT4,1554;4,1554,4,8/8/2011,,Yes
MD,24,,24003,Anne Arundel,6084311,MDDOE,003-0468,"Constellation Power Source Generation, Inc.",Raven Power Fort Smallwood LLC,Unit,87887013,EPACAMD,1554CAMDUNIT1,1554;1,1554,1,8/8/2011,,Yes
KY,21,,21239,Woodford,6101411,KYDAQ,2123900001,Kentucky Utilities Company,KY Utilities Co - Tyrone Station,Unit,83025613,EPACAMD,1361CAMDUNIT5,1361;5,1361,5,8/8/2011,,Yes
MO,29,,29099,Jefferson,5258811,MODNR,16,Union Electric Company,AMEREN MISSOURI RUSH ISLAND ENERGY CENTER,Unit,26073013,EPACAMD,6155CAMDUNIT2,6155;2,6155,2,8/8/2011,,Yes
KY,21,,21177,Muhlenberg,5196711,KYDAQ,2117700006,Tennessee Valley Authority,Tennessee Valley Authority - Paradise Fossil Plant,Unit,86764513,EPACAMD,1378CAMDUNIT1,1378;1,1378,1,8/8/2011,,Yes
KY,21,,21177,Muhlenberg,5196411,KYDAQ,2117700001,Kentucky Utilities Company,KY Utilities Co - Green River Station,Unit,26159413,EPACAMD,1357CAMDUNIT5,1357;5,1357,5,8/8/2011,,Yes
KY,21,,21177,Muhlenberg,5196411,KYDAQ,2117700001,Kentucky Utilities Company,KY Utilities Co - Green River Station,Unit,26159613,EPACAMD,1357CAMDUNIT4,1357;4,1357,4,8/8/2011,,Yes
KS,20,,20209,Wyandotte,4633811,KSDOHE,8,Board of Public Utilities,Kansas City BPU - Nearman,Unit,63911713,EPACAMD,6064CAMDUNITCT4,6064;CT4,6064,CT4,8/21/2014,,Yes
KY,21,,21167,Mercer,5933111,KYDAQ,2116700001,Louisville Gas And Electric Company,KY Utilities Co - Brown Station,Unit,86760513,EPACAMD,1355CAMDUNIT8,1355;8,1355,8,10/1/2014,,Yes
KY,21,,21167,Mercer,5933111,KYDAQ,2116700001,Louisville Gas And Electric Company,KY Utilities Co - Brown Station,Unit,24595913,EPACAMD,1355CAMDUNIT1,1355;1,1355,1,8/8/2011,,Yes
LA,22,,22047,Iberville,5504511,LADEQ08,2625,Entergy Louisiana LLC,Entergy LA LLC - Willow Glen Generating Plant,Unit,81115013,EPACAMD,1394CAMDUNIT2,1394;2,1394,2,8/2/2011,12/31/2049,Yes
VA,51,,51550,Chesapeake city,5040211,VADEQ,60163,Dominion - Chesapeake Energy Center,Dominion - Chesapeake Energy Center,Unit,28681313,EPACAMD,3803CAMDUNIT2,3803;2,3803,2,8/8/2011,,Yes
TX,48,,48453,Travis,5021711,TXCEQ,2,CITY OF AUSTIN ELECTRIC UTILITY DEPARTMENT DBA AUSTIN ENERGY,DECKER CREEK POWER PLANT,Unit,28727713,EPACAMD,3548CAMDUNIT1,3548;1,3548,1,8/8/2011,,Yes
TX,48,,48453,Travis,5021711,TXCEQ,2,CITY OF AUSTIN ELECTRIC UTILITY DEPARTMENT DBA AUSTIN ENERGY,DECKER CREEK POWER PLANT,Unit,28729313,EPACAMD,3548CAMDUNITGT-1A,3548;GT-1A,3548,GT-1A,8/21/2014,,Yes
TN,47,,47161,Stewart,4979311,TNDEC,81-0011,TVA CUMBERLAND FOSSIL PLANT,TVA CUMBERLAND FOSSIL PLANT,Unit,30040513,EPACAMD,3399CAMDUNIT1,3399;1,3399,1,8/8/2011,,Yes
TN,47,,47161,Stewart,4979311,TNDEC,81-0011,TVA CUMBERLAND FOSSIL PLANT,TVA CUMBERLAND FOSSIL PLANT,Unit,30040713,EPACAMD,3399CAMDUNIT2,3399;2,3399,2,8/8/2011,,Yes
TN,47,,47145,Roane,4979111,TNDEC,73-0013,TVA KINGSTON FOSSIL PLANT,TVA - Kingston Fossil Plant,Unit,30041613,EPACAMD,3407CAMDUNIT3,3407;3,3407,3,8/8/2011,,Yes
SC,45,,45007,Anderson,4948311,SCDHEC,0200-0004,"Duke Energy, LLC",DUKE ENERGY CAROLINAS LLC LEE STEAM STAT,Unit,69645513,EPACAMD,3264CAMDUNIT8C,3264;8C,3264,8C,8/8/2011,,Yes
CA,6,,6071,San Bernardino,4947111,CARB,3605181880,COOLWATER GENERATING STATION,COOLWATER GENERATING STATION,Unit,30095413,EPACAMD,329CAMDUNIT1,329;1,329,1,8/8/2011,,Yes
IN,18,,18157,Tippecanoe,4912511,INDEM,12,Na,PURDUE UNIVERSITY,Unit,30462313,EPACAMD,50240CAMDUNIT5,50240;5,50240,5,8/8/2011,,Yes
TX,48,,48237,Jack,13385011,TXCEQ,658,BRAZOS ELECTRIC POWER COOPERATIVE INC,JACK COUNTY GENERATION FACILITY,Unit,71004113,EPACAMD,55230CAMDUNITCT-2,55230;CT-2,55230,CT-2,8/8/2011,,Yes
TX,48,,48395,Robertson,13385811,TXCEQ,8,OAK GROVE MANAGEMENT COMPANY LLC,OAK GROVE STEAM ELECTRIC STATION,Unit,71177813,EPACAMD,6180CAMDUNIT1,6180;1,6180,1,3/21/2013,,Yes
TX,48,,48395,Robertson,13385811,TXCEQ,8,OAK GROVE MANAGEMENT COMPANY LLC,OAK GROVE STEAM ELECTRIC STATION,Unit,91482013,EPACAMD,6180CAMDUNIT2,6180;2,6180,2,3/21/2013,,Yes
TX,48,,48481,Wharton,13392711,TXCEQ,306,COLORADO BEND I POWER LLC,COLORADO BEND I,Unit,71581613,EPACAMD,56350CAMDUNITCT1B,56350;CT1B,56350,CT1B,7/21/2012,,Yes
IL,17,,17025,Clay,1945711,ILEPA,025803AAD,Union Electric Company,Ameren Services,Unit,41586213,EPACAMD,55417CAMDUNITCT-01,55417;CT-01,55417,CT-01,9/30/2014,,Yes
GA,13,,13149,Heard,13645711,GADNR,14900006,,Chattahoochee Energy Facility,Unit,82358913,EPACAMD,7917CAMDUNIT8B,7917;8B,7917,8B,8/8/2011,,Yes
TX,48,,48449,Titus,4164411,TXCEQ,5,SOUTHWESTERN ELECTRIC POWER COMPANY,WELSH POWER PLANT,Unit,33937713,EPACAMD,6139CAMDUNIT3,6139;3,6139,3,8/8/2011,,Yes
IL,17,,17197,Will,4106911,ILEPA,197030AAO,"Crete Energy Venture, LLC",Crete Energy Park,Unit,88709513,EPACAMD,55253CAMDUNITGT4,55253;GT4,55253,GT4,9/30/2014,,Yes
IA,19,,19127,Marshall,3779111,IADNR,64-01-012,INTERSTATE POWER AND LIGHT COMPANY,IPL - MARSHALLTOWN GENERATING STATION,Unit,124118013,EPACAMD,58236CAMDUNITCT1,58236;CT1,58236,CT1,4/25/2017,,Yes
IA,19,,19127,Marshall,3779111,IADNR,64-01-012,INTERSTATE POWER AND LIGHT COMPANY,IPL - MARSHALLTOWN GENERATING STATION,Unit,37005813,EPACAMD,1077CAMDUNIT2,1077;2,1077,2,8/8/2011,,Yes
IA,19,,19125,Marion,3764911,IADNR,63-02-005,,PELLA MUNICIPAL POWER PLANT,Unit,37010513,EPACAMD,1175CAMDUNIT6,1175;6,1175,6,8/8/2011,,Yes
IA,19,,19163,Scott,2995011,IADNR,82-02-006,MIDAMERICAN ENERGY COMPANY,MIDAMERICAN ENERGY CO - RIVERSIDE STATION,Unit,38035113,EPACAMD,1081CAMDUNIT9,1081;9,1081,9,8/8/2011,,Yes
IA,19,,19155,Pottawattamie,2992611,IADNR,78-01-026,MIDAMERICAN ENERGY COMPANY,WALTER SCOTT JR ENERGY CTR,Unit,67981913,EPACAMD,1082CAMDUNIT4,1082;4,1082,4,8/8/2011,,Yes
AR,5,,5139,Union,1016511,ARDEQ,513900543,"Entergy Arkansas, LLC","Entergy Arkansas, LLC - Union Power Station",Unit,48086313,EPACAMD,55380CAMDUNITCTG-2,55380;CTG-2,55380,CTG-2,8/19/2014,12/31/2049,Yes
WY,56,,56005,Campbell,12810911,WYDEQ,958,Black Hills Wyoming LLC,WYGEN Station I,Unit,68390313,EPACAMD,55479CAMDUNIT001,55479;001,55479,1,8/8/2011,,Yes
AR,5,,5073,Lafayette,236911,ARDEQ,507300004,ENTERGY,ENTERGY ARK INC-HARVEY COUCH PLANT,Unit,51053213,EPACAMD,169CAMDUNIT1,169;1,169,1,8/8/2011,,Yes
TX,48,,48201,Harris,6510011,TXCEQ,1537,CHANNEL ENERGY CENTER LLC,CHANNEL ENERGY CENTER,Unit,17458613,EPACAMD,55299CAMDUNITCTG3,55299;CTG3,55299,CTG3,4/18/2017,,Yes
TX,48,,48061,Cameron,6493311,TXCEQ,5,PUBLIC UTILITIES BOARD OF THE CITY OF BROWNSVILLE TEXAS,SILAS RAY POWER PLANT,Unit,70106813,EPACAMD,3559CAMDUNIT10,3559;10,3559,10,9/23/2011,,Yes
MI,26,,26111,Midland,6473711,MIDEQ,B6527,Midland Cogeneration Venture,Midland Cogeneration Venture,Unit,17730113,EPACAMD,10745CAMDUNIT005,10745;005,10745,5,8/25/2014,12/31/2049,Yes
MI,26,,26111,Midland,6473711,MIDEQ,B6527,Midland Cogeneration Venture,Midland Cogeneration Venture,Unit,17730113,EPACAMD,10745CAMDUNIT006,10745;006,10745,6,8/25/2014,12/31/2049,Yes
MI,26,,26111,Midland,6473711,MIDEQ,B6527,Midland Cogeneration Venture,Midland Cogeneration Venture,Unit,17730113,EPACAMD,10745CAMDUNIT013,10745;013,10745,13,8/25/2014,12/31/2049,Yes
MI,26,,26111,Midland,6473711,MIDEQ,B6527,Midland Cogeneration Venture,Midland Cogeneration Venture,Unit,17730113,EPACAMD,10745CAMDUNIT014,10745;014,10745,14,8/25/2014,12/31/2049,Yes
MI,26,,26111,Midland,6473711,MIDEQ,B6527,Midland Cogeneration Venture,Midland Cogeneration Venture,Unit,17730113,EPACAMD,10745CAMDUNIT004,10745;004,10745,4,8/14/2014,12/31/2049,Yes
MI,26,,26111,Midland,6473711,MIDEQ,B6527,Midland Cogeneration Venture,Midland Cogeneration Venture,Unit,82666813,EPACAMD,10745CAMDUNIT018,10745;018,10745,18,8/25/2014,12/31/2049,Yes
MA,25,,25025,Suffolk,6404711,MADEP,1190012,EXELON NEW BOSTON LLC,EXELON NEW BOSTON LLC,Unit,17758013,EPACAMD,1589CAMDUNIT2,1589;2,1589,2,10/28/2014,,Yes
LA,22,,22033,East Baton Rouge,5160611,LADEQ08,1186,Entergy Louisiana LLC,EthosEnergy Power Operations (West) LLC - Louisiana Station Electrical Generatin,Unit,80697013,EPACAMD,1391CAMDUNIT2A,1391;2A,1391,2A,8/8/2011,,Yes
MA,25,,25005,Bristol,5058811,MADEP,1200067,TAUNTON MUNICIPAL LIGHTING PLANT,TAUNTON MUNICIPAL LIGHT PLANT,Unit,87718413,EPACAMD,1682CAMDUNIT9,1682;9,1682,9,12/30/2049,12/31/2049,Yes
MA,25,,25005,Bristol,5058411,MADEP,1200061,DYNEGY INC,BRAYTON POINT ENERGY LLC,Unit,87339613,EPACAMD,1619CAMDUNIT2,1619;2,1619,2,8/8/2011,,Yes
CA,6,,6019,Fresno,15863611,CARB,1014307220,PANOCHE ENERGY CENTER LLC,PANOCHE ENERGY CENTER LLC,Unit,102017613,EPACAMD,56803CAMDUNIT4,56803;4,56803,4,8/26/2014,,Yes
ND,38,,38053,McKenzie,17788211,NDDEQ,1540,Basin Electric Power Cooperative,Basin Electric Power Cooperative - Lonesome Creek Station,Unit,133795913,EPACAMD,57943CAMDUNITCT4,57943;CT4,57943,CT4,5/20/2019,,Yes
ND,38,,38053,McKenzie,17788211,NDDEQ,1540,Basin Electric Power Cooperative,Basin Electric Power Cooperative - Lonesome Creek Station,Unit,124545213,EPACAMD,57943CAMDUNITCT2,57943;CT2,57943,CT2,4/20/2017,,Yes
OH,39,,39019,Carroll,17965011,OHEPA,210002025,,Carroll County Energy LLC (0210002025),Unit,127489713,EPACAMD,59773CAMDUNIT1,59773;1,59773,1,12/17/2018,,Yes
TX,48,,48481,Wharton,17978911,TXCEQ,316,COLORADO BEND II POWER LLC,COLORADO BEND II,Unit,127865213,EPACAMD,60122CAMDUNITCT8,60122;CT8,60122,CT8,12/17/2018,,Yes
TX,48,,48221,Hood,17984911,TXCEQ,731,WOLF HOLLOW II POWER LLC,WOLF HOLLOW II,Unit,127987813,EPACAMD,59812CAMDUNITCGT4,59812;CGT4,59812,CGT4,11/9/2018,,Yes
IN,18,,18141,St. Joseph,17995911,INDEM,579,Na,St. Joseph Energy Center LLC,Unit,128411613,EPACAMD,57794CAMDUNITCTG01A,57794;CTG01A,57794,CTG01A,4/27/2020,12/31/2049,Yes
CA,6,,6029,Kern,18139211,CARB,1514306662,DELANO ENERGY CENTER LLC,DELANO ENERGY CENTER LLC,Unit,130169513,EPACAMD,58122CAMDUNITGEN1,58122;GEN1,58122,GEN1,2/8/2021,,Yes
KY,21,,21157,Marshall,5213311,KYDAQ,2115700053,Tennessee Valley Authority,TVA - KGen Marshall LLC,Unit,86743113,EPACAMD,55232CAMDUNITCT5,55232;CT5,55232,CT5,10/27/2014,,Yes
KY,21,,21157,Marshall,5213311,KYDAQ,2115700053,Tennessee Valley Authority,TVA - KGen Marshall LLC,Unit,86742413,EPACAMD,55232CAMDUNITCT4,55232;CT4,55232,CT4,10/27/2014,,Yes
KY,21,,21041,Carroll,5198511,KYDAQ,2104100010,Kentucky Utilities Company,KY Utilities Co - Ghent Station,Unit,25720613,EPACAMD,1356CAMDUNIT2,1356;2,1356,2,8/8/2011,,Yes
KY,21,,21041,Carroll,5198511,KYDAQ,2104100010,Kentucky Utilities Company,KY Utilities Co - Ghent Station,Unit,25720813,EPACAMD,1356CAMDUNIT4,1356;4,1356,4,8/8/2011,,Yes
GA,13,,13115,Floyd,3713211,GADNR,11500003,Georgia Power Company,Ga Power Company - Plant Hammond,Unit,36847913,EPACAMD,708CAMDUNIT3,708;3,708,3,8/8/2011,,Yes
GA,13,,13103,Effingham,3711211,GADNR,10300003,Georgia Power Company,Ga Power Co Plt McIntosh,Unit,36851213,EPACAMD,6124CAMDUNITCT3,6124;CT3,6124,CT3,10/7/2014,,Yes
GA,13,,13067,Cobb,3699211,GADNR,6700003,Georgia Power Company,Ga Power Company - Plant McDonough/Atkinson,Unit,36889813,EPACAMD,710CAMDUNITMB1,710;MB1,710,MB1,8/8/2011,,Yes
AR,5,,5143,Washington,10642811,ARDEQ,514300695,AMERICAN ELECTRIC POWER-SWEPCO,Harry D. Mattison Power Plant,Unit,63390713,EPACAMD,56328CAMDUNIT6,56328;6,56328,6,2/8/2018,,Yes
MO,29,,29037,Cass,10734511,MODNR,63,,EVERGY INC SOUTH HARPER GENERATING STATION,Unit,59224813,EPACAMD,56151CAMDUNIT1,56151;1,56151,1,10/9/2014,,Yes
FL,12,,12101,Pasco,2712911,FLDEP,1010373,Shady Hills Power Company LLC,"SHADY HILLS POWER COMPANY, L.L.C.",Unit,41363313,EPACAMD,55414CAMDUNITGT201,55414;GT201,55414,GT201,8/8/2011,,Yes
FL,12,,12101,Pasco,2712411,FLDEP,1010071,,"QUANTUM PASCO POWER, LP",Unit,41364313,EPACAMD,54424CAMDUNITEU001,54424;EU001,54424,EU001,8/8/2011,,Yes
FL,12,,12097,Osceola,2728711,FLDEP,970001,Na,KISSIMMEE UTILITY AUTHORITY,Unit,41370113,EPACAMD,672CAMDUNITCT21,672;CT21,672,CT21,7/25/2012,,Yes
FL,12,,12095,Orange,2694911,FLDEP,950203,Orlando Cogen Limited LP,"ORLANDO COGEN LIMITED, L.P.",Unit,41375413,EPACAMD,54466CAMDUNIT1,54466;1,54466,1,8/8/2011,,Yes
UT,49,,49023,Juab,9093511,UTDAQ,12524,PacifiCorp,PacifiCorp Energy: Currant Creek Power Plant,Unit,72099313,EPACAMD,56102CAMDUNITCTG1A,56102;CTG1A,56102,CTG1A,8/17/2014,,Yes
UT,49,,49023,Juab,9093511,UTDAQ,12524,PacifiCorp,PacifiCorp Energy: Currant Creek Power Plant,Unit,72099413,EPACAMD,56102CAMDUNITCTG1B,56102;CTG1B,56102,CTG1B,8/17/2014,,Yes
PA,42,,42069,Lackawanna,3022411,PADEP,420690022,PEI POWER LLC,PEI POWER CORP/ARCHBALD,Unit,38353913,EPACAMD,50279CAMDUNIT031,50279;031,50279,31,12/11/2014,,Yes
PA,42,,42063,Indiana,3005211,PADEP,420630003,RRI ENERGY NE MGMT CO,HOMER CITY GEN LP/CENTER TWP,Unit,38366713,EPACAMD,3122CAMDUNIT3,3122;3,3122,3,8/8/2011,,Yes
NV,32,,32029,Storey,7302811,NVBAQ,A0029,SIERRA PACIFIC POWER COMPANY DBA NV ENERGY,TRACY GENERATING STATION,Unit,8415513,EPACAMD,2336CAMDUNIT2,2336;2,2336,2,10/13/2014,,Yes
NV,32,,32029,Storey,7302811,NVBAQ,A0029,SIERRA PACIFIC POWER COMPANY DBA NV ENERGY,TRACY GENERATING STATION,Unit,111114113,EPACAMD,2336CAMDUNIT9,2336;9,2336,9,5/1/2016,,Yes
NV,32,,32029,Storey,7302811,NVBAQ,A0029,SIERRA PACIFIC POWER COMPANY DBA NV ENERGY,TRACY GENERATING STATION,Unit,111114013,EPACAMD,2336CAMDUNIT8,2336;8,2336,8,5/1/2016,,Yes
NH,33,,33015,Rockingham,7287811,NHDES,3301500012,PUBLIC SERVICE COMPANY OF NEW HAMPSHIRE,GSP SCHILLER LLC,Unit,8539313,EPACAMD,2367CAMDUNIT6,2367;6,2367,6,8/8/2011,,Yes
LA,22,,22073,Ouachita,7432611,LADEQ08,19483,Entergy Louisiana LLC,Entergy Louisiana LLC - Sterlington Generating Plant,Unit,82248813,EPACAMD,1404CAMDUNIT10,1404;10,1404,10,10/13/2014,12/31/2049,Yes
LA,22,,22073,Ouachita,7432611,LADEQ08,19483,Entergy Louisiana LLC,Entergy Louisiana LLC - Sterlington Generating Plant,Unit,82248713,EPACAMD,1404CAMDUNIT7AB,1404;7AB,1404,7AB,9/23/2011,,Yes
LA,22,,22073,Ouachita,7432611,LADEQ08,19483,Entergy Louisiana LLC,Entergy Louisiana LLC - Sterlington Generating Plant,Unit,82248613,EPACAMD,1404CAMDUNIT7C,1404;7C,1404,7C,9/23/2011,,Yes
NY,36,,36103,Suffolk,8452411,NYDEC,1472200105,NATIONAL GRID GENERATION LLC,HOLTSVILLE GT FACILITY,Unit,126778313,EPACAMD,8007CAMDUNITU00004,8007;U00004,8007,U00004,5/1/2018,12/31/2049,No
WY,56,,56023,Lincoln,8419211,WYDEQ,647,PacifiCorp,Naughton Plant,Unit,94466813,EPACAMD,4162CAMDUNIT2,4162;2,4162,2,3/18/2013,,Yes
OK,40,,40017,Canadian,8350811,OKDEQ,1205,OG AND E,MUSTANG ENERGY CENTER,Unit,128563713,EPACAMD,2953CAMDUNITT9,2953;T9,2953,T9,1/25/2021,,Yes
NC,37,,37191,Wayne,7265811,NCDAQ,3719100017,"Duke Energy Progress, LLC","Duke Energy Progress, LLC - H.F. Lee Steam Electric Plant",Unit,10758013,EPACAMD,2709CAMDUNIT5,2709;5,2709,5,10/14/2014,12/31/2049,Yes
AL,1,,1033,Colbert,7212811,ADEM,10,Tennessee Valley Authority,TVA,Unit,10817913,EPACAMD,47CAMDUNITCCT4,47;CCT4,47,CCT4,10/9/2014,,Yes
WI,55,,55025,Dane,7465411,WIDNR,113004430,Madison Gas & Electric Company,MADISON GAS & ELECTRIC CO BLOUNT ST STN,Unit,11333913,EPACAMD,3992CAMDUNIT6,3992;6,3992,6,8/8/2011,,Yes
VA,51,,51191,Washington,7707611,VADEQ,11348,"Wolf Hills Energy, LLC",Wolf Hills Energy LLC,Unit,11344613,EPACAMD,55285CAMDUNITWH02,55285;WH02,55285,WH02,8/23/2014,12/31/2049,Yes
WA,53,,53011,Clark,7344011,WASWCAA,1909,Clark Public Utilites,Clark Public Utilities - River Road Generating Project,Unit,11036213,EPACAMD,7605CAMDUNIT1,7605;1,7605,1,8/8/2011,,Yes
MS,28,,28129,Smith,7304911,MSDEQ,2812900048,AI016405,"COOPERATIVE ENERGY, A MISSISSIPPI ELECTR",Unit,11102813,EPACAMD,7989CAMDUNIT3,7989;3,7989,3,8/8/2011,,Yes
NJ,34,,34001,Atlantic,7514511,NJDEP,70525,Conectiv Atlantic Generation LLC,Missouri Energy Center,Unit,11142213,EPACAMD,2383CAMDUNIT012001,2383;012001,2383,12001,11/6/2014,,Yes
NY,36,,36081,Queens,12681711,NYDEC,2630100191,ASTORIA GAS TURBINE POWER LLC,ASTORIA GAS TURBINE POWER,Unit,64122513,EPACAMD,55243CAMDUNITCT3-1A,55243;CT3-1A,55243,CT3-1A,8/15/2014,12/31/2049,Yes
NY,36,,36081,Queens,12681711,NYDEC,2630100191,ASTORIA GAS TURBINE POWER LLC,ASTORIA GAS TURBINE POWER,Unit,64122513,EPACAMD,55243CAMDUNITCT3-3A,55243;CT3-3A,55243,CT3-3A,8/15/2014,12/31/2049,Yes
NY,36,,36081,Queens,12681711,NYDEC,2630100191,ASTORIA GAS TURBINE POWER LLC,ASTORIA GAS TURBINE POWER,Unit,64122513,EPACAMD,55243CAMDUNITCT0008,55243;CT0008,55243,CT0008,8/15/2014,12/31/2049,Yes
NY,36,,36081,Queens,12681711,NYDEC,2630100191,ASTORIA GAS TURBINE POWER LLC,ASTORIA GAS TURBINE POWER,Unit,64122513,EPACAMD,55243CAMDUNITCT0013,55243;CT0013,55243,CT0013,8/15/2014,12/31/2049,Yes
KS,20,,20111,Lyon,12635811,KSDOHE,46,"Evergy, Inc.",Evergy - Emporia,Unit,63891613,EPACAMD,56502CAMDUNITEEC1,56502;EEC1,56502,EEC1,5/22/2013,,Yes
KS,20,,20111,Lyon,12635811,KSDOHE,46,"Evergy, Inc.",Evergy - Emporia,Unit,63891713,EPACAMD,56502CAMDUNITEEC2,56502;EEC2,56502,EEC2,5/22/2013,,Yes
TX,48,,48221,Hood,6153011,TXCEQ,1,LUMINANT GENERATION COMPANY LLC,DECORDOVA STEAM ELECTRIC STATION,Unit,16226313,EPACAMD,8063CAMDUNITCT2,8063;CT2,8063,CT2,8/8/2011,,Yes
TX,48,,48221,Hood,6153011,TXCEQ,1,LUMINANT GENERATION COMPANY LLC,DECORDOVA STEAM ELECTRIC STATION,Unit,16226213,EPACAMD,8063CAMDUNITCT1,8063;CT1,8063,CT1,8/8/2011,,Yes
CA,6,,6025,Imperial,15667711,CARB,131511281,IMPERIAL IRRIGATION DISTRICT,Niland Gas Turbine Plant,Unit,100118313,EPACAMD,56569CAMDUNIT1,56569;1,56569,1,11/1/2014,,Yes
NJ,34,,34023,Middlesex,6719711,NJDEP,18072,North Jersey Energy Associates LP,SAYREVILLE POWER LP,Unit,12842413,EPACAMD,10308CAMDUNIT1002,10308;1002,10308,1002,8/8/2011,,Yes
NJ,34,,34023,Middlesex,6719611,NJDEP,18068,PSEG Power LLC,Sewaren Generating Station,Unit,135735513,EPACAMD,2411CAMDUNIT7,2411;7,2411,7,4/27/2020,,Yes
MD,24,,24001,Allegany,7763811,MDDOE,001-0011,,Luke Paper Company,Unit,87862713,EPACAMD,50282CAMDUNITPR005,50282;PR005,50282,PR005,4/20/2017,,Yes
WI,55,,55105,Rock,6877711,WIDNR,154003740,Alliant Energy,WPL - ROCK RIVER GENERATING STATION,Unit,12967813,EPACAMD,4057CAMDUNITCT6B,4057;CT6B,4057,CT6B,10/10/2014,12/31/2049,Yes
WI,55,,55043,Grant,6748911,WIDNR,122014530,Wisconsin Power & Light Company,WPL - NELSON DEWEY GENERATING STATION,Unit,13165113,EPACAMD,4054CAMDUNIT2,4054;2,4054,2,8/8/2011,,Yes
VA,51,,51550,Chesapeake city,6682611,VADEQ,61108,Dominion - Elizabeth River CT Station,Dominion - Elizabeth River CT Station,Unit,13202213,EPACAMD,52087CAMDUNITCT-2,52087;CT-2,52087,CT-2,8/21/2014,,Yes
GA,13,,13213,Murray,9751411,GADNR,21300034,,Thomas A. Smith Energy Facility,Unit,57647813,EPACAMD,55382CAMDUNITCCCT1,55382;CCCT1,55382,CCCT1,8/8/2011,,Yes
AZ,4,,4013,Maricopa,10704011,AZMCAQD,1504,New Harquahala Generating Co LLC,New Harquahala Generating Co,Unit,58571613,EPACAMD,55372CAMDUNITCTG2,55372;CTG2,55372,CTG2,8/8/2013,,Yes
AZ,4,,4013,Maricopa,10704311,AZMCAQD,1522,Mesquite Power LLC,Mesquite Generating Station,Unit,58713613,EPACAMD,55481CAMDUNIT5,55481;5,55481,5,8/8/2011,,Yes
AZ,4,,4013,Maricopa,10704311,AZMCAQD,1522,Mesquite Power LLC,Mesquite Generating Station,Unit,58618913,EPACAMD,55481CAMDUNIT2,55481;2,55481,2,8/8/2011,,Yes
AZ,4,,4013,Maricopa,10704411,AZMCAQD,1759,Salt River Project,Gila River Power Station,Unit,58715013,EPACAMD,55306CAMDUNIT4CTGA,55306;4CTGA,55306,4CTGA,8/8/2011,,Yes
IN,18,,18093,Lawrence,10714911,INDEM,28,Na,Lawrence  Generating Station,Unit,58599213,EPACAMD,7948CAMDUNIT6,7948;6,7948,6,9/23/2011,,Yes
IN,18,,18093,Lawrence,10714911,INDEM,28,Na,Lawrence  Generating Station,Unit,58598713,EPACAMD,7948CAMDUNIT1,7948;1,7948,1,9/23/2011,,Yes
MI,26,,26059,Hillsdale,7779111,MIDEQ,B6611,Michigan South Central Power Agency,Michigan Hub LLC,Unit,3630113,EPACAMD,4259CAMDUNIT1,4259;1,4259,1,8/8/2011,,Yes
MI,26,,26163,Wayne,7778711,MIDEQ,N6631,CMS Energy Corp.,DEARBORN INDUSTRIAL GENERATION,Unit,3631213,EPACAMD,55088CAMDUNITBL3100,55088;BL3100,55088,BL3100,7/22/2012,,Yes
MI,26,,26103,Marquette,7778411,MIDEQ,B4261,Wisconsin Electric Power Company,WISCONSIN ELECTRIC POWER COMPANY,Unit,3632813,EPACAMD,1769CAMDUNIT4,1769;4,1769,4,8/8/2011,,Yes
WY,56,,56005,Campbell,8041911,WYDEQ,646,PacifiCorp,Wyodak Plant,Unit,72191013,EPACAMD,6101CAMDUNITBW91,6101;BW91,6101,BW91,8/8/2011,,Yes
NY,36,,36047,Kings,8039511,NYDEC,2610200086,ASTORIA GENERATING COMPANY LP,NARROWS GENERATING STATION,Unit,64125713,EPACAMD,2499CAMDUNITCT02-5,2499;CT02-5,2499,CT02-5,10/15/2014,12/31/2049,Yes
NY,36,,36047,Kings,8039511,NYDEC,2610200086,ASTORIA GENERATING COMPANY LP,NARROWS GENERATING STATION,Unit,64125713,EPACAMD,2499CAMDUNITCT02-8,2499;CT02-8,2499,CT02-8,10/15/2014,12/31/2049,Yes
WI,55,,55073,Marathon,7078511,WIDNR,737009020,Wisconsin Public Service Corporation,WISCONSIN PUBLIC SERVICE CORPORATION- WESTON PLANT,Unit,65134613,EPACAMD,4078CAMDUNIT4,4078;4,4078,4,8/8/2011,,Yes
WI,55,,55073,Marathon,7078511,WIDNR,737009020,Wisconsin Public Service Corporation,WISCONSIN PUBLIC SERVICE CORPORATION- WESTON PLANT,Unit,14849313,EPACAMD,4078CAMDUNIT32B,4078;32B,4078,32B,11/6/2014,,Yes
IL,17,,17197,Will,8018111,ILEPA,197810AAK,"Midwest Generation Eme, LLC",Will County Generating Station,Unit,3977413,EPACAMD,884CAMDUNIT2,884;2,884,2,8/8/2011,,Yes
IL,17,,17197,Will,8018111,ILEPA,197810AAK,"Midwest Generation Eme, LLC",Will County Generating Station,Unit,3978013,EPACAMD,884CAMDUNIT3,884;3,884,3,8/8/2011,,Yes
IN,18,,18147,Spencer,8017211,INDEM,20,Na,INDIANA MICHIGAN POWER DBA AEP   ROCKPO,Unit,3995013,EPACAMD,6166CAMDUNITAB2,6166;AB2,6166,AB2,12/6/2014,,Yes
IN,18,,18091,La Porte,8011511,INDEM,21,Na,Northern Indiana Public Service Company LLC - Michigan City Generating Station,Unit,4009913,EPACAMD,997CAMDUNIT5,997;5,997,5,12/6/2014,,Yes
NC,37,,37157,Rockingham,8009611,NCDAQ,3715700015,Duke Energy Carolinas LLC,"Duke Energy Carolinas, LLC - Dan River Comb. Cycle Facility",Unit,4041213,EPACAMD,2723CAMDUNIT5C,2723;5C,2723,5C,10/28/2014,,Yes
NM,35,,35023,Hidalgo,7994311,NMED,560,Public Service Company of New Mexico (PNM),Lordsburg Generating Station,Unit,82504813,EPACAMD,7967CAMDUNIT1,7967;1,7967,1,8/20/2012,,Yes
NY,36,,36061,New York,7994011,NYDEC,2620600012,CONSOLIDATED EDISON COMPANY OF NEW YORK INC,CON ED-EAST RIVER GENERATING STATION,Unit,64129013,EPACAMD,2493CAMDUNIT2,2493;2,2493,2,9/29/2014,,Yes
NM,35,,35045,San Juan,7991911,NMED,1421,Public Service Company of New Mexico (PNM),San Juan Generating Station,Unit,82423513,EPACAMD,2451CAMDUNIT2,2451;2,2451,2,8/8/2011,,Yes
NY,36,,36031,Essex,7991711,NYDEC,5154800008,INTERNATIONAL PAPER CO,INTERNATIONAL PAPER TICONDEROGA MILL,Unit,4120313,EPACAMD,54099CAMDUNIT000044,54099;000044,54099,44,4/21/2017,,Yes
IN,18,,18109,Morgan,8225111,INDEM,4,Na,IPL Eagle Valley Generating Station,Unit,4234313,EPACAMD,991CAMDUNIT2,991;2,991,2,9/23/2011,,Yes
VA,51,,51670,Hopewell city,6633911,VADEQ,50950,James River Cogeneration Company,James River Cogeneration Company,Unit,58457513,EPACAMD,10377CAMDUNITBLR01C,10377;BLR01C,10377,BLR01C,8/14/2014,12/31/2049,Yes
VA,51,,51670,Hopewell city,6633911,VADEQ,50950,James River Cogeneration Company,James River Cogeneration Company,Unit,58457513,EPACAMD,10377CAMDUNITBLR01A,10377;BLR01A,10377,BLR01A,8/14/2014,12/31/2049,Yes
VA,51,,51085,Hanover,6631811,VADEQ,51018,Doswell Limited Partnership,Doswell Limited Partnership Doswell Energy Center,Unit,17175613,EPACAMD,52019CAMDUNIT501,52019;501,52019,501,8/8/2011,,Yes
VA,51,,51085,Hanover,6631811,VADEQ,51018,Doswell Limited Partnership,Doswell Limited Partnership Doswell Energy Center,Unit,134709913,EPACAMD,52019CAMDUNITCT3,52019;CT3,52019,CT3,6/29/2022,12/31/2049,Yes
VA,51,,51085,Hanover,6631811,VADEQ,51018,Doswell Limited Partnership,Doswell Limited Partnership Doswell Energy Center,Unit,134709913,EPACAMD,52019CAMDUNITCT1,52019;CT1,52019,CT1,6/29/2022,12/31/2049,Yes
PA,42,,42007,Beaver,8141311,PADEP,420070042,AES BEAVER VALLEY LLC,AES BEAVER VALLEY LLC/BEAVER VALLEY LLC,Unit,4581913,EPACAMD,10676CAMDUNIT032,10676;032,10676,32,8/8/2011,,Yes
IL,17,,17115,Macon,8139911,ILEPA,115015AAE,,Archer Daniels Midland Co,Unit,4640013,EPACAMD,10865CAMDUNITFBC5,10865;FBC5,10865,FBC5,8/8/2011,,Yes
IL,17,,17115,Macon,8139911,ILEPA,115015AAE,,Archer Daniels Midland Co,Unit,4639913,EPACAMD,10865CAMDUNITFBC8,10865;FBC8,10865,FBC8,8/8/2011,,Yes
NY,36,,36103,Suffolk,8121711,NYDEC,1472600130,NATIONAL GRID GENERATION LLC,NORTHPORT POWER STATION,Unit,126493813,EPACAMD,2516CAMDUNIT2,2516;2,2516,2,1/1/2019,12/31/2049,No
IL,17,,17183,Vermilion,8074211,ILEPA,183814AAA,"Dynegy Midwest Generation, Inc",Dynegy Midwest Generation Inc,Unit,4908013,EPACAMD,897CAMDUNIT2,897;2,897,2,8/8/2011,,Yes
NY,36,,36061,New York,7986111,NYDEC,2620200032,CONSOLIDATED EDISON COMPANY OF NEW YORK INC,CON ED-59TH ST STA,Unit,5576613,EPACAMD,2503CAMDUNITBLR116,2503;BLR116,2503,BLR116,8/17/2014,12/31/2049,Yes
WA,53,,53041,Lewis,6281311,WASWCAA,754,"TransAlta Centralia Generation, LLC","TransAlta Centralia Generation, LLC",Unit,95227613,EPACAMD,3845CAMDUNIT30,3845;30,3845,30,10/5/2014,,Yes
TX,48,,48167,Galveston,9132111,TXCEQ,147,SOUTH HOUSTON GREEN POWER LLC,SOUTH HOUSTON GREEN POWER SITE,Unit,57493313,EPACAMD,55470CAMDUNITEPN802,55470;EPN802,55470,EPN802,8/8/2011,,Yes
TX,48,,48257,Kaufman,9146511,TXCEQ,680,LUMINANT GENERATION COMPANY LLC,FORNEY POWER PLANT,Unit,57545213,EPACAMD,55480CAMDUNITU5,55480;U5,55480,U5,8/8/2011,,Yes
TX,48,,48257,Kaufman,9146511,TXCEQ,680,LUMINANT GENERATION COMPANY LLC,FORNEY POWER PLANT,Unit,57545113,EPACAMD,55480CAMDUNITU4,55480;U4,55480,U4,8/8/2011,,Yes
MI,26,,26005,Allegan,7258311,MIDEQ,N2586,Holland Board of Public Works,"Holland BPW, 48th Street Peaking Station",Unit,7293213,EPACAMD,7258CAMDUNIT**7,7258;**7,7258,**7,12/7/2014,,Yes
IN,18,,18097,Marion,7255211,INDEM,33,Na,IPL - Harding Street Station,Unit,91188713,EPACAMD,990CAMDUNIT60,990;60,990,60,8/8/2011,,Yes
IN,18,,18097,Marion,7255211,INDEM,33,Na,IPL - Harding Street Station,Unit,91188513,EPACAMD,990CAMDUNIT10,990;10,990,10,8/8/2011,,Yes
IN,18,,18097,Marion,7255211,INDEM,33,Na,IPL - Harding Street Station,Unit,91188413,EPACAMD,990CAMDUNIT9,990;9,990,9,8/8/2011,,Yes
IN,18,,18097,Marion,7255211,INDEM,33,Na,IPL - Harding Street Station,Unit,91188213,EPACAMD,990CAMDUNITGT4,990;GT4,990,GT4,8/22/2014,,Yes
IN,18,,18165,Vermillion,7248511,INDEM,1,Na,Duke Energy Indiana LLC - Cayuga Genera,Unit,7458513,EPACAMD,1001CAMDUNIT1,1001;1,1001,1,8/8/2011,,Yes
MS,28,,28019,Choctaw,7053111,MSDEQ,2801900018,AI015595,"ENTERGY MISSISSIPPI LLC, CHOCTAW COUNTY",Unit,14189913,EPACAMD,55706CAMDUNITCTG3,55706;CTG3,55706,CTG3,7/22/2012,,Yes
MN,27,,27099,Mower,7003311,MNPCA,2709900048,Great River Energy,Great River Energy - Pleasant Valley Station,Unit,14228113,EPACAMD,7843CAMDUNIT11,7843;11,7843,11,9/23/2011,,Yes
NY,36,,36067,Onondaga,7435811,NYDEC,7312600127,CARR STREET GENERATING STATION LP,CARR STREET GENERATING STATION,Unit,7947913,EPACAMD,50978CAMDUNITB,50978;B,50978,B,11/3/2014,12/31/2049,Yes
OH,39,,39167,Washington,9212911,OHEPA,684000213,AEP Generation Resources,Waterford Plant (0684000213),Unit,55704113,EPACAMD,55503CAMDUNIT3,55503;3,55503,3,5/22/2013,,Yes
OH,39,,39163,Vinton,9216611,OHEPA,682000057,,"Rolling Hills Generating, LLC (0682000057)",Unit,55669113,EPACAMD,55401CAMDUNITCT-4,55401;CT-4,55401,CT-4,8/17/2014,,Yes
OR,41,,41035,Klamath,9223711,ORDEQ,18-0003,Klamath Energy LLC,Klamath Cogeneration Proj,Unit,118464113,EPACAMD,55544CAMDUNITGT4,55544;GT4,55544,GT4,12/30/2049,12/31/2049,No
OR,41,,41035,Klamath,9223711,ORDEQ,18-0003,Klamath Energy LLC,Klamath Cogeneration Proj,Unit,118464113,EPACAMD,55544CAMDUNITGT2,55544;GT2,55544,GT2,12/30/2049,12/31/2049,No
PA,42,,42107,Schuylkill,8331411,PADEP,421070022,WHEELABRATOR FRACKVILLE ENERGY,WHEELABRATOR FRACKVILLE/MOREA PLT,Unit,108013,EPACAMD,50879CAMDUNITGEN1,50879;GEN1,50879,GEN1,8/8/2011,,Yes
NJ,34,,34023,Middlesex,7621211,NJDEP,17884,Reliant Energy New Jersey Holdings,Sayreville Generating Station,Unit,11834713,EPACAMD,2390CAMDUNIT012001,2390;012001,2390,12001,8/8/2011,,Yes
NJ,34,,34023,Middlesex,7620811,NJDEP,17823,Reliant Energy New Jersey Holdings,Werner Generating Station,Unit,11841713,EPACAMD,2385CAMDUNIT011001,2385;011001,2385,11001,8/17/2014,,Yes
MO,29,,29031,Cape Girardeau,7604611,MODNR,90,,AMEREN MISSOURI-VIADUCT COMBUSTION TURBINE,Unit,11861513,EPACAMD,2096CAMDUNITCT01,2096;CT01,2096,CT01,10/29/2014,,Yes
NJ,34,,34019,Hunterdon,7604111,NJDEP,80341,Reliant Energy New Jersey Holdings,Glen Gardner Combustion Turbine Site,Unit,11863313,EPACAMD,8227CAMDUNIT010001,8227;010001,8227,10001,10/9/2014,,Yes
UT,49,,49035,Salt Lake,7559311,UTDAQ,10355,Pacificorp Energy,Pacificorp Energy- Gadsby Power Plant,Unit,11942113,EPACAMD,3648CAMDUNIT1,3648;1,3648,1,8/8/2011,,Yes
MS,28,,28149,Warren,7082511,MSDEQ,2814900099,AI013471,"East Texas Electric Cooperative Inc, Warren Peaking Power Facility",Unit,14489313,EPACAMD,55303CAMDUNITAA-004,55303;AA-004,55303,AA-004,10/27/2014,,Yes
MS,28,,28149,Warren,7082511,MSDEQ,2814900099,AI013471,"East Texas Electric Cooperative Inc, Warren Peaking Power Facility",Unit,14489213,EPACAMD,55303CAMDUNITAA-003,55303;AA-003,55303,AA-003,10/27/2014,,Yes
OH,39,,39025,Clermont,8294411,OHEPA,1413100008,"Duke Energy Ohio, Inc",New Richmond Development Corp LLC (1413100008),Unit,1539213,EPACAMD,2830CAMDUNIT1,2830;1,2830,1,8/8/2011,,Yes
OH,39,,39025,Clermont,8294411,OHEPA,1413100008,"Duke Energy Ohio, Inc",New Richmond Development Corp LLC (1413100008),Unit,1538713,EPACAMD,2830CAMDUNITCT4,2830;CT4,2830,CT4,10/9/2014,,Yes
OH,39,,39025,Clermont,8294411,OHEPA,1413100008,"Duke Energy Ohio, Inc",New Richmond Development Corp LLC (1413100008),Unit,1539113,EPACAMD,2830CAMDUNIT2,2830;2,2830,2,8/8/2011,,Yes
NC,37,,37129,New Hanover,8547211,NCDAQ,3712900036,"Duke Energy Progress, LLC","Duke Energy Progress, LLC - L.V. Sutton Electric Plant",Unit,1554413,EPACAMD,2713CAMDUNIT1,2713;1,2713,1,8/8/2011,,Yes
TN,47,,47165,Sumner,5610411,TNDEC,83-0025,TVA GALLATIN FOSSIL PLANT,TVA - Gallatin Fossil Plant,Unit,22205813,EPACAMD,3403CAMDUNITGCT8,3403;GCT8,3403,GCT8,8/15/2014,12/31/2049,Yes
TN,47,,47165,Sumner,5610411,TNDEC,83-0025,TVA GALLATIN FOSSIL PLANT,TVA - Gallatin Fossil Plant,Unit,22205913,EPACAMD,3403CAMDUNIT1,3403;1,3403,1,8/8/2011,,Yes
TN,47,,47165,Sumner,5610411,TNDEC,83-0025,TVA GALLATIN FOSSIL PLANT,TVA - Gallatin Fossil Plant,Unit,22206213,EPACAMD,3403CAMDUNITGCT3,3403;GCT3,3403,GCT3,8/15/2014,12/31/2049,Yes
MA,25,,25013,Hampden,6028411,MADEP,420117,ESSENTIAL POWER MASSACHUSETTS LLC,ESSENTIAL POWER MASSACHUSETTS LLC,Unit,87696713,EPACAMD,1642CAMDUNIT10,1642;10,1642,10,10/1/2014,,Yes
MD,24,,24033,Prince Georges,6011911,MDDOE,033-0014,"Mirant Chalk Point, LLC","NRG Chalk Point, LLC",Unit,88003013,EPACAMD,1571CAMDUNIT**GT3,1571;**GT3,1571,**GT3,8/22/2014,,Yes
MD,24,,24017,Charles,6011511,MDDOE,017-0014,"Mirant Mid-Atlantic, LLC","GenOn Mid-Atlantic, LLC Morgantown Generating Station",Unit,87935613,EPACAMD,1573CAMDUNITGT2,1573;GT2,1573,GT2,10/2/2014,,Yes
MD,24,,24017,Charles,6011511,MDDOE,017-0014,"Mirant Mid-Atlantic, LLC","GenOn Mid-Atlantic, LLC Morgantown Generating Station",Unit,87935213,EPACAMD,1573CAMDUNIT2,1573;2,1573,2,8/8/2011,,Yes
ME,23,,23007,Franklin,5677011,MEDEP,A-000718,Verso Paper,PIXELLE ANDROSCOGGIN LLC (COGENERATION),Unit,94542613,EPACAMD,55031CAMDUNITCT01,55031;CT01,55031,CT01,3/21/2013,,Yes
IL,17,,17097,Lake,5390311,ILEPA,097200ABB,Zion Energy Center LLC,Zion Energy Center,Unit,59808813,EPACAMD,55392CAMDUNITCT-2,55392;CT-2,55392,CT-2,8/15/2014,,Yes
IN,18,,18141,St. Joseph,5552411,INDEM,33,Na,South Bend Ethanol LLC,Unit,27140813,EPACAMD,880087CAMDUNITU-4000,880087;U-4000,880087,U-4000,7/27/2011,,Yes
IL,17,,17197,Will,4506411,ILEPA,197808AAG,Elwood Energy LLC,Elwood Energy LLC,Unit,88700913,EPACAMD,55199CAMDUNIT5,55199;5,55199,5,10/9/2014,,Yes
IL,17,,17197,Will,4506411,ILEPA,197808AAG,Elwood Energy LLC,Elwood Energy LLC,Unit,88701213,EPACAMD,55199CAMDUNIT4,55199;4,55199,4,10/9/2014,,Yes
FL,12,,12049,Hardee,4390111,FLDEP,490340,"Seminole Electric Cooperative, Inc.","SEMINOLE ELECTRIC COOPERATIVE, INC.",Unit,67290313,EPACAMD,7380CAMDUNIT6A,7380;6A,7380,6A,9/24/2014,12/31/2049,Yes
FL,12,,12049,Hardee,4390111,FLDEP,490340,"Seminole Electric Cooperative, Inc.","SEMINOLE ELECTRIC COOPERATIVE, INC.",Unit,67290213,EPACAMD,7380CAMDUNIT5B,7380;5B,7380,5B,9/24/2014,12/31/2049,Yes
PA,42,,42109,Snyder,4737311,PADEP,421090002,SUNBURY GENERATION LP,SUNBURY GENERATION LP/SUNBURY SES,Unit,27902413,EPACAMD,3152CAMDUNIT2B,3152;2B,3152,2B,8/8/2011,,Yes
IN,18,,18055,Greene,4560611,INDEM,34,Na,Worthington Generating Station,Unit,28032213,EPACAMD,55148CAMDUNIT2,55148;2,55148,2,10/6/2014,,Yes
OK,40,,40121,Pittsburg,1024211,OKDEQ,4258,KIOWA POWER PARTNERS LLC,TENASKA KIAMICHI GENERATING STATION,Unit,47334213,EPACAMD,55501CAMDUNITCTGDB1,55501;CTGDB1,55501,CTGDB1,8/8/2011,,Yes
PA,42,,42001,Adams,4713111,PADEP,420010122,NRG WHOLESALE GENERATION LP,KESTREL ACQUISITION LLC/HUNTERSTOWN PLT,Unit,28152513,EPACAMD,55976CAMDUNITCT101,55976;CT101,55976,CT101,7/16/2014,,Yes
GA,13,,13015,Bartow,2813011,GADNR,1500011,Georgia Power Company,Ga Power Company - Plant Bowen,Unit,40819113,EPACAMD,703CAMDUNIT6A,703;6A,703,6A,11/6/2014,,Yes
GA,13,,13015,Bartow,2813011,GADNR,1500011,Georgia Power Company,Ga Power Company - Plant Bowen,Unit,40818913,EPACAMD,703CAMDUNIT1BLR,703;1BLR,703,1BLR,8/8/2011,,Yes
KS,20,,20177,Shawnee,3823011,KSDOHE,30,"WESTAR ENERGY, INC.",Westar Energy - Tecumseh,Unit,37489213,EPACAMD,1252CAMDUNIT10,1252;10,1252,10,8/8/2011,,Yes
KS,20,,20177,Shawnee,3823011,KSDOHE,30,"WESTAR ENERGY, INC.",Westar Energy - Tecumseh,Unit,37489413,EPACAMD,1252CAMDUNIT9,1252;9,1252,9,8/8/2011,,Yes
KS,20,,20009,Barton,3773211,KSDOHE,2,Sunflower Electric Power Corporation,Sunflower Electric - Great Bend,Unit,37523813,EPACAMD,1235CAMDUNIT3,1235;3,1235,3,8/8/2011,,Yes
FL,12,,12027,DeSoto,901411,FLDEP,270016,Desoto County Generating Company LLC,"DESOTO COUNTY GENERATING COMPANY, LLC",Unit,46573813,EPACAMD,55422CAMDUNITCT1,55422;CT1,55422,CT1,10/8/2014,,Yes
FL,12,,12086,Miami-Dade,900011,FLDEP,250003,Florida Power & Light Company,FLORIDA POWER & LIGHT (PTF),Unit,46585213,EPACAMD,621CAMDUNITPTP1,621;PTP1,621,PTP1,8/8/2011,,Yes
FL,12,,12086,Miami-Dade,900011,FLDEP,250003,Florida Power & Light Company,FLORIDA POWER & LIGHT (PTF),Unit,67219013,EPACAMD,621CAMDUNITTPCT5A,621;TPCT5A,621,TPCT5A,8/8/2011,,Yes
IL,17,,17197,Will,4590011,ILEPA,197811AAH,Lincoln Generating Facility LLC,Lincoln Generating Facility,Unit,28414913,EPACAMD,55222CAMDUNITCTG-4,55222;CTG-4,55222,CTG-4,9/23/2011,,Yes
IL,17,,17145,Perry,4533911,ILEPA,145842AAA,Union Electric Company,Pinckneyville Power Plant,Unit,28450913,EPACAMD,55202CAMDUNITCT01,55202;CT01,55202,CT01,9/23/2011,,Yes
TX,48,,48201,Harris,4926511,TXCEQ,42,NRG TEXAS POWER LLC,TH WHARTON ELECTRIC GENERATING STATION,Unit,31237713,EPACAMD,3469CAMDUNITTHW43,3469;THW43,3469,THW43,8/21/2014,,Yes
TX,48,,48201,Harris,4925011,TXCEQ,73,AIR LIQUIDE AMERICA CORPORATION,AIR LIQUIDE BAYPORT COMPL,Unit,31372013,EPACAMD,10298CAMDUNITCG803,10298;CG803,10298,CG803,8/8/2011,,Yes
TX,48,,48201,Harris,4925011,TXCEQ,73,AIR LIQUIDE AMERICA CORPORATION,AIR LIQUIDE BAYPORT COMPL,Unit,31372113,EPACAMD,10298CAMDUNITCG802,10298;CG802,10298,CG802,8/8/2011,,Yes
PA,42,,42055,Franklin,3769311,PADEP,420550085,ALLEGHENY ENERGY SUPPLY CO LLC,CHAMBERSBURG ENERGY LLC/CHAMBERSBURG,Unit,37867513,EPACAMD,55654CAMDUNIT13,55654;13,55654,13,10/9/2014,,Yes
SC,45,,45051,Horry,4760911,SCDHEC,1340-0021,Santee Cooper,SANTEE COOPER MYRTLE BEACH,Unit,32046913,EPACAMD,3320CAMDUNITCT4,3320;CT4,3320,CT4,4/29/2014,,Yes
AR,5,,5119,Pulaski,1102311,ARDEQ,511900087,"Entergy Arkansas, Inc.",ENTERGY ARKANSAS INC - LYNCH PLANT,Unit,46812513,EPACAMD,167CAMDUNIT2,167;2,167,2,8/8/2011,,Yes
AR,5,,5119,Pulaski,1102311,ARDEQ,511900087,"Entergy Arkansas, Inc.",ENTERGY ARKANSAS INC - LYNCH PLANT,Unit,46812613,EPACAMD,167CAMDUNIT3,167;3,167,3,8/8/2011,,Yes
OK,40,,40015,Caddo,1046611,OKDEQ,1699,WESTERN FARMERS ELECTRIC COOPERATIVE,WESTERN FARMERS ANADARKO PLANT,Unit,135070613,EPACAMD,3006CAMDUNIT8,3006;8,3006,8,2/27/2020,,Yes
IN,18,,18089,Lake,3988511,INDEM,449,Na,Whiting Clean Energy Inc,Unit,32560513,EPACAMD,55259CAMDUNITCT2,55259;CT2,55259,CT2,8/8/2011,,Yes
IN,18,,18089,Lake,3985111,INDEM,210,Na,STATE LINE ENERGY LLC,Unit,32591513,EPACAMD,981CAMDUNIT3,981;3,981,3,8/8/2011,,Yes
PA,42,,42003,Allegheny,2990311,PAACHD,4200300580,ALLEGHENY ENERGY SUPPLY,ALLEGHENY ENERGY SUPPLY/SPRINGDALE,Unit,38213313,EPACAMD,55710CAMDUNIT4,55710;4,55710,4,10/4/2014,,Yes
MI,26,,26105,Mason,4190311,MIDEQ,N4975,Michigan Power Limited Partnership,Michigan Power Limited Partnership,Unit,34937913,EPACAMD,54915CAMDUNIT1,54915;1,54915,1,8/8/2011,,Yes
FL,12,,12049,Hardee,769811,FLDEP,490015,Hardee Power Partners,HARDEE POWER PARTNERS LIMITED,Unit,46276813,EPACAMD,50949CAMDUNITCT1A,50949;CT1A,50949,CT1A,8/8/2011,,Yes
CT,9,,9001,Fairfield,754311,CTBAM,T015P0045C08087,"PSEG POWER CT, LLC",PSEG PWR CT LLC/BPT HARBOR STA,Unit,134854713,EPACAMD,568CAMDUNITBHB5,568;BHB5,568,BHB5,1/25/2021,,Yes
CT,9,,9001,Fairfield,754311,CTBAM,T015P0045C08087,"PSEG POWER CT, LLC",PSEG PWR CT LLC/BPT HARBOR STA,Unit,46285813,EPACAMD,568CAMDUNITBHB4,568;BHB4,568,BHB4,6/11/2013,,Yes
FL,12,,12105,Polk,751911,FLDEP,1050233,Tampa Electric Company,TAMPA ELECTRIC COMPANY-POLK,Unit,111793913,EPACAMD,7242CAMDUNIT**4,7242;**4,7242,**4,1/1/2017,,Yes
FL,12,,12103,Pinellas,751811,FLDEP,1030011,Progress Energy Corporation,"DUKE ENERGY FLORIDA, LLC",Unit,67282413,EPACAMD,634CAMDUNIT4D,634;4D,634,4D,8/14/2014,,Yes
FL,12,,12085,Martin,751511,FLDEP,850001,Florida Power & Light Company,FLORIDA POWER & LIGHT (PMR),Unit,46319913,EPACAMD,6043CAMDUNITPMR1,6043;PMR1,6043,PMR1,8/8/2011,,Yes
FL,12,,12085,Martin,751511,FLDEP,850001,Florida Power & Light Company,FLORIDA POWER & LIGHT (PMR),Unit,46320113,EPACAMD,6043CAMDUNITPMR2,6043;PMR2,6043,PMR2,8/8/2011,,Yes
FL,12,,12085,Martin,751511,FLDEP,850001,Florida Power & Light Company,FLORIDA POWER & LIGHT (PMR),Unit,46320313,EPACAMD,6043CAMDUNITHRSG3A,6043;HRSG3A,6043,HRSG3A,8/8/2011,,Yes
CT,9,,9007,Middlesex,715711,CTBAM,T104P0024C07741,"NRG ENERGY, INC.",MIDDLETOWN POWER LLC,Unit,99518413,EPACAMD,562CAMDUNIT15,562;15,562,15,6/11/2013,,Yes
CT,9,,9003,Hartford,715611,CTBAM,T075P0158C08792,Materials Innovation and Recycling Authority (MIRA),MIRA / MID-CONNECTICUT,Unit,46362113,EPACAMD,563CAMDUNIT13B,563;13B,563,13B,6/11/2013,,Yes
CT,9,,9003,Hartford,715611,CTBAM,T075P0158C08792,Materials Innovation and Recycling Authority (MIRA),MIRA / MID-CONNECTICUT,Unit,46362013,EPACAMD,563CAMDUNIT14A,563;14A,563,14A,6/11/2013,,Yes
FL,12,,12073,Leon,715111,FLDEP,730003,City Of Tallahassee,CITY OF TALLAHASSEE,Unit,67190413,EPACAMD,688CAMDUNITHC3,688;HC3,688,HC3,9/23/2011,,Yes
FL,12,,12073,Leon,715111,FLDEP,730003,City Of Tallahassee,CITY OF TALLAHASSEE,Unit,67190513,EPACAMD,688CAMDUNITHC4,688;HC4,688,HC4,9/23/2011,,Yes
CA,6,,6037,Los Angeles,4083111,CARB,1.91E+11,"AES ALAMITOS, LLC","AES ALAMITOS, LLC",Unit,76772613,EPACAMD,315CAMDUNIT5,315;5,315,5,9/23/2011,,Yes
TX,48,,48309,McLennan,4016711,TXCEQ,3,LUMINANT GENERATION COMPANY LLC,LAKE CREEK STEAM ELECTRIC STATION,Unit,35430113,EPACAMD,3502CAMDUNIT1,3502;1,3502,1,9/23/2011,,Yes
CO,8,,8069,Larimer,4364011,CODPHE,CO0000000806900053,Platte River Power Authority,PLATTE RIVER POWER AUTHORITY - RAWHIDE,Unit,68758713,EPACAMD,6761CAMDUNITD,6761;D,6761,D,9/23/2011,,Yes
CO,8,,8069,Larimer,4364011,CODPHE,CO0000000806900053,Platte River Power Authority,PLATTE RIVER POWER AUTHORITY - RAWHIDE,Unit,36155213,EPACAMD,6761CAMDUNITA,6761;A,6761,A,9/23/2011,,Yes
KY,21,,21199,Pulaski,5787711,KYDAQ,2119900005,East Kentucky Power Cooperative,East KY Power Coop - Cooper Station,Unit,94726913,EPACAMD,1384CAMDUNIT2,1384;2,1384,2,3/20/2010,12/31/2011,Yes
KY,21,,21049,Clark,5163011,KYDAQ,2104900027,East Kentucky Power Cooperative,East KY Power - J K Smith Station,Unit,86750513,EPACAMD,54CAMDUNITSCT9,54;SCT9,54,SCT9,10/1/2014,,Yes
KY,21,,21111,Jefferson,5702311,KYJCAPCD,125,Louisville Gas & Electric Company,"Louisville Gas & Electric Co., Paddys Run Station",Unit,95159813,EPACAMD,1366CAMDUNIT12,1366;12,1366,12,10/14/2014,,Yes
CA,6,,6053,Monterey,5684111,CARB,270715577,MOSS LANDING POWER COMPANY LLC,"DYNEGY MOSS LANDING, LLC",Unit,20546713,EPACAMD,260CAMDUNIT7-1,260;7-1,260,1-Jul,8/8/2011,,Yes
CA,6,,6037,Los Angeles,5683211,CARB,1.91E+11,"LA CITY, DWP HARBOR GENERATING STATION","LA CITY, DWP HARBOR GENERATING STATION",Unit,76189713,EPACAMD,399CAMDUNIT**10B,399;**10B,399,**10B,11/8/2014,,Yes
CA,6,,6037,Los Angeles,5683211,CARB,1.91E+11,"LA CITY, DWP HARBOR GENERATING STATION","LA CITY, DWP HARBOR GENERATING STATION",Unit,76190213,EPACAMD,399CAMDUNIT14,399;14,399,14,11/8/2014,,Yes
CA,6,,6013,Contra Costa,15757411,CARB,7130318143,GATEWAY GENERATING STATION,GATEWAY GENERATING STATION,Unit,100519013,EPACAMD,56476CAMDUNITGT1,56476;GT1,56476,GT1,9/29/2014,,Yes
CA,6,,6019,Fresno,13845911,CARB,1014304305,"MALAGA POWER, LLC","MALAGA POWER, LLC",Unit,84878113,EPACAMD,56239CAMDUNITGT-2,56239;GT-2,56239,GT-2,10/3/2014,,Yes
MT,30,,30023,Deer Lodge,14496011,MTDEQ,023-0002,NORTHWESTERN ENERGY,DAVE GATES GENERATING STATION AT MILL CREEK,Unit,87303813,EPACAMD,56908CAMDUNIT1B,56908;1B,56908,1B,10/10/2014,12/31/2049,Yes
CT,9,,9009,New Haven,14624011,CTBAM,T189P0114C08691,Wallingford Energy LLC,Wallingford Energy LLC,Unit,88754113,EPACAMD,55517CAMDUNITCT03,55517;CT03,55517,CT03,6/11/2013,,Yes
FL,12,,12099,Palm Beach,14654911,FLDEP,990646,FLORIDA POWER AND LIGHT COMPANY,FLORIDA POWER AND LIGHT COMPANY,Unit,89427713,EPACAMD,56407CAMDUNITWCCT2B,56407;WCCT2B,56407,WCCT2B,5/22/2013,,Yes
CA,6,,6071,San Bernardino,15782011,CARB,3.61E+11,SOUTHERN CALIFORNIA EDISON,MOUNTAINVIEW GENERATING STATION,Unit,101803413,EPACAMD,358CAMDUNIT3-1,358;3-1,358,1-Mar,4/27/2018,,Yes
AL,1,,1001,Autauga,560011,ADEM,8,"Tenaska Alabama Partners, LP",Tenaska Alabama Partners LP,Unit,48133813,EPACAMD,55271CAMDUNITCT1,55271;CT1,55271,CT1,1/6/2014,,Yes
FL,12,,12097,Osceola,558411,FLDEP,970043,Kissimmee Utility Authority,FMPA & KISSIMMEE UTILITY AUTHORITY,Unit,48171213,EPACAMD,7238CAMDUNIT2,7238;2,7238,2,8/8/2011,,Yes
CT,9,,9011,New London,552611,CTBAM,T107P0005C07741,"NRG ENERGY, INC.","MONTVILLE POWER, LLC",Unit,48259613,EPACAMD,546CAMDUNIT5,546;5,546,5,8/8/2011,,Yes
FL,12,,12105,Polk,552011,FLDEP,1050234,Progress Energy Florida,"DUKE ENERGY FLORIDA, LLC",Unit,67213613,EPACAMD,7302CAMDUNIT3A,7302;3A,7302,3A,8/8/2011,,Yes
PA,42,,42015,Bradford,18038411,PADEP,420150093,HAMILTON LIBERTY LLC,HAMILTON LIBERTY LLC/HAMILTON LIBERTY LLC,Unit,129182513,EPACAMD,58420CAMDUNITCT2,58420;CT2,58420,CT2,12/18/2018,,Yes
ND,38,,38093,Stutsman,16937511,NDDEQ,995,Great River Energy,Great River Energy - Spiritwood Station,Unit,125689813,EPACAMD,56786CAMDUNIT001,56786;001,56786,1,3/22/2018,,Yes
MS,28,,28065,Jefferson Davis,9455211,MSDEQ,2806500032,AI016621,"COOPERATIVE ENERGY, A MISSISSIPPI ELECTR",Unit,53523513,EPACAMD,7988CAMDUNIT1,7988;1,7988,1,9/30/2014,,Yes
NY,36,,36087,Rockland,8175411,NYDEC,3392200003,MIRANT BOWLINE LLC,BOWLINE POINT GENERATING STATION,Unit,4454713,EPACAMD,2625CAMDUNIT1,2625;1,2625,1,8/8/2011,,Yes
NJ,34,,34029,Ocean,8174211,NJDEP,78896,North Amer,"Nautilus Power, LLC",Unit,65965113,EPACAMD,55938CAMDUNITOPP4,55938;OPP4,55938,OPP4,8/1/2014,12/31/2049,Yes
MS,28,,28047,Harrison,6788111,MSDEQ,2804700055,AI000927,"MISSISSIPPI POWER COMPANY, PLANT JACK WA",Unit,13581913,EPACAMD,2049CAMDUNIT4,2049;4,2049,4,8/8/2011,,Yes
OH,39,,39049,Franklin,8261311,OHEPA,125042608,,The Ohio State University (0125042608),Unit,25013,EPACAMD,50044CAMDUNITB132,50044;B132,50044,B132,2/8/2018,,Yes
GA,13,,13149,Heard,7415011,GADNR,14900001,Southern Power Company,Ga Power Company - Plant Wansley,Unit,9227213,EPACAMD,6052CAMDUNIT2,6052;2,6052,2,8/8/2011,,Yes
MI,26,,26121,Muskegon,7384111,MIDEQ,B2836,Consumers Energy Company,B. C. Cobb Plant,Unit,82890713,EPACAMD,1695CAMDUNIT3,1695;3,1695,3,8/24/2014,12/31/2049,Yes
MS,28,,28107,Panola,6993011,MSDEQ,2810700054,AI000862,"COOPERATIVE ENERGY, A MISSISSIPPI ELECTR",Unit,14911013,EPACAMD,55063CAMDUNIT1,55063;1,55063,1,8/8/2011,,Yes
MI,26,,26137,Otsego,6335011,MIDEQ,N6526,CMS Generation Michigan Power L.L.C.,"CMS Generation, Livingston Generating Station",Unit,16380213,EPACAMD,55102CAMDUNIT3,55102;3,55102,3,8/24/2014,12/31/2049,Yes
MS,28,,28059,Jackson,6251011,MSDEQ,2805900090,AI001321,"MISSISSIPPI POWER COMPANY, PLANT VICTOR",Unit,16467713,EPACAMD,6073CAMDUNIT1,6073;1,6073,1,8/8/2011,,Yes
PA,42,,42101,Philadelphia,6531511,PACOP,4210104944,GRAYS FERRY COGEN PARTNERSHIP,GRAYS FERRY COGEN PARTNERSHIP/PHILA,Unit,103763213,EPACAMD,54785CAMDUNIT2,54785;2,54785,2,3/21/2013,,Yes
PA,42,,42101,Philadelphia,6531411,PACOP,4210104942,VICINITY ENERGY PHILA INC,VICINITY ENERGY PHILA INC/SCHUYLKILL STATION,Unit,103862713,EPACAMD,50607CAMDUNIT24,50607;24,50607,24,3/21/2013,,Yes
TX,48,,48401,Rusk,6498311,TXCEQ,37,TENASKA GATEWAY PARTNERS LTD,ELECTRIC POWER GENERATION,Unit,19524013,EPACAMD,55132CAMDUNITOGTDB1,55132;OGTDB1,55132,OGTDB1,8/8/2011,,Yes
CO,8,,8087,Morgan,897211,CODPHE,CO0000000808700011,Public Service Company Of Colorado,PUBLIC SERVICE CO - PAWNEE PLT,Unit,46611213,EPACAMD,6248CAMDUNIT1,6248;1,6248,1,8/8/2011,,Yes
CO,8,,8087,Morgan,897211,CODPHE,CO0000000808700011,Public Service Company Of Colorado,PUBLIC SERVICE CO - PAWNEE PLT,Unit,68808413,EPACAMD,55127CAMDUNITCT2,55127;CT2,55127,CT2,9/29/2014,,Yes
AZ,4,,4013,Maricopa,1139211,AZMCAQD,13,Salt River Project,Salt River Project - Santan Generating Station,Unit,105573113,EPACAMD,8068CAMDUNIT5A,8068;5A,8068,5A,8/23/2014,,Yes
MA,25,,25003,Berkshire,5175811,MADEP,1170167,"ESSENTIAL POWER MASSACHUSETTS, LLC DOREEN STREET STATION",ESSENTIAL POWER MASS LLC DOREEN ST STA,Unit,87597913,EPACAMD,1631CAMDUNIT10,1631;10,1631,10,10/27/2014,,Yes
IL,17,,17143,Peoria,5422711,ILEPA,143805AAG,Amerenenergy Resources Generating Company,Illinois Power Resources Generating LLC,Unit,26814813,EPACAMD,856CAMDUNIT2,856;2,856,2,8/8/2011,,Yes
IL,17,,17103,Lee,10824211,ILEPA,103814AAC,,Invenergy Nelson LLC,Unit,105888013,EPACAMD,55183CAMDUNIT1,55183;1,55183,1,5/26/2017,,Yes
SC,45,,45031,Darlington,4951511,SCDHEC,0820-0002,Carolina Power & Light Company,DUKE ENERGY PROGRESS LLC - HB ROBINSON/DARLINGTON,Unit,28949813,EPACAMD,3250CAMDUNIT11,3250;11,3250,11,9/23/2011,,Yes
SC,45,,45031,Darlington,4951511,SCDHEC,0820-0002,Carolina Power & Light Company,DUKE ENERGY PROGRESS LLC - HB ROBINSON/DARLINGTON,Unit,28950213,EPACAMD,3250CAMDUNIT7,3250;7,3250,7,9/23/2011,,Yes
IN,18,,18163,Vanderburgh,4917811,INDEM,1,Na,SIGECO Broadway Ave Generating Station,Unit,28994913,EPACAMD,1011CAMDUNIT1,1011;1,1011,1,10/7/2014,,Yes
IN,18,,18163,Vanderburgh,4917811,INDEM,1,Na,SIGECO Broadway Ave Generating Station,Unit,28995013,EPACAMD,1011CAMDUNIT2,1011;2,1011,2,8/8/2011,,Yes
TX,48,,48439,Tarrant,4916711,TXCEQ,7,CONSTELLATION HANDLEY POWER LLC,HANDLEY STEAM ELECTRIC STATION,Unit,29004713,EPACAMD,3491CAMDUNIT3,3491;3,3491,3,9/23/2011,,Yes
TX,48,,48245,Jefferson,4862411,TXCEQ,18,EXXONMOBIL OIL CORPORATION,BEAUMONT REFINERY,Unit,71060613,EPACAMD,50625CAMDUNIT61STK3,50625;61STK3,50625,61STK3,10/23/2014,,Yes
TX,48,,48215,Hidalgo,4846411,TXCEQ,86,CALPINE CONSTRUCTION FINANCE COMPANY LP,MAGIC VALLEY GENERATING STATION,Unit,29655213,EPACAMD,55123CAMDUNITCTG-1,55123;CTG-1,55123,CTG-1,8/8/2011,,Yes
SC,45,,45021,Cherokee,4074811,SCDHEC,0600-0076,"Broad River Energy, LLC",BROAD RIVER ENERGY LLC,Unit,118511913,EPACAMD,55166CAMDUNITCT-4,55166;CT-4,55166,CT-4,12/30/2049,12/31/2049,Yes
TX,48,,48201,Harris,4057511,TXCEQ,1512,EIF CHANNELVIEW COGENERATION LLC,CHANNELVIEW COGENERATION FACILITY,Unit,33491013,EPACAMD,55187CAMDUNITCHV1,55187;CHV1,55187,CHV1,8/8/2011,,Yes
VA,51,,51760,Richmond city,4039911,VADEQ,52758,,Spruance Operating Services LLC,Unit,33619413,EPACAMD,54081CAMDUNITBLR02B,54081;BLR02B,54081,BLR02B,8/14/2014,12/31/2049,Yes
AZ,4,,4021,Pinal,11310611,Pinal,COOLGEN,Coolidge Power LLC,Coolidge Generating Station,Unit,118550113,EPACAMD,56948CAMDUNITCT07,56948;CT07,56948,CT07,5/31/2018,,Yes
AZ,4,,4021,Pinal,11310611,Pinal,COOLGEN,Coolidge Power LLC,Coolidge Generating Station,Unit,118549713,EPACAMD,56948CAMDUNITCT11,56948;CT11,56948,CT11,5/31/2018,,Yes
AZ,4,,4021,Pinal,11310611,Pinal,COOLGEN,Coolidge Power LLC,Coolidge Generating Station,Unit,118549613,EPACAMD,56948CAMDUNITCT12,56948;CT12,56948,CT12,5/31/2018,,Yes
NV,32,,32011,Eureka,12758911,NVBAQ,A0359,"NEVADA GOLD ENERGY LLC, TS POWER PLANT",TS POWER PLANT,Unit,97868713,EPACAMD,56224CAMDUNIT001,56224;001,56224,1,3/20/2013,,Yes
WI,55,,55141,Wood,17851611,WIDNR,772140050,,MARSHFIELD UTILITIES COMBUSTION TURBINE GENERATOR,Unit,125455813,EPACAMD,56480CAMDUNIT1A,56480;1A,56480,1A,2/24/2020,,Yes
VA,51,,51107,Loudoun,17856211,VADEQ,73826,Panda Stonewall LLC,Panda Stonewall LLC,Unit,125484913,EPACAMD,59004CAMDUNITCT1,59004;CT1,59004,CT1,6/20/2018,,Yes
MD,24,,24017,Charles,17878111,MDDOE,017-0235,"CPV Maryland, LLC","CPV Maryland, LLC - St. Charles Project",Unit,125590313,EPACAMD,56846CAMDUNITGT1,56846;GT1,56846,GT1,12/17/2018,,Yes
GA,13,,13297,Walton,15640311,GADNR,29700041,,Doyle Generating Facility,Unit,99508113,EPACAMD,55244CAMDUNITCTG-4,55244;CTG-4,55244,CTG-4,5/22/2013,,Yes
PA,42,,42133,York,15649311,PADEP,421330329,CALPINE MID MERIT LLC,CALPINE MID MERIT LLC/YORK ENERGY CTR DELTA,Unit,99820913,EPACAMD,55524CAMDUNIT3,55524;3,55524,3,10/28/2014,,Yes
NJ,34,,34017,Hudson,15658011,NJDEP,12863,,Bayonne Energy Center,Unit,99940113,EPACAMD,56964CAMDUNITGT2,56964;GT2,56964,GT2,12/6/2014,12/31/2049,Yes
TN,47,,47075,Haywood,15662811,TNDEC,38-0069-02,Tennessee Valley Authority,TVA - Lagoon Creek Combined Cycle Plant,Unit,103734713,EPACAMD,7845CAMDUNITLCC2,7845;LCC2,7845,LCC2,12/26/2013,,Yes
TX,48,,48221,Hood,9116611,TXCEQ,690,WOLF HOLLOW I POWER LLC,WOLF HOLLOW I,Unit,57528113,EPACAMD,55139CAMDUNITCTG2,55139;CTG2,55139,CTG2,8/8/2011,,Yes
IN,18,,18043,Floyd,7742411,INDEM,4,Na,"Duke Energy Indiana, LLC-Gallagher Gene",Unit,1881613,EPACAMD,1008CAMDUNIT4,1008;4,1008,4,8/8/2011,,Yes
NJ,34,,34021,Mercer,7474911,NJDEP,61057,PSEG Fossil LLC,PSE&G Mercer,Unit,12061313,EPACAMD,2408CAMDUNIT1,2408;1,2408,1,8/8/2011,,Yes
NJ,34,,34015,Gloucester,7700911,NJDEP,55784,Conectiv Atlantic Generation LLC,Mickleton Energy Center,Unit,12111013,EPACAMD,8008CAMDUNIT001001,8008;001001,8008,1001,8/22/2014,,Yes
TX,48,,48141,El Paso,4837411,TXCEQ,8,EL PASO ELECTRIC COMPANY,NEWMAN STATION,Unit,92051913,EPACAMD,3456CAMDUNITGT-6B,3456;GT-6B,3456,GT-6B,8/21/2014,12/31/2049,Yes
TX,48,,48141,El Paso,4837411,TXCEQ,8,EL PASO ELECTRIC COMPANY,NEWMAN STATION,Unit,31689013,EPACAMD,3456CAMDUNIT3,3456;3,3456,3,8/8/2011,,Yes
RI,44,,44007,Providence,4834311,RIDEM,AIR3000,Pawtucket Power Associates LP,PAWTUCKET POWER ASSOCIATES,Unit,88343613,EPACAMD,54056CAMDUNIT1,54056;1,54056,1,11/6/2014,12/31/2049,Yes
TX,48,,48201,Harris,4777911,TXCEQ,46,NRG TEXAS POWER LLC,GREENS BAYOU ELECTRIC GENERATING STATION,Unit,31929913,EPACAMD,3464CAMDUNITGBY73,3464;GBY73,3464,GBY73,8/21/2014,,Yes
NC,37,,37169,Stokes,8514011,NCDAQ,3716900004,"Duke Energy Carolinas, LLC","Duke Energy Carolinas, LLC - Belews Creek Steam Station",Unit,1578413,EPACAMD,8042CAMDUNIT2,8042;2,8042,2,8/8/2011,,Yes
NY,36,,36071,Orange,8427811,NYDEC,3334600075,DYNEGY NORTHEAST GENERATION,ROSETON GENERATING STATION,Unit,1624813,EPACAMD,8006CAMDUNIT2,8006;2,8006,2,8/8/2011,,Yes
NC,37,,37021,Buncombe,8392811,NCBCRAQA,628,"Progress Energy Carolinas, Inc.","Duke Energy Progress , Inc. - Asheville Steam Electric Plant",Unit,1654313,EPACAMD,2706CAMDUNIT3,2706;3,2706,3,9/23/2011,,Yes
PA,42,,42045,Delaware,6662011,PADEP,420450014,CONSTELLATION ENERGY GENERATION LLC,CONSTELLATION ENERGY GENERATION LLC/EDDYSTONE,Unit,17764713,EPACAMD,3161CAMDUNIT3,3161;3,3161,3,8/8/2011,,Yes
PA,42,,42045,Delaware,6662011,PADEP,420450014,CONSTELLATION ENERGY GENERATION LLC,CONSTELLATION ENERGY GENERATION LLC/EDDYSTONE,Unit,17765213,EPACAMD,3161CAMDUNIT30,3161;30,3161,30,10/8/2014,,Yes
PA,42,,42095,Northampton,6558911,PADEP,420950536,NORTHAMPTON GENERATING CO LP,NORTHAMPTON GEN CO/NORTHAMPTON,Unit,17966613,EPACAMD,50888CAMDUNITNGC01,50888;NGC01,50888,NGC01,8/8/2011,,Yes
TN,47,,47075,Haywood,3982711,TNDEC,38-0069,Tennessee Valley Authority,TVA LAGOON CREEK COMBUSTION TURBINE PLANT,Unit,35466813,EPACAMD,7845CAMDUNITLCT12,7845;LCT12,7845,LCT12,12/26/2013,,Yes
TN,47,,47075,Haywood,3982711,TNDEC,38-0069,Tennessee Valley Authority,TVA LAGOON CREEK COMBUSTION TURBINE PLANT,Unit,35467713,EPACAMD,7845CAMDUNITLCT3,7845;LCT3,7845,LCT3,12/26/2013,,Yes
TN,47,,47075,Haywood,3982711,TNDEC,38-0069,Tennessee Valley Authority,TVA LAGOON CREEK COMBUSTION TURBINE PLANT,Unit,35467813,EPACAMD,7845CAMDUNITLCT11,7845;LCT11,7845,LCT11,12/26/2013,,Yes
TN,47,,47075,Haywood,3982711,TNDEC,38-0069,Tennessee Valley Authority,TVA LAGOON CREEK COMBUSTION TURBINE PLANT,Unit,35467113,EPACAMD,7845CAMDUNITLCT4,7845;LCT4,7845,LCT4,12/26/2013,,Yes
TX,48,,48021,Bastrop,3981511,TXCEQ,2,LOWER COLORADO RIVER AUTHORITY,SIM GIDEON POWER PLANT,Unit,35536413,EPACAMD,3601CAMDUNIT3,3601;3,3601,3,8/8/2011,,Yes
WY,56,,56037,Sweetwater,3962711,WYDEQ,645,PacifiCorp,Jim Bridger Plant,Unit,72209613,EPACAMD,8066CAMDUNITBW71,8066;BW71,8066,BW71,8/8/2011,,Yes
TX,48,,48335,Mitchell,4204911,TXCEQ,1,LUMINANT GENERATION COMPANY LLC,MORGAN CREEK STEAM ELECTRIC STATION,Unit,35745013,EPACAMD,3492CAMDUNITCT4,3492;CT4,3492,CT4,8/8/2011,,Yes
TX,48,,48355,Nueces,4189011,TXCEQ,14,NUECES BAY LLC,NUECES BAY POWER STATION,Unit,71384413,EPACAMD,3441CAMDUNIT8,3441;8,3441,8,8/8/2013,,Yes
TN,47,,47073,Hawkins,4188311,TNDEC,37-0007,TVA JOHN SEVIER FOSSIL PLANT,TVA - John Sevier Combined Cycle Plant,Unit,35862413,EPACAMD,3405CAMDUNIT3,3405;3,3405,3,8/8/2011,,Yes
TN,47,,47073,Hawkins,4188311,TNDEC,37-0007,TVA JOHN SEVIER FOSSIL PLANT,TVA - John Sevier Combined Cycle Plant,Unit,35862513,EPACAMD,3405CAMDUNIT4,3405;4,3405,4,8/8/2011,,Yes
TN,47,,47073,Hawkins,4188311,TNDEC,37-0007,TVA JOHN SEVIER FOSSIL PLANT,TVA - John Sevier Combined Cycle Plant,Unit,105932213,EPACAMD,3405CAMDUNITJCC2,3405;JCC2,3405,JCC2,10/14/2014,,Yes
PA,42,,42025,Carbon,7889011,PADEP,420250023,PANTHER CREEK PARTNERS,PANTHER CREEK POWER OPR LLC/NESQUEHONING,Unit,2746913,EPACAMD,50776CAMDUNIT1,50776;1,50776,1,8/8/2011,,Yes
PA,42,,42017,Bucks,9202811,PADEP,420170131,FAIRLESS ENERGY LLC,FAIRLESS ENERGY LLC/FALLS TWP,Unit,57827413,EPACAMD,55298CAMDUNIT2A,55298;2A,55298,2A,8/8/2011,,Yes
NY,36,,36067,Onondaga,7981811,NYDEC,7313200052,SYRACUSE ENERGY CORPORATION,SYRACUSE ENERGY CORPORATION,Unit,6453613,EPACAMD,50651CAMDUNITBLR3,50651;BLR3,50651,BLR3,8/14/2014,12/31/2049,Yes
NY,36,,36067,Onondaga,7981811,NYDEC,7313200052,SYRACUSE ENERGY CORPORATION,SYRACUSE ENERGY CORPORATION,Unit,6453613,EPACAMD,50651CAMDUNITBLR4,50651;BLR4,50651,BLR4,8/14/2014,12/31/2049,Yes
NY,36,,36103,Suffolk,7981511,NYDEC,1472200107,KEYSPAN ENERGY CORPORATION,PORT JEFFERSON POWER STATION,Unit,6455613,EPACAMD,2517CAMDUNIT4,2517;4,2517,4,8/8/2011,,Yes
NC,37,,37071,Gaston,8176211,NCDAQ,3707100040,"Duke Energy Carolinas, LLC","Duke Energy Carolinas, LLC - Riverbend Steam",Unit,6827913,EPACAMD,2732CAMDUNIT9,2732;9,2732,9,8/8/2011,,Yes
NC,37,,37071,Gaston,8176211,NCDAQ,3707100040,"Duke Energy Carolinas, LLC","Duke Energy Carolinas, LLC - Riverbend Steam",Unit,6828113,EPACAMD,2732CAMDUNIT7,2732;7,2732,7,8/8/2011,,Yes
VA,51,,51167,Russell,5763511,VADEQ,10236,American Electric Power-Clinch River Plant,American Electric Power-Clinch River Plant,Unit,21755613,EPACAMD,3775CAMDUNIT2,3775;2,3775,2,1/1/2016,12/31/2049,Yes
TX,48,,48361,Orange,5730811,TXCEQ,7,ENTERGY TEXAS INC,SABINE PLANT,Unit,21861013,EPACAMD,3459CAMDUNIT2,3459;2,3459,2,8/8/2011,,Yes
TX,48,,48113,Dallas,5729911,TXCEQ,10,MOUNTAIN CREEK POWER LLC,MOUNTAIN CREEK STEAM ELECTRIC STATION,Unit,21904113,EPACAMD,3453CAMDUNIT8,3453;8,3453,8,8/8/2011,,Yes
OH,39,,39007,Ashtabula,8103911,OHEPA,204010000,FirstEnergy Generation Corporation,"FirstEnergy Generation Corp., Ashtabula Plant (0204010000)",Unit,5517913,EPACAMD,2835CAMDUNIT7,2835;7,2835,7,8/8/2011,,Yes
OH,39,,39007,Ashtabula,8103911,OHEPA,204010000,FirstEnergy Generation Corporation,"FirstEnergy Generation Corp., Ashtabula Plant (0204010000)",Unit,5518013,EPACAMD,2835CAMDUNIT8,2835;8,2835,8,12/6/2014,,Yes
OH,39,,39001,Adams,8101411,OHEPA,701000060,Dayton Power And Light Company,Kingfisher Development LLC - Killen (0701000060),Unit,5524813,EPACAMD,6031CAMDUNIT2,6031;2,6031,2,8/8/2011,,Yes
IL,17,,17063,Grundy,3348811,ILEPA,063800AAJ,Morris Cogeneration LLC,Morris Cogeneration LLC,Unit,38906113,EPACAMD,55216CAMDUNITCTG1,55216;CTG1,55216,CTG1,8/22/2014,,Yes
IL,17,,17063,Grundy,3348811,ILEPA,063800AAJ,Morris Cogeneration LLC,Morris Cogeneration LLC,Unit,91319613,EPACAMD,55216CAMDUNITCTG2,55216;CTG2,55216,CTG2,8/22/2014,,Yes
KS,20,,20091,Johnson,9637911,KSDOHE,174,"Evergy, Inc.",Evergy - West Gardner,Unit,53802213,EPACAMD,7929CAMDUNIT4,7929;4,7929,4,10/9/2014,,Yes
MI,26,,26147,St. Clair,7239111,MIDEQ,B2796,DTE Electric Company,ST. CLAIR / BELLE RIVER POWER PLANT,Unit,7540113,EPACAMD,1743CAMDUNIT1,1743;1,1743,1,8/8/2011,,Yes
NY,36,,36059,Nassau,7223311,NYDEC,1282400947,BETHPAGE ENERGY CENTER 3 LLC,TBG COGEN FACILITY,Unit,118513413,EPACAMD,50292CAMDUNITGT2,50292;GT2,50292,GT2,1/1/2016,12/31/2049,Yes
NY,36,,36059,Nassau,7221611,NYDEC,1282000553,NATIONAL GRID CORPORATE SERVICES LLC,EF BARRETT POWER STATION,Unit,7563313,EPACAMD,2511CAMDUNIT20,2511;20,2511,20,8/8/2011,,Yes
NY,36,,36059,Nassau,7221611,NYDEC,1282000553,NATIONAL GRID CORPORATE SERVICES LLC,EF BARRETT POWER STATION,Unit,118548013,EPACAMD,2511CAMDUNITU00007,2511;U00007,2511,U00007,4/30/2018,12/31/2049,Yes
NV,32,,32029,Storey,7237511,NVBAQ,AP49112871,"NANIWA ENERGY, LLC",NANIWA TRI PEAKING GENERATING STATION,Unit,7571013,EPACAMD,55494CAMDUNITCT1,55494;CT1,55494,CT1,11/17/2014,12/31/2049,Yes
NV,32,,32029,Storey,7237511,NVBAQ,AP49112871,"NANIWA ENERGY, LLC",NANIWA TRI PEAKING GENERATING STATION,Unit,7571013,EPACAMD,55494CAMDUNITCT5,55494;CT5,55494,CT5,11/17/2014,12/31/2049,Yes
KY,21,,21127,Lawrence,6019911,KYDAQ,2112700040,"Dynegy, Inc",Riverside Generating Co LLC,Unit,86769613,EPACAMD,55198CAMDUNITGTG101,55198;GTG101,55198,GTG101,10/8/2014,,Yes
TX,48,,48449,Titus,4036111,TXCEQ,3,LUMINANT GENERATION COMPANY LLC,MONTICELLO STEAM ELECTRIC STATION,Unit,34165313,EPACAMD,6147CAMDUNIT2,6147;2,6147,2,8/8/2011,,Yes
TX,48,,48175,Goliad,4018411,TXCEQ,2,COLETO CREEK POWER LLC,COLETO CREEK POWER STATION,Unit,34509413,EPACAMD,6178CAMDUNIT1,6178;1,6178,1,8/8/2011,,Yes
TX,48,,48135,Ector,3968311,TXCEQ,100,LUMINANT GENERATION COMPANY LLC,ODESSA ECTOR POWER PARTNERS,Unit,34526913,EPACAMD,55215CAMDUNITGT4,55215;GT4,55215,GT4,8/8/2011,,Yes
WI,55,,55059,Kenosha,7509411,WIDNR,230006260,Wisconsin Electric Power Company,WISCONSIN ELECTRIC POWER COMPANY D/B/A WE ENERGIES-PLEASANT PRAIRIE POWER PLANT,Unit,11166713,EPACAMD,6170CAMDUNIT1,6170;1,6170,1,8/8/2011,,Yes
MD,24,,24031,Montgomery,5998011,MDDOE,031-0019,"Dominion Transmission, Inc",GenOn Dickerson Generating Station,Unit,87978213,EPACAMD,1572CAMDUNIT2,1572;2,1572,2,8/8/2011,,Yes
MD,24,,24031,Montgomery,5998011,MDDOE,031-0019,"Dominion Transmission, Inc",GenOn Dickerson Generating Station,Unit,87978613,EPACAMD,1572CAMDUNITGT2,1572;GT2,1572,GT2,8/8/2011,,Yes
MD,24,,24031,Montgomery,5998011,MDDOE,031-0019,"Dominion Transmission, Inc",GenOn Dickerson Generating Station,Unit,87978113,EPACAMD,1572CAMDUNIT1,1572;1,1572,1,8/8/2011,,Yes
MA,25,,25013,Hampden,5979211,MADEP,420001,MASS MUNICIPAL WHOLESALE ELECTRIC CO,STONY BROOK ENERGY CENTER,Unit,87355513,EPACAMD,6081CAMDUNIT004,6081;004,6081,4,9/23/2011,,Yes
CO,8,,8123,Weld,3551511,CODPHE,CO0000000812300023,Public Service Company Of Colorado,PUBLIC SERVICE CO - FORT SAINT VRAIN PLT,Unit,90957413,EPACAMD,6112CAMDUNIT6,6112;6,6112,6,10/1/2014,,Yes
IL,17,,17167,Sangamon,7377311,ILEPA,167120AAO,City Of Springfield,City Water Light & Power,Unit,10532913,EPACAMD,963CAMDUNIT31,963;31,963,31,8/8/2011,,Yes
IL,17,,17167,Sangamon,7377311,ILEPA,167120AAO,City Of Springfield,City Water Light & Power,Unit,10533113,EPACAMD,963CAMDUNIT32,963;32,963,32,8/8/2011,,Yes
IN,18,,18051,Gibson,7363111,INDEM,13,Na,Duke Energy Indiana LLC - Gibson Genera,Unit,10574013,EPACAMD,6113CAMDUNIT3,6113;3,6113,3,8/8/2011,,Yes
IN,18,,18125,Pike,7362411,INDEM,2,Na,Indianapolis Power and Light Petersburg,Unit,10579113,EPACAMD,994CAMDUNIT3,994;3,994,3,8/8/2011,,Yes
OH,39,,39155,Trumbull,7328911,OHEPA,278060023,"Orion Power Midwest, LLC","Niles Combustion Turbine (Niles Power, LLC) (0278060023)",Unit,10658013,EPACAMD,2861CAMDUNIT2,2861;2,2861,2,8/8/2011,,Yes
OH,39,,39155,Trumbull,7328911,OHEPA,278060023,"Orion Power Midwest, LLC","Niles Combustion Turbine (Niles Power, LLC) (0278060023)",Unit,10657813,EPACAMD,2861CAMDUNITCTA,2861;CTA,2861,CTA,10/29/2014,,Yes
NJ,34,,34019,Hunterdon,7312511,NJDEP,80002,Reliant Energy New Jersey Holdings,Gilbert Generating Station,Unit,10666713,EPACAMD,2393CAMDUNIT017001,2393;017001,2393,17001,10/7/2014,,Yes
NJ,34,,34009,Cape May,5133111,NJDEP,73243,Conectiv Atlantic Generation LLC,Middle Energy Center,Unit,25810113,EPACAMD,2382CAMDUNIT005001,2382;005001,2382,5001,10/9/2014,,Yes
WI,55,,55131,Washington,5235111,WIDNR,267006190,Wisconsin Electric Power Company,WISCONSIN ELECTRIC POWER COMPANY D/B/A WE ENERGIES-GERMANTOWN STATION,Unit,25374013,EPACAMD,6253CAMDUNITP34,6253;P34,6253,P34,10/5/2014,,Yes
MD,24,,24009,Calvert,5169611,MDDOE,009-0021,"Dominion Energy Cove Point LNG, LP","Dominion Energy Cove Point LNG, LP",Unit,129225813,EPACAMD,59073CAMDUNITB921B,59073;B921B,59073,B921B,3/3/2021,12/31/2049,Yes
WI,55,,55025,Dane,7454711,WIDNR,113308030,"Calpine Operating Services Company, Inc.",RockGen Energy Center,Unit,12393913,EPACAMD,55391CAMDUNITCT-1,55391;CT-1,55391,CT-1,8/17/2014,,Yes
NE,31,,31153,Sarpy,7631011,NEDEQ,42638,Omaha Public Power District,OPPD Sarpy County Station,Unit,12530813,EPACAMD,2292CAMDUNIT1,2292;1,2292,1,12/30/2049,12/31/2049,Yes
NE,31,,31153,Sarpy,7631011,NEDEQ,42638,Omaha Public Power District,OPPD Sarpy County Station,Unit,12531513,EPACAMD,2292CAMDUNIT2,2292;2,2292,2,12/30/2049,12/31/2049,Yes
IN,18,,18097,Marion,5544111,INDEM,352,Na,Georgetown Substation Generating Plant,Unit,100833013,EPACAMD,7759CAMDUNITGT2,7759;GT2,7759,GT2,10/9/2014,,Yes
AR,5,,5059,Hot Spring,10504211,ARDEQ,505900337,Arkansas Electric Cooperative Corporation,AECC Magnet Cove Generating Station,Unit,52356613,EPACAMD,55714CAMDUNITSN-02,55714;SN-02,55714,SN-02,10/1/2014,12/31/2049,Yes
MI,26,,26139,Ottawa,7087211,MIDEQ,N6521,Consumers Energy Company,Consumers Energy Co. - Zeeland Generating Station,Unit,14145813,EPACAMD,55087CAMDUNITCC2,55087;CC2,55087,CC2,8/15/2014,12/31/2049,Yes
KS,20,,20113,McPherson,5380211,KSDOHE,14,McPherson Board of Public Utilities,McPherson Mun. Power Plant #2,Unit,27086313,EPACAMD,1305CAMDUNITGT2,1305;GT2,1305,GT2,4/18/2017,,Yes
TX,48,,48503,Young,8532511,TXCEQ,1,LUMINANT GENERATION COMPANY LLC,GRAHAM STEAM ELECTRIC STATION,Unit,943013,EPACAMD,3490CAMDUNIT1,3490;1,3490,1,8/8/2011,,Yes
TX,48,,48503,Young,8532511,TXCEQ,1,LUMINANT GENERATION COMPANY LLC,GRAHAM STEAM ELECTRIC STATION,Unit,942913,EPACAMD,3490CAMDUNIT2,3490;2,3490,2,8/8/2011,,Yes
TX,48,,48475,Ward,8515911,TXCEQ,4,LUMINANT GENERATION COMPANY LLC,PERMIAN BASIN STEAM ELECTRIC STATION,Unit,954913,EPACAMD,3494CAMDUNIT5,3494;5,3494,5,8/8/2011,,Yes
TX,48,,48475,Ward,8515911,TXCEQ,4,LUMINANT GENERATION COMPANY LLC,PERMIAN BASIN STEAM ELECTRIC STATION,Unit,954513,EPACAMD,3494CAMDUNITCT5,3494;CT5,3494,CT5,8/8/2011,,Yes
TX,48,,48475,Ward,8515911,TXCEQ,4,LUMINANT GENERATION COMPANY LLC,PERMIAN BASIN STEAM ELECTRIC STATION,Unit,953913,EPACAMD,3494CAMDUNIT6,3494;6,3494,6,8/8/2011,,Yes
TX,48,,48475,Ward,8515911,TXCEQ,4,LUMINANT GENERATION COMPANY LLC,PERMIAN BASIN STEAM ELECTRIC STATION,Unit,955213,EPACAMD,3494CAMDUNITCT1,3494;CT1,3494,CT1,8/8/2011,,Yes
FL,12,,12105,Polk,8514711,FLDEP,1050223,Progress Energy Corporation,"DUKE ENERGY FLORIDA, LLC",Unit,959813,EPACAMD,7699CAMDUNIT1,7699;1,7699,1,8/8/2011,,Yes
GA,13,,13157,Jackson,8500711,GADNR,15700034,,Dahlberg Combustion Turbine Electric Generating Plant,Unit,965013,EPACAMD,7765CAMDUNIT5,7765;5,7765,5,6/29/2013,,Yes
FL,12,,12001,Alachua,8500311,FLDEP,10001,Progress Energy Corporation,"DUKE ENERGY FLORIDA, LLC",Unit,64010513,EPACAMD,7345CAMDUNIT1,7345;1,7345,1,8/8/2011,,Yes
MN,27,,27091,Martin,8482611,MNPCA,2709100058,Great River Energy,Great River Energy - Lakefield Junction Station,Unit,1107913,EPACAMD,7925CAMDUNITCT04,7925;CT04,7925,CT04,10/9/2014,,Yes
NC,37,,37037,Chatham,8430611,NCDAQ,3703700063,"Progress Energy Service Company, LLC",Progress Energy Carolinas - Cape Fear Plant,Unit,98738013,EPACAMD,2708CAMDUNIT1B,2708;1B,2708,1B,11/6/2014,12/31/2049,Yes
NC,37,,37037,Chatham,8430611,NCDAQ,3703700063,"Progress Energy Service Company, LLC",Progress Energy Carolinas - Cape Fear Plant,Unit,98738013,EPACAMD,2708CAMDUNIT1A,2708;1A,2708,1A,11/6/2014,12/31/2049,Yes
WA,53,,53073,Whatcom,6212411,WAECY,30,"Puget Sound Energy, Inc.",PSE ENCOGEN GENERATING STATION,Unit,15565213,EPACAMD,7870CAMDUNITCT1,7870;CT1,7870,CT1,10/9/2014,,Yes
WA,53,,53073,Whatcom,6212411,WAECY,30,"Puget Sound Energy, Inc.",PSE ENCOGEN GENERATING STATION,Unit,15565313,EPACAMD,7870CAMDUNITCT3,7870;CT3,7870,CT3,10/9/2014,,Yes
WV,54,,54099,Wayne,6341911,WVDAQ,81,Appalachian Power Company,Appalachian Power Company - CEREDO ELECTRIC GENERATING STATION,Unit,71750913,EPACAMD,55276CAMDUNIT04,55276;04,55276,4,4/17/2014,,Yes
WV,54,,54099,Wayne,6341811,WVDAQ,80,"BIG SANDY PEAKER, LLC",BIG SANDY PEAKER PLANT,Unit,71745613,EPACAMD,55284CAMDUNITGS05,55284;GS05,55284,GS05,8/23/2014,,Yes
WV,54,,54099,Wayne,6341811,WVDAQ,80,"BIG SANDY PEAKER, LLC",BIG SANDY PEAKER PLANT,Unit,71745513,EPACAMD,55284CAMDUNITGS04,55284;GS04,55284,GS04,8/23/2014,,Yes
WV,54,,54099,Wayne,6341811,WVDAQ,80,"BIG SANDY PEAKER, LLC",BIG SANDY PEAKER PLANT,Unit,71745713,EPACAMD,55284CAMDUNITGS06,55284;GS06,55284,GS06,8/23/2014,,Yes
WV,54,,54099,Wayne,6341811,WVDAQ,80,"BIG SANDY PEAKER, LLC",BIG SANDY PEAKER PLANT,Unit,71745913,EPACAMD,55284CAMDUNITGS08,55284;GS08,55284,GS08,8/23/2014,,Yes
IN,18,,18083,Knox,4479311,INDEM,41,Na,Duke Energy Indiana LLC. - Wheatland Ge,Unit,28308013,EPACAMD,55224CAMDUNITEU-03,55224;EU-03,55224,EU-03,8/15/2014,,Yes
IN,18,,18083,Knox,4478911,INDEM,3,Na,Duke Energy Indiana LLC Edwardsport Gen,Unit,28309713,EPACAMD,1004CAMDUNITCTG1,1004;CTG1,1004,CTG1,6/2/2015,,Yes
IL,17,,17173,Shelby,4725911,ILEPA,173801AAA,"Reliant Energy Wholesale Generation, LLC",Shelby County Energy Center,Unit,28335013,EPACAMD,55237CAMDUNITSCE7,55237;SCE7,55237,SCE7,9/23/2011,,Yes
IL,17,,17173,Shelby,4725911,ILEPA,173801AAA,"Reliant Energy Wholesale Generation, LLC",Shelby County Energy Center,Unit,28334613,EPACAMD,55237CAMDUNITSCE4,55237;SCE4,55237,SCE4,9/23/2011,,Yes
IL,17,,17197,Will,4688511,ILEPA,197899AAB,University Park Energy LLC,University Park Energy LLC,Unit,60404213,EPACAMD,55250CAMDUNITUP6,55250;UP6,55250,UP6,7/25/2012,,Yes
CO,8,,8041,El Paso,4385111,CODPHE,CO0000000804100897,Fountain Valley Power LLC,FOUNTAIN VALLEY POWER - BOCA RATON,Unit,68597413,EPACAMD,55453CAMDUNIT3,55453;3,55453,3,8/8/2011,,Yes
PA,42,,42107,Schuylkill,8406511,PADEP,421070024,SCHUYLKILL ENERGY RESOURCES INC,SCHUYLKILL ENERGY RES/ST NICHOLAS COGEN,Unit,352313,EPACAMD,54634CAMDUNIT1,54634;1,54634,1,8/8/2011,,Yes
TX,48,,48139,Ellis,6389111,TXCEQ,60,ENNIS POWER COMPANY LLC,ENNIS ELECTRIC GENERATION PLANT,Unit,15947513,EPACAMD,55223CAMDUNITGT-1,55223;GT-1,55223,GT-1,8/8/2011,,Yes
AL,1,,1063,Greene,1036811,ADEM,1,Alabama Power Company,Alabama Power Company,Unit,47690913,EPACAMD,10CAMDUNIT1,10;1,10,1,8/8/2011,,Yes
AL,1,,1063,Greene,1036811,ADEM,1,Alabama Power Company,Alabama Power Company,Unit,47691513,EPACAMD,10CAMDUNITCT10,10;CT10,10,CT10,9/23/2011,,Yes
AL,1,,1063,Greene,1036811,ADEM,1,Alabama Power Company,Alabama Power Company,Unit,47690813,EPACAMD,10CAMDUNITCT3,10;CT3,10,CT3,9/23/2011,,Yes
AL,1,,1055,Etowah,1021011,ADEM,2,Alabama Power Company,Alabama Power Company,Unit,47695513,EPACAMD,7CAMDUNIT1,7;1,7,1,8/8/2011,,Yes
AL,1,,1071,Jackson,1018911,ADEM,8,Tennessee Valley Authority,TVA Widows Creek,Unit,47716913,EPACAMD,50CAMDUNIT5,50;5,50,5,8/8/2011,,Yes
AL,1,,1071,Jackson,1018911,ADEM,8,Tennessee Valley Authority,TVA Widows Creek,Unit,47716313,EPACAMD,50CAMDUNIT3,50;3,50,3,8/8/2011,,Yes
AL,1,,1113,Russell,1000211,ADEM,4,,"WestRock Coated Board, LLC. - Mahrt Mill",Unit,47794913,EPACAMD,54802CAMDUNITZ008,54802;Z008,54802,Z008,2/12/2018,,Yes
AL,1,,1039,Covington,967611,ADEM,1,"Alabama Electric Cooperative, Inc",PowerSouth Energy Cooperative Inc,Unit,47844013,EPACAMD,533CAMDUNIT**V1,533;**V1,533,**V1,8/15/2014,,Yes
AL,1,,1039,Covington,967611,ADEM,1,"Alabama Electric Cooperative, Inc",PowerSouth Energy Cooperative Inc,Unit,47844113,EPACAMD,533CAMDUNIT**V2,533;**V2,533,**V2,8/15/2014,,Yes
AL,1,,1129,Washington,949511,ADEM,18,Alabama Power Company,Alabama Power Company,Unit,47870713,EPACAMD,7697CAMDUNITCC1,7697;CC1,7697,CC1,8/8/2011,,Yes
AL,1,,1117,Shelby,949211,ADEM,5,Alabama Power Company,Alabama Power Company,Unit,47875013,EPACAMD,26CAMDUNIT3,26;3,26,3,8/8/2011,,Yes
IL,17,,17031,Cook,946411,ILEPA,031012ABI,,Ingredion Inc,Unit,59373413,EPACAMD,54556CAMDUNITB07,54556;B07,54556,B07,1/16/2015,,Yes
CO,8,,8031,Denver,1699811,CODPHE,CO0000000803100008,Black Hills Colorado LLC,SWG ARAPAHOE - ARAPAHOE GENERATING,Unit,44962113,EPACAMD,465CAMDUNIT3,465;3,465,3,8/8/2011,,Yes
CA,6,,6029,Kern,361111,CARB,1514303746,SUNRISE POWER CO,SUNRISE POWER CO,Unit,50311913,EPACAMD,55182CAMDUNITCTG2,55182;CTG2,55182,CTG2,8/8/2011,,Yes
CA,6,,6029,Kern,412511,CARB,1514301250,BADGER CREEK LIMITED,BADGER CREEK LIMITED,Unit,49172513,EPACAMD,10650CAMDUNITGT1,10650;GT1,10650,GT1,12/17/2018,,Yes
KY,21,,21145,McCracken,15073911,KYDAQ,2114500096,,Paducah Power System - PPS Power Plant # 1,Unit,94795913,EPACAMD,56556CAMDUNITEU02B,56556;EU02B,56556,EU02B,10/10/2014,12/31/2049,Yes
CA,6,,6065,Riverside,17228711,CARB,3.32E+11,SENTINEL ENERGY CENTER LLC,SENTINEL ENERGY CENTER LLC,Unit,119857013,EPACAMD,57482CAMDUNIT2,57482;2,57482,2,5/28/2018,,Yes
CA,6,,6065,Riverside,17228711,CARB,3.32E+11,SENTINEL ENERGY CENTER LLC,SENTINEL ENERGY CENTER LLC,Unit,119857613,EPACAMD,57482CAMDUNIT8,57482;8,57482,8,5/28/2018,,Yes
TX,48,,48141,El Paso,16861411,TXCEQ,743,EL PASO ELECTRIC COMPANY,MONTANA POWER STATION,Unit,126712113,EPACAMD,58562CAMDUNITGT-3,58562;GT-3,58562,GT-3,3/25/2018,,Yes
TX,48,,48181,Grayson,16862411,TXCEQ,202,PANDA SHERMAN POWER LLC,PANDA SHERMAN POWER STATION,Unit,113092713,EPACAMD,58005CAMDUNITCTG1,58005;CTG1,58005,CTG1,12/22/2015,,Yes
VA,51,,51029,Buckingham,15432111,VADEQ,32004,Dominion - Bear Garden CT Station,Dominion - Bear Garden CT Station,Unit,96378013,EPACAMD,56807CAMDUNIT1A,56807;1A,56807,1A,8/22/2014,,Yes
VA,51,,51187,Warren,17644211,VADEQ,81391,Dominion,Dominion - Warren,Unit,122161313,EPACAMD,55939CAMDUNIT1C,55939;1C,55939,1C,4/10/2017,,Yes
MN,27,,27013,Blue Earth,13597611,MNPCA,2701300098,,Mankato Energy Center,Unit,79510813,EPACAMD,56104CAMDUNITCT-2,56104;CT-2,56104,CT-2,10/9/2014,,Yes
GA,13,,13293,Upson,15525911,GADNR,29300027,,Edward L. Addison Generating Plant,Unit,97468913,EPACAMD,55267CAMDUNIT3,55267;3,55267,3,4/18/2014,,Yes
GA,13,,13293,Upson,15525911,GADNR,29300027,,Edward L. Addison Generating Plant,Unit,97468813,EPACAMD,55267CAMDUNIT2,55267;2,55267,2,4/18/2014,,Yes
GA,13,,13293,Upson,15525911,GADNR,29300027,,Edward L. Addison Generating Plant,Unit,97468713,EPACAMD,55267CAMDUNIT1,55267;1,55267,1,4/18/2014,,Yes
CA,6,,6085,Santa Clara,13834111,CARB,43130312183,METCALF ENERGY CENTER,METCALF ENERGY CENTER,Unit,84510213,EPACAMD,55393CAMDUNIT1,55393;1,55393,1,8/8/2011,,Yes
FL,12,,12127,Volusia,2797311,FLDEP,1270028,Progress Energy Corporation,"DUKE ENERGY FLORIDA, LLC",Unit,40825813,EPACAMD,6046CAMDUNIT**8,6046;**8,6046,**8,8/8/2011,,Yes
FL,12,,12127,Volusia,2797311,FLDEP,1270028,Progress Energy Corporation,"DUKE ENERGY FLORIDA, LLC",Unit,40825213,EPACAMD,6046CAMDUNITP6,6046;P6,6046,P6,8/8/2011,,Yes
MO,29,,29201,Scott,7595411,MODNR,17,City Of Carthage,SIKESTON POWER STATION,Unit,59159713,EPACAMD,6768CAMDUNIT1,6768;1,6768,1,8/8/2011,,Yes
MO,29,,29083,Henry,7529611,MODNR,1,Kansas City Power & Light Company,KANSAS CITY POWER AND LIGHT CO MONTROSE GENERATING STATION,Unit,11604413,EPACAMD,2080CAMDUNIT3,2080;3,2080,3,8/8/2011,,Yes
FL,12,,12011,Broward,591711,FLDEP,110037,Florida Power & Light Company,LAUDERDALE POWER PLANT,Unit,46118913,EPACAMD,613CAMDUNITGFL03,613;GFL03,613,GFL03,8/15/2014,12/31/2049,Yes
FL,12,,12011,Broward,591711,FLDEP,110037,Florida Power & Light Company,LAUDERDALE POWER PLANT,Unit,46118913,EPACAMD,613CAMDUNITGFL06,613;GFL06,613,GFL06,8/15/2014,12/31/2049,Yes
FL,12,,12011,Broward,591711,FLDEP,110037,Florida Power & Light Company,LAUDERDALE POWER PLANT,Unit,46120213,EPACAMD,613CAMDUNIT4GT2,613;4GT2,613,4GT2,8/8/2011,,Yes
FL,12,,12011,Broward,591711,FLDEP,110037,Florida Power & Light Company,LAUDERDALE POWER PLANT,Unit,46119513,EPACAMD,613CAMDUNITGFL20,613;GFL20,613,GFL20,8/18/2014,12/31/2049,Yes
FL,12,,12011,Broward,591711,FLDEP,110037,Florida Power & Light Company,LAUDERDALE POWER PLANT,Unit,46119513,EPACAMD,613CAMDUNITGFL13,613;GFL13,613,GFL13,8/18/2014,12/31/2049,Yes
FL,12,,12011,Broward,591611,FLDEP,110036,Florida Power & Light Company,PORT EVERGLADES ENERGY CENTER,Unit,46121213,EPACAMD,617CAMDUNITGPE04,617;GPE04,617,GPE04,8/15/2014,12/31/2049,Yes
FL,12,,12011,Broward,591611,FLDEP,110036,Florida Power & Light Company,PORT EVERGLADES ENERGY CENTER,Unit,46121213,EPACAMD,617CAMDUNITGPE12,617;GPE12,617,GPE12,8/15/2014,12/31/2049,Yes
FL,12,,12009,Brevard,591211,FLDEP,90196,Reliant Energy Florida LLC,"GENON FLORIDA, LP Indian River",Unit,46123013,EPACAMD,55318CAMDUNIT2,55318;2,55318,2,8/8/2011,,Yes
FL,12,,12009,Brevard,591111,FLDEP,90180,Oleander Power Project LP,"OLEANDER POWER PROJECT, LP",Unit,46123613,EPACAMD,55286CAMDUNITO-2,55286;O-2,55286,O-2,8/8/2011,,Yes
CT,9,,9009,New Haven,590011,CTBAM,T105P0014C07741,"NRG ENERGY, INC.","DEVON POWER, LLC",Unit,46136513,EPACAMD,544CAMDUNIT13,544;13,544,13,6/11/2013,,Yes
CT,9,,9009,New Haven,590011,CTBAM,T105P0014C07741,"NRG ENERGY, INC.","DEVON POWER, LLC",Unit,46136113,EPACAMD,544CAMDUNIT12,544;12,544,12,6/11/2013,,Yes
CT,9,,9009,New Haven,590011,CTBAM,T105P0014C07741,"NRG ENERGY, INC.","DEVON POWER, LLC",Unit,46136813,EPACAMD,544CAMDUNIT8,544;8,544,8,6/11/2013,,Yes
CT,9,,9009,New Haven,590011,CTBAM,T105P0014C07741,"NRG ENERGY, INC.","DEVON POWER, LLC",Unit,46136613,EPACAMD,544CAMDUNIT11,544;11,544,11,6/11/2013,,Yes
DE,10,,10003,New Castle,588311,DEDNR,1000300016,"Delaware City Refining, LLC",Delaware City Refinery,Unit,46177613,EPACAMD,52193CAMDUNITMECCU2,52193;MECCU2,52193,MECCU2,8/17/2014,,Yes
DE,10,,10003,New Castle,588311,DEDNR,1000300016,"Delaware City Refining, LLC",Delaware City Refinery,Unit,46161413,EPACAMD,52193CAMDUNITDCPP4,52193;DCPP4,52193,DCPP4,8/17/2014,,Yes
DE,10,,10003,New Castle,588311,DEDNR,1000300016,"Delaware City Refining, LLC",Delaware City Refinery,Unit,46165613,EPACAMD,52193CAMDUNIT21H701,52193;21H701,52193,21H701,2/12/2018,,Yes
FL,12,,12127,Volusia,845211,FLDEP,1270009,Florida Power & Light Company,FLORIDA POWER & LIGHT (PSN),Unit,46194013,EPACAMD,620CAMDUNITSNCT5B,620;SNCT5B,620,SNCT5B,8/8/2011,,Yes
FL,12,,12107,Putnam,842511,FLDEP,1070014,Florida Power & Light Company,FLORIDA POWER & LIGHT (PPN),Unit,46222813,EPACAMD,6246CAMDUNITHRSG12,6246;HRSG12,6246,HRSG12,8/8/2011,,Yes
WI,55,,55017,Chippewa,6870311,WIDNR,609042720,,XCEL ENERGY-WHEATON GENERATING STATION,Unit,13263013,EPACAMD,4014CAMDUNIT3,4014;3,4014,3,8/15/2014,,Yes
WV,54,,54073,Pleasants,6776311,WVDAQ,4,Monongahela Power Company,MONONGAHELA POWER CO.-WILLOW ISLAND,Unit,71784713,EPACAMD,3946CAMDUNIT1,3946;1,3946,1,8/8/2011,,Yes
NV,32,,32003,Clark,6815611,NVBAQ,AP49110897,NEVADA POWER COMPANY DBA NV ENERGY,REID GARDNER STATION POWER PLANT,Unit,97876913,EPACAMD,2324CAMDUNIT1,2324;1,2324,1,3/20/2013,,Yes
NV,32,,32003,Clark,6815611,NVBAQ,AP49110897,NEVADA POWER COMPANY DBA NV ENERGY,REID GARDNER STATION POWER PLANT,Unit,97877213,EPACAMD,2324CAMDUNIT4,2324;4,2324,4,3/20/2013,,Yes
PA,42,,42095,Northampton,3883511,PADEP,420950254,CONECTIV BETHLEHEM LLC,CALPINE BETHLEHEM LLC/BETHLEHEM,Unit,37138613,EPACAMD,55690CAMDUNIT6,55690;6,55690,6,9/29/2014,,Yes
PA,42,,42095,Northampton,3883511,PADEP,420950254,CONECTIV BETHLEHEM LLC,CALPINE BETHLEHEM LLC/BETHLEHEM,Unit,37138813,EPACAMD,55690CAMDUNIT2,55690;2,55690,2,9/29/2014,,Yes
PA,42,,42093,Montour,3881111,PADEP,420930003,MONTOUR LLC,MONTOUR LLC/MONTOUR SES,Unit,37158713,EPACAMD,3149CAMDUNIT1,3149;1,3149,1,8/8/2011,,Yes
PA,42,,42005,Armstrong,3866811,PADEP,420050121,"Armstrong Energy, Ltd. Part LLP",ARMSTRONG POWER/S BEND,Unit,37161313,EPACAMD,55347CAMDUNIT4,55347;4,55347,4,7/22/2012,,Yes
PA,42,,42005,Armstrong,3865811,PADEP,420050001,ALLEGHENY ENERGY SUPPLY CO LLC,ALLEGHENY ENERGY SUPPLY CO/ARMSTRONG POWER STA,Unit,37166513,EPACAMD,3178CAMDUNIT1,3178;1,3178,1,8/8/2011,,Yes
WI,55,,55055,Jefferson,7049311,WIDNR,128085210,Cogentrix Energy LLC,LSP - WHITEWATER LIMITED PARTNERSHIP,Unit,14657813,EPACAMD,55011CAMDUNIT01,55011;01,55011,1,8/22/2014,,Yes
PA,42,,42007,Beaver,3853711,PADEP,420070005,ENERGY HARBOR GENERATION LLC,ENERGY HBR GENERATION LLC/BRUCE MANSFIELD PLT,Unit,37815113,EPACAMD,6094CAMDUNIT2,6094;2,6094,2,8/8/2011,,Yes
PA,42,,42007,Beaver,3853711,PADEP,420070005,ENERGY HARBOR GENERATION LLC,ENERGY HBR GENERATION LLC/BRUCE MANSFIELD PLT,Unit,37815013,EPACAMD,6094CAMDUNIT1,6094;1,6094,1,8/8/2011,,Yes
TN,47,,47075,Haywood,3063711,TNDEC,38-0068,Duke Energy,TVA BROWNSVILLE COMBUSTION TURBINE PLANT,Unit,38176213,EPACAMD,55081CAMDUNITAA-001,55081;AA-001,55081,AA-001,8/14/2014,12/31/2049,Yes
TN,47,,47075,Haywood,3063711,TNDEC,38-0068,Duke Energy,TVA BROWNSVILLE COMBUSTION TURBINE PLANT,Unit,38176113,EPACAMD,55081CAMDUNITAA-004,55081;AA-004,55081,AA-004,8/14/2014,12/31/2049,Yes
AZ,4,,4027,Yuma,1013311,AZDEQ,492,YUMA COGENERATION ASSOCIATES,YUMA COGENERATION ASSOCIATES,Unit,48095013,EPACAMD,54694CAMDUNIT4101,54694;4101,54694,4101,8/15/2018,,Yes
AZ,4,,4019,Pima,977911,PIMA,1052,Tucson Electric Power Company,Irvington,Unit,48108813,EPACAMD,126CAMDUNIT2,126;2,126,2,8/8/2011,,Yes
AZ,4,,4019,Pima,977911,PIMA,1052,Tucson Electric Power Company,Irvington,Unit,48109013,EPACAMD,126CAMDUNIT3,126;3,126,3,8/8/2011,12/31/2019,No
IL,17,,17093,Kendall,9692211,ILEPA,093808AAD,,Kendall Power Co LLC,Unit,59763613,EPACAMD,55131CAMDUNITGTG-3,55131;GTG-3,55131,GTG-3,5/22/2013,,Yes
LA,22,,22089,St. Charles,5609111,LADEQ08,687,Entergy Louisiana LLC,Entergy Louisiana LLC - Little Gypsy Generating Plant,Unit,80583513,EPACAMD,1402CAMDUNIT2,1402;2,1402,2,8/2/2011,12/31/2049,Yes
LA,22,,22089,St. Charles,5609111,LADEQ08,687,Entergy Louisiana LLC,Entergy Louisiana LLC - Little Gypsy Generating Plant,Unit,80583313,EPACAMD,1402CAMDUNIT3,1402;3,1402,3,8/8/2011,,Yes
MI,26,,26065,Ingham,5985211,MIDEQ,B2647,Lansing Board of Water & Light,LBWL - Eckert Station & REO Town Plant,Unit,110193113,EPACAMD,58427CAMDUNIT200,58427;200,58427,200,7/15/2015,,Yes
MI,26,,26065,Ingham,5985211,MIDEQ,B2647,Lansing Board of Water & Light,LBWL - Eckert Station & REO Town Plant,Unit,24540813,EPACAMD,1831CAMDUNIT5,1831;5,1831,5,8/14/2014,12/31/2049,Yes
CT,9,,9001,Fairfield,2722511,CTBAM,T067P0017C07741,"NRG ENERGY, INC.","CONNECTICUT JET POWER, LLC",Unit,99525313,EPACAMD,542CAMDUNIT13,542;13,542,13,6/11/2013,,Yes
CT,9,,9001,Fairfield,2722511,CTBAM,T067P0017C07741,"NRG ENERGY, INC.","CONNECTICUT JET POWER, LLC",Unit,41011213,EPACAMD,542CAMDUNIT12,542;12,542,12,6/11/2013,,Yes
MO,29,,29097,Jasper,5339011,MODNR,104,Empire District Electric Company,EMPIRE DISTRICT ELECTRIC CO STATE LINE FACILITY,Unit,26481613,EPACAMD,7296CAMDUNIT2-1,7296;2-1,7296,1-Feb,8/8/2011,,Yes
MO,29,,29097,Jasper,5339011,MODNR,104,Empire District Electric Company,EMPIRE DISTRICT ELECTRIC CO STATE LINE FACILITY,Unit,26481213,EPACAMD,7296CAMDUNIT2-2,7296;2-2,7296,2-Feb,8/8/2011,,Yes
MO,29,,29097,Jasper,5338211,MODNR,62,Empire District Electric Company,EMPIRE DISTRICT ELECTRIC CO EMPIRE ENERGY CENTER,Unit,59036613,EPACAMD,6223CAMDUNIT4A,6223;4A,6223,4A,8/8/2011,,Yes
FL,12,,12069,Lake,1970211,FLDEP,694801,,"QUANTUM LAKE POWER, LP",Unit,41785413,EPACAMD,54423CAMDUNITEU004,54423;EU004,54423,EU004,8/8/2011,,Yes
CA,6,,6029,Kern,10295611,CARB,1514303523,ELK HILLS POWER LLC,ELK HILLS POWER LLC,Unit,58291813,EPACAMD,55400CAMDUNITCTG-1,55400;CTG-1,55400,CTG-1,8/8/2011,,Yes
CA,6,,6019,Fresno,10436711,CARB,1014303843,WELLHEAD POWER LLC,"WELLHEAD POWER GATES, LLC.",Unit,58173613,EPACAMD,55875CAMDUNITGT1,55875;GT1,55875,GT1,12/11/2014,,Yes
VA,51,,51081,Greensville,18854911,VADEQ,52525,Dominion Energy,Dominion Energy - Greensville Power Station,Unit,134704113,EPACAMD,59913CAMDUNIT1B,59913;1B,59913,1B,1/25/2021,,Yes
TX,48,,48149,Fayette,14748911,TXCEQ,262,LOWER COLORADO RIVER AUTHORITY,WINCHESTER POWER PARK,Unit,90281013,EPACAMD,56674CAMDUNIT2,56674;2,56674,2,10/9/2014,,Yes
TX,48,,48149,Fayette,14748911,TXCEQ,262,LOWER COLORADO RIVER AUTHORITY,WINCHESTER POWER PARK,Unit,90280913,EPACAMD,56674CAMDUNIT1,56674;1,56674,1,10/9/2014,,Yes
VA,51,,51109,Louisa,9063611,VADEQ,40989,Old Dominion Electric Cooperative Louisa,Old Dominion Electric Cooperative Louisa,Unit,58370213,EPACAMD,7837CAMDUNITEU5,7837;EU5,7837,EU5,10/9/2014,,Yes
VA,51,,51109,Louisa,9063611,VADEQ,40989,Old Dominion Electric Cooperative Louisa,Old Dominion Electric Cooperative Louisa,Unit,58370113,EPACAMD,7837CAMDUNITEU4,7837;EU4,7837,EU4,10/9/2014,,Yes
VA,51,,51109,Louisa,9063611,VADEQ,40989,Old Dominion Electric Cooperative Louisa,Old Dominion Electric Cooperative Louisa,Unit,58369713,EPACAMD,7837CAMDUNITEU1,7837;EU1,7837,EU1,10/9/2014,,Yes
VA,51,,51065,Fluvanna,9078811,VADEQ,40995,,"Tenaska Virginia Partners, L.P.",Unit,58388513,EPACAMD,55439CAMDUNITCTGDB3,55439;CTGDB3,55439,CTGDB3,8/15/2014,,Yes
IN,18,,18153,Sullivan,8396211,INDEM,5,Na,HOOSIER ENERGY REC  INC    MEROM GENERA,Unit,1479613,EPACAMD,6213CAMDUNIT2SG1,6213;2SG1,6213,2SG1,8/8/2011,,Yes
LA,22,,22019,Calcasieu,8361211,LADEQ08,19588,Entergy Gulf States LA LLC,Entergy Louisiana LLC - Roy S Nelson Electric Generating Plant (Coal Unit 6),Unit,82324713,EPACAMD,1393CAMDUNIT3,1393;3,1393,3,8/2/2011,12/31/2049,Yes
LA,22,,22019,Calcasieu,8361211,LADEQ08,19588,Entergy Gulf States LA LLC,Entergy Louisiana LLC - Roy S Nelson Electric Generating Plant (Coal Unit 6),Unit,82325113,EPACAMD,1393CAMDUNIT3,1393;3,1393,3,8/2/2011,12/31/2049,Yes
MA,25,,25025,Suffolk,6401511,MADEP,1190507,VICINITY ENERGY LLC,VICINITY ENERGY LLC,Unit,87556413,EPACAMD,880023CAMDUNITK4,880023;K4,880023,K4,8/8/2011,,Yes
PA,42,,42041,Cumberland,6464111,PADEP,420410045,MOUNTAIN POWER LLC,MOUNTAIN POWER LLC/MOUNTAIN GS,Unit,18721313,EPACAMD,3111CAMDUNIT032,3111;032,3111,32,10/14/2014,,Yes
LA,22,,22019,Calcasieu,6397411,LADEQ08,81859,Entergy Louisiana LLC,Entergy Louisiana LLC - Calcasieu Plant,Unit,87200713,EPACAMD,55165CAMDUNITGTG1,55165;GTG1,55165,GTG1,8/8/2011,,Yes
ME,23,,23015,Lincoln,8026711,MEDEP,2301500010,,Mason Station LLC (owned by National Resources in CT),Unit,3758813,EPACAMD,1496CAMDUNIT5,1496;5,1496,5,12/6/2014,,Yes
NV,32,,32003,Clark,9398411,NVCCDAQM,1550,,NV Energy-Walter Higgins,Unit,97436413,EPACAMD,55687CAMDUNITBHG1,55687;BHG1,55687,BHG1,9/29/2014,,Yes
NV,32,,32003,Clark,9399211,NVCCDAQM,329,,SWG Nevada Holdings LLC,Unit,55525713,EPACAMD,10761CAMDUNIT4,10761;4,10761,4,10/20/2014,,Yes
IN,18,,18173,Warrick,8183011,INDEM,1,Na,"SIGECO - Culley, Newburgh",Unit,5840013,EPACAMD,1012CAMDUNIT3,1012;3,1012,3,1/1/2019,12/31/2049,Yes
IN,18,,18173,Warrick,8183011,INDEM,1,Na,"SIGECO - Culley, Newburgh",Unit,5840013,EPACAMD,1012CAMDUNIT2,1012;2,1012,2,1/1/2019,12/31/2049,Yes
OH,39,,39085,Lake,8149511,OHEPA,243160009,FirstEnergy Generation Corporation,Eastlake Substation (0243160009),Unit,5943813,EPACAMD,2837CAMDUNIT3,2837;3,2837,3,8/8/2011,,Yes
OK,40,,40079,Le Flore,8148711,OKDEQ,11,OG AND E,RIVER VALLEY GENERATING STATION,Unit,5951013,EPACAMD,10671CAMDUNIT2A,10671;2A,10671,2A,4/17/2017,,Yes
NE,31,,31109,Lancaster,5281411,NELLCHD,130,Lincoln Electric System,LES Rokeby Generating Station,Unit,25619113,EPACAMD,6373CAMDUNIT1,6373;1,6373,1,4/17/2017,,Yes
MI,26,,26147,St. Clair,8127911,MIDEQ,B2813,Detroit Edison Company,DTE - Electric Company MARYSVILLE POWER PLANT,Unit,6929713,EPACAMD,1732CAMDUNIT11,1732;11,1732,11,10/6/2014,,Yes
MI,26,,26139,Ottawa,8125511,MIDEQ,B2835,Consumers Energy Company,J. H. Campbell Plant,Unit,6964113,EPACAMD,1710CAMDUNIT1,1710;1,1710,1,8/8/2011,,Yes
NJ,34,,34011,Cumberland,8094711,NJDEP,75476,Atlantic City Electric Company,Sherman Energy Center,Unit,7143213,EPACAMD,7288CAMDUNIT1,7288;1,7288,1,8/25/2014,,Yes
IA,19,,19007,Appanoose,5523711,IADNR,04-01-003,ALLIANT ENERGY,IPL - CENTERVILLE COMBUSTION TURBINES AND DIESELS,Unit,27493913,EPACAMD,1105CAMDUNIT1,1105;1,1105,1,10/29/2014,,Yes
IA,19,,19007,Appanoose,5523711,IADNR,04-01-003,ALLIANT ENERGY,IPL - CENTERVILLE COMBUSTION TURBINES AND DIESELS,Unit,27493713,EPACAMD,1105CAMDUNIT2,1105;2,1105,2,10/29/2014,,Yes
IN,18,,18179,Wells,5507411,INDEM,26,Na,Montpelier Generating Station LLC,Unit,27513113,EPACAMD,55229CAMDUNITG4CT1,55229;G4CT1,55229,G4CT1,9/23/2011,,Yes
IN,18,,18177,Wayne,5506111,INDEM,40,Na,Indiana Municipal Power Agency Richmond,Unit,27516013,EPACAMD,7335CAMDUNITRCT1,7335;RCT1,7335,RCT1,12/30/2049,12/31/2049,Yes
IN,18,,18177,Wayne,5506011,INDEM,9,Na,Indiana Municipal Power Agency,Unit,27516713,EPACAMD,1040CAMDUNIT2,1040;2,1040,2,8/8/2011,,Yes
RI,44,,44007,Providence,5486911,RIDEM,AIR936,"Dominion Energy Manchester Street, Inc","MANCHESTER STREET, LLC",Unit,88380613,EPACAMD,3236CAMDUNIT10,3236;10,3236,10,8/14/2014,12/31/2049,Yes
MS,28,,28069,Kemper,7356611,MSDEQ,2806900015,AI015543,"TENNESSEE VALLEY AUTHORITY, TVA, KEMPER",Unit,8108113,EPACAMD,7960CAMDUNITKCT2,7960;KCT2,7960,KCT2,10/9/2014,,Yes
LA,22,,22019,Calcasieu,7354911,LADEQ08,1255,Eagle US 2 LLC,Eagle US 2 LLC - Lake Charles Complex,Unit,82306013,EPACAMD,55117CAMDUNITRS-5,55117;RS-5,55117,RS-5,8/8/2011,,Yes
IL,17,,17119,Madison,7338011,ILEPA,119105AAA,Union Electric Company - Venice,Ameren Missouri Venice Energy Ctr,Unit,60147013,EPACAMD,913CAMDUNITCT05,913;CT05,913,CT05,9/23/2014,,Yes
TX,48,,48299,Llano,5655011,TXCEQ,2,LOWER COLORADO RIVER AUTHORITY,TC FERGUSON POWER PLANT,Unit,113084613,EPACAMD,4937CAMDUNITCT-1,4937;CT-1,4937,CT-1,12/22/2015,,Yes
IL,17,,17031,Cook,9725911,ILEPA,031600GKE,,Exelon Generation Co LLC,Unit,59522613,EPACAMD,55281CAMDUNITCTG7,55281;CTG7,55281,CTG7,10/12/2014,,Yes
IL,17,,17031,Cook,9725911,ILEPA,031600GKE,,Exelon Generation Co LLC,Unit,59522513,EPACAMD,55281CAMDUNITCTG9,55281;CTG9,55281,CTG9,10/12/2014,,Yes
MI,26,,26163,Wayne,7422511,MIDEQ,B2811,DTE Electric Company,DTE Electric Company - Trenton Channel Power Plant,Unit,90099913,EPACAMD,1745CAMDUNIT18,1745;18,1745,18,8/14/2014,12/31/2049,Yes
MI,26,,26163,Wayne,7422511,MIDEQ,B2811,DTE Electric Company,DTE Electric Company - Trenton Channel Power Plant,Unit,90099913,EPACAMD,1745CAMDUNIT16,1745;16,1745,16,8/14/2014,12/31/2049,Yes
MO,29,,29037,Cass,7359211,MODNR,56,"Dogwood Energy, LLC",DOGWOOD ENERGY FACILITY,Unit,10993713,EPACAMD,55178CAMDUNITCT-2,55178;CT-2,55178,CT-2,8/8/2011,,Yes
KS,20,,20155,Reno,5500911,KSDOHE,33,"Evergy, Inc.",Evergy - Hutchinson,Unit,26991213,EPACAMD,1248CAMDUNITCT-2,1248;CT-2,1248,CT-2,4/18/2017,,Yes
IL,17,,17171,Scott,5457411,ILEPA,171851AAA,Prairie Power Incorporated,Prairie Power Inc,Unit,123323613,EPACAMD,7818CAMDUNITACT6,7818;ACT6,7818,ACT6,12/17/2018,,Yes
PA,42,,42045,Delaware,10723711,PADEP,420450317,MARCUS HOOK ENERGY LP,MARCUS HOOK ENERGY LP/750 MW,Unit,58815013,EPACAMD,55801CAMDUNIT0002,55801;0002,55801,2,8/8/2011,,Yes
LA,22,,22079,Rapides,5740811,LADEQ08,8494,City of Alexandria,Alexandria City of - DG Hunter Generating Station,Unit,81373513,EPACAMD,6558CAMDUNIT4,6558;4,6558,4,8/8/2011,,Yes
TN,47,,47085,Humphreys,5720911,TNDEC,43-0011,TVA JOHNSONVILLE FOSSIL PLANT,TVA - Johnsonville Combustion Turbine Plant,Unit,23016613,EPACAMD,3406CAMDUNIT5,3406;5,3406,5,8/8/2011,,Yes
MS,28,,28033,DeSoto,7184711,MSDEQ,2803300095,AI012199,TVA SOUTHAVEN COMBINED CYCLE PLANT,Unit,14319213,EPACAMD,55269CAMDUNITAA-001,55269;AA-001,55269,AA-001,8/8/2011,,Yes
MS,28,,28027,Coahoma,7181411,MSDEQ,2802700079,AI015093,"CLARKSDALE PUBLIC UTILITIES, CROSSROADS",Unit,14339213,EPACAMD,55395CAMDUNITCT03,55395;CT03,55395,CT03,8/15/2014,,Yes
MS,28,,28027,Coahoma,7181411,MSDEQ,2802700079,AI015093,"CLARKSDALE PUBLIC UTILITIES, CROSSROADS",Unit,14339413,EPACAMD,55395CAMDUNITCT01,55395;CT01,55395,CT01,8/15/2014,,Yes
MO,29,,29019,Boone,7164511,MODNR,2,City Of Columbia,COLUMBIA MUNICIPAL POWER PLANT,Unit,14384113,EPACAMD,2123CAMDUNIT6,2123;6,2123,6,8/8/2011,,Yes
MN,27,,27109,Olmsted,7149811,MNPCA,2710900011,Rochester Public Utilities,Rochester Public Utilities - Silver Lake Plant,Unit,14414513,EPACAMD,2008CAMDUNIT4,2008;4,2008,4,8/8/2011,,Yes
PA,42,,42049,Erie,5455311,PADEP,420490141,,ENERGY SYSTEMS NORTH EAST/NORTH EAST COGEN PLT,Unit,27331313,EPACAMD,54571CAMDUNIT001,54571;001,54571,1,10/27/2014,,Yes
NY,36,,36081,Queens,8309011,NYDEC,2630400024,TC RAVENSWOOD LLC,RAVENSWOOD GENERATING STATION,Unit,201513,EPACAMD,2500CAMDUNITCT03-4,2500;CT03-4,2500,CT03-4,9/24/2014,,Yes
NY,36,,36081,Queens,8309011,NYDEC,2630400024,TC RAVENSWOOD LLC,RAVENSWOOD GENERATING STATION,Unit,202113,EPACAMD,2500CAMDUNIT20,2500;20,2500,20,8/8/2011,,Yes
NY,36,,36081,Queens,8309011,NYDEC,2630400024,TC RAVENSWOOD LLC,RAVENSWOOD GENERATING STATION,Unit,202613,EPACAMD,2500CAMDUNITCT0010,2500;CT0010,2500,CT0010,9/24/2014,,Yes
SC,45,,45015,Berkeley,8306711,SCDHEC,0420-0006,South Carolina Generating Company,A M WILLIAMS STATION,Unit,211413,EPACAMD,3298CAMDUNITWIL4,3298;WIL4,3298,WIL4,4/28/2014,,Yes
SC,45,,45013,Beaufort,8306411,SCDHEC,0360-0006,Santee Cooper,SANTEE COOPER HILTON HEAD,Unit,212613,EPACAMD,3318CAMDUNITCT3,3318;CT3,3318,CT3,9/23/2011,,Yes
NC,37,,37159,Rowan,8506911,NCDAQ,3715900004,"Duke Energy Carolinas, LLC","Duke Energy Carolinas, LLC - Buck Combined Cycle Facility",Unit,265113,EPACAMD,2720CAMDUNIT7C,2720;7C,2720,7C,12/6/2014,,Yes
NC,37,,37159,Rowan,8506911,NCDAQ,3715900004,"Duke Energy Carolinas, LLC","Duke Energy Carolinas, LLC - Buck Combined Cycle Facility",Unit,106141213,EPACAMD,2720CAMDUNIT11C,2720;11C,2720,11C,10/4/2014,12/31/2049,Yes
NC,37,,37157,Rockingham,8493211,NCDAQ,3715700156,"Duke Energy Carolinas, LLC","Duke Energy Carolinas, LLC-Rockingham Co Comb. Turb.",Unit,74610613,EPACAMD,55116CAMDUNITCT4,55116;CT4,55116,CT4,8/14/2014,12/31/2049,Yes
NC,37,,37157,Rockingham,8493211,NCDAQ,3715700156,"Duke Energy Carolinas, LLC","Duke Energy Carolinas, LLC-Rockingham Co Comb. Turb.",Unit,74610613,EPACAMD,55116CAMDUNITCT5,55116;CT5,55116,CT5,8/14/2014,12/31/2049,Yes
NC,37,,37155,Robeson,8491111,NCDAQ,3715500147,"Duke Energy Progress, LLC","Duke Energy Progress, LLC - W. H. Weatherspoon Plant",Unit,278713,EPACAMD,2716CAMDUNIT4,2716;4,2716,4,11/6/2014,,Yes
NC,37,,37153,Richmond,8490411,NCDAQ,3715300070,"Duke Energy Progress, LLC","Duke Energy Progress, LLC - Richmond County Turbines",Unit,281613,EPACAMD,7805CAMDUNIT6,7805;6,7805,6,8/8/2011,,Yes
NC,37,,37153,Richmond,8490411,NCDAQ,3715300070,"Duke Energy Progress, LLC","Duke Energy Progress, LLC - Richmond County Turbines",Unit,282013,EPACAMD,7805CAMDUNIT4,7805;4,7805,4,8/8/2011,,Yes
NY,36,,36075,Oswego,8539211,NYDEC,7355600040,SITHE/INDEPENDENCE POWER PARTNERS LP,INDEPENDENCE STATION,Unit,461113,EPACAMD,54547CAMDUNIT3,54547;3,54547,3,8/15/2014,12/31/2049,Yes
NY,36,,36075,Oswego,8539211,NYDEC,7355600040,SITHE/INDEPENDENCE POWER PARTNERS LP,INDEPENDENCE STATION,Unit,461113,EPACAMD,54547CAMDUNIT2,54547;2,54547,2,8/15/2014,12/31/2049,Yes
OK,40,,40015,Caddo,8536511,OKDEQ,214,PUBLIC SERVICE COMPANY OF OKLAHOMA,PSO SOUTHWESTERN POWER STATION,Unit,72254913,EPACAMD,2964CAMDUNIT8005,2964;8005,2964,8005,4/2/2014,,Yes
OK,40,,40015,Caddo,8536511,OKDEQ,214,PUBLIC SERVICE COMPANY OF OKLAHOMA,PSO SOUTHWESTERN POWER STATION,Unit,72254813,EPACAMD,2964CAMDUNIT8004,2964;8004,2964,8004,4/2/2014,,Yes
OK,40,,40015,Caddo,8536511,OKDEQ,214,PUBLIC SERVICE COMPANY OF OKLAHOMA,PSO SOUTHWESTERN POWER STATION,Unit,478813,EPACAMD,2964CAMDUNIT8003,2964;8003,2964,8003,8/8/2011,,Yes
OK,40,,40101,Muskogee,8506011,OKDEQ,1209,OG AND E,MUSKOGEE GENERATING STATION,Unit,535013,EPACAMD,2952CAMDUNIT3,2952;3,2952,3,8/8/2011,,Yes
AL,1,,1097,Mobile,1056111,ADEM,1001,Alabama Power Company,Alabama Power Company-Barry,Unit,47671813,EPACAMD,3CAMDUNIT7B,3;7B,3,7B,8/8/2011,,Yes
WI,55,,55075,Marinette,17969911,WIDNR,438022420,MADISON GAS AND ELECTRIC COMPANY,Madison Gas and Electric Company - West Marinette Facility,Unit,127471013,EPACAMD,4076CAMDUNIT**34,4076;**34,4076,**34,1/1/2017,,Yes
IN,18,,18167,Vigo,4147311,INDEM,21,Na,"Duke Energy Indiana, LLC- Wabash River",Unit,33172413,EPACAMD,1010CAMDUNIT5,1010;5,1010,5,8/8/2011,,Yes
IN,18,,18165,Vermillion,4133511,INDEM,22,Na,Duke Energy Indiana LLC Vermillion Gene,Unit,33176013,EPACAMD,55111CAMDUNIT6,55111;6,55111,6,9/23/2011,,Yes
IN,18,,18165,Vermillion,4133511,INDEM,22,Na,Duke Energy Indiana LLC Vermillion Gene,Unit,33176213,EPACAMD,55111CAMDUNIT5,55111;5,55111,5,9/23/2011,,Yes
IN,18,,18165,Vermillion,4133511,INDEM,22,Na,Duke Energy Indiana LLC Vermillion Gene,Unit,33175413,EPACAMD,55111CAMDUNIT1,55111;1,55111,1,9/23/2011,,Yes
IN,18,,18165,Vermillion,4133511,INDEM,22,Na,Duke Energy Indiana LLC Vermillion Gene,Unit,33175813,EPACAMD,55111CAMDUNIT4,55111;4,55111,4,9/23/2011,,Yes
CO,8,,8001,Adams,3555811,CODPHE,CO0000000800100001,Public Service Company Of Colorado,PUBLIC SERVICE CO - CHEROKEE PLT,Unit,36702113,EPACAMD,469CAMDUNIT2,469;2,469,2,8/8/2011,,Yes
IA,19,,19175,Union,3731711,IADNR,88-01-004,CENTRAL IOWA POWER COOPERATIVE,CENTRAL IOWA POWER COOP - SUMMIT LAKE,Unit,68192813,EPACAMD,1206CAMDUNIT2G,1206;2G,1206,2G,10/13/2014,,Yes
MI,26,,26045,Eaton,4174811,MIDEQ,B4001,Lansing Board of Water & Light,"LBWL, Erickson Station",Unit,34945413,EPACAMD,1832CAMDUNIT1,1832;1,1832,1,8/8/2011,,Yes
PA,42,,42107,Schuylkill,4105111,PADEP,421070025,NORTHEASTERN POWER CO,GILBERTON POWER CO/JOHN B RICH MEM POWER STA,Unit,34990413,EPACAMD,10113CAMDUNIT032,10113;032,10113,32,8/8/2011,,Yes
CO,8,,8077,Mesa,4455611,CODPHE,CO0000000807700002,Public Service Company Of Colorado,PUBLIC SERVICE CO CAMEO PLT,Unit,36383513,EPACAMD,468CAMDUNIT2,468;2,468,2,8/8/2011,,Yes
GA,13,,13127,Glynn,3721111,GADNR,12700004,Georgia Power Company,Ga Power Company - Plant McManus,Unit,36834113,EPACAMD,715CAMDUNIT4E,715;4E,715,4E,10/8/2014,,Yes
GA,13,,13127,Glynn,3721111,GADNR,12700004,Georgia Power Company,Ga Power Company - Plant McManus,Unit,36833513,EPACAMD,715CAMDUNIT4A,715;4A,715,4A,10/8/2014,,Yes
GA,13,,13127,Glynn,3721111,GADNR,12700004,Georgia Power Company,Ga Power Company - Plant McManus,Unit,36833913,EPACAMD,715CAMDUNIT1,715;1,715,1,8/8/2011,,Yes
AZ,4,,4015,Mohave,13414311,AZDEQ,126082,UNS ELECTRIC INC,UNS ELECTRIC INC - BLACK MOUNTAIN GENERATING STATION,Unit,88717213,EPACAMD,56482CAMDUNIT1,56482;1,56482,1,9/24/2014,,Yes
IN,18,,18167,Vigo,12766611,INDEM,147,Na,Wabash River Highland Plant,Unit,65429313,EPACAMD,57842CAMDUNIT1,57842;1,57842,1,1/1/2016,,Yes
KS,20,,20055,Finney,3167811,KSDOHE,26,Sunflower Electric Power Corporation,Sunflower Electric - Garden City,Unit,38765113,EPACAMD,1336CAMDUNITS-5,1336;S-5,1336,S-5,5/30/2017,,Yes
IA,19,,19153,Polk,3164811,IADNR,77-13-002,MIDAMERICAN ENERGY COMPANY,MIDAMERICAN ENERGY CO - PLEASANT HILL/GDMEC,Unit,67980513,EPACAMD,7985CAMDUNIT2,7985;2,7985,2,7/24/2012,,Yes
IA,19,,19153,Polk,3164611,IADNR,77-09-002,MIDAMERICAN ENERGY COMPANY,MIDAMERICAN ENERGY CO - SYCAMORE TURBINES,Unit,38776513,EPACAMD,8029CAMDUNIT2,8029;2,8029,2,5/22/2013,,Yes
FL,12,,12031,Duval,641211,FLDEP,310485,JEA,JEA,Unit,46474013,EPACAMD,7846CAMDUNIT2,7846;2,7846,2,8/8/2011,,Yes
FL,12,,12017,Citrus,640611,FLDEP,170004,CRYSTAL RIVER POWER PLANT,"DUKE ENERGY FLORIDA, LLC",Unit,134840613,EPACAMD,628CAMDUNIT1GTA,628;1GTA,628,1GTA,6/23/2020,,Yes
FL,12,,12017,Citrus,640611,FLDEP,170004,CRYSTAL RIVER POWER PLANT,"DUKE ENERGY FLORIDA, LLC",Unit,134840713,EPACAMD,628CAMDUNIT1GTB,628;1GTB,628,1GTB,6/23/2020,,Yes
FL,12,,12031,Duval,640211,FLDEP,310045,JEA,JEA-NORTHSIDE/SJRPP,Unit,46483913,EPACAMD,667CAMDUNIT3,667;3,667,3,8/8/2011,,Yes
FL,12,,12031,Duval,922611,FLDEP,310337,,"CEDAR BAY GENERATING COMPANY, L.P.",Unit,46490613,EPACAMD,10672CAMDUNITCBA,10672;CBA,10672,CBA,8/8/2011,,Yes
FL,12,,12071,Lee,922311,FLDEP,710002,Florida Power & Light Company,FLORIDA POWER & LIGHT,Unit,67302613,EPACAMD,612CAMDUNITGFM10,612;GFM10,612,GFM10,10/9/2014,,Yes
FL,12,,12071,Lee,922311,FLDEP,710002,Florida Power & Light Company,FLORIDA POWER & LIGHT,Unit,125617813,EPACAMD,612CAMDUNITPFM3C,612;PFM3C,612,PFM3C,12/17/2018,,Yes
FL,12,,12071,Lee,922311,FLDEP,710002,Florida Power & Light Company,FLORIDA POWER & LIGHT,Unit,46493913,EPACAMD,612CAMDUNITGFM02,612;GFM02,612,GFM02,10/9/2014,,Yes
FL,12,,12071,Lee,922311,FLDEP,710002,Florida Power & Light Company,FLORIDA POWER & LIGHT,Unit,46494213,EPACAMD,612CAMDUNITFMCT2B,612;FMCT2B,612,FMCT2B,8/8/2011,,Yes
FL,12,,12071,Lee,922311,FLDEP,710002,Florida Power & Light Company,FLORIDA POWER & LIGHT,Unit,46494413,EPACAMD,612CAMDUNITFMCT2C,612;FMCT2C,612,FMCT2C,8/8/2011,,Yes
FL,12,,12071,Lee,922311,FLDEP,710002,Florida Power & Light Company,FLORIDA POWER & LIGHT,Unit,67302313,EPACAMD,612CAMDUNITGFM07,612;GFM07,612,GFM07,10/9/2014,,Yes
FL,12,,12071,Lee,922311,FLDEP,710002,Florida Power & Light Company,FLORIDA POWER & LIGHT,Unit,67303013,EPACAMD,612CAMDUNITPFM3B,612;PFM3B,612,PFM3B,8/8/2011,,Yes
FL,12,,12099,Palm Beach,921511,FLDEP,990042,Florida Power & Light Company,FLORIDA POWER & LIGHT (PRV),Unit,89404613,EPACAMD,619CAMDUNITRBCT5C,619;RBCT5C,619,RBCT5C,7/15/2015,,Yes
AR,5,,5031,Craighead,976311,ARDEQ,503100412,City Water & Light Plant of the City of Jonesboro,JONESBORO CITY WATER AND LIGHT-NW SUBSTA,Unit,112830813,EPACAMD,56505CAMDUNITSN04,56505;SN04,56505,SN04,5/29/2018,,Yes
CA,6,,6065,Riverside,13483211,CARB,3.31E+11,CITY OF RIVERSIDE PUBLIC UTILITIES DEPT,CITY OF RIVERSIDE PUBLIC UTILITIES DEPT,Unit,101679713,EPACAMD,56143CAMDUNIT3,56143;3,56143,3,11/6/2014,,Yes
CA,6,,6065,Riverside,13483211,CARB,3.31E+11,CITY OF RIVERSIDE PUBLIC UTILITIES DEPT,CITY OF RIVERSIDE PUBLIC UTILITIES DEPT,Unit,76233913,EPACAMD,56143CAMDUNIT2,56143;2,56143,2,11/6/2014,,Yes
AL,1,,1081,Lee,953311,ADEM,30,South Eastern Electric Development Corp,Walton Discover Power Facility,Unit,47374113,EPACAMD,55138CAMDUNIT2A,55138;2A,55138,2A,10/10/2014,,Yes
AL,1,,1081,Lee,953311,ADEM,30,South Eastern Electric Development Corp,Walton Discover Power Facility,Unit,47374313,EPACAMD,55138CAMDUNIT1A,55138;1A,55138,1A,10/10/2014,,Yes
OK,40,,40107,Okfuskee,933911,OKDEQ,216,PUBLIC SERVICE COMPANY OF OKLAHOMA,PSO WELEETKA POWER STATION,Unit,47383813,EPACAMD,2966CAMDUNIT6,2966;6,2966,6,5/28/2017,,Yes
OK,40,,40087,McClain,882511,OKDEQ,3694,OG AND E,MCCLAIN ENERGY FACILITY,Unit,47401513,EPACAMD,55457CAMDUNITCT2,55457;CT2,55457,CT2,8/8/2011,,Yes
AZ,4,,4017,Navajo,863011,AZDEQ,447,ARIZONA PUBLIC SERVICE CO,APS - CHOLLA POWER PLANT,Unit,111574513,EPACAMD,113CAMDUNIT1,113;1,113,1,10/1/2015,,Yes
AZ,4,,4003,Cochise,862811,AZDEQ,3532,"ARIZONA ELECTRIC POWER COOPERATIVE, INC.",AEPCO - APACHE GENERATING STATION,Unit,47506213,EPACAMD,160CAMDUNIT4,160;4,160,4,8/14/2014,,Yes
AZ,4,,4013,Maricopa,545911,AZMCAQD,40,Arizona Public Service Company,APS Redhawk Generating Facility,Unit,48317613,EPACAMD,55455CAMDUNITCC1A,55455;CC1A,55455,CC1A,8/22/2014,,Yes
AZ,4,,4013,Maricopa,545911,AZMCAQD,40,Arizona Public Service Company,APS Redhawk Generating Facility,Unit,48318013,EPACAMD,55455CAMDUNITCC1B,55455;CC1B,55455,CC1B,8/22/2014,,Yes
FL,12,,12057,Hillsborough,538611,FLDEP,570039,Tampa Electric Company,TEC Big Bend,Unit,48397913,EPACAMD,645CAMDUNITBBCT2,645;BBCT2,645,BBCT2,10/14/2014,,Yes
FL,12,,12057,Hillsborough,538611,FLDEP,570039,Tampa Electric Company,TEC Big Bend,Unit,48398413,EPACAMD,645CAMDUNITBB02,645;BB02,645,BB02,8/8/2011,,Yes
FL,12,,12057,Hillsborough,538611,FLDEP,570039,Tampa Electric Company,TEC Big Bend,Unit,156029813,EPACAMD,645CAMDUNITBB05,645;BB05,645,BB05,2/20/2023,,Yes
CO,8,,8081,Moffat,1839711,CODPHE,CO0000000808100018,Tri-State Generation & Transmission,TRI STATE GENERATION CRAIG,Unit,41819913,EPACAMD,6021CAMDUNITC1,6021;C1,6021,C1,8/8/2011,,Yes
FL,12,,12097,Osceola,1950911,FLDEP,970014,Progress Energy Corporation,"DUKE ENERGY FLORIDA, LLC",Unit,41857713,EPACAMD,8049CAMDUNIT**10,8049;**10,8049,**10,8/8/2011,,Yes
FL,12,,12097,Osceola,1950911,FLDEP,970014,Progress Energy Corporation,"DUKE ENERGY FLORIDA, LLC",Unit,41857113,EPACAMD,8049CAMDUNIT**9,8049;**9,8049,**9,8/8/2011,,Yes
FL,12,,12097,Osceola,1950911,FLDEP,970014,Progress Energy Corporation,"DUKE ENERGY FLORIDA, LLC",Unit,41856913,EPACAMD,8049CAMDUNIT4A,8049;4A,8049,4A,10/3/2014,12/31/2049,Yes
FL,12,,12097,Osceola,1950911,FLDEP,970014,Progress Energy Corporation,"DUKE ENERGY FLORIDA, LLC",Unit,41857013,EPACAMD,8049CAMDUNIT**13,8049;**13,8049,**13,8/8/2011,,Yes
FL,12,,12097,Osceola,1950911,FLDEP,970014,Progress Energy Corporation,"DUKE ENERGY FLORIDA, LLC",Unit,41857913,EPACAMD,8049CAMDUNIT1A,8049;1A,8049,1A,10/3/2014,12/31/2049,Yes
FL,12,,12097,Osceola,1950911,FLDEP,970014,Progress Energy Corporation,"DUKE ENERGY FLORIDA, LLC",Unit,41857813,EPACAMD,8049CAMDUNIT**12,8049;**12,8049,**12,8/8/2011,,Yes
NC,37,,37007,Anson,10616211,NCDAQ,3700700050,North Carolina Electric Membership Corporation,NCEMC - Anson Plant,Unit,74982813,EPACAMD,56249CAMDUNITES6-B,56249;ES6-B,56249,ES6-B,8/14/2014,12/31/2049,Yes
NC,37,,37007,Anson,10616211,NCDAQ,3700700050,North Carolina Electric Membership Corporation,NCEMC - Anson Plant,Unit,74982813,EPACAMD,56249CAMDUNITES6-A,56249;ES6-A,56249,ES6-A,8/14/2014,12/31/2049,Yes
NC,37,,37007,Anson,10616211,NCDAQ,3700700050,North Carolina Electric Membership Corporation,NCEMC - Anson Plant,Unit,74982813,EPACAMD,56249CAMDUNITES5-A,56249;ES5-A,56249,ES5-A,8/14/2014,12/31/2049,Yes
NC,37,,37153,Richmond,10631811,NCDAQ,3715300082,North Carolina Electric Membership Corporation,NCEMC - Hamlet Plant,Unit,74982313,EPACAMD,56292CAMDUNITES5-B,56292;ES5-B,56292,ES5-B,8/14/2014,12/31/2049,Yes
CA,6,,6067,Sacramento,4919511,CARB,341624193,CARSON COGENERATION PROJECT,CARSON COGENERATION PROJECT,Unit,84786713,EPACAMD,7527CAMDUNIT2,7527;2,7527,2,10/12/2014,,Yes
IN,18,,18097,Marion,4885311,INDEM,34,Na,Citizens Thermal,Unit,100805513,EPACAMD,992CAMDUNIT13,992;13,992,13,8/22/2014,,Yes
OH,39,,39119,Muskingum,15483511,OHEPA,660000247,Appalachian Power Company,"Appalachian Power Co, Dresden Plant (0660000247)",Unit,96956013,EPACAMD,55350CAMDUNIT1A,55350;1A,55350,1A,7/18/2014,,Yes
GA,13,,13205,Mitchell,15578811,GADNR,20500044,,Baconton Power LLC,Unit,98197813,EPACAMD,55304CAMDUNITCT5,55304;CT5,55304,CT5,8/15/2014,,Yes
GA,13,,13205,Mitchell,15578811,GADNR,20500044,,Baconton Power LLC,Unit,98197913,EPACAMD,55304CAMDUNITCT6,55304;CT6,55304,CT6,8/15/2014,,Yes
FL,12,,12053,Hernando,16592211,FLDEP,530380,,"FLORIDA POWER DEVELOPMENT, LLC",Unit,109076713,EPACAMD,10333CAMDUNIT1,10333;1,10333,1,5/2/2016,,Yes
AZ,4,,4001,Apache,7735111,AZDEQ,3222,TUCSON ELECTRIC POWER CO,TUCSON ELECTRIC POWER CO - SPRINGERVILLE,Unit,2902913,EPACAMD,8223CAMDUNITTS3,8223;TS3,8223,TS3,8/8/2011,,Yes
ME,23,,23019,Penobscot,7719211,MEDEP,A-000728,Casco Bay Energy Company LLC,MAINE INDEPENDENCE STATION,Unit,2941513,EPACAMD,55068CAMDUNIT2,55068;2,55068,2,8/8/2011,,Yes
NY,36,,36039,Greene,9333711,NYDEC,4192200055,NEW ATHENS GENERATING COMPANY LLC,ATHENS GENERATING PLANT,Unit,64138813,EPACAMD,55405CAMDUNIT3,55405;3,55405,3,8/8/2013,,Yes
NY,36,,36089,St. Lawrence,7968411,NYDEC,6405800046,POWER CITY PARTNERS LP,MASSENA ENERGY FACILITY,Unit,3491713,EPACAMD,54592CAMDUNIT001,54592;001,54592,1,11/6/2014,,Yes
NY,36,,36087,Rockland,7953011,NYDEC,3392800010,MIRANT LOVETT LLC,LOVETT GENERATING STATION,Unit,3500213,EPACAMD,2629CAMDUNIT4,2629;4,2629,4,12/6/2014,,Yes
IA,19,,19009,Audubon,9661311,IADNR,05-04-002,WESTERN MINNESOTA MUNICIPAL POWER AGENCY,WESTERN MINNESOTA MUNICIPAL POWER AGENCY,Unit,67654413,EPACAMD,56013CAMDUNITU-2,56013;U-2,56013,U-2,10/14/2014,,Yes
OK,40,,40133,Seminole,8007311,OKDEQ,1210,OG AND E,SEMINOLE GENERATING STATION,Unit,5014213,EPACAMD,2956CAMDUNIT1,2956;1,2956,1,8/8/2011,,Yes
NJ,34,,34039,Union,7990111,NJDEP,41810,PSEG Power LLC,PSEG Fossil LLC Linden Gen St & PSE&G SNG Plt,Unit,66146013,EPACAMD,2406CAMDUNIT1101,2406;1101,2406,1101,8/14/2014,12/31/2049,Yes
NJ,34,,34039,Union,7990011,NJDEP,41809,Cogen Technologies Linden Venture,"Cogen Technologies Linden Venture, L.P.",Unit,5104513,EPACAMD,50006CAMDUNIT009001,50006;009001,50006,9001,8/8/2011,,Yes
NJ,34,,34033,Salem,7989011,NJDEP,65498,"Chambers Cogeneration, LP",CARNEYS POINT GENERATING PLANT,Unit,5126613,EPACAMD,10566CAMDUNIT1002,10566;1002,10566,1002,3/11/2013,,Yes
OK,40,,40109,Oklahoma,8185411,OKDEQ,1208,OG AND E,HORSESHOE LAKE GENERATING STATION,Unit,5362313,EPACAMD,2951CAMDUNIT7,2951;7,2951,7,8/8/2011,,Yes
OK,40,,40109,Oklahoma,8185411,OKDEQ,1208,OG AND E,HORSESHOE LAKE GENERATING STATION,Unit,5362613,EPACAMD,2951CAMDUNIT10,2951;10,2951,10,9/23/2011,,Yes
OK,40,,40109,Oklahoma,8185411,OKDEQ,1208,OG AND E,HORSESHOE LAKE GENERATING STATION,Unit,5362413,EPACAMD,2951CAMDUNIT6,2951;6,2951,6,8/8/2011,,Yes
OR,41,,41049,Morrow,8184111,ORDEQ,25-0031,Portland General Electric Company,Coyote Springs Plant,Unit,72158213,EPACAMD,7350CAMDUNITCTG1,7350;CTG1,7350,CTG1,8/8/2011,,Yes
CA,6,,6037,Los Angeles,17216311,CARB,1.91E+11,"WALNUT CREEK ENERGY, LLC","WALNUT CREEK ENERGY, LLC",Unit,118956713,EPACAMD,57515CAMDUNITGT3,57515;GT3,57515,GT3,5/25/2017,,Yes
WV,54,,54061,Monongalia,6773811,WVDAQ,27,VICINITY ENERGY,MORGANTOWN ENERGY FACILITY,Unit,71937813,EPACAMD,10743CAMDUNITCFB2,10743;CFB2,10743,CFB2,8/14/2014,12/31/2049,Yes
WV,54,,54061,Monongalia,6773611,WVDAQ,1,MONONGAHELA POWER CO,MONONGAHELA POWER CO.- FORT MARTIN POWER,Unit,71939313,EPACAMD,3943CAMDUNIT1,3943;1,3943,1,8/8/2011,,Yes
WV,54,,54051,Marshall,6902411,WVDAQ,6,AEP Generation Resources Inc.,AEP Generation Resources Inc. - KAMMER PLANT,Unit,71766713,EPACAMD,3947CAMDUNIT3,3947;3,3947,3,8/8/2011,,Yes
WV,54,,54051,Marshall,6902311,WVDAQ,5,KENTUCKY POWER COMPANY,KENTUCKY POWER COMPANY - MITCHELL PLANT,Unit,71766113,EPACAMD,3948CAMDUNIT2,3948;2,3948,2,8/8/2011,,Yes
MN,27,,27115,Pine,7074811,MNPCA,2711500011,Na,Great River Energy - Rock Lake,Unit,15095913,EPACAMD,6741CAMDUNIT1,6741;1,6741,1,5/21/2019,,Yes
MN,27,,27111,Otter Tail,7072311,MNPCA,2711100002,Otter Tail Power Company,Otter Tail Power Co - General Office,Unit,15102413,EPACAMD,1943CAMDUNIT2,1943;2,1943,2,8/8/2011,,Yes
CA,6,,6065,Riverside,10115711,CARB,3.32E+11,"WILDFLOWER ENERGY LP/INDIGOGEN., LLC","WILDFLOWER ENERGY LP/INDIGOGEN., LLC",Unit,119847213,EPACAMD,55541CAMDUNIT3,55541;3,55541,3,2/9/2018,,Yes
MO,29,,29117,Livingston,7297211,MODNR,2,,CHILLICOTHE MUNICIPAL UTILITIES,Unit,59066013,EPACAMD,2122CAMDUNITGT1B,2122;GT1B,2122,GT1B,10/10/2014,12/31/2049,Yes
NJ,34,,34003,Bergen,7202611,NJDEP,2624,"RPL Holdings, Inc","Elmwood Power, LLC",Unit,10057613,EPACAMD,50852CAMDUNIT002001,50852;002001,50852,2001,10/29/2014,,Yes
PA,42,,42017,Bucks,7410911,PADEP,420170306,EXELON GENERATION CO LLC,EXELON GENERATION CO/FAIRLESS HILLS GEN STA,Unit,10377613,EPACAMD,7701CAMDUNITPHBLR4,7701;PHBLR4,7701,PHBLR4,8/8/2011,,Yes
NJ,34,,34003,Bergen,7392311,NJDEP,2488,PSEG Power LLC,PSEG Bergen Generating Station,Unit,10494713,EPACAMD,2398CAMDUNIT1201,2398;1201,2398,1201,8/14/2014,12/31/2049,Yes
NJ,34,,34003,Bergen,7392311,NJDEP,2488,PSEG Power LLC,PSEG Bergen Generating Station,Unit,10494713,EPACAMD,2398CAMDUNIT1401,2398;1401,2398,1401,8/14/2014,12/31/2049,Yes
NE,31,,31169,Thayer,6898611,NEDEQ,58034,Nebraska Public Power District,NPPD Hebron Peaking Unit,Unit,13709013,EPACAMD,2266CAMDUNIT1A,2266;1A,2266,1A,12/30/2049,12/31/2049,Yes
PA,42,,42079,Luzerne,18895311,PADEP,420790126,MOXIE FREEDOM LLC DBA CAITHNESS MOXIE FREEDOM,CAITHNESS MOXIE FREEDOM GENERATION PLANT/SALEM TWP,Unit,135438813,EPACAMD,59906CAMDUNIT202,59906;202,59906,202,1/25/2021,,Yes
LA,22,,22089,St. Charles,18906811,LADEQ08,197303,Entergy Louisiana LLC,Entergy Louisiana LLC - J. Wayne Leonard Power Station,Unit,136848313,EPACAMD,60926CAMDUNIT1A,60926;1A,60926,1A,3/1/2021,12/31/2049,Yes
TX,48,,48251,Johnson,6364211,TXCEQ,34,BRAZOS ELECTRIC POWER COOPERATIVE INC,JOHNSON COUNTY GENERATION FACILITY,Unit,15353013,EPACAMD,54817CAMDUNITEAST,54817;EAST,54817,EAST,8/8/2011,,Yes
MO,29,,29021,Buchanan,6346411,MODNR,4,"Aquila, Inc",EVERGY INC LAKE ROAD GENERATING STATION,Unit,15421913,EPACAMD,2098CAMDUNITGT5,2098;GT5,2098,GT5,4/15/2014,,Yes
MO,29,,29019,Boone,6345611,MODNR,105,Ameren Energy Generating Company,COLUMBIA ENERGY CENTER PEABODY ROAD,Unit,15427813,EPACAMD,55447CAMDUNITCT01,55447;CT01,55447,CT01,10/8/2014,12/31/2049,Yes
WI,55,,55079,Milwaukee,6330411,WIDNR,241007690,Wisconsin Electric Power Company,WE ENERGIES-OAK CREEK Power Plant,Unit,91901113,EPACAMD,56068CAMDUNIT2,56068;2,56068,2,3/21/2013,,Yes
OH,39,,39029,Columbiana,19051111,OHEPA,215132003,,South Field Energy LLC (0215132003),Unit,155148213,EPACAMD,60356CAMDUNIT1,60356;1,60356,1,2/20/2023,,Yes
NJ,34,,34013,Essex,7478411,NJDEP,7627,PSEG Fossil LLC,PSEG FOSSIL LLC ESSEX GENERATING STATION,Unit,11647313,EPACAMD,2401CAMDUNIT24001,2401;24001,2401,24001,8/15/2014,12/31/2049,Yes
NJ,34,,34013,Essex,7478411,NJDEP,7627,PSEG Fossil LLC,PSEG FOSSIL LLC ESSEX GENERATING STATION,Unit,11647313,EPACAMD,2401CAMDUNIT26001,2401;26001,2401,26001,8/15/2014,12/31/2049,Yes
NJ,34,,34011,Cumberland,7462211,NJDEP,75512,Conectiv Atlantic Generation LLC,Carlls Energy Center,Unit,66041813,EPACAMD,2379CAMDUNIT002001,2379;002001,2379,2001,12/9/2014,12/31/2019,No
AL,1,,1103,Morgan,10552611,ADEM,80,,Morgan Energy Center LLC,Unit,52214713,EPACAMD,55293CAMDUNITCT-3,55293;CT-3,55293,CT-3,8/3/2014,,Yes
AL,1,,1103,Morgan,10552611,ADEM,80,,Morgan Energy Center LLC,Unit,52214513,EPACAMD,55293CAMDUNITCT-1,55293;CT-1,55293,CT-1,8/8/2011,,Yes
MS,28,,28049,Hinds,6966711,MSDEQ,2804900230,AI012051,"ENTERGY MISSISSIPPI INC, HINDS COUNTY PL",Unit,13985513,EPACAMD,55218CAMDUNITH02,55218;H02,55218,H02,8/8/2011,,Yes
VA,51,,51001,Accomack,6960911,VADEQ,40898,Commonwealth Chesapeake Power Station,Commonwealth Chesapeake Power Station,Unit,14006913,EPACAMD,55381CAMDUNITCT-002,55381;CT-002,55381,CT-002,10/9/2014,12/31/2049,Yes
VA,51,,51001,Accomack,6960711,VADEQ,40304,Calpine Mid-Atlantic Generation LLC - Tasley,Calpine Mid-Atlantic Generation LLC -Tasley,Unit,14007413,EPACAMD,3785CAMDUNITTA10,3785;TA10,3785,TA10,10/29/2014,,Yes
MS,28,,28075,Lauderdale,7155511,MSDEQ,2807500032,AI001281,"MISSISSIPPI POWER COMPANY, PLANT SWEATT",Unit,14073113,EPACAMD,2048CAMDUNITCTB,2048;CTB,2048,CTB,11/5/2014,12/31/2049,Yes
MS,28,,28067,Jones,7139511,MSDEQ,2806700035,AI005099,"COOPERATIVE ENERGY, MOSELLE GENERATING P",Unit,14101913,EPACAMD,2070CAMDUNIT1,2070;1,2070,1,8/8/2011,,Yes
,,"Fort Mojave Indian Tribe of Arizona, California & Nevada",88604,,8264011,TR604,FM-OP 02-01,,Calpine-South Point Energy Center,Unit,17713,EPACAMD,55177CAMDUNITB,55177;B,55177,B,10/8/2014,,Yes
VA,51,,51087,Henrico,6311211,VADEQ,50997,Dominion - Darbytown CT Station,Dominion - Darbytown CT Station,Unit,58459213,EPACAMD,7212CAMDUNIT4,7212;4,7212,4,9/23/2011,,Yes
MN,27,,27037,Dakota,6276011,MNPCA,2703700015,,Xcel Energy - Inver Hills Generating Plant,Unit,15794513,EPACAMD,1913CAMDUNIT6,1913;6,1913,6,9/24/2014,,Yes
MN,27,,27037,Dakota,6276011,MNPCA,2703700015,,Xcel Energy - Inver Hills Generating Plant,Unit,15794913,EPACAMD,1913CAMDUNIT2,1913;2,1913,2,9/24/2014,,Yes
TX,48,,48201,Harris,21432611,TXCEQ,2067,HO CLARKE GENERATING LLC,HO CLARKE GENERATING,Unit,156205413,EPACAMD,63335CAMDUNITCT-3,63335;CT-3,63335,CT-3,2/20/2023,,Yes
TX,48,,48201,Harris,21432611,TXCEQ,2067,HO CLARKE GENERATING LLC,HO CLARKE GENERATING,Unit,156205513,EPACAMD,63335CAMDUNITCT-4,63335;CT-4,63335,CT-4,2/20/2023,,Yes
TX,48,,48201,Harris,21432611,TXCEQ,2067,HO CLARKE GENERATING LLC,HO CLARKE GENERATING,Unit,156205613,EPACAMD,63335CAMDUNITCT-5,63335;CT-5,63335,CT-5,2/20/2023,,Yes
TX,48,,48201,Harris,21432611,TXCEQ,2067,HO CLARKE GENERATING LLC,HO CLARKE GENERATING,Unit,156205913,EPACAMD,63335CAMDUNITCT-8,63335;CT-8,63335,CT-8,2/20/2023,,Yes
NC,37,,37145,Person,7826311,NCDAQ,3714500056,CPI USA North Carolina LLC,CPI USA North Carolina LLC,Unit,2212213,EPACAMD,10379CAMDUNITBLR01C,10379;BLR01C,10379,BLR01C,8/14/2014,12/31/2049,Yes
NC,37,,37145,Person,7826011,NCDAQ,3714500029,"Duke Energy Progress, LLC","Duke Energy Progress, LLC - Roxboro Steam Electric Plant",Unit,2214813,EPACAMD,2712CAMDUNIT4A,2712;4A,2712,4A,8/14/2014,12/31/2049,Yes
NC,37,,37145,Person,7826011,NCDAQ,3714500029,"Duke Energy Progress, LLC","Duke Energy Progress, LLC - Roxboro Steam Electric Plant",Unit,2215313,EPACAMD,2712CAMDUNIT3B,2712;3B,2712,3B,8/14/2014,12/31/2049,Yes
IL,17,,17127,Massac,7808911,ILEPA,127855AAC,"Electric Energy, Inc",Electric Energy Inc,Unit,2230513,EPACAMD,887CAMDUNIT6,887;6,887,6,8/8/2011,,Yes
IL,17,,17097,Lake,7792311,ILEPA,097190AAC,"Midwest Generation Eme, LLC",Waukegan Electric Generating Station,Unit,2285513,EPACAMD,883CAMDUNIT322,883;322,883,322,10/1/2014,12/31/2049,Yes
IL,17,,17097,Lake,7792311,ILEPA,097190AAC,"Midwest Generation Eme, LLC",Waukegan Electric Generating Station,Unit,2286113,EPACAMD,883CAMDUNIT7,883;7,883,7,8/8/2011,,Yes
NM,35,,35001,Bernalillo,7532811,NMCOA,368,Public Service Company of New Mexico (PNM),Rio Bravo Generating Station,Unit,12663013,EPACAMD,55039CAMDUNITGT-1,55039;GT-1,55039,GT-1,10/27/2014,12/31/2017,Yes
NM,35,,35001,Bernalillo,7532811,NMCOA,368,Public Service Company of New Mexico (PNM),Rio Bravo Generating Station,Unit,86709013,EPACAMD,55039CAMDUNITGT-1,55039;GT-1,55039,GT-1,1/1/2018,,Yes
NM,35,,35001,Bernalillo,7532111,NMCOA,11,Public Service Company of New Mexico,Reeves Generating Station,Unit,12669013,EPACAMD,2450CAMDUNIT3,2450;3,2450,3,8/8/2011,,Yes
TX,48,,48039,Brazoria,5632311,TXCEQ,135,SWEENY COGENERATION LP,SWEENY COGENERATION FACILITY,Unit,21218413,EPACAMD,55015CAMDUNIT1,55015;1,55015,1,5/22/2013,,Yes
TX,48,,48029,Bexar,5617211,TXCEQ,63,CITY PUBLIC SERVICE BOARD,CALAVERAS PLANT,Unit,69929313,EPACAMD,7097CAMDUNIT**2,7097;**2,7097,**2,8/23/2012,,Yes
TX,48,,48029,Bexar,5616611,TXCEQ,6,CITY PUBLIC SERVICE,WB TUTTLE PLANT,Unit,21289213,EPACAMD,3613CAMDUNIT4,3613;4,3613,4,9/23/2011,,Yes
VA,51,,51580,Covington city,5798711,VADEQ,20328,,WESTROCK VIRGINIA CORP,Unit,21496613,EPACAMD,50900CAMDUNIT003,50900;003,50900,3,4/21/2017,,Yes
VA,51,,51580,Covington city,5798711,VADEQ,20328,,WESTROCK VIRGINIA CORP,Unit,21497013,EPACAMD,50900CAMDUNIT005,50900;005,50900,5,4/21/2017,,Yes
CA,6,,6037,Los Angeles,5796711,CARB,1.91E+11,"LA CITY, DWP HAYNES GENERATING STATION","LA CITY, DWP HAYNES GENERATING STATION",Unit,86018113,EPACAMD,400CAMDUNIT9,400;9,400,9,9/23/2011,1/1/2013,Yes
CA,6,,6037,Los Angeles,5796711,CARB,1.91E+11,"LA CITY, DWP HAYNES GENERATING STATION","LA CITY, DWP HAYNES GENERATING STATION",Unit,119397413,EPACAMD,400CAMDUNIT2,400;2,400,2,5/25/2017,,Yes
WV,54,,54039,Kanawha,5782311,WVDAQ,3,Union Carbide Corporation,UNION CARBIDE CORP -SO CHARLESTON FAC.,Unit,71717813,EPACAMD,50151CAMDUNITB25,50151;B25,50151,B25,8/8/2011,,Yes
MD,24,,24025,Harford,6131311,MDDOE,025-0024,"Constellation Power Source Generation, Inc.",Constellation Power - Perryman Power Plant,Unit,87957513,EPACAMD,1556CAMDUNITCT3,1556;CT3,1556,CT3,8/8/2011,,Yes
MD,24,,24003,Anne Arundel,6084311,MDDOE,003-0468,"Constellation Power Source Generation, Inc.",Raven Power Fort Smallwood LLC,Unit,87886313,EPACAMD,602CAMDUNIT1,602;1,602,1,8/8/2011,,Yes
NM,35,,35025,Lea,5229511,NMED,604,Southwestern Public Service Co dba Xcel Energy,Cunningham Station Power Plant,Unit,82534213,EPACAMD,2454CAMDUNIT122B,2454;122B,2454,122B,8/8/2011,,Yes
IN,18,,18125,Pike,4672011,INDEM,1,Na,HOOSIER ENERGY REC INC    FRANK E  RATT,Unit,28364513,EPACAMD,1043CAMDUNIT2SG1,1043;2SG1,1043,2SG1,8/8/2011,,Yes
ME,23,,23017,Oxford,5759211,MEDEP,A-000724,Rumford Power Associates LP,RUMFORD POWER,Unit,22605313,EPACAMD,55100CAMDUNIT1,55100;1,55100,1,8/8/2011,,Yes
LA,22,,22051,Jefferson,5521211,LADEQ08,2841,Entergy Louisiana LLC,Entergy Louisiana LLC - Ninemile Point Electric Generating Plant,Unit,80539013,EPACAMD,1403CAMDUNIT5,1403;5,1403,5,8/8/2011,,Yes
LA,22,,22051,Jefferson,5521211,LADEQ08,2841,Entergy Louisiana LLC,Entergy Louisiana LLC - Ninemile Point Electric Generating Plant,Unit,80539413,EPACAMD,1403CAMDUNIT3,1403;3,1403,3,8/2/2011,12/31/2049,Yes
VA,51,,51109,Louisa,5040011,VADEQ,40808,Dominion - Gordonsville Power Station,Dominion-Gordonsville Power Station,Unit,28683013,EPACAMD,54844CAMDUNIT2,54844;2,54844,2,5/22/2013,,Yes
TX,48,,48453,Travis,5021711,TXCEQ,2,CITY OF AUSTIN ELECTRIC UTILITY DEPARTMENT DBA AUSTIN ENERGY,DECKER CREEK POWER PLANT,Unit,28727413,EPACAMD,3548CAMDUNITGT-2B,3548;GT-2B,3548,GT-2B,8/21/2014,,Yes
CA,6,,6073,San Diego,5003711,CARB,37122773,,Carlsbad Energy Center,Unit,86059613,EPACAMD,302CAMDUNIT5,302;5,302,5,8/8/2011,,Yes
TN,47,,47145,Roane,4979111,TNDEC,73-0013,TVA KINGSTON FOSSIL PLANT,TVA - Kingston Fossil Plant,Unit,30042013,EPACAMD,3407CAMDUNIT8,3407;8,3407,8,8/8/2011,,Yes
SC,45,,45007,Anderson,4948311,SCDHEC,0200-0004,"Duke Energy, LLC",DUKE ENERGY CAROLINAS LLC LEE STEAM STAT,Unit,30083113,EPACAMD,3264CAMDUNIT1,3264;1,3264,1,8/8/2011,,Yes
CA,6,,6071,San Bernardino,4947111,CARB,3605181880,COOLWATER GENERATING STATION,COOLWATER GENERATING STATION,Unit,30095313,EPACAMD,329CAMDUNIT31,329;31,329,31,8/8/2011,,Yes
IL,17,,17031,Cook,1731811,ILEPA,031600AMI,Midwest Generation LLC,Fisk Electric Generating Station,Unit,41553513,EPACAMD,886CAMDUNIT19,886;19,886,19,8/8/2011,,Yes
IL,17,,17189,Washington,10857911,ILEPA,189808AAB,,Prairie State Generating Station,Unit,96564913,EPACAMD,55856CAMDUNIT02,55856;02,55856,2,12/24/2013,,Yes
VA,51,,51041,Chesterfield,4181011,VADEQ,50396,Dominion - Chesterfield Power Station,Dominion Virginia Power- Chesterfield,Unit,33878713,EPACAMD,3797CAMDUNIT4,3797;4,3797,4,8/8/2011,,Yes
VA,51,,51041,Chesterfield,4181011,VADEQ,50396,Dominion - Chesterfield Power Station,Dominion Virginia Power- Chesterfield,Unit,33877713,EPACAMD,3797CAMDUNIT6,3797;6,3797,6,8/8/2011,,Yes
TX,48,,48449,Titus,4164411,TXCEQ,5,SOUTHWESTERN ELECTRIC POWER COMPANY,WELSH POWER PLANT,Unit,33937413,EPACAMD,6139CAMDUNIT2,6139;2,6139,2,8/8/2011,,Yes
TX,48,,48149,Fayette,4144811,TXCEQ,5,LOWER COLORADO RIVER AUTHORITY,FAYETTE POWER PROJECT,Unit,34062213,EPACAMD,6179CAMDUNIT2,6179;2,6179,2,8/8/2011,,Yes
IL,17,,17089,Kane,1786811,ILEPA,089425AAC,"Dynegy, Inc",Rocky Road Power LLC,Unit,42008313,EPACAMD,55109CAMDUNITT1,55109;T1,55109,T1,9/23/2011,,Yes
IL,17,,17089,Kane,1786811,ILEPA,089425AAC,"Dynegy, Inc",Rocky Road Power LLC,Unit,42008513,EPACAMD,55109CAMDUNITT3,55109;T3,55109,T3,9/23/2011,,Yes
CO,8,,8123,Weld,4223811,CODPHE,CO0000000812300250,Na,THERMO COGEN PARTNERSHIP - JM SHAFER,Unit,68875713,EPACAMD,50707CAMDUNITS003,50707;S003,50707,S003,8/17/2014,,Yes
CO,8,,8123,Weld,4223811,CODPHE,CO0000000812300250,Na,THERMO COGEN PARTNERSHIP - JM SHAFER,Unit,36292013,EPACAMD,50707CAMDUNITS001,50707;S001,50707,S001,8/17/2014,,Yes
CA,6,,6099,Stanislaus,1218311,CARB,5014303299,TURLOCK IRRIGATION DISTRICT,Almond Power Plant,Unit,121055113,EPACAMD,7315CAMDUNIT2,7315;2,7315,2,4/18/2018,,Yes
CA,6,,6071,San Bernardino,13908211,CARB,3605181849,HIGH DESERT POWER PROJECT,HIGH DESERT POWER PROJECT,Unit,85487713,EPACAMD,55518CAMDUNITCTG2,55518;CTG2,55518,CTG2,8/8/2011,,Yes
CA,6,,6065,Riverside,13908711,CARB,3305182262,BLYTHE ENERGY INC,"BLYTHE ENERGY, INC.",Unit,85674413,EPACAMD,55295CAMDUNIT2,55295;2,55295,2,10/8/2014,,Yes
CA,6,,6037,Los Angeles,13909011,CARB,1.91E+11,"LA CITY, DWP SCATTERGOOD GENERATING STN","LA CITY, DWP SCATTERGOOD GENERATING STN",Unit,85872913,EPACAMD,404CAMDUNIT4,404;4,404,4,5/16/2019,,Yes
CA,6,,6037,Los Angeles,13909011,CARB,1.91E+11,"LA CITY, DWP SCATTERGOOD GENERATING STN","LA CITY, DWP SCATTERGOOD GENERATING STN",Unit,85872713,EPACAMD,404CAMDUNIT6,404;6,404,6,4/27/2020,,Yes
PA,42,,42091,Montgomery,3692211,PADEP,420910625,CONSTELLATION ENERGY GENERATION LLC,EXELON GENERATION CO/MOSER GENERATING STATION,Unit,37043513,EPACAMD,3163CAMDUNIT2,3163;2,3163,2,9/24/2014,,Yes
PA,42,,42073,Lawrence,3776611,PADEP,420730025,GENON POWER MIDWEST LP,NEW CASTLE POWER LLC/NEW CASTLE GENERATING STATION,Unit,37249013,EPACAMD,3138CAMDUNIT4,3138;4,3138,4,8/8/2011,,Yes
IA,19,,19157,Poweshiek,2993611,IADNR,79-01-022,IPL/Alliant Energy Corp,IPL - GRINNELL COMBUSTION TURBINES STATION,Unit,38058913,EPACAMD,7137CAMDUNIT2,7137;2,7137,2,10/29/2014,,Yes
AR,5,,5147,Woodruff,1050611,ARDEQ,514700024,Arkansas Electric Cooperative Corporation,AECC-CARL E BAILEY GENERATING STATION,Unit,63391413,EPACAMD,202CAMDUNIT01,202;01,202,1,8/14/2014,,Yes
PA,42,,42095,Northampton,12796911,PADEP,420950256,CONECTIV BETHLEHEM LLC,LOWER MOUNT BETHEL ENERGY SES/BANGOR,Unit,67547913,EPACAMD,55667CAMDUNITCT01,55667;CT01,55667,CT01,8/8/2011,,Yes
CO,8,,8001,Adams,12818011,CODPHE,CO0000000800101354,,PUBLIC SERV - BLUE SPRUCE ENERGY CENTER,Unit,68509613,EPACAMD,55645CAMDUNITCT-01,55645;CT-01,55645,CT-01,9/29/2014,,Yes
AR,5,,5119,Pulaski,210811,ARDEQ,511901380,Arkansas Electric Cooperative Corporation,ARK ELEC CO-OP-OSWALD GENERATING STATION,Unit,63446913,EPACAMD,55221CAMDUNITG3,55221;G3,55221,G3,5/22/2013,,Yes
AR,5,,5073,Lafayette,236911,ARDEQ,507300004,ENTERGY,ENTERGY ARK INC-HARVEY COUCH PLANT,Unit,51053313,EPACAMD,169CAMDUNIT2,169;2,169,2,10/1/2014,,Yes
TX,48,,48201,Harris,6510011,TXCEQ,1537,CHANNEL ENERGY CENTER LLC,CHANNEL ENERGY CENTER,Unit,17458213,EPACAMD,55299CAMDUNITCTG2,55299;CTG2,55299,CTG2,8/8/2011,,Yes
TX,48,,48201,Harris,6510011,TXCEQ,1537,CHANNEL ENERGY CENTER LLC,CHANNEL ENERGY CENTER,Unit,17458513,EPACAMD,55299CAMDUNITCTG1,55299;CTG1,55299,CTG1,8/8/2011,,Yes
TX,48,,48139,Ellis,6494211,TXCEQ,59,MIDLOTHIAN ENERGY LLC,MIDLOTHIAN ENERGY FACILITY,Unit,17543413,EPACAMD,55091CAMDUNITSTK3,55091;STK3,55091,STK3,8/8/2011,,Yes
TX,48,,48139,Ellis,6494211,TXCEQ,59,MIDLOTHIAN ENERGY LLC,MIDLOTHIAN ENERGY FACILITY,Unit,17543013,EPACAMD,55091CAMDUNITSTK4,55091;STK4,55091,STK4,8/8/2011,,Yes
TX,48,,48113,Dallas,6476611,TXCEQ,12,LUMINANT GENERATION CO LLC,NORTH LAKE STEAM ELECTRIC STATION,Unit,17688713,EPACAMD,3454CAMDUNIT1,3454;1,3454,1,8/8/2011,,Yes
MI,26,,26111,Midland,6473711,MIDEQ,B6527,Midland Cogeneration Venture,Midland Cogeneration Venture,Unit,17730113,EPACAMD,10745CAMDUNIT008,10745;008,10745,8,8/25/2014,12/31/2049,Yes
LA,22,,22055,Lafayette,6128911,LADEQ08,31135,Lafayette Consolidated Government,Lafayette Consolidated Government - Louis Doc Bonin Electric Generating Statio,Unit,80089213,EPACAMD,1443CAMDUNIT3,1443;3,1443,3,8/8/2011,,Yes
CA,6,,6019,Fresno,15863611,CARB,1014307220,PANOCHE ENERGY CENTER LLC,PANOCHE ENERGY CENTER LLC,Unit,102017513,EPACAMD,56803CAMDUNIT3,56803;3,56803,3,8/26/2014,,Yes
ND,38,,38053,McKenzie,17788211,NDDEQ,1540,Basin Electric Power Cooperative,Basin Electric Power Cooperative - Lonesome Creek Station,Unit,124545113,EPACAMD,57943CAMDUNITCT1,57943;CT1,57943,CT1,4/20/2017,,Yes
MI,26,,26137,Otsego,17884311,MIDEQ,P0582,Wolverine Power Supply Cooperative Inc.,Wolverine Power Supply Co-op - Alpine Power Plant,Unit,125795513,EPACAMD,59926CAMDUNITAL2,59926;AL2,59926,AL2,3/26/2018,,Yes
MI,26,,26137,Otsego,17884311,MIDEQ,P0582,Wolverine Power Supply Cooperative Inc.,Wolverine Power Supply Co-op - Alpine Power Plant,Unit,125795413,EPACAMD,59926CAMDUNITAL1,59926;AL1,59926,AL1,3/26/2018,,Yes
TX,48,,48221,Hood,17984911,TXCEQ,731,WOLF HOLLOW II POWER LLC,WOLF HOLLOW II,Unit,127986913,EPACAMD,59812CAMDUNITCGT5,59812;CGT5,59812,CGT5,11/9/2018,,Yes
KY,21,,21059,Daviess,5891711,KYDAQ,2105900027,Owensboro Municipal Utilities,Owensboro Municipal Utilities - Elmer Smith Station,Unit,86751413,EPACAMD,1374CAMDUNIT2,1374;2,1374,2,8/8/2011,,Yes
KY,21,,21157,Marshall,5213311,KYDAQ,2115700053,Tennessee Valley Authority,TVA - KGen Marshall LLC,Unit,86743213,EPACAMD,55232CAMDUNITCT8,55232;CT8,55232,CT8,10/27/2014,,Yes
GA,13,,13103,Effingham,3711211,GADNR,10300003,Georgia Power Company,Ga Power Co Plt McIntosh,Unit,36851813,EPACAMD,6124CAMDUNITCT2,6124;CT2,6124,CT2,10/7/2014,,Yes
GA,13,,13077,Coweta,3703111,GADNR,7700001,Georgia Power Company,Ga Power Company - Plant Yates,Unit,36868313,EPACAMD,728CAMDUNITY2BR,728;Y2BR,728,Y2BR,8/8/2011,,Yes
GA,13,,13051,Chatham,3677911,GADNR,5100006,Georgia Power Company,Ga Power Company - Plant Kraft,Unit,36920913,EPACAMD,733CAMDUNIT4,733;4,733,4,8/8/2011,,Yes
AR,5,,5143,Washington,10642811,ARDEQ,514300695,AMERICAN ELECTRIC POWER-SWEPCO,Harry D. Mattison Power Plant,Unit,63390613,EPACAMD,56328CAMDUNIT5,56328;5,56328,5,2/8/2018,,Yes
FL,12,,12103,Pinellas,2744411,FLDEP,1030012,Higgins,"DUKE ENERGY FLORIDA, LLC",Unit,41361913,EPACAMD,630CAMDUNITP2,630;P2,630,P2,8/8/2011,,Yes
FL,12,,12103,Pinellas,2744411,FLDEP,1030012,Higgins,"DUKE ENERGY FLORIDA, LLC",Unit,41361513,EPACAMD,630CAMDUNITP3,630;P3,630,P3,8/8/2011,,Yes
FL,12,,12101,Pasco,2712911,FLDEP,1010373,Shady Hills Power Company LLC,"SHADY HILLS POWER COMPANY, L.L.C.",Unit,41363413,EPACAMD,55414CAMDUNITGT101,55414;GT101,55414,GT101,8/8/2011,,Yes
FL,12,,12101,Pasco,2712411,FLDEP,1010071,,"QUANTUM PASCO POWER, LP",Unit,41364413,EPACAMD,54424CAMDUNITEU002,54424;EU002,54424,EU002,8/8/2011,,Yes
RI,44,,44007,Providence,3040211,RIDEM,AIR2998,OSP Holdings LLC,OCEAN STATE POWER,Unit,88343013,EPACAMD,51030CAMDUNIT2,51030;2,51030,2,9/29/2014,12/31/2049,Yes
RI,44,,44007,Providence,3040211,RIDEM,AIR2998,OSP Holdings LLC,OCEAN STATE POWER,Unit,88343013,EPACAMD,54324CAMDUNIT4,54324;4,54324,4,8/21/2014,12/31/2049,Yes
NV,32,,32029,Storey,7302811,NVBAQ,A0029,SIERRA PACIFIC POWER COMPANY DBA NV ENERGY,TRACY GENERATING STATION,Unit,97830913,EPACAMD,2336CAMDUNIT3,2336;3,2336,3,4/9/2013,,Yes
NV,32,,32029,Storey,7302811,NVBAQ,A0029,SIERRA PACIFIC POWER COMPANY DBA NV ENERGY,TRACY GENERATING STATION,Unit,97831213,EPACAMD,2336CAMDUNIT6,2336;6,2336,6,4/9/2013,,Yes
NH,33,,33015,Rockingham,7288011,NHDES,3301500054,PUBLIC SERVICE COMPANY OF NEW HAMPSHIRE,GSP NEWINGTON LLC,Unit,8537013,EPACAMD,8002CAMDUNIT1,8002;1,8002,1,8/8/2011,,Yes
LA,22,,22073,Ouachita,7205211,LADEQ08,85793,Entergy Louisiana LLC,Entergy Louisiana LLC - Perryville Generating Station,Unit,80409513,EPACAMD,55620CAMDUNIT1-1,55620;1-1,55620,1-Jan,8/8/2011,,Yes
LA,22,,22071,Orleans,7448111,LADEQ08,32494,Entergy New Orleans LLC,Entergy New Orleans LLC - Michoud Electric Generating Plant - New Orleans Power,Unit,80595813,EPACAMD,1409CAMDUNIT3,1409;3,1409,3,8/8/2011,,Yes
LA,22,,22071,Orleans,7448111,LADEQ08,32494,Entergy New Orleans LLC,Entergy New Orleans LLC - Michoud Electric Generating Plant - New Orleans Power,Unit,80595713,EPACAMD,1409CAMDUNIT1,1409;1,1409,1,8/2/2011,12/31/2049,Yes
LA,22,,22079,Rapides,7446811,LADEQ08,2922,CLECO Power LLC,CLECO Power LLC - Brame Energy Center,Unit,81273813,EPACAMD,6190CAMDUNIT1,6190;1,6190,1,8/8/2011,,Yes
NY,36,,36103,Suffolk,8452411,NYDEC,1472200105,NATIONAL GRID GENERATION LLC,HOLTSVILLE GT FACILITY,Unit,126778313,EPACAMD,8007CAMDUNITU00019,8007;U00019,8007,U00019,5/1/2018,12/31/2049,No
NY,36,,36103,Suffolk,8452011,NYDEC,1472001046,NATIONAL GRID GENERATION LLC,WEST BABYLON GT FACILITY,Unit,579613,EPACAMD,2521CAMDUNITUGT001,2521;UGT001,2521,UGT001,10/15/2014,,Yes
OK,40,,40017,Canadian,8350811,OKDEQ,1205,OG AND E,MUSTANG ENERGY CENTER,Unit,128563413,EPACAMD,2953CAMDUNITT6,2953;T6,2953,T6,1/25/2021,,Yes
OK,40,,40017,Canadian,8350811,OKDEQ,1205,OG AND E,MUSTANG ENERGY CENTER,Unit,128563613,EPACAMD,2953CAMDUNITT8,2953;T8,2953,T8,1/25/2021,,Yes
OK,40,,40097,Mayes,8350611,OKDEQ,2396,ASSOCIATED ELECTRIC COOPERATIVE INC,CHOUTEAU POWER PLANT,Unit,97012313,EPACAMD,7757CAMDUNIT4,7757;4,7757,4,4/2/2014,,Yes
OK,40,,40083,Logan,8350311,OKDEQ,4001,EVERGY INC,SPRING CREEK ENERGY CENTER,Unit,911113,EPACAMD,55651CAMDUNITCT-03,55651;CT-03,55651,CT-03,4/2/2014,,Yes
OK,40,,40145,Wagoner,8350011,OKDEQ,3662,ONETA POWER LLC,ONETA POWER LLC,Unit,912313,EPACAMD,55225CAMDUNITCTG-3,55225;CTG-3,55225,CTG-3,8/8/2011,,Yes
NC,37,,37191,Wayne,7265811,NCDAQ,3719100017,"Duke Energy Progress, LLC","Duke Energy Progress, LLC - H.F. Lee Steam Electric Plant",Unit,10757413,EPACAMD,2709CAMDUNIT1,2709;1,2709,1,8/8/2011,,Yes
NC,37,,37191,Wayne,7265811,NCDAQ,3719100017,"Duke Energy Progress, LLC","Duke Energy Progress, LLC - H.F. Lee Steam Electric Plant",Unit,10757613,EPACAMD,2709CAMDUNIT2,2709;2,2709,2,8/8/2011,,Yes
NC,37,,37191,Wayne,7265811,NCDAQ,3719100017,"Duke Energy Progress, LLC","Duke Energy Progress, LLC - H.F. Lee Steam Electric Plant",Unit,10757813,EPACAMD,2709CAMDUNIT12,2709;12,2709,12,10/14/2014,12/31/2049,Yes
NC,37,,37191,Wayne,7265811,NCDAQ,3719100017,"Duke Energy Progress, LLC","Duke Energy Progress, LLC - H.F. Lee Steam Electric Plant",Unit,10758113,EPACAMD,2709CAMDUNIT11,2709;11,2709,11,10/14/2014,12/31/2049,Yes
AL,1,,1033,Colbert,7212811,ADEM,10,Tennessee Valley Authority,TVA,Unit,10817813,EPACAMD,47CAMDUNITCCT3,47;CCT3,47,CCT3,10/9/2014,,Yes
AL,1,,1033,Colbert,7212811,ADEM,10,Tennessee Valley Authority,TVA,Unit,10817413,EPACAMD,47CAMDUNITCCT7,47;CCT7,47,CCT7,10/9/2014,,Yes
WI,55,,55025,Dane,7465411,WIDNR,113004430,Madison Gas & Electric Company,MADISON GAS & ELECTRIC CO BLOUNT ST STN,Unit,11334313,EPACAMD,3992CAMDUNIT9,3992;9,3992,9,8/8/2011,,Yes
WI,55,,55025,Dane,7465411,WIDNR,113004430,Madison Gas & Electric Company,MADISON GAS & ELECTRIC CO BLOUNT ST STN,Unit,11334013,EPACAMD,3992CAMDUNIT5,3992;5,3992,5,8/8/2011,,Yes
WI,55,,55025,Dane,7465411,WIDNR,113004430,Madison Gas & Electric Company,MADISON GAS & ELECTRIC CO BLOUNT ST STN,Unit,11334413,EPACAMD,3992CAMDUNIT3,3992;3,3992,3,8/8/2011,,Yes
VA,51,,51191,Washington,7707611,VADEQ,11348,"Wolf Hills Energy, LLC",Wolf Hills Energy LLC,Unit,11344513,EPACAMD,55285CAMDUNITWH03,55285;WH03,55285,WH03,8/23/2014,12/31/2049,Yes
WI,55,,55117,Sheboygan,7692911,WIDNR,460033090,Wisconsin Power & Light Company,Alliant Energy - WPL - Edgewater Generating Station,Unit,11354913,EPACAMD,4050CAMDUNIT4,4050;4,4050,4,8/8/2011,,Yes
WI,55,,55117,Sheboygan,7692911,WIDNR,460033090,Wisconsin Power & Light Company,Alliant Energy - WPL - Edgewater Generating Station,Unit,11355013,EPACAMD,4050CAMDUNIT3,4050;3,4050,3,8/8/2011,,Yes
WI,55,,55059,Kenosha,7324011,WIDNR,230094810,Wisconsin Electric Power Company,WISCONSIN ELECTRIC POWER COMPANY D/B/A WE ENERGIES-PARIS GENERATING STATION,Unit,11032013,EPACAMD,7270CAMDUNIT**3,7270;**3,7270,**3,10/9/2014,,Yes
MS,28,,28129,Smith,7304911,MSDEQ,2812900048,AI016405,"COOPERATIVE ENERGY, A MISSISSIPPI ELECTR",Unit,11102413,EPACAMD,7989CAMDUNIT1,7989;1,7989,1,8/8/2011,,Yes
NJ,34,,34001,Atlantic,7514511,NJDEP,70525,Conectiv Atlantic Generation LLC,Missouri Energy Center,Unit,11142513,EPACAMD,2383CAMDUNIT011001,2383;011001,2383,11001,11/6/2014,,Yes
NY,36,,36081,Queens,12681711,NYDEC,2630100191,ASTORIA GAS TURBINE POWER LLC,ASTORIA GAS TURBINE POWER,Unit,64122513,EPACAMD,55243CAMDUNITCT0005,55243;CT0005,55243,CT0005,8/15/2014,12/31/2049,Yes
NY,36,,36081,Queens,12681711,NYDEC,2630100191,ASTORIA GAS TURBINE POWER LLC,ASTORIA GAS TURBINE POWER,Unit,64122513,EPACAMD,55243CAMDUNITCT4-4B,55243;CT4-4B,55243,CT4-4B,8/15/2014,12/31/2049,Yes
TX,48,,48221,Hood,6153011,TXCEQ,1,LUMINANT GENERATION COMPANY LLC,DECORDOVA STEAM ELECTRIC STATION,Unit,16226013,EPACAMD,8063CAMDUNIT1,8063;1,8063,1,8/8/2011,,Yes
CA,6,,6025,Imperial,15667711,CARB,131511281,IMPERIAL IRRIGATION DISTRICT,Niland Gas Turbine Plant,Unit,100118413,EPACAMD,56569CAMDUNIT2,56569;2,56569,2,11/1/2014,,Yes
TX,48,,48135,Ector,17728811,TXCEQ,215,ECTOR COUNTY ENERGY CENTER LLC,ECTOR COUNTY ENERGY CENTER,Unit,123033813,EPACAMD,58471CAMDUNITCT-1,58471;CT-1,58471,CT-1,5/30/2017,,Yes
NY,36,,36055,Monroe,17052711,NYDEC,8269900126,,Red-Rochester LLC At Eastman Business Park,Unit,114204213,EPACAMD,10025CAMDUNIT4A,10025;4A,10025,4A,12/30/2049,12/31/2049,Yes
TX,48,,48309,McLennan,15628511,TXCEQ,79,SANDY CREEK SERVICES LLC,SANDY CREEK ENERGY STATION,Unit,99365513,EPACAMD,56611CAMDUNITS01,56611;S01,56611,S01,4/10/2014,,Yes
NE,31,,31055,Douglas,6732511,NEOPWD,3,Omaha Public Power District,Omaha Public Power District - Jones Street Power Station,Unit,105527713,EPACAMD,2290CAMDUNIT2,2290;2,2290,2,5/30/2017,,Yes
NJ,34,,34023,Middlesex,6719611,NJDEP,18068,PSEG Power LLC,Sewaren Generating Station,Unit,12843013,EPACAMD,2411CAMDUNIT2,2411;2,2411,2,9/23/2011,,Yes
MT,30,,30087,Rosebud,7765611,MTDEQ,087-0008,TALEN MONTANA LLC,COLSTRIP STEAM ELECTRIC STATION,Unit,1786213,EPACAMD,6076CAMDUNIT1,6076;1,6076,1,8/8/2011,,Yes
WI,55,,55105,Rock,6877611,WIDNR,154003630,Na,WPL - BLACKHAWK GENERATING STATION,Unit,12968013,EPACAMD,4048CAMDUNIT4,4048;4,4048,4,8/8/2011,,Yes
OH,39,,39061,Hamilton,7738711,OHEPA,1431350093,"Duke Energy Ohio, Inc",Miami Fort Power Company LLC (1431350093),Unit,2471413,EPACAMD,2832CAMDUNIT7,2832;7,2832,7,8/8/2011,,Yes
WI,55,,55055,Jefferson,6765911,WIDNR,128065080,Wisconsin Electric Power Company,WISCONSIN ELECTRIC POWER COMPANY D/B/A WE ENERGIES - CONCORD STATION,Unit,13145013,EPACAMD,7159CAMDUNIT**2,7159;**2,7159,**2,10/9/2014,,Yes
WI,55,,55039,Fond du Lac,6746711,WIDNR,420101660,Wisconsin Power & Light Company,WPL - SOUTH FOND DU LAC COMBUSTION TURBINE SITE,Unit,13172113,EPACAMD,7203CAMDUNIT**CT2,7203;**CT2,7203,**CT2,10/5/2014,,Yes
VA,51,,51510,Alexandria city,6922811,VADEQ,70228,GenOn Potomac River Limited Liability Corp,GenOn Potomac River Limited Liability Corp,Unit,13210213,EPACAMD,3788CAMDUNIT1,3788;1,3788,1,8/8/2011,,Yes
MI,26,,26117,Montcalm,7836711,MIDEQ,N6873,DTE Electric Company,DTE Electric Company - Renaissance Power Plant,Unit,2844313,EPACAMD,55402CAMDUNITCT1,55402;CT1,55402,CT1,8/14/2014,12/31/2049,Yes
NY,36,,36013,Chautauqua,7805611,NYDEC,9060300021,DUNKIRK POWER LLC,DUNKIRK STEAM GENERATING STATION,Unit,2860913,EPACAMD,2554CAMDUNIT3,2554;3,2554,3,8/14/2014,12/31/2049,Yes
IN,18,,18029,Dearborn,10715711,INDEM,33,Na,Lawrenceberg Power LLC,Unit,58635713,EPACAMD,55502CAMDUNIT1,55502;1,55502,1,5/22/2013,,Yes
NY,36,,36047,Kings,8039511,NYDEC,2610200086,ASTORIA GENERATING COMPANY LP,NARROWS GENERATING STATION,Unit,64125713,EPACAMD,2499CAMDUNITCT02-6,2499;CT02-6,2499,CT02-6,10/15/2014,12/31/2049,Yes
OH,39,,39031,Coshocton,8010811,OHEPA,616000000,AEP Generation Resources,Conesville Power Plant (0616000000),Unit,4031313,EPACAMD,2840CAMDUNIT1,2840;1,2840,1,12/6/2014,,Yes
OH,39,,39031,Coshocton,8010811,OHEPA,616000000,AEP Generation Resources,Conesville Power Plant (0616000000),Unit,4030913,EPACAMD,2840CAMDUNIT5,2840;5,2840,5,8/8/2011,,Yes
NC,37,,37157,Rockingham,8009611,NCDAQ,3715700015,Duke Energy Carolinas LLC,"Duke Energy Carolinas, LLC - Dan River Comb. Cycle Facility",Unit,4041513,EPACAMD,2723CAMDUNIT1,2723;1,2723,1,8/8/2011,,Yes
NC,37,,37157,Rockingham,8009611,NCDAQ,3715700015,Duke Energy Carolinas LLC,"Duke Energy Carolinas, LLC - Dan River Comb. Cycle Facility",Unit,4041313,EPACAMD,2723CAMDUNIT6C,2723;6C,2723,6C,10/28/2014,,Yes
NY,36,,36047,Kings,7992311,NYDEC,2610200116,ASTORIA GENERATING COMPANY LP,GOWANUS GENERATING STATION,Unit,97070713,EPACAMD,2494CAMDUNITCT04-1,2494;CT04-1,2494,CT04-1,8/15/2014,12/31/2049,Yes
NY,36,,36047,Kings,7992311,NYDEC,2610200116,ASTORIA GENERATING COMPANY LP,GOWANUS GENERATING STATION,Unit,97070713,EPACAMD,2494CAMDUNITCT04-3,2494;CT04-3,2494,CT04-3,8/15/2014,12/31/2049,Yes
NY,36,,36047,Kings,7992311,NYDEC,2610200116,ASTORIA GENERATING COMPANY LP,GOWANUS GENERATING STATION,Unit,97070713,EPACAMD,2494CAMDUNITCT04-6,2494;CT04-6,2494,CT04-6,8/15/2014,12/31/2049,Yes
NY,36,,36047,Kings,7992311,NYDEC,2610200116,ASTORIA GENERATING COMPANY LP,GOWANUS GENERATING STATION,Unit,97070713,EPACAMD,2494CAMDUNITCT04-2,2494;CT04-2,2494,CT04-2,8/15/2014,12/31/2049,Yes
NY,36,,36047,Kings,7992311,NYDEC,2610200116,ASTORIA GENERATING COMPANY LP,GOWANUS GENERATING STATION,Unit,97070713,EPACAMD,2494CAMDUNITCT04-4,2494;CT04-4,2494,CT04-4,8/15/2014,12/31/2049,Yes
NY,36,,36047,Kings,7992311,NYDEC,2610200116,ASTORIA GENERATING COMPANY LP,GOWANUS GENERATING STATION,Unit,97070713,EPACAMD,2494CAMDUNITCT04-5,2494;CT04-5,2494,CT04-5,8/15/2014,12/31/2049,Yes
NY,36,,36047,Kings,7992311,NYDEC,2610200116,ASTORIA GENERATING COMPANY LP,GOWANUS GENERATING STATION,Unit,97070713,EPACAMD,2494CAMDUNITCT04-7,2494;CT04-7,2494,CT04-7,8/15/2014,12/31/2049,Yes
NY,36,,36047,Kings,7992311,NYDEC,2610200116,ASTORIA GENERATING COMPANY LP,GOWANUS GENERATING STATION,Unit,97070713,EPACAMD,2494CAMDUNITCT04-8,2494;CT04-8,2494,CT04-8,8/15/2014,12/31/2049,Yes
VA,51,,51175,Southampton,6634511,VADEQ,61093,Dominion - Southampton Power Station,Dominion - Southampton Power Station,Unit,17155213,EPACAMD,10774CAMDUNIT2,10774;2,10774,2,8/8/2011,,Yes
VA,51,,51670,Hopewell city,6633911,VADEQ,50950,James River Cogeneration Company,James River Cogeneration Company,Unit,58457613,EPACAMD,10377CAMDUNITBLR02A,10377;BLR02A,10377,BLR02A,8/14/2014,12/31/2049,Yes
VA,51,,51085,Hanover,6631811,VADEQ,51018,Doswell Limited Partnership,Doswell Limited Partnership Doswell Energy Center,Unit,134709913,EPACAMD,52019CAMDUNITCT2,52019;CT2,52019,CT2,6/29/2022,12/31/2049,Yes
TX,48,,48201,Harris,6616311,TXCEQ,282,AIR PRODUCTS LLC,LA PORTE FACILITY,Unit,17206513,EPACAMD,55365CAMDUNITGT-1,55365;GT-1,55365,GT-1,10/29/2014,,Yes
TX,48,,48041,Brazos,6598311,TXCEQ,1,CITY OF BRYAN,ATKINS POWER STATION,Unit,17346613,EPACAMD,3561CAMDUNIT6,3561;6,3561,6,10/9/2014,,Yes
PA,42,,42007,Beaver,8141311,PADEP,420070042,AES BEAVER VALLEY LLC,AES BEAVER VALLEY LLC/BEAVER VALLEY LLC,Unit,4582213,EPACAMD,10676CAMDUNIT033,10676;033,10676,33,8/8/2011,,Yes
NC,37,,37071,Gaston,8137511,NCDAQ,3707100039,"Duke Energy Carolinas, LLC","Duke Energy Carolinas, LLC - Allen Steam Station",Unit,122705913,EPACAMD,2718CAMDUNIT2,2718;2,2718,2,1/1/2015,12/31/2049,Yes
NC,37,,37065,Edgecombe,8124311,NCDAQ,3706500146,"Edgecombe Genco, LLC",Edgecombe Power Station,Unit,4678013,EPACAMD,10384CAMDUNITBLR01B,10384;BLR01B,10384,BLR01B,4/29/2012,12/31/2049,Yes
NC,37,,37065,Edgecombe,8124311,NCDAQ,3706500146,"Edgecombe Genco, LLC",Edgecombe Power Station,Unit,4678013,EPACAMD,10384CAMDUNITBLR01A,10384;BLR01A,10384,BLR01A,4/29/2012,12/31/2049,Yes
NY,36,,36045,Jefferson,8104811,NYDEC,6224000009,BLACK RIVER GENERATION LLC,BLACK RIVER GENERATION LLC,Unit,4821513,EPACAMD,10464CAMDUNITE0001,10464;E0001,10464,E0001,10/23/2014,12/31/2049,Yes
MS,28,,28149,Warren,8233711,MSDEQ,2814900027,AI001074,"ENTERGY MISSISSIPPI INC, BAXTER WILSON P",Unit,5616213,EPACAMD,2050CAMDUNIT2,2050;2,2050,2,8/8/2011,,Yes
WI,55,,55117,Sheboygan,9012411,WIDNR,460067190,,WPL - SHEBOYGAN FALLS ENERGY FACILITY,Unit,54825813,EPACAMD,56166CAMDUNIT1,56166;1,56166,1,4/15/2014,,Yes
OH,39,,39167,Washington,8130311,OHEPA,684000000,AEP Generation Resources,"Muskingum River Development, LLC (0684000000)",Unit,6020313,EPACAMD,2872CAMDUNIT2,2872;2,2872,2,3/14/2013,,Yes
OH,39,,39167,Washington,8130311,OHEPA,684000000,AEP Generation Resources,"Muskingum River Development, LLC (0684000000)",Unit,6020213,EPACAMD,2872CAMDUNIT1,2872;1,2872,1,8/8/2011,,Yes
OH,39,,39113,Montgomery,8049911,OHEPA,857780013,Dayton Power And Light Company,O.H. Hutchings CT (0857780013),Unit,6334013,EPACAMD,2848CAMDUNITH-5,2848;H-5,2848,H-5,8/8/2011,,Yes
OH,39,,39113,Montgomery,8049911,OHEPA,857780013,Dayton Power And Light Company,O.H. Hutchings CT (0857780013),Unit,6334813,EPACAMD,2848CAMDUNITH-2,2848;H-2,2848,H-2,8/8/2011,,Yes
CA,6,,6013,Contra Costa,6486311,CARB,7130312,"GENON DELTA LLC, PITTSBURG GEN","NRG DELTA, LLC",Unit,18706213,EPACAMD,271CAMDUNIT6,271;6,271,6,9/23/2011,,Yes
CA,6,,6013,Contra Costa,6486311,CARB,7130312,"GENON DELTA LLC, PITTSBURG GEN","NRG DELTA, LLC",Unit,18706313,EPACAMD,271CAMDUNIT5,271;5,271,5,9/23/2011,,Yes
TX,48,,48167,Galveston,9132111,TXCEQ,147,SOUTH HOUSTON GREEN POWER LLC,SOUTH HOUSTON GREEN POWER SITE,Unit,57493213,EPACAMD,55470CAMDUNITEPN801,55470;EPN801,55470,EPN801,8/8/2011,,Yes
TX,48,,48257,Kaufman,9146511,TXCEQ,680,LUMINANT GENERATION COMPANY LLC,FORNEY POWER PLANT,Unit,57545013,EPACAMD,55480CAMDUNITU3,55480;U3,55480,U3,8/8/2011,,Yes
IN,18,,18165,Vermillion,7248511,INDEM,1,Na,Duke Energy Indiana LLC - Cayuga Genera,Unit,7458613,EPACAMD,1001CAMDUNIT2,1001;2,1001,2,8/8/2011,,Yes
MS,28,,28019,Choctaw,7053111,MSDEQ,2801900018,AI015595,"ENTERGY MISSISSIPPI LLC, CHOCTAW COUNTY",Unit,14190013,EPACAMD,55706CAMDUNITCTG1,55706;CTG1,55706,CTG1,7/22/2012,,Yes
MS,28,,28019,Choctaw,7053011,MSDEQ,2801900011,AI000677,"CHOCTAW GENERATION LIMITED PARTNERSHIP,",Unit,14190213,EPACAMD,55076CAMDUNITAA001,55076;AA001,55076,AA001,8/8/2011,,Yes
MS,28,,28009,Benton,7037011,MSDEQ,2800900019,AI013469,TVA MAGNOLIA COMBINED CYCLE,Unit,14200513,EPACAMD,55451CAMDUNITCTG-2,55451;CTG-2,55451,CTG-2,8/8/2011,,Yes
NY,36,,36067,Onondaga,7435811,NYDEC,7312600127,CARR STREET GENERATING STATION LP,CARR STREET GENERATING STATION,Unit,7947913,EPACAMD,50978CAMDUNITA,50978;A,50978,A,11/3/2014,12/31/2049,Yes
OH,39,,39163,Vinton,9216611,OHEPA,682000057,,"Rolling Hills Generating, LLC (0682000057)",Unit,55668913,EPACAMD,55401CAMDUNITCT-2,55401;CT-2,55401,CT-2,8/17/2014,,Yes
OH,39,,39161,Van Wert,9216911,OHEPA,381000043,,Robert P. Mone Plant (0381000043),Unit,55668013,EPACAMD,7872CAMDUNIT3,7872;3,7872,3,9/23/2011,,Yes
OR,41,,41035,Klamath,9223711,ORDEQ,18-0003,Klamath Energy LLC,Klamath Cogeneration Proj,Unit,118464213,EPACAMD,55103CAMDUNITCT1,55103;CT1,55103,CT1,12/30/2049,12/31/2049,Yes
OR,41,,41035,Klamath,9223711,ORDEQ,18-0003,Klamath Energy LLC,Klamath Cogeneration Proj,Unit,118464113,EPACAMD,55544CAMDUNITGT1,55544;GT1,55544,GT1,12/30/2049,12/31/2049,No
SC,45,,45051,Horry,8332911,SCDHEC,1340-0003,Santee Cooper,SANTEE COOPER GRAINGER,Unit,99713,EPACAMD,3317CAMDUNIT1,3317;1,3317,1,8/8/2011,,Yes
NJ,34,,34023,Middlesex,7621611,NJDEP,18195,AES Red Oak LLC,RED OAK POWER LLC,Unit,11830313,EPACAMD,55239CAMDUNIT2,55239;2,55239,2,8/14/2014,12/31/2049,Yes
NJ,34,,34023,Middlesex,7620911,NJDEP,17824,PSEG Fossil LLC,PSEG FOSSIL LLC EDISON GENERATING STATION,Unit,11840313,EPACAMD,2400CAMDUNIT23001,2400;23001,2400,23001,8/25/2014,12/31/2049,Yes
UT,49,,49035,Salt Lake,7559311,UTDAQ,10355,Pacificorp Energy,Pacificorp Energy- Gadsby Power Plant,Unit,11942213,EPACAMD,3648CAMDUNIT2,3648;2,3648,2,8/8/2011,,Yes
MA,25,,25027,Worcester,6637711,MADEP,1180061,"STORED SOLAR FITCHBURG, LLC",STORED SOLAR FITCHBURG LLC,Unit,87334713,EPACAMD,54620CAMDUNIT1,54620;1,54620,1,2/8/2018,,Yes
NC,37,,37035,Catawba,8370411,NCDAQ,3703500073,Duke Energy Carolinas LLC,"Duke Energy Carolinas, LLC - Marshall Steam Station",Unit,75331813,EPACAMD,2727CAMDUNIT2,2727;2,2727,2,8/8/2011,12/31/2014,Yes
ID,16,,16039,Elmore,8355111,IDDEQ,3900024,Idaho Power Company,IDAHO POWER CO - EVANDER ANDREWS COMPLEX,Unit,96577013,EPACAMD,7953CAMDUNITCT1,7953;CT1,7953,CT1,10/8/2014,,Yes
OH,39,,39095,Lucas,8302011,OHEPA,448020006,FirstEnergy Generation Corporation,"Walleye Power, LLC, Bay Shore Plant (0448020006)",Unit,444813,EPACAMD,2878CAMDUNIT1,2878;1,2878,1,8/8/2011,,Yes
OH,39,,39095,Lucas,8302011,OHEPA,448020006,FirstEnergy Generation Corporation,"Walleye Power, LLC, Bay Shore Plant (0448020006)",Unit,444413,EPACAMD,2878CAMDUNIT2,2878;2,2878,2,8/8/2011,,Yes
NC,37,,37161,Rutherford,8300611,NCDAQ,3716100028,"Duke Energy Carolinas, LLC","Duke Energy Carolinas, LLC - Cliffside Steam Station",Unit,106357513,EPACAMD,2721CAMDUNIT6,2721;6,2721,6,10/8/2014,,Yes
NC,37,,37161,Rutherford,8300611,NCDAQ,3716100028,"Duke Energy Carolinas, LLC","Duke Energy Carolinas, LLC - Cliffside Steam Station",Unit,452213,EPACAMD,2721CAMDUNIT5,2721;5,2721,5,8/8/2011,,Yes
NC,37,,37161,Rutherford,8300611,NCDAQ,3716100028,"Duke Energy Carolinas, LLC","Duke Energy Carolinas, LLC - Cliffside Steam Station",Unit,452813,EPACAMD,2721CAMDUNIT3,2721;3,2721,3,8/8/2011,,Yes
VA,51,,51153,Prince William,7520511,VADEQ,70225,Dominion - Possum Point Power Station,Dominion - Possum Point Power Station,Unit,58400613,EPACAMD,3804CAMDUNIT6B,3804;6B,3804,6B,8/8/2011,,Yes
OH,39,,39025,Clermont,8294311,OHEPA,1413090154,Columbus Southern Power Company and DP&L,Zimmer Power Company LLC (1413090154),Unit,1540213,EPACAMD,6019CAMDUNITB,6019;B,6019,B,12/6/2014,,Yes
NC,37,,37129,New Hanover,8547211,NCDAQ,3712900036,"Duke Energy Progress, LLC","Duke Energy Progress, LLC - L.V. Sutton Electric Plant",Unit,109330313,EPACAMD,2713CAMDUNIT01B,2713;01B,2713,01B,12/28/2015,,Yes
NC,37,,37129,New Hanover,8547211,NCDAQ,3712900036,"Duke Energy Progress, LLC","Duke Energy Progress, LLC - L.V. Sutton Electric Plant",Unit,129290213,EPACAMD,2713CAMDUNIT4,2713;4,2713,4,5/16/2019,,Yes
PA,42,,42045,Delaware,16848711,PADEP,420450331,ENERGY TRANSFER MKT & TERM LP,ENERGY TRANSF MKT & TERM LP/MARCUS HOOK TERM,Unit,109282413,EPACAMD,880107CAMDUNITAB03,880107;AB03,880107,AB03,5/30/2017,,Yes
TX,48,,48315,Marion,5613211,TXCEQ,1,SOUTHWESTERN ELECTRIC POWER COMPANY,WILKES POWER PLANT,Unit,22160013,EPACAMD,3478CAMDUNIT3,3478;3,3478,3,8/8/2011,,Yes
TX,48,,48355,Nueces,5611911,TXCEQ,47,BARNEY DAVIS LLC,BARNEY DAVIS ENERGY CENTER,Unit,22180913,EPACAMD,4939CAMDUNIT1,4939;1,4939,1,8/8/2011,,Yes
TN,47,,47165,Sumner,5610411,TNDEC,83-0025,TVA GALLATIN FOSSIL PLANT,TVA - Gallatin Fossil Plant,Unit,22206213,EPACAMD,3403CAMDUNITGCT1,3403;GCT1,3403,GCT1,8/15/2014,12/31/2049,Yes
TN,47,,47165,Sumner,5610411,TNDEC,83-0025,TVA GALLATIN FOSSIL PLANT,TVA - Gallatin Fossil Plant,Unit,22206413,EPACAMD,3403CAMDUNIT3,3403;3,3403,3,8/8/2011,,Yes
MA,25,,25013,Hampden,6028411,MADEP,420117,ESSENTIAL POWER MASSACHUSETTS LLC,ESSENTIAL POWER MASSACHUSETTS LLC,Unit,87696513,EPACAMD,1642CAMDUNITCTG2,1642;CTG2,1642,CTG2,10/1/2014,,Yes
MD,24,,24033,Prince Georges,6011911,MDDOE,033-0014,"Mirant Chalk Point, LLC","NRG Chalk Point, LLC",Unit,88001813,EPACAMD,1571CAMDUNIT1,1571;1,1571,1,8/8/2011,,Yes
MD,24,,24033,Prince Georges,6011911,MDDOE,033-0014,"Mirant Chalk Point, LLC","NRG Chalk Point, LLC",Unit,88003213,EPACAMD,1571CAMDUNIT**GT5,1571;**GT5,1571,**GT5,8/22/2014,,Yes
MI,26,,26125,Oakland,6093411,MIDEQ,B2805,DTE Electric Company,DTE Electric Company - Hancock Peaking Facility,Unit,23775913,EPACAMD,1730CAMDUNITCTG121,1730;CTG121,1730,CTG121,10/13/2014,,Yes
IL,17,,17103,Lee,5483011,ILEPA,103817AAH,"Duke Energy Ohio, Inc.",Lee County Generating Station LLC,Unit,88663613,EPACAMD,55236CAMDUNITCT6,55236;CT6,55236,CT6,10/1/2014,,Yes
IL,17,,17103,Lee,5483011,ILEPA,103817AAH,"Duke Energy Ohio, Inc.",Lee County Generating Station LLC,Unit,88663313,EPACAMD,55236CAMDUNITCT2,55236;CT2,55236,CT2,10/1/2014,,Yes
MA,25,,25009,Essex,5090811,MADEP,1190194,FOOTPRINT POWER SALEM HARBOR OPERATIONS LLC,SALEM HARBOR STATION,Unit,87669713,EPACAMD,1626CAMDUNIT3,1626;3,1626,3,8/8/2011,,Yes
MA,25,,25009,Essex,5090111,MADEP,1190015,PEABODY MUNICIPAL LIGHT PLANT,PEABODY MUNICIPAL LIGHT PLANT,Unit,87331613,EPACAMD,1678CAMDUNIT1,1678;1,1678,1,10/29/2014,,Yes
LA,22,,22101,St. Mary,5060411,LADEQ08,26326,City of Morgan City,Joseph J Cefalu Sr Municipal Steam Plant,Unit,80432713,EPACAMD,1449CAMDUNIT4,1449;4,1449,4,8/8/2011,,Yes
IL,17,,17197,Will,4506411,ILEPA,197808AAG,Elwood Energy LLC,Elwood Energy LLC,Unit,88701113,EPACAMD,55199CAMDUNIT3,55199;3,55199,3,10/9/2014,,Yes
IL,17,,17155,Putnam,4685311,ILEPA,155010AAA,"Dynegy Midwest Generation, Inc",Dynegy Midwest Generation LLC,Unit,27779013,EPACAMD,892CAMDUNIT2,892;2,892,2,8/8/2011,,Yes
KS,20,,20209,Wyandotte,4627911,KSDOHE,48,Board of Public Utilities,Kansas City BPU - Quindaro,Unit,63913713,EPACAMD,1295CAMDUNITCT3,1295;CT3,1295,CT3,5/30/2017,,Yes
FL,12,,12049,Hardee,4390111,FLDEP,490340,"Seminole Electric Cooperative, Inc.","SEMINOLE ELECTRIC COOPERATIVE, INC.",Unit,67290313,EPACAMD,7380CAMDUNIT6B,7380;6B,7380,6B,9/24/2014,12/31/2049,Yes
FL,12,,12049,Hardee,4390111,FLDEP,490340,"Seminole Electric Cooperative, Inc.","SEMINOLE ELECTRIC COOPERATIVE, INC.",Unit,67290413,EPACAMD,7380CAMDUNIT7A,7380;7A,7380,7A,9/24/2014,12/31/2049,Yes
FL,12,,12049,Hardee,4390111,FLDEP,490340,"Seminole Electric Cooperative, Inc.","SEMINOLE ELECTRIC COOPERATIVE, INC.",Unit,67290513,EPACAMD,7380CAMDUNIT8B,7380;8B,7380,8B,9/24/2014,12/31/2049,Yes
PA,42,,42109,Snyder,4737311,PADEP,421090002,SUNBURY GENERATION LP,SUNBURY GENERATION LP/SUNBURY SES,Unit,27902613,EPACAMD,3152CAMDUNIT3,3152;3,3152,3,8/8/2011,,Yes
IN,18,,18057,Hamilton,4561111,INDEM,4,Na,Duke Energy Indiana LLC - Noblesville G,Unit,91185813,EPACAMD,1007CAMDUNITCT3,1007;CT3,1007,CT3,8/8/2011,,Yes
IL,17,,17077,Jackson,2585811,ILEPA,077806AAA,Ameren Energy Generating Company,Grand Tower Energy Center LLC,Unit,59829913,EPACAMD,862CAMDUNITCT01,862;CT01,862,CT01,9/23/2011,,Yes
GA,13,,13015,Bartow,2813011,GADNR,1500011,Georgia Power Company,Ga Power Company - Plant Bowen,Unit,40819313,EPACAMD,703CAMDUNIT6B,703;6B,703,6B,11/6/2014,,Yes
KS,20,,20175,Seward,3772011,KSDOHE,1,Sunflower Electric Power Corporation,Sunflower Electric - Cimarron River,Unit,37527413,EPACAMD,1230CAMDUNIT1,1230;1,1230,1,8/8/2011,,Yes
GA,13,,13153,Houston,2654411,GADNR,15300040,Georgia Power Company,Ga Power Company - Robins,Unit,41054913,EPACAMD,7348CAMDUNITCT2,7348;CT2,7348,CT2,4/18/2014,,Yes
FL,12,,12057,Hillsborough,901211,FLDEP,570040,Tampa Electric Company,TAMPA ELECTRIC COMPANY,Unit,67262313,EPACAMD,7873CAMDUNITCT2D,7873;CT2D,7873,CT2D,8/8/2011,,Yes
FL,12,,12057,Hillsborough,901211,FLDEP,570040,Tampa Electric Company,TAMPA ELECTRIC COMPANY,Unit,67261813,EPACAMD,7873CAMDUNITCT1B,7873;CT1B,7873,CT1B,8/8/2011,,Yes
FL,12,,12095,Orange,901111,FLDEP,950111,,"WALT DISNEY PARKS AND RESORTS US, INC",Unit,46577813,EPACAMD,7254CAMDUNIT32432,7254;32432,7254,32432,10/29/2014,,Yes
FL,12,,12086,Miami-Dade,900011,FLDEP,250003,Florida Power & Light Company,FLORIDA POWER & LIGHT (PTF),Unit,67219113,EPACAMD,621CAMDUNITTPCT5B,621;TPCT5B,621,TPCT5B,8/8/2011,,Yes
IA,19,,19113,Linn,3940211,IADNR,57-01-042,IPL/Alliant Energy Corp.,IPL - PRAIRIE CREEK GENERATING STATION,Unit,37606013,EPACAMD,1073CAMDUNIT4,1073;4,1073,4,8/8/2011,,Yes
WI,55,,55063,La Crosse,4958811,WIDNR,632022820,,XCEL ENERGY-FRENCH ISLAND GENERATING PLANT,Unit,30848013,EPACAMD,4005CAMDUNIT3,4005;3,4005,3,8/8/2011,,Yes
WI,55,,55063,La Crosse,4958811,WIDNR,632022820,,XCEL ENERGY-FRENCH ISLAND GENERATING PLANT,Unit,30848313,EPACAMD,4005CAMDUNIT4,4005;4,4005,4,8/8/2011,,Yes
TX,48,,48201,Harris,4926511,TXCEQ,42,NRG TEXAS POWER LLC,TH WHARTON ELECTRIC GENERATING STATION,Unit,31237913,EPACAMD,3469CAMDUNITTHW32,3469;THW32,3469,THW32,8/21/2014,,Yes
PA,42,,42059,Greene,3746611,PADEP,420590006,ALLEGHENY ENERGY SUPPLY CO LLC,ALLEGHENY ENERGY SUPPLY CO/HATFIELDS FERRY POWER STA,Unit,37864513,EPACAMD,3179CAMDUNIT1,3179;1,3179,1,8/8/2011,,Yes
TX,48,,48161,Freestone,3052111,TXCEQ,2,LUMINANT GENERATION COMPANY LLC,BIG BROWN STEAM ELECTRIC STATION,Unit,37996413,EPACAMD,3497CAMDUNIT2,3497;2,3497,2,8/8/2011,,Yes
AR,5,,5047,Franklin,1117411,ARDEQ,504700012,ARKANSAS ELECTRIC COOPERATIVE CORPORATION,ARKANSAS ELECTRIC-THOMAS B FITZHUGH CORP,Unit,46792213,EPACAMD,201CAMDUNIT1,201;1,201,1,10/2/2014,,Yes
OK,40,,40015,Caddo,1046611,OKDEQ,1699,WESTERN FARMERS ELECTRIC COOPERATIVE,WESTERN FARMERS ANADARKO PLANT,Unit,46955113,EPACAMD,3006CAMDUNIT5,3006;5,3006,5,4/18/2017,,Yes
OK,40,,40015,Caddo,1046611,OKDEQ,1699,WESTERN FARMERS ELECTRIC COOPERATIVE,WESTERN FARMERS ANADARKO PLANT,Unit,46955213,EPACAMD,3006CAMDUNIT4,3006;4,3006,4,5/26/2017,,Yes
FL,12,,12049,Hardee,769811,FLDEP,490015,Hardee Power Partners,HARDEE POWER PARTNERS LIMITED,Unit,46277113,EPACAMD,50949CAMDUNITCT1B,50949;CT1B,50949,CT1B,8/8/2011,,Yes
CT,9,,9001,Fairfield,754511,CTBAM,T015P0862C06859,BRIDGEPORT ENERGY LLC,BRIDGEPORT ENERGY LLC,Unit,46284913,EPACAMD,55042CAMDUNITBE1,55042;BE1,55042,BE1,8/8/2011,,Yes
CT,9,,9001,Fairfield,754311,CTBAM,T015P0045C08087,"PSEG POWER CT, LLC",PSEG PWR CT LLC/BPT HARBOR STA,Unit,46286513,EPACAMD,568CAMDUNITBHB2,568;BHB2,568,BHB2,8/8/2011,,Yes
FL,12,,12105,Polk,751911,FLDEP,1050233,Tampa Electric Company,TAMPA ELECTRIC COMPANY-POLK,Unit,111794013,EPACAMD,7242CAMDUNIT**5,7242;**5,7242,**5,1/1/2017,,Yes
FL,12,,12103,Pinellas,751811,FLDEP,1030011,Progress Energy Corporation,"DUKE ENERGY FLORIDA, LLC",Unit,46316213,EPACAMD,634CAMDUNIT2,634;2,634,2,8/8/2011,,Yes
FL,12,,12085,Martin,751511,FLDEP,850001,Florida Power & Light Company,FLORIDA POWER & LIGHT (PMR),Unit,46319713,EPACAMD,6043CAMDUNITHRSG4A,6043;HRSG4A,6043,HRSG4A,8/8/2011,,Yes
FL,12,,12101,Pasco,717211,FLDEP,1010017,Progress Energy Corporation,"DUKE ENERGY FLORIDA, LLC.",Unit,46338013,EPACAMD,8048CAMDUNIT1,8048;1,8048,1,8/8/2011,,Yes
CT,9,,9003,Hartford,715611,CTBAM,T075P0158C08792,Materials Innovation and Recycling Authority (MIRA),MIRA / MID-CONNECTICUT,Unit,46362513,EPACAMD,563CAMDUNIT11B,563;11B,563,11B,6/11/2013,,Yes
CT,9,,9003,Hartford,715611,CTBAM,T075P0158C08792,Materials Innovation and Recycling Authority (MIRA),MIRA / MID-CONNECTICUT,Unit,46362813,EPACAMD,563CAMDUNIT11A,563;11A,563,11A,6/11/2013,,Yes
CA,6,,6037,Los Angeles,4084611,CARB,1.91E+11,EL SEGUNDO ENERGY CENTER LLC,EL SEGUNDO ENERGY CENTER LLC,Unit,100901213,EPACAMD,330CAMDUNIT3,330;3,330,3,5/22/2017,,Yes
CA,6,,6037,Los Angeles,4083411,CARB,1.91E+11,"AES REDONDO BEACH, LLC","AES REDONDO BEACH, LLC",Unit,35217213,EPACAMD,356CAMDUNIT5,356;5,356,5,5/24/2017,,Yes
MA,25,,25025,Suffolk,4032711,MADEP,1191667,MBTA SOUTH BOSTON POWER FACILITY,MBTA SOUTH BOSTON POWER,Unit,87719313,EPACAMD,10176CAMDUNITA,10176;A,10176,A,10/13/2014,,Yes
TN,47,,47183,Weakley,3428511,TNDEC,92-0108,Tennessee Valley Authority,TVA GLEASON COMBUSTION TURBINE PLANT,Unit,38857413,EPACAMD,55251CAMDUNITCTG-1,55251;CTG-1,55251,CTG-1,10/8/2014,,Yes
CA,6,,6095,Solano,1562111,CARB,48130314415,GILROY ENERGY CENTER LLC FOR LAMBIE ENERGY CENTER,Lambie Energy Center,Unit,44762613,EPACAMD,55626CAMDUNITUNIT1,55626;UNIT1,55626,UNIT1,10/28/2014,,Yes
MI,26,,26077,Kalamazoo,5620911,MIDEQ,N6731,CMS Generation Michigan Power L.L.C.,CMS Generation Kalamazoo River Generating Station,Unit,19998413,EPACAMD,55101CAMDUNIT1,55101;1,55101,1,11/6/2014,,Yes
ME,23,,23005,Cumberland,5823511,MEDEP,A-000388,Central Vermont Public Service Corporation,FPL ENERGY WYMAN LLC,Unit,22917913,EPACAMD,1507CAMDUNIT4,1507;4,1507,4,8/8/2011,,Yes
KY,21,,21049,Clark,5163011,KYDAQ,2104900027,East Kentucky Power Cooperative,East KY Power - J K Smith Station,Unit,86751213,EPACAMD,54CAMDUNITSCT10,54;SCT10,54,SCT10,10/1/2014,,Yes
MA,25,,25021,Norfolk,5736011,MADEP,1201550,"NORTHEAST ENERGY ASSOCIATES, LP",NEA BELLINGHAM,Unit,87695013,EPACAMD,10307CAMDUNIT1,10307;1,10307,1,8/8/2011,,Yes
MA,25,,25021,Norfolk,5735611,MADEP,1201509,"ANP BELLINGHAM ENERGY, LLC",ANP BELLINGHAM ENERGY COMPANY LLC,Unit,87525413,EPACAMD,55211CAMDUNIT1,55211;1,55211,1,9/23/2011,,Yes
KY,21,,21111,Jefferson,5702411,KYJCAPCD,126,Louisville Gas & Electric Company,"Louisville Gas & Electric Co., Cane Run Station",Unit,123580513,EPACAMD,1363CAMDUNIT7A,1363;7A,1363,7A,12/30/2049,12/31/2049,Yes
CA,6,,6037,Los Angeles,5681911,CARB,1.91E+11,"LA CITY, DWP VALLEY GENERATING STATION","LA CITY, DWP VALLEY GENERATING STATION",Unit,85759113,EPACAMD,408CAMDUNIT7,408;7,408,7,5/24/2017,,Yes
AL,1,,1123,Tallapoosa,14803411,ADEM,22,Hillabee Energy Center,CER Generation LLC,Unit,91070113,EPACAMD,55411CAMDUNITCT2,55411;CT2,55411,CT2,5/22/2013,,Yes
GA,13,,13033,Burke,15028311,GADNR,3300008,,Southern Nuclear - Allen B. Wilson Plant,Unit,91735113,EPACAMD,6258CAMDUNIT1F,6258;1F,6258,1F,4/18/2014,,Yes
WI,55,,55087,Outagamie,15038711,WIDNR,445159110,,WISCONSIN PUBLIC SERVICE CORPORATION - FOX ENERGY CENTER,Unit,91926013,EPACAMD,56031CAMDUNITCTG-2,56031;CTG-2,56031,CTG-2,8/22/2014,,Yes
GA,13,,13263,Talbot,15040211,GADNR,26300013,,Talbot Energy Facility,Unit,91997413,EPACAMD,7916CAMDUNIT2,7916;2,7916,2,8/17/2014,,Yes
CA,6,,6037,Los Angeles,16016511,CARB,1.91E+11,BICENT (CALIFORNIA) MALBURG LLC,BICENT (CALIFORNIA) MALBURG LLC,Unit,101034313,EPACAMD,56041CAMDUNITM1,56041;M1,56041,M1,10/9/2014,,Yes
CT,9,,9001,Fairfield,14623611,CTBAM,T172P0026C08048,WATERSIDE POWER LLC,WATERSIDE POWER LLC,Unit,88749013,EPACAMD,56189CAMDUNIT7,56189;7,56189,7,6/11/2013,,Yes
CT,9,,9009,New Haven,14624011,CTBAM,T189P0114C08691,Wallingford Energy LLC,Wallingford Energy LLC,Unit,88754013,EPACAMD,55517CAMDUNITCT02,55517;CT02,55517,CT02,6/11/2013,,Yes
CT,9,,9009,New Haven,14624011,CTBAM,T189P0114C08691,Wallingford Energy LLC,Wallingford Energy LLC,Unit,88753913,EPACAMD,55517CAMDUNITCT01,55517;CT01,55517,CT01,6/11/2013,,Yes
FL,12,,12099,Palm Beach,14654911,FLDEP,990646,FLORIDA POWER AND LIGHT COMPANY,FLORIDA POWER AND LIGHT COMPANY,Unit,89428613,EPACAMD,56407CAMDUNITWCCT3B,56407;WCCT3B,56407,WCCT3B,5/22/2013,,Yes
FL,12,,12099,Palm Beach,14654911,FLDEP,990646,FLORIDA POWER AND LIGHT COMPANY,FLORIDA POWER AND LIGHT COMPANY,Unit,89427413,EPACAMD,56407CAMDUNITWCCT1B,56407;WCCT1B,56407,WCCT1B,5/22/2013,,Yes
FL,12,,12097,Osceola,558411,FLDEP,970043,Kissimmee Utility Authority,FMPA & KISSIMMEE UTILITY AUTHORITY,Unit,48171113,EPACAMD,7238CAMDUNIT**1,7238;**1,7238,**1,7/25/2012,,Yes
FL,12,,12031,Duval,557811,FLDEP,310047,JEA,JEA,Unit,48173913,EPACAMD,666CAMDUNITCT3,666;CT3,666,CT3,11/7/2014,,Yes
CT,9,,9011,New London,552711,CTBAM,T170P0002C08694,Fusion Paperboard Connecticut LLC,Fusion Paperboard Connecticut LLC,Unit,48258113,EPACAMD,54657CAMDUNIT1,54657;1,54657,1,2/8/2018,,Yes
FL,12,,12105,Polk,552011,FLDEP,1050234,Progress Energy Florida,"DUKE ENERGY FLORIDA, LLC",Unit,67213513,EPACAMD,7302CAMDUNIT2B,7302;2B,7302,2B,8/8/2011,,Yes
FL,12,,12105,Polk,552011,FLDEP,1050234,Progress Energy Florida,"DUKE ENERGY FLORIDA, LLC",Unit,67213913,EPACAMD,7302CAMDUNIT4B,7302;4B,7302,4B,8/8/2011,,Yes
FL,12,,12105,Polk,552011,FLDEP,1050234,Progress Energy Florida,"DUKE ENERGY FLORIDA, LLC",Unit,67213413,EPACAMD,7302CAMDUNIT2A,7302;2A,7302,2A,8/8/2011,,Yes
FL,12,,12105,Polk,552011,FLDEP,1050234,Progress Energy Florida,"DUKE ENERGY FLORIDA, LLC",Unit,67213713,EPACAMD,7302CAMDUNIT3B,7302;3B,7302,3B,8/8/2011,,Yes
CA,6,,6031,Kings,17611,CARB,1614304140,"MRP SAN JOAQUIN ENERGY, LLC, HANFORD ENERGY PARK PEAKER PLAN","MRP SAN JOAQUIN ENERGY, LLC",Unit,52140513,EPACAMD,55698CAMDUNITHEP1,55698;HEP1,55698,HEP1,9/23/2011,,Yes
NJ,34,,34015,Gloucester,17169211,NJDEP,56078,,West Depford Energy Station,Unit,118496413,EPACAMD,56963CAMDUNITE101,56963;E101,56963,E101,12/30/2049,12/31/2049,Yes
WY,56,,56021,Laramie,17307411,WYDEQ,24912,Cheyenne Light Fuel and Power Company,Cheyenne Prairie Generating Station,Unit,120644913,EPACAMD,57703CAMDUNITCT02,57703;CT02,57703,CT02,8/27/2018,,Yes
WY,56,,56021,Laramie,17307411,WYDEQ,24912,Cheyenne Light Fuel and Power Company,Cheyenne Prairie Generating Station,Unit,120644813,EPACAMD,57703CAMDUNITCT01,57703;CT01,57703,CT01,8/27/2018,,Yes
NY,36,,36059,Nassau,10680511,NYDEC,1282402146,KEYSPAN,GLENWOOD ENERGY CENTER - new turbs,Unit,58686713,EPACAMD,7869CAMDUNITUGT013,7869;UGT013,7869,UGT013,11/3/2014,12/31/2049,Yes
VA,51,,51071,Giles,10698711,VADEQ,21418,Duke Energy Generation Services of Narrows LLC,Celanese cogen,Unit,58890013,EPACAMD,52089CAMDUNITBLR008,52089;BLR008,52089,BLR008,12/6/2003,12/31/2011,Yes
NY,36,,36087,Rockland,8175411,NYDEC,3392200003,MIRANT BOWLINE LLC,BOWLINE POINT GENERATING STATION,Unit,4454813,EPACAMD,2625CAMDUNIT2,2625;2,2625,2,8/8/2011,,Yes
NJ,34,,34029,Ocean,8174211,NJDEP,78896,North Amer,"Nautilus Power, LLC",Unit,65965113,EPACAMD,55938CAMDUNITOPP3,55938;OPP3,55938,OPP3,8/1/2014,12/31/2049,Yes
MI,26,,26017,Bay,8172811,MIDEQ,B2840,Consumers Energy Company,Consumers Energy D.E. Karn Facility,Unit,82867313,EPACAMD,1702CAMDUNIT2,1702;2,1702,2,8/25/2014,12/31/2019,Yes
MI,26,,26065,Ingham,8157711,MIDEQ,K3249,Michigan State University,Michigan State University,Unit,4525813,EPACAMD,10328CAMDUNITUNIT4,10328;UNIT4,10328,UNIT4,8/8/2011,,Yes
MS,28,,28049,Hinds,6802311,MSDEQ,2804900112,AI002286,"ENTERGY MISSISSIPPI INC, REX BROWN PLANT",Unit,13571013,EPACAMD,2053CAMDUNIT3,2053;3,2053,3,8/8/2011,,Yes
MS,28,,28047,Harrison,6788111,MSDEQ,2804700055,AI000927,"MISSISSIPPI POWER COMPANY, PLANT JACK WA",Unit,13581713,EPACAMD,2049CAMDUNIT1,2049;1,2049,1,8/8/2011,,Yes
MN,27,,27163,Washington,6785711,MNPCA,2716300087,LSP Cottage Grove LP,LSP Cottage Grove Cogeneration Facility,Unit,13590213,EPACAMD,55010CAMDUNIT01,55010;01,55010,1,10/2/2014,,Yes
OH,39,,39039,Defiance,8257511,OHEPA,320010006,FirstEnergy Generation Corporation,Richland Substation Peaker Facility (0320010006),Unit,35213,EPACAMD,2880CAMDUNITCTG6,2880;CTG6,2880,CTG6,9/23/2014,,Yes
OH,39,,39037,Darke,8257111,OHEPA,819070237,"Buckeye Power, Inc",Buckeye Power Greenville Station (0819070237),Unit,36113,EPACAMD,55228CAMDUNITG2CT1,55228;G2CT1,55228,G2CT1,10/10/2014,,Yes
OH,39,,39037,Darke,8257111,OHEPA,819070237,"Buckeye Power, Inc",Buckeye Power Greenville Station (0819070237),Unit,36513,EPACAMD,55228CAMDUNITG3CT2,55228;G3CT2,55228,G3CT2,10/10/2014,,Yes
SC,45,,45029,Colleton,8335511,SCDHEC,0740-0002,South Carolina Electric & Gas Company,SCE&G CANADYS,Unit,91013,EPACAMD,3280CAMDUNITCAN3,3280;CAN3,3280,CAN3,8/8/2011,,Yes
LA,22,,22019,Calcasieu,7380711,LADEQ08,9142,Entergy Louisiana LLC,Entergy LA LLC - Nelson Industrial Steam Co (NISCO),Unit,82066713,EPACAMD,50030CAMDUNIT1A,50030;1A,50030,1A,8/8/2011,,Yes
KY,21,,21161,Mason,7335511,KYDAQ,2116100009,,East KY Power Coop - Spurlock Station,Unit,86759113,EPACAMD,6041CAMDUNIT4,6041;4,6041,4,3/21/2013,,Yes
PA,42,,42101,Philadelphia,6531511,PACOP,4210104944,GRAYS FERRY COGEN PARTNERSHIP,GRAYS FERRY COGEN PARTNERSHIP/PHILA,Unit,103763413,EPACAMD,54785CAMDUNIT25,54785;25,54785,25,3/21/2013,,Yes
TX,48,,48401,Rusk,6498311,TXCEQ,37,TENASKA GATEWAY PARTNERS LTD,ELECTRIC POWER GENERATION,Unit,19524513,EPACAMD,55132CAMDUNITOGTDB2,55132;OGTDB2,55132,OGTDB2,8/8/2011,,Yes
CA,6,,6059,Orange,5905811,CARB,3.01E+11,"AES HUNTINGTON BEACH, LLC","AES HUNTINGTON BEACH, LLC",Unit,85853413,EPACAMD,335CAMDUNIT1,335;1,335,1,9/23/2011,4/10/2023,No
OK,40,,40071,Kay,1140311,OKDEQ,1406,OK MUNI PWR ATHRTY,PONCA CITY MUNICIPAL STEAM PLANT,Unit,46661413,EPACAMD,762CAMDUNIT3,762;3,762,3,4/2/2014,,Yes
AZ,4,,4013,Maricopa,1139311,AZMCAQD,14,Salt River Project,Salt River Project - Agua Fria Generating Station,Unit,142939613,EPACAMD,141CAMDUNIT1,141;1,141,1,1/1/2020,,Yes
AZ,4,,4013,Maricopa,1139311,AZMCAQD,14,Salt River Project,Salt River Project - Agua Fria Generating Station,Unit,46675013,EPACAMD,141CAMDUNIT2,141;2,141,2,8/8/2011,12/31/2019,No
MT,30,,30111,Yellowstone,5270511,MTDEQ,111-0015,TALEN MONTANA LLC/COLSTRIP POWER PLANT,PPL MONTANA - JE CORETTE PLANT,Unit,24919113,EPACAMD,2187CAMDUNIT2,2187;2,2187,2,8/8/2011,,Yes
IA,19,,19061,Dubuque,5335511,IADNR,31-01-017,IPL-ALLIANT ENERGY CO,IPL - DUBUQUE GENERATING STATION,Unit,26892713,EPACAMD,1046CAMDUNIT5,1046;5,1046,5,8/8/2011,,Yes
PA,42,,42125,Washington,3894811,PADEP,421250014,ALLEGHENY ENERGY SUPPLY CO LLC,ALLEGHENY ENERGY SUPPLY CO/MITCHELL POWER STA,Unit,37445013,EPACAMD,3181CAMDUNIT2,3181;2,3181,2,9/28/2011,,Yes
KS,20,,20021,Cherokee,3878111,KSDOHE,2,Empire District Electric Company,Empire District Electric - Riverton,Unit,63964213,EPACAMD,1239CAMDUNIT12,1239;12,1239,12,7/22/2012,,Yes
VA,51,,51031,Campbell,4565711,VADEQ,30859,Dominion - Altavista Power Station,Dominion - Altavista Power Station,Unit,27832913,EPACAMD,10773CAMDUNIT1,10773;1,10773,1,8/8/2011,,Yes
VA,51,,51199,York,4565211,VADEQ,60137,Dominion - Yorktown Power Station,Dominion - Yorktown Power Station,Unit,27836713,EPACAMD,3809CAMDUNIT3,3809;3,3809,3,8/8/2011,,Yes
VA,51,,51199,York,4565211,VADEQ,60137,Dominion - Yorktown Power Station,Dominion - Yorktown Power Station,Unit,27836613,EPACAMD,3809CAMDUNIT1,3809;1,3809,1,8/8/2011,,Yes
PA,42,,42133,York,3000911,PADEP,421330888,TOLNA POWER LLC,TOLNA POWER LLC/TOLNA GS,Unit,38373713,EPACAMD,3116CAMDUNIT032,3116;032,3116,32,7/16/2014,,Yes
SC,45,,45031,Darlington,4951511,SCDHEC,0820-0002,Carolina Power & Light Company,DUKE ENERGY PROGRESS LLC - HB ROBINSON/DARLINGTON,Unit,28949613,EPACAMD,3250CAMDUNIT8,3250;8,3250,8,9/23/2011,,Yes
SC,45,,45031,Darlington,4951511,SCDHEC,0820-0002,Carolina Power & Light Company,DUKE ENERGY PROGRESS LLC - HB ROBINSON/DARLINGTON,Unit,28949713,EPACAMD,3250CAMDUNIT10,3250;10,3250,10,9/23/2011,,Yes
SC,45,,45031,Darlington,4951511,SCDHEC,0820-0002,Carolina Power & Light Company,DUKE ENERGY PROGRESS LLC - HB ROBINSON/DARLINGTON,Unit,28948413,EPACAMD,3250CAMDUNIT9,3250;9,3250,9,9/23/2011,,Yes
TX,48,,48147,Fannin,4900211,TXCEQ,1,LUMINANT GENERATION COMPANY LLC,VALLEY STEAM ELECTRIC STATION,Unit,29044213,EPACAMD,3508CAMDUNIT3,3508;3,3508,3,8/8/2011,,Yes
TX,48,,48213,Henderson,4863311,TXCEQ,2,LUMINANT GENERATION COMPANY LLC,TRINIDAD STEAM ELEC STATION,Unit,29419713,EPACAMD,3507CAMDUNIT9,3507;9,3507,9,8/8/2011,,Yes
TX,48,,48215,Hidalgo,4846411,TXCEQ,86,CALPINE CONSTRUCTION FINANCE COMPANY LP,MAGIC VALLEY GENERATING STATION,Unit,29655013,EPACAMD,55123CAMDUNITCTG-2,55123;CTG-2,55123,CTG-2,8/8/2011,,Yes
SC,45,,45007,Anderson,4075711,SCDHEC,0200-0144,Santee Cooper,SANTEE COOPER RAINEY,Unit,69627513,EPACAMD,7834CAMDUNITCT3,7834;CT3,7834,CT3,9/24/2014,12/31/2049,Yes
SC,45,,45021,Cherokee,4074811,SCDHEC,0600-0076,"Broad River Energy, LLC",BROAD RIVER ENERGY LLC,Unit,118511913,EPACAMD,55166CAMDUNITCT-5,55166;CT-5,55166,CT-5,12/30/2049,12/31/2049,Yes
TX,48,,48201,Harris,4057511,TXCEQ,1512,EIF CHANNELVIEW COGENERATION LLC,CHANNELVIEW COGENERATION FACILITY,Unit,33490613,EPACAMD,55187CAMDUNITCHV3,55187;CHV3,55187,CHV3,8/8/2011,,Yes
VA,51,,51760,Richmond city,4039911,VADEQ,52758,,Spruance Operating Services LLC,Unit,33619513,EPACAMD,54081CAMDUNITBLR03B,54081;BLR03B,54081,BLR03B,8/14/2014,12/31/2049,No
VA,51,,51760,Richmond city,4039911,VADEQ,52758,,Spruance Operating Services LLC,Unit,33619313,EPACAMD,54081CAMDUNITBLR01B,54081;BLR01B,54081,BLR01B,8/14/2014,12/31/2049,Yes
AZ,4,,4021,Pinal,11310611,Pinal,COOLGEN,Coolidge Power LLC,Coolidge Generating Station,Unit,118550313,EPACAMD,56948CAMDUNITCT05,56948;CT05,56948,CT05,5/31/2018,,Yes
CO,8,,8101,Pueblo,16243211,CODPHE,CO0000000810101160,,BLACK HILLS ELECTRIC GENERATION - PAGS,Unit,103542013,EPACAMD,56998CAMDUNITCT02,56998;CT02,56998,CT02,12/23/2015,,Yes
CA,6,,6053,Monterey,2096311,CARB,2707151299,SARGENT CANYON COGENERATION CO,SARGENT CANYON COGENERATION,Unit,43068913,EPACAMD,50864CAMDUNIT1,50864;1,50864,1,10/13/2014,,Yes
CA,6,,6053,Monterey,2096011,CARB,2707151222,SALINAS RIVER COGENERATION COM,SALINAS RIVER COGENERATION,Unit,43069213,EPACAMD,50865CAMDUNIT1,50865;1,50865,1,10/29/2014,,Yes
NV,32,,32003,Clark,12768311,NVCCDAQM,1513,,Nevada Power (Chuck Lenzie),Unit,67164913,EPACAMD,55322CAMDUNITCTG-3,55322;CTG-3,55322,CTG-3,8/8/2011,,Yes
NV,32,,32003,Clark,12770211,NVCCDAQM,1584,,Nevada Power Silverhawk,Unit,67165613,EPACAMD,55841CAMDUNITA03,55841;A03,55841,A03,8/8/2011,,Yes
WY,56,,56005,Campbell,15659411,WYDEQ,20818,Basin Electric Power Cooperative,Dry Fork Station,Unit,100091013,EPACAMD,56609CAMDUNIT01,56609;01,56609,1,3/18/2013,,Yes
TN,47,,47075,Haywood,15662811,TNDEC,38-0069-02,Tennessee Valley Authority,TVA - Lagoon Creek Combined Cycle Plant,Unit,103734613,EPACAMD,7845CAMDUNITLCC1,7845;LCC1,7845,LCC1,12/26/2013,,Yes
TX,48,,48221,Hood,9116611,TXCEQ,690,WOLF HOLLOW I POWER LLC,WOLF HOLLOW I,Unit,57528013,EPACAMD,55139CAMDUNITCTG1,55139;CTG1,55139,CTG1,8/8/2011,,Yes
IN,18,,18077,Jefferson,7744211,INDEM,1,Na,Indiana-Kentucky Electric Corporation -,Unit,1876213,EPACAMD,983CAMDUNIT3,983;3,983,3,8/8/2011,,Yes
IN,18,,18077,Jefferson,7744211,INDEM,1,Na,Indiana-Kentucky Electric Corporation -,Unit,1875813,EPACAMD,983CAMDUNIT1,983;1,983,1,8/8/2011,,Yes
IN,18,,18043,Floyd,7742411,INDEM,4,Na,"Duke Energy Indiana, LLC-Gallagher Gene",Unit,1881913,EPACAMD,1008CAMDUNIT2,1008;2,1008,2,8/8/2011,,Yes
CA,6,,6053,Monterey,7877111,CARB,270715220,"CALPINE KING CITY COGEN, LLC","CALPINE KING CITY COGEN, LLC",Unit,2175713,EPACAMD,10294CAMDUNITGTG,10294;GTG,10294,GTG,5/24/2023,,Yes
CA,6,,6053,Monterey,7877111,CARB,270715220,"CALPINE KING CITY COGEN, LLC","CALPINE KING CITY COGEN, LLC",Unit,2175813,EPACAMD,10294CAMDUNIT2,10294;2,10294,2,5/24/2023,,Yes
NJ,34,,34021,Mercer,7474911,NJDEP,61057,PSEG Fossil LLC,PSE&G Mercer,Unit,12061613,EPACAMD,2408CAMDUNIT2,2408;2,2408,2,8/8/2011,,Yes
NH,33,,33015,Rockingham,7458411,NHDES,3301590782,Na,GRANITE RIDGE ENERGY LLC,Unit,12074713,EPACAMD,55170CAMDUNIT0001,55170;0001,55170,1,8/8/2011,,Yes
NH,33,,33015,Rockingham,7458411,NHDES,3301590782,Na,GRANITE RIDGE ENERGY LLC,Unit,12074913,EPACAMD,55170CAMDUNIT0002,55170;0002,55170,2,8/8/2011,,Yes
NJ,34,,34015,Gloucester,7700711,NJDEP,55778,PSEG Power LLC,National Park Generating Station,Unit,12112013,EPACAMD,2409CAMDUNIT1001,2409;1001,2409,1001,12/6/2014,,Yes
UT,49,,49035,Salt Lake,7684911,UTDAQ,12495,West Valley Power Holdings LLC,Utah Municipal Power Agency: West Valley Power Plant,Unit,12121713,EPACAMD,55622CAMDUNITU1,55622;U1,55622,U1,10/6/2014,,Yes
TX,48,,48141,El Paso,4837411,TXCEQ,8,EL PASO ELECTRIC COMPANY,NEWMAN STATION,Unit,31688613,EPACAMD,3456CAMDUNIT**4,3456;**4,3456,**4,8/8/2011,,Yes
TX,48,,48113,Dallas,4836411,TXCEQ,9,LUMINANT GENERATION COMPANY LLC,LAKE RAY HUBBARD,Unit,31706813,EPACAMD,3452CAMDUNIT1,3452;1,3452,1,8/8/2011,,Yes
TX,48,,48201,Harris,4777911,TXCEQ,46,NRG TEXAS POWER LLC,GREENS BAYOU ELECTRIC GENERATING STATION,Unit,31930413,EPACAMD,3464CAMDUNITGBY83,3464;GBY83,3464,GBY83,8/21/2014,,Yes
NC,37,,37169,Stokes,8514011,NCDAQ,3716900004,"Duke Energy Carolinas, LLC","Duke Energy Carolinas, LLC - Belews Creek Steam Station",Unit,1578913,EPACAMD,8042CAMDUNIT1,8042;1,8042,1,8/8/2011,,Yes
NY,36,,36071,Orange,8427711,NYDEC,3334600011,DYNEGY NORTHEAST GENERATION,DANSKAMMER GENERATING STATION,Unit,1625413,EPACAMD,2480CAMDUNIT4,2480;4,2480,4,8/8/2011,,Yes
OH,39,,39167,Washington,8445611,OHEPA,684020037,,Marietta Materials Management and Transportation Center (0684020037),Unit,1631313,EPACAMD,7253CAMDUNIT1,7253;1,7253,1,8/8/2011,,Yes
NC,37,,37021,Buncombe,8392811,NCBCRAQA,628,"Progress Energy Carolinas, Inc.","Duke Energy Progress , Inc. - Asheville Steam Electric Plant",Unit,1654113,EPACAMD,2706CAMDUNIT1,2706;1,2706,1,8/8/2011,,Yes
NY,36,,36091,Saratoga,7819511,NYDEC,5412600028,INDECK-ENERGY SERVICES INC,INDECK-CORINTH ENERGY CENTER,Unit,3429313,EPACAMD,50458CAMDUNIT1,50458;1,50458,1,9/23/2011,,Yes
NY,36,,36001,Albany,7801111,NYDEC,4012200078,SELKIRK COGEN PARTNERS LP,SELKIRK COGENERATION PROJECT,Unit,3435013,EPACAMD,10725CAMDUNITCTG201,10725;CTG201,10725,CTG201,8/16/2014,12/31/2049,Yes
NY,36,,36001,Albany,7801011,NYDEC,4012200044,PSEG POWER NEW YORK INC,BETHLEHEM ENERGY CENTER,Unit,64136913,EPACAMD,2539CAMDUNIT10002,2539;10002,2539,10002,8/14/2014,12/31/2049,Yes
TN,47,,47075,Haywood,3982711,TNDEC,38-0069,Tennessee Valley Authority,TVA LAGOON CREEK COMBUSTION TURBINE PLANT,Unit,35467413,EPACAMD,7845CAMDUNITLCT7,7845;LCT7,7845,LCT7,12/26/2013,,Yes
TN,47,,47075,Haywood,3982711,TNDEC,38-0069,Tennessee Valley Authority,TVA LAGOON CREEK COMBUSTION TURBINE PLANT,Unit,35467613,EPACAMD,7845CAMDUNITLCT5,7845;LCT5,7845,LCT5,12/26/2013,,Yes
TN,47,,47075,Haywood,3982711,TNDEC,38-0069,Tennessee Valley Authority,TVA LAGOON CREEK COMBUSTION TURBINE PLANT,Unit,35468313,EPACAMD,7845CAMDUNITLCT1,7845;LCT1,7845,LCT1,12/26/2013,,Yes
WY,56,,56037,Sweetwater,3962711,WYDEQ,645,PacifiCorp,Jim Bridger Plant,Unit,72208013,EPACAMD,8066CAMDUNITBW73,8066;BW73,8066,BW73,8/8/2011,,Yes
TX,48,,48401,Rusk,4207311,TXCEQ,11,LUMINANT GENERATION COMPANY LLC,MARTIN LAKE ELECTRICAL STATION,Unit,35676013,EPACAMD,6146CAMDUNIT3,6146;3,6146,3,8/8/2011,,Yes
TX,48,,48401,Rusk,4207311,TXCEQ,11,LUMINANT GENERATION COMPANY LLC,MARTIN LAKE ELECTRICAL STATION,Unit,35676113,EPACAMD,6146CAMDUNIT2,6146;2,6146,2,8/8/2011,,Yes
TX,48,,48355,Nueces,4206511,TXCEQ,176,CORPUS CHRISTI COGENERATION LLC,COGENERATION FACILITY,Unit,35690313,EPACAMD,55206CAMDUNITCU2,55206;CU2,55206,CU2,8/8/2011,,Yes
TX,48,,48355,Nueces,4206511,TXCEQ,176,CORPUS CHRISTI COGENERATION LLC,COGENERATION FACILITY,Unit,35689413,EPACAMD,55206CAMDUNITCU1,55206;CU1,55206,CU1,8/8/2011,,Yes
TX,48,,48335,Mitchell,4204911,TXCEQ,1,LUMINANT GENERATION COMPANY LLC,MORGAN CREEK STEAM ELECTRIC STATION,Unit,35744713,EPACAMD,3492CAMDUNITCT3,3492;CT3,3492,CT3,8/8/2011,,Yes
TN,47,,47073,Hawkins,4188311,TNDEC,37-0007,TVA JOHN SEVIER FOSSIL PLANT,TVA - John Sevier Combined Cycle Plant,Unit,35862613,EPACAMD,3405CAMDUNIT1,3405;1,3405,1,8/8/2011,,Yes
OH,39,,39017,Butler,9303211,OHEPA,1409010078,,Dicks Creek Energy Facility (1409010078),Unit,55575613,EPACAMD,2831CAMDUNIT1,2831;1,2831,1,10/27/2014,,Yes
NY,36,,36103,Suffolk,9316311,NYDEC,1472803067,NEW YORK POWER AUTHORITY,BRENTWOOD PLANT,Unit,55409713,EPACAMD,7912CAMDUNITBW01,7912;BW01,7912,BW01,10/29/2014,,Yes
FL,12,,12097,Osceola,7940911,FLDEP,970071,Reliant Energy Wholesale Generation LLC,ORLANDO UTILITIES COMMISSION,Unit,2544613,EPACAMD,55192CAMDUNITOSC1,55192;OSC1,55192,OSC1,8/15/2014,,Yes
TX,48,,48363,Palo Pinto,7926611,TXCEQ,1,BRAZOS ELECTRIC POWER COOPERATIVE INC,RW MILLER PLANT,Unit,2550413,EPACAMD,3628CAMDUNIT3,3628;3,3628,3,8/8/2011,,Yes
TX,48,,48353,Nolan,7924311,TXCEQ,25,LUMINANT GENERATION CO LLC,SWEETWATER GENERATING PLANT,Unit,2566213,EPACAMD,50615CAMDUNITGT02,50615;GT02,50615,GT02,8/8/2011,,Yes
TX,48,,48353,Nolan,7924311,TXCEQ,25,LUMINANT GENERATION CO LLC,SWEETWATER GENERATING PLANT,Unit,2565913,EPACAMD,50615CAMDUNITGT01,50615;GT01,50615,GT01,8/8/2011,,Yes
TX,48,,48277,Lamar,7910611,TXCEQ,20,LUMINANT GENERATION COMPANY LLC,LAMAR POWER PLANT,Unit,2567513,EPACAMD,55097CAMDUNIT3,55097;3,55097,3,8/8/2011,,Yes
TX,48,,48277,Lamar,7910611,TXCEQ,20,LUMINANT GENERATION COMPANY LLC,LAMAR POWER PLANT,Unit,2567713,EPACAMD,55097CAMDUNIT2,55097;2,55097,2,8/8/2011,,Yes
IA,19,,19139,Muscatine,7892811,IADNR,70-01-011,Muscatine Power & Water,MUSCATINE POWER & WATER,Unit,2594313,EPACAMD,1167CAMDUNIT8,1167;8,1167,8,8/8/2011,,Yes
IA,19,,19139,Muscatine,7892811,IADNR,70-01-011,Muscatine Power & Water,MUSCATINE POWER & WATER,Unit,2592613,EPACAMD,1167CAMDUNIT9,1167;9,1167,9,8/8/2011,,Yes
NY,36,,36081,Queens,7982311,NYDEC,2630100185,ASTORIA GENERATING COMPANY LP,ASTORIA GENERATING STATION,Unit,6451013,EPACAMD,8906CAMDUNIT20,8906;20,8906,20,8/8/2011,,Yes
NY,36,,36081,Queens,7982311,NYDEC,2630100185,ASTORIA GENERATING COMPANY LP,ASTORIA GENERATING STATION,Unit,6450613,EPACAMD,8906CAMDUNIT42RH,8906;42RH,8906,42RH,8/14/2014,12/31/2049,Yes
NY,36,,36081,Queens,7982311,NYDEC,2630100185,ASTORIA GENERATING COMPANY LP,ASTORIA GENERATING STATION,Unit,64122313,EPACAMD,8906CAMDUNITCT0001,8906;CT0001,8906,CT0001,11/7/2014,,Yes
NY,36,,36103,Suffolk,7981711,NYDEC,1472200926,NEW YORK POWER AUTHORITY,RICHARD M FLYNN POWER PLANT,Unit,6454013,EPACAMD,7314CAMDUNIT001,7314;001,7314,1,8/8/2011,,Yes
NY,36,,36075,Oswego,7980511,NYDEC,7351200030,OSWEGO HARBOR POWER LLC,OSWEGO HARBOR POWER,Unit,6466613,EPACAMD,2594CAMDUNIT6,2594;6,2594,6,8/8/2011,,Yes
OK,40,,40131,Rogers,8212411,OKDEQ,212,PUBLIC SERVICE COMPANY OF OKLAHOMA,PSO NORTHEASTERN POWER STATION,Unit,6698913,EPACAMD,2963CAMDUNIT3301A,2963;3301A,2963,3301A,8/8/2011,,Yes
NV,32,,32003,Clark,8211211,NVCCDAQM,7,Nevada Power Company,Nevada Power Clark Station,Unit,67144013,EPACAMD,2322CAMDUNIT11A,2322;11A,2322,11A,10/5/2014,12/31/2049,Yes
NV,32,,32003,Clark,8211211,NVCCDAQM,7,Nevada Power Company,Nevada Power Clark Station,Unit,67144413,EPACAMD,2322CAMDUNIT15A,2322;15A,2322,15A,10/5/2014,12/31/2049,Yes
NV,32,,32003,Clark,8211211,NVCCDAQM,7,Nevada Power Company,Nevada Power Clark Station,Unit,67144113,EPACAMD,2322CAMDUNIT12B,2322;12B,2322,12B,10/5/2014,12/31/2049,Yes
NV,32,,32003,Clark,8211211,NVCCDAQM,7,Nevada Power Company,Nevada Power Clark Station,Unit,67144213,EPACAMD,2322CAMDUNIT13A,2322;13A,2322,13A,10/5/2014,12/31/2049,Yes
NC,37,,37071,Gaston,8176211,NCDAQ,3707100040,"Duke Energy Carolinas, LLC","Duke Energy Carolinas, LLC - Riverbend Steam",Unit,6827813,EPACAMD,2732CAMDUNIT8,2732;8,2732,8,8/8/2011,,Yes
TX,48,,48375,Potter,5745311,TXCEQ,22,SOUTHWESTERN PUBLIC SERVICE COMPANY,HARRINGTON STATION POWER PLANT,Unit,21837413,EPACAMD,6193CAMDUNIT063B,6193;063B,6193,063B,8/8/2011,,Yes
TX,48,,48361,Orange,5730811,TXCEQ,7,ENTERGY TEXAS INC,SABINE PLANT,Unit,21860513,EPACAMD,3459CAMDUNIT5,3459;5,3459,5,8/8/2011,,Yes
TX,48,,48113,Dallas,5729911,TXCEQ,10,MOUNTAIN CREEK POWER LLC,MOUNTAIN CREEK STEAM ELECTRIC STATION,Unit,21903913,EPACAMD,3453CAMDUNIT6,3453;6,3453,6,8/8/2011,,Yes
TX,48,,48071,Chambers,5729111,TXCEQ,89,BAYTOWN ENERGY CENTER LLC,BAYTOWN COGENERATION,Unit,21966113,EPACAMD,55327CAMDUNITCTG-1,55327;CTG-1,55327,CTG-1,8/8/2011,,Yes
MI,26,,26077,Kalamazoo,5696511,MIDEQ,B1678,Graphic Packaging International LLC,GRAPHIC PACKAGING INTERNATIONAL LLC,Unit,22023513,EPACAMD,10698CAMDUNITBLR08,10698;BLR08,10698,BLR08,5/21/2018,,Yes
CO,8,,8087,Morgan,3936111,CODPHE,CO0000000808700027,Colorado Power Partnership,ALTAGAS BRUSH ENERGY - 1500 S CLAYTON ST,Unit,68809013,EPACAMD,10682CAMDUNITGT2,10682;GT2,10682,GT2,5/22/2019,,Yes
NY,36,,36005,Bronx,9389711,NYDEC,2600700726,NEW YORK POWER AUTHORITY,HARLEM RIVER YARDS PLANT,Unit,55527913,EPACAMD,7914CAMDUNITHR01,7914;HR01,7914,HR01,10/9/2014,12/31/2049,Yes
NC,37,,37051,Cumberland,8134411,NCDAQ,3705100094,Public Works Commission,Public Works Commission Butler-Warner Generation Plant,Unit,5498113,EPACAMD,1016CAMDUNITGT-2,1016;GT-2,1016,GT-2,10/9/2014,12/31/2049,Yes
ND,38,,38059,Morton,8087011,NDDEQ,341,Montana Dakota Utilities Company,Montana Dakota Utilities Company - R.M. Heskett Station,Unit,64287313,EPACAMD,2790CAMDUNITB2,2790;B2,2790,B2,8/8/2011,,Yes
MA,25,,25025,Suffolk,7240911,MADEP,1190128,"CONSTELLATION MYSTIC POWER, LLC",MYSTIC STATION,Unit,87693613,EPACAMD,1588CAMDUNIT7,1588;7,1588,7,8/8/2011,,Yes
MI,26,,26147,St. Clair,7239211,MIDEQ,B6145,DTE Electric Company,DTE Electric Company - Greenwood Energy Center,Unit,7533113,EPACAMD,6035CAMDUNITCTG121,6035;CTG121,6035,CTG121,10/5/2014,,Yes
MI,26,,26147,St. Clair,7239111,MIDEQ,B2796,DTE Electric Company,ST. CLAIR / BELLE RIVER POWER PLANT,Unit,7534713,EPACAMD,6034CAMDUNIT1,6034;1,6034,1,8/8/2011,,Yes
MI,26,,26147,St. Clair,7239111,MIDEQ,B2796,DTE Electric Company,ST. CLAIR / BELLE RIVER POWER PLANT,Unit,7538213,EPACAMD,1743CAMDUNIT7,1743;7,1743,7,8/8/2011,,Yes
NY,36,,36059,Nassau,7223311,NYDEC,1282400947,BETHPAGE ENERGY CENTER 3 LLC,TBG COGEN FACILITY,Unit,118513413,EPACAMD,50292CAMDUNITGT1,50292;GT1,50292,GT1,1/1/2016,12/31/2049,Yes
NY,36,,36059,Nassau,7223211,NYDEC,1282400490,KEYSPAN,GLENWOOD ENERGY CENTER - old turb,Unit,7557013,EPACAMD,7869CAMDUNITUGT011,7869;UGT011,7869,UGT011,11/7/2014,,Yes
NY,36,,36059,Nassau,7221611,NYDEC,1282000553,NATIONAL GRID CORPORATE SERVICES LLC,EF BARRETT POWER STATION,Unit,118548113,EPACAMD,2511CAMDUNITU00013,2511;U00013,2511,U00013,4/30/2018,12/31/2049,Yes
NY,36,,36059,Nassau,7221611,NYDEC,1282000553,NATIONAL GRID CORPORATE SERVICES LLC,EF BARRETT POWER STATION,Unit,118548013,EPACAMD,2511CAMDUNITU00004,2511;U00004,2511,U00004,4/30/2018,12/31/2049,Yes
NY,36,,36059,Nassau,7221611,NYDEC,1282000553,NATIONAL GRID CORPORATE SERVICES LLC,EF BARRETT POWER STATION,Unit,118548013,EPACAMD,2511CAMDUNITU00011,2511;U00011,2511,U00011,4/30/2018,12/31/2049,Yes
NY,36,,36059,Nassau,7221611,NYDEC,1282000553,NATIONAL GRID CORPORATE SERVICES LLC,EF BARRETT POWER STATION,Unit,118548013,EPACAMD,2511CAMDUNITU00010,2511;U00010,2511,U00010,4/30/2018,12/31/2049,Yes
NY,36,,36059,Nassau,7221611,NYDEC,1282000553,NATIONAL GRID CORPORATE SERVICES LLC,EF BARRETT POWER STATION,Unit,118548013,EPACAMD,2511CAMDUNITU00008,2511;U00008,2511,U00008,4/30/2018,12/31/2049,Yes
KY,21,,21145,McCracken,6037011,KYDAQ,2114500006,Tennessee Valley Authority,Tennessee Valley Authority (TVA) - Shawnee Fossil Plant,Unit,24137613,EPACAMD,1379CAMDUNIT10,1379;10,1379,10,8/8/2011,,Yes
KY,21,,21127,Lawrence,6019911,KYDAQ,2112700040,"Dynegy, Inc",Riverside Generating Co LLC,Unit,86769113,EPACAMD,55198CAMDUNITGTG501,55198;GTG501,55198,GTG501,10/8/2014,,Yes
TX,48,,48167,Galveston,4021011,TXCEQ,6,PHR HOLDINGS LLC,PH ROBINSON STATION ELECTRIC GENERATING STATION,Unit,127938913,EPACAMD,60264CAMDUNITBCGT6,60264;BCGT6,60264,BCGT6,10/26/2020,,Yes
TX,48,,48167,Galveston,4021011,TXCEQ,6,PHR HOLDINGS LLC,PH ROBINSON STATION ELECTRIC GENERATING STATION,Unit,127938713,EPACAMD,60264CAMDUNITBCGT4,60264;BCGT4,60264,BCGT4,10/26/2020,,Yes
TX,48,,48183,Gregg,4020611,TXCEQ,7,SOUTHWESTERN ELECTRIC POWER COMPANY,AEP KNOX LEE POWER PLANT,Unit,34366013,EPACAMD,3476CAMDUNIT3,3476;3,3476,3,8/8/2011,,Yes
TX,48,,48157,Fort Bend,3968411,TXCEQ,5,NRG TEXAS POWER LLC,WA PARISH ELECTRIC GENERATING STATION,Unit,34525413,EPACAMD,3470CAMDUNITWAP7,3470;WAP7,3470,WAP7,8/8/2011,,Yes
WI,55,,55059,Kenosha,7509411,WIDNR,230006260,Wisconsin Electric Power Company,WISCONSIN ELECTRIC POWER COMPANY D/B/A WE ENERGIES-PLEASANT PRAIRIE POWER PLANT,Unit,11166513,EPACAMD,6170CAMDUNIT2,6170;2,6170,2,8/8/2011,,Yes
MO,29,,29077,Greene,7496411,MODNR,39,City Utilities Of Springfield Missouri,CITY UTILITIES OF SPRINGFIELD MISSOURI JOHN TWITTY ENERGY CENTER,Unit,11216513,EPACAMD,6195CAMDUNITCT1B,6195;CT1B,6195,CT1B,10/10/2014,,Yes
MO,29,,29077,Greene,7496411,MODNR,39,City Utilities Of Springfield Missouri,CITY UTILITIES OF SPRINGFIELD MISSOURI JOHN TWITTY ENERGY CENTER,Unit,11217013,EPACAMD,6195CAMDUNITCT2A,6195;CT2A,6195,CT2A,10/10/2014,,Yes
CO,8,,8123,Weld,3551511,CODPHE,CO0000000812300023,Public Service Company Of Colorado,PUBLIC SERVICE CO - FORT SAINT VRAIN PLT,Unit,36793113,EPACAMD,6112CAMDUNIT2,6112;2,6112,2,8/8/2011,,Yes
CO,8,,8123,Weld,3551511,CODPHE,CO0000000812300023,Public Service Company Of Colorado,PUBLIC SERVICE CO - FORT SAINT VRAIN PLT,Unit,36793013,EPACAMD,6112CAMDUNIT3,6112;3,6112,3,8/8/2011,,Yes
IL,17,,17167,Sangamon,7377311,ILEPA,167120AAO,City Of Springfield,City Water Light & Power,Unit,10532813,EPACAMD,963CAMDUNIT33,963;33,963,33,8/8/2011,,Yes
NJ,34,,34019,Hunterdon,7312511,NJDEP,80002,Reliant Energy New Jersey Holdings,Gilbert Generating Station,Unit,10666213,EPACAMD,2393CAMDUNIT05,2393;05,2393,5,10/7/2014,,Yes
NJ,34,,34005,Burlington,7310911,NJDEP,45979,PSEG Power LLC,Burlington Generating Station,Unit,10701713,EPACAMD,2399CAMDUNIT122,2399;122,2399,122,9/24/2014,12/31/2049,Yes
NJ,34,,34005,Burlington,7310911,NJDEP,45979,PSEG Power LLC,Burlington Generating Station,Unit,10702513,EPACAMD,2399CAMDUNIT14001,2399;14001,2399,14001,12/6/2014,12/31/2049,Yes
NJ,34,,34005,Burlington,7310911,NJDEP,45979,PSEG Power LLC,Burlington Generating Station,Unit,10702713,EPACAMD,2399CAMDUNIT34001,2399;34001,2399,34001,12/6/2014,12/31/2049,Yes
UT,49,,49015,Emery,5050511,UTDAQ,10237,PacifiCorp,PacifiCorp- Hunter Power Plant,Unit,25906513,EPACAMD,6165CAMDUNIT1,6165;1,6165,1,8/8/2011,,Yes
NE,31,,31079,Hall,6714711,NEDEQ,54712,Grand Island Utilities Dept,C W Burdick Generating Station,Unit,91102413,EPACAMD,2241CAMDUNITGT-3,2241;GT-3,2241,GT-3,11/6/2014,,Yes
MO,29,,29175,Randolph,6688411,MODNR,1,"Associated Electric Cooperative, Inc",THOMAS HILL ENERGY CENTER POWER DIVISION THOMAS HILL,Unit,12908413,EPACAMD,2168CAMDUNITMB2,2168;MB2,2168,MB2,8/8/2011,,Yes
WI,55,,55131,Washington,5235111,WIDNR,267006190,Wisconsin Electric Power Company,WISCONSIN ELECTRIC POWER COMPANY D/B/A WE ENERGIES-GERMANTOWN STATION,Unit,25374113,EPACAMD,6253CAMDUNITP35,6253;P35,6253,P35,10/5/2014,,Yes
MD,24,,24005,Baltimore,5154911,MDDOE,005-0078,Constellation Power Source Generation Inc.,Constellation - Riverside,Unit,87894813,EPACAMD,1559CAMDUNITCT7,1559;CT7,1559,CT7,10/1/2014,,Yes
MO,29,,29095,Jackson,7664111,MODNR,31,"Aquila, Inc",KCP AND L GREATER MISSOURI OPERATIONS CO SIBLEY GENERATING STATION,Unit,12444813,EPACAMD,2094CAMDUNIT1,2094;1,2094,1,8/8/2011,,Yes
MO,29,,29095,Jackson,7663811,MODNR,23,Na,EVERGY INC NORTHEAST STATION,Unit,12447813,EPACAMD,2081CAMDUNIT16,2081;16,2081,16,10/29/2014,,Yes
MO,29,,29095,Jackson,7663811,MODNR,23,Na,EVERGY INC NORTHEAST STATION,Unit,12447613,EPACAMD,2081CAMDUNIT12,2081;12,2081,12,10/29/2014,,Yes
MO,29,,29095,Jackson,7663711,MODNR,22,Kansas City Power & Light Company,EVERGY INC HAWTHORN GENERATING STATION,Unit,12448313,EPACAMD,2079CAMDUNIT9,2079;9,2079,9,8/8/2011,,Yes
NE,31,,31153,Sarpy,7631011,NEDEQ,42638,Omaha Public Power District,OPPD Sarpy County Station,Unit,12532413,EPACAMD,2292CAMDUNITCT3,2292;CT3,2292,CT3,2/27/2020,,No
GA,13,,13157,Jackson,8500711,GADNR,15700034,,Dahlberg Combustion Turbine Electric Generating Plant,Unit,964413,EPACAMD,7765CAMDUNIT8,7765;8,7765,8,6/29/2013,,Yes
GA,13,,13157,Jackson,8500711,GADNR,15700034,,Dahlberg Combustion Turbine Electric Generating Plant,Unit,964813,EPACAMD,7765CAMDUNIT9,7765;9,7765,9,6/29/2013,,Yes
MN,27,,27091,Martin,8482611,MNPCA,2709100058,Great River Energy,Great River Energy - Lakefield Junction Station,Unit,1108513,EPACAMD,7925CAMDUNITCT02,7925;CT02,7925,CT02,10/9/2014,,Yes
WA,53,,53073,Whatcom,6212511,WAECY,48,,PSE SUMAS,Unit,15565113,EPACAMD,54476CAMDUNITCT-1,54476;CT-1,54476,CT-1,10/29/2014,,Yes
WV,54,,54099,Wayne,6341911,WVDAQ,81,Appalachian Power Company,Appalachian Power Company - CEREDO ELECTRIC GENERATING STATION,Unit,71751113,EPACAMD,55276CAMDUNIT06,55276;06,55276,6,4/17/2014,,Yes
WV,54,,54099,Wayne,6341811,WVDAQ,80,"BIG SANDY PEAKER, LLC",BIG SANDY PEAKER PLANT,Unit,71745013,EPACAMD,55284CAMDUNITGS12,55284;GS12,55284,GS12,8/23/2014,,Yes
IL,17,,17173,Shelby,4725911,ILEPA,173801AAA,"Reliant Energy Wholesale Generation, LLC",Shelby County Energy Center,Unit,28334513,EPACAMD,55237CAMDUNITSCE1,55237;SCE1,55237,SCE1,9/23/2011,,Yes
IL,17,,17173,Shelby,4725911,ILEPA,173801AAA,"Reliant Energy Wholesale Generation, LLC",Shelby County Energy Center,Unit,28335113,EPACAMD,55237CAMDUNITSCE6,55237;SCE6,55237,SCE6,9/23/2011,,Yes
IN,18,,18127,Porter,4691211,INDEM,67,Na,PORTSIDE ENERGY LLC,Unit,28341513,EPACAMD,55096CAMDUNITCT,55096;CT,55096,CT,8/24/2014,,Yes
IL,17,,17197,Will,4688511,ILEPA,197899AAB,University Park Energy LLC,University Park Energy LLC,Unit,60404113,EPACAMD,55250CAMDUNITUP5,55250;UP5,55250,UP5,7/25/2012,,Yes
IL,17,,17197,Will,4688511,ILEPA,197899AAB,University Park Energy LLC,University Park Energy LLC,Unit,60403813,EPACAMD,55250CAMDUNITUP10,55250;UP10,55250,UP10,7/25/2012,,Yes
CO,8,,8041,El Paso,4385111,CODPHE,CO0000000804100897,Fountain Valley Power LLC,FOUNTAIN VALLEY POWER - BOCA RATON,Unit,68597313,EPACAMD,55453CAMDUNIT2,55453;2,55453,2,8/8/2011,,Yes
CO,8,,8041,El Paso,4385111,CODPHE,CO0000000804100897,Fountain Valley Power LLC,FOUNTAIN VALLEY POWER - BOCA RATON,Unit,68597713,EPACAMD,55453CAMDUNIT6,55453;6,55453,6,8/8/2011,,Yes
OH,39,,39017,Butler,8455211,OHEPA,1409120656,"Duke Energy Kentucky, Inc","Duke Energy Kentucky, Woodsdale Generating Station (1409120656)",Unit,303713,EPACAMD,7158CAMDUNIT**GT5,7158;**GT5,7158,**GT5,8/8/2011,,Yes
NC,37,,37135,Orange,8438211,NCDAQ,3713500043,The University of North Carolina at Chapel Hill,The University of North Carolina at Chapel Hill,Unit,316713,EPACAMD,54276CAMDUNITES001,54276;ES001,54276,ES001,8/8/2011,,Yes
NC,37,,37135,Orange,8438211,NCDAQ,3713500043,The University of North Carolina at Chapel Hill,The University of North Carolina at Chapel Hill,Unit,316813,EPACAMD,54276CAMDUNITES002,54276;ES002,54276,ES002,8/8/2011,,Yes
OH,39,,39093,Lorain,6371011,OHEPA,247080487,FirstEnergy Generation Corporation,West Lorain Power Plant (0247080487),Unit,15958313,EPACAMD,2869CAMDUNIT6,2869;6,2869,6,10/9/2014,,Yes
AL,1,,1055,Etowah,1021011,ADEM,2,Alabama Power Company,Alabama Power Company,Unit,47695413,EPACAMD,7CAMDUNIT2,7;2,7,2,8/8/2011,,Yes
AL,1,,1071,Jackson,1018911,ADEM,8,Tennessee Valley Authority,TVA Widows Creek,Unit,47716513,EPACAMD,50CAMDUNIT1,50;1,50,1,8/8/2011,,Yes
AL,1,,1103,Morgan,985511,ADEM,10,,Ascend Performance Materials LLC,Unit,47827113,EPACAMD,880041CAMDUNITZ006,880041;Z006,880041,Z006,8/8/2011,,Yes
AL,1,,1103,Morgan,985511,ADEM,10,,Ascend Performance Materials LLC,Unit,47825113,EPACAMD,880041CAMDUNITX015,880041;X015,880041,X015,8/8/2011,,Yes
AL,1,,1117,Shelby,949211,ADEM,5,Alabama Power Company,Alabama Power Company,Unit,47874813,EPACAMD,26CAMDUNIT1,26;1,26,1,8/8/2011,,Yes
IL,17,,17031,Cook,946411,ILEPA,031012ABI,,Ingredion Inc,Unit,47924013,EPACAMD,54556CAMDUNITB05,54556;B05,54556,B05,1/16/2015,,Yes
WV,54,,54061,Monongalia,16320111,WVDAQ,134,"Longview Power, LLC",LONGVIEW POWER,Unit,103875013,EPACAMD,56671CAMDUNIT001,56671;001,56671,1,3/18/2013,,Yes
CA,6,,6065,Riverside,17228711,CARB,3.32E+11,SENTINEL ENERGY CENTER LLC,SENTINEL ENERGY CENTER LLC,Unit,119857413,EPACAMD,57482CAMDUNIT6,57482;6,57482,6,5/28/2018,,Yes
CA,6,,6001,Alameda,17414311,CARB,1130318136,RUSSELL CITY ENERGY CO  LLC,RUSSELL CITY ENERGY CO  LLC,Unit,120041313,EPACAMD,56467CAMDUNITCT1,56467;CT1,56467,CT1,4/18/2017,,Yes
CA,6,,6013,Contra Costa,17414411,CARB,7130319169,MARSH LANDING LLC (MARSH LANDING GENERATING STA ),MARSH LANDING LLC (MARSH LANDING GENERATING STA ),Unit,120129413,EPACAMD,57267CAMDUNIT1,57267;1,57267,1,5/26/2017,,Yes
TX,48,,48027,Bell,16861111,TXCEQ,670,TEMPLE GENERATION SF LLC,PANDA TEMPLE POWER STATION,Unit,113223913,EPACAMD,58001CAMDUNITCTG1,58001;CTG1,58001,CTG1,12/22/2015,,Yes
TX,48,,48027,Bell,16861111,TXCEQ,670,TEMPLE GENERATION SF LLC,PANDA TEMPLE POWER STATION,Unit,123144813,EPACAMD,58001CAMDUNITCTG3,58001;CTG3,58001,CTG3,4/10/2017,,Yes
TX,48,,48181,Grayson,16862411,TXCEQ,202,PANDA SHERMAN POWER LLC,PANDA SHERMAN POWER STATION,Unit,113092813,EPACAMD,58005CAMDUNITCTG2,58005;CTG2,58005,CTG2,12/22/2015,,Yes
CA,6,,6011,Colusa,15322111,CARB,61606224,PG&E COLUSA GENERATING STATION,PG&E COLUSA GENERATING STATION,Unit,96221013,EPACAMD,56532CAMDUNITCT2,56532;CT2,56532,CT2,8/8/2013,,Yes
VA,51,,51029,Buckingham,15432111,VADEQ,32004,Dominion - Bear Garden CT Station,Dominion - Bear Garden CT Station,Unit,96378213,EPACAMD,56807CAMDUNIT1B,56807;1B,56807,1B,8/22/2014,,Yes
SC,45,,45017,Calhoun,13372611,SCDHEC,0460-0024,,COLUMBIA ENERGY CENTER,Unit,88107613,EPACAMD,55386CAMDUNITB-1,55386;B-1,55386,B-1,4/29/2014,,Yes
SC,45,,45017,Calhoun,13372611,SCDHEC,0460-0024,,COLUMBIA ENERGY CENTER,Unit,88107413,EPACAMD,55386CAMDUNITCT-1,55386;CT-1,55386,CT-1,4/29/2014,,Yes
LA,22,,22055,Lafayette,13611411,LADEQ08,121572,Lafayette Consolidated Government,Lafayette Consolidated Government - Hargis-Hebert Electric Generating Station,Unit,81421613,EPACAMD,56283CAMDUNITU-1,56283;U-1,56283,U-1,8/8/2011,,Yes
GA,13,,13293,Upson,15525911,GADNR,29300027,,Edward L. Addison Generating Plant,Unit,97469013,EPACAMD,55267CAMDUNIT4,55267;4,55267,4,4/18/2014,,Yes
GA,13,,13149,Heard,15558711,GADNR,14900004,,Tenaska Georgia Generating Station,Unit,97956813,EPACAMD,55061CAMDUNITCT3,55061;CT3,55061,CT3,8/19/2014,,Yes
FL,12,,12127,Volusia,2797311,FLDEP,1270028,Progress Energy Corporation,"DUKE ENERGY FLORIDA, LLC",Unit,40825413,EPACAMD,6046CAMDUNITP1,6046;P1,6046,P1,8/8/2011,,Yes
CT,9,,9009,New Haven,2708911,CTBAM,T105P0251C07780,MILFORD POWER CO LLC,"MILFORD POWER CO, LLC",Unit,40857713,EPACAMD,55126CAMDUNITCT02,55126;CT02,55126,CT02,8/8/2011,,Yes
FL,12,,12011,Broward,591711,FLDEP,110037,Florida Power & Light Company,LAUDERDALE POWER PLANT,Unit,46118913,EPACAMD,613CAMDUNITGFL10,613;GFL10,613,GFL10,8/15/2014,12/31/2049,Yes
FL,12,,12011,Broward,591711,FLDEP,110037,Florida Power & Light Company,LAUDERDALE POWER PLANT,Unit,46119213,EPACAMD,613CAMDUNIT5GT2,613;5GT2,613,5GT2,8/8/2011,,Yes
FL,12,,12011,Broward,591711,FLDEP,110037,Florida Power & Light Company,LAUDERDALE POWER PLANT,Unit,46120113,EPACAMD,613CAMDUNIT4GT1,613;4GT1,613,4GT1,8/8/2011,,Yes
FL,12,,12011,Broward,591611,FLDEP,110036,Florida Power & Light Company,PORT EVERGLADES ENERGY CENTER,Unit,46121213,EPACAMD,617CAMDUNITGPE03,617;GPE03,617,GPE03,8/15/2014,12/31/2049,Yes
FL,12,,12011,Broward,591611,FLDEP,110036,Florida Power & Light Company,PORT EVERGLADES ENERGY CENTER,Unit,46121213,EPACAMD,617CAMDUNITGPE06,617;GPE06,617,GPE06,8/15/2014,12/31/2049,Yes
FL,12,,12011,Broward,591611,FLDEP,110036,Florida Power & Light Company,PORT EVERGLADES ENERGY CENTER,Unit,46121213,EPACAMD,617CAMDUNITGPE09,617;GPE09,617,GPE09,8/15/2014,12/31/2049,Yes
FL,12,,12009,Brevard,591111,FLDEP,90180,Oleander Power Project LP,"OLEANDER POWER PROJECT, LP",Unit,46123513,EPACAMD,55286CAMDUNITO-3,55286;O-3,55286,O-3,8/8/2011,,Yes
FL,12,,12009,Brevard,590411,FLDEP,90006,Florida Power & Light Company,FLORIDA POWER & LIGHT COMPANY (PCC),Unit,46129913,EPACAMD,609CAMDUNITPCC2,609;PCC2,609,PCC2,8/8/2011,,Yes
CT,9,,9009,New Haven,590011,CTBAM,T105P0014C07741,"NRG ENERGY, INC.","DEVON POWER, LLC",Unit,99521413,EPACAMD,544CAMDUNIT15,544;15,544,15,6/11/2013,,Yes
CT,9,,9009,New Haven,590011,CTBAM,T105P0014C07741,"NRG ENERGY, INC.","DEVON POWER, LLC",Unit,99521513,EPACAMD,544CAMDUNIT17,544;17,544,17,6/11/2013,,Yes
DC,11,,11001,District of Columbia,589411,DOEE,1,"Potomac Power Resources, LLC",Pepco Benning Generating Station,Unit,46139613,EPACAMD,603CAMDUNIT16,603;16,603,16,8/8/2011,,Yes
FL,12,,12049,Hardee,588511,FLDEP,490043,Vandolah Power Company LLC,"VANDOLAH POWER COMPANY, LLC",Unit,46158713,EPACAMD,55415CAMDUNITGT301,55415;GT301,55415,GT301,8/15/2014,,Yes
DE,10,,10003,New Castle,588311,DEDNR,1000300016,"Delaware City Refining, LLC",Delaware City Refinery,Unit,46161313,EPACAMD,52193CAMDUNITDCPP3,52193;DCPP3,52193,DCPP3,8/17/2014,,Yes
FL,12,,12127,Volusia,845211,FLDEP,1270009,Florida Power & Light Company,FLORIDA POWER & LIGHT (PSN),Unit,46194713,EPACAMD,620CAMDUNITSNCT5C,620;SNCT5C,620,SNCT5C,8/8/2011,,Yes
FL,12,,12127,Volusia,845211,FLDEP,1270009,Florida Power & Light Company,FLORIDA POWER & LIGHT (PSN),Unit,46194313,EPACAMD,620CAMDUNITPSN4,620;PSN4,620,PSN4,8/2/2011,,Yes
CT,9,,9015,Windham,844711,CTBAM,T089P0080C07442,"LAKE ROAD GENERATING CO, LLC","LAKE ROAD GENERATING CO, LLC",Unit,46197113,EPACAMD,55149CAMDUNITLRG2,55149;LRG2,55149,LRG2,8/8/2011,,Yes
DE,10,,10003,New Castle,827811,DEDNR,1000300007,"Calpine Mid-Atlantic Generation, LLC",EDGE MOOR ENERGY CENTER,Unit,46232713,EPACAMD,593CAMDUNIT4,593;4,593,4,8/8/2011,,Yes
WI,55,,55017,Chippewa,6870911,WIDNR,617001440,Dairyland Power Cooperative,DAIRYLAND POWER ELK MOUND GEN FACILITY,Unit,13260813,EPACAMD,7863CAMDUNIT1,7863;1,7863,1,11/7/2014,,Yes
WI,55,,55017,Chippewa,6870911,WIDNR,617001440,Dairyland Power Cooperative,DAIRYLAND POWER ELK MOUND GEN FACILITY,Unit,13260713,EPACAMD,7863CAMDUNIT2,7863;2,7863,2,11/7/2014,,Yes
MO,29,,29189,St. Louis,6816611,MODNR,10,Union Electric Company,AMEREN MISSOURI MERAMEC ENERGY CENTER,Unit,13793013,EPACAMD,2104CAMDUNIT3,2104;3,2104,3,8/8/2011,,Yes
PA,42,,42101,Philadelphia,3915211,PACOP,4210104903,CONSTELLATION ENERGY GENERATION LLC,EXELON GENERATING CO/RICHMOND,Unit,103756913,EPACAMD,3168CAMDUNIT91,3168;91,3168,91,10/18/2014,,Yes
PA,42,,42095,Northampton,3881811,PADEP,420950011,GENON REMA LLC,PORTLAND POWER LLC/PORTLAND COMBUSTION TURBINE,Unit,37149713,EPACAMD,3113CAMDUNIT034,3113;034,3113,34,10/29/2014,,Yes
PA,42,,42095,Northampton,3881811,PADEP,420950011,GENON REMA LLC,PORTLAND POWER LLC/PORTLAND COMBUSTION TURBINE,Unit,37150113,EPACAMD,3113CAMDUNIT2,3113;2,3113,2,8/8/2011,,Yes
PA,42,,42005,Armstrong,3866811,PADEP,420050121,"Armstrong Energy, Ltd. Part LLP",ARMSTRONG POWER/S BEND,Unit,37161213,EPACAMD,55347CAMDUNIT2,55347;2,55347,2,7/22/2012,,Yes
PA,42,,42005,Armstrong,3866111,PADEP,420050012,GENON NE MGMT CO,KEYSTONE CONEMAUGH PROJ LLC/KEYSTONE STATION,Unit,37164513,EPACAMD,3136CAMDUNIT2,3136;2,3136,2,8/8/2011,,Yes
MO,29,,29007,Audrain,6998911,MODNR,53,Audrain Generating LLC,AMEREN MISSOURI AUDRAIN POWER STATION,Unit,109323513,EPACAMD,55234CAMDUNITCT6,55234;CT6,55234,CT6,1/1/2013,,Yes
MO,29,,29007,Audrain,6998911,MODNR,53,Audrain Generating LLC,AMEREN MISSOURI AUDRAIN POWER STATION,Unit,109323313,EPACAMD,55234CAMDUNITCT4,55234;CT4,55234,CT4,1/1/2013,,Yes
WI,55,,55071,Manitowoc,7179611,WIDNR,436035930,Manitowoc Public Utilities,MANITOWOC PUBLIC UTILITIES,Unit,14752013,EPACAMD,4125CAMDUNIT6,4125;6,4125,6,8/8/2011,,Yes
PA,42,,42011,Berks,3857011,PADEP,420110045,TITUS POWER LLC,TITUS POWER LLC/COMBUSTION TURBINE,Unit,37799713,EPACAMD,3115CAMDUNIT3,3115;3,3115,3,8/8/2011,,Yes
AZ,4,,4021,Pinal,1032711,Pinal,EGUSundance,Arizona Public Service Company,Sundance Power Plant,Unit,62911813,EPACAMD,55522CAMDUNITCT10,55522;CT10,55522,CT10,10/9/2014,,Yes
AZ,4,,4021,Pinal,998111,Pinal,EGU0049,Salt River Project,Desert Basin Generating Station,Unit,48101713,EPACAMD,55129CAMDUNITDBG2,55129;DBG2,55129,DBG2,9/23/2011,,Yes
AZ,4,,4021,Pinal,998011,Pinal,EGU0048,Arizona Public Service Company,Saguaro Power Plant,Unit,48102013,EPACAMD,118CAMDUNIT2,118;2,118,2,9/23/2011,,Yes
TX,48,,48185,Grimes,6436111,TXCEQ,13,TENASKA FRONTIER PARTNERS LTD,TENASKA FRONTIER GENERATION STATION,Unit,16961113,EPACAMD,55062CAMDUNIT2,55062;2,55062,2,8/8/2011,,Yes
IL,17,,17201,Winnebago,9698111,ILEPA,201030BCG,,Rockford Energy Center,Unit,53429313,EPACAMD,55936CAMDUNITU1,55936;U1,55936,U1,10/8/2014,,Yes
IL,17,,17197,Will,9701111,ILEPA,197899AAC,,LSP University Park LLC,Unit,53541113,EPACAMD,55640CAMDUNITCT09,55640;CT09,55640,CT09,7/25/2012,,Yes
IL,17,,17197,Will,9701111,ILEPA,197899AAC,,LSP University Park LLC,Unit,53540613,EPACAMD,55640CAMDUNITCT04,55640;CT04,55640,CT04,7/25/2012,,Yes
LA,22,,22089,St. Charles,5609311,LADEQ08,83898,Entergy Louisiana LLC,Entergy Louisiana LLC - Waterford 1 & 2 Electric Generating Plant,Unit,89569713,EPACAMD,8056CAMDUNIT4,8056;4,8056,4,8/23/2014,,Yes
LA,22,,22089,St. Charles,5609311,LADEQ08,83898,Entergy Louisiana LLC,Entergy Louisiana LLC - Waterford 1 & 2 Electric Generating Plant,Unit,80643113,EPACAMD,8056CAMDUNIT2,8056;2,8056,2,8/2/2011,12/31/2049,Yes
KY,21,,21185,Oldham,5353311,KYDAQ,2118500036,"Dynegy, Inc.",East Kentucky Power Cooperative Inc - Bluegrass Generating Station,Unit,86743713,EPACAMD,55164CAMDUNITGTG1,55164;GTG1,55164,GTG1,10/8/2014,,Yes
MO,29,,29097,Jasper,5338211,MODNR,62,Empire District Electric Company,EMPIRE DISTRICT ELECTRIC CO EMPIRE ENERGY CENTER,Unit,26497213,EPACAMD,6223CAMDUNIT1,6223;1,6223,1,8/8/2011,,Yes
FL,12,,12063,Jackson,1968811,FLDEP,630014,Gulf Power Company,GULF POWER COMPANY,Unit,41787413,EPACAMD,642CAMDUNIT1,642;1,642,1,8/8/2011,,Yes
FL,12,,12061,Indian River,1968211,FLDEP,610029,City Of Vero Beach,CITY OF VERO BEACH,Unit,41788713,EPACAMD,693CAMDUNIT**5,693;**5,693,**5,9/23/2011,,Yes
CA,6,,6029,Kern,10288711,CARB,1514303636,"PASTORIA ENERGY FACILITY, LLC","PASTORIA ENERGY FACILITY, LLC",Unit,58153813,EPACAMD,55656CAMDUNITCT004,55656;CT004,55656,CT004,8/8/2011,,Yes
CA,6,,6029,Kern,10288711,CARB,1514303636,"PASTORIA ENERGY FACILITY, LLC","PASTORIA ENERGY FACILITY, LLC",Unit,58153413,EPACAMD,55656CAMDUNITCT001,55656;CT001,55656,CT001,8/8/2011,,Yes
AL,1,,1015,Calhoun,10569911,ADEM,73,,Calhoun Power Company I LLC Generating Station,Unit,52270113,EPACAMD,55409CAMDUNITCT3,55409;CT3,55409,CT3,12/23/2013,,Yes
AL,1,,1001,Autauga,10583111,ADEM,10,Alabama Power Company,Southern Power Company,Unit,52264013,EPACAMD,7897CAMDUNIT2B,7897;2B,7897,2B,8/8/2011,,Yes
FL,12,,12105,Polk,18868711,FLDEP,1050334,,"APEC, LLC  (CALPINE) - Auburndale peaker",Unit,134850913,EPACAMD,55833CAMDUNIT6,55833;6,55833,6,11/5/2019,,Yes
OH,39,,39155,Trumbull,18867811,OHEPA,278112009,,"Clean Energy Future - Lordstown, LLC (0278112009)",Unit,134943513,EPACAMD,60376CAMDUNIT2,60376;2,60376,2,10/26/2020,,No
CA,6,,6019,Fresno,17418611,CARB,1014307286,MIDWAY PEAKING LLC,MIDWAY PEAKING LLC,Unit,120717013,EPACAMD,56639CAMDUNIT1,56639;1,56639,1,2/24/2020,12/31/2049,Yes
TX,48,,48149,Fayette,14748911,TXCEQ,262,LOWER COLORADO RIVER AUTHORITY,WINCHESTER POWER PARK,Unit,90281213,EPACAMD,56674CAMDUNIT4,56674;4,56674,4,10/9/2014,,Yes
MT,30,,30085,Roosevelt,14766611,MTDEQ,085-0061,BASIN ELECTRIC POWER CORP,BASIN ELECTRIC POWER COOPERATIVE,Unit,90334113,EPACAMD,56606CAMDUNITCT01,56606;CT01,56606,CT01,10/1/2014,,Yes
VA,51,,51061,Fauquier,9081211,VADEQ,40996,Old Dominion Electric Cooperative - Marsh Run,Old Dominion Electric Cooperative - Marsh Run,Unit,58376013,EPACAMD,7836CAMDUNITEU3,7836;EU3,7836,EU3,7/25/2012,,Yes
LA,22,,22019,Calcasieu,8361211,LADEQ08,19588,Entergy Gulf States LA LLC,Entergy Louisiana LLC - Roy S Nelson Electric Generating Plant (Coal Unit 6),Unit,82325613,EPACAMD,1393CAMDUNIT6,1393;6,1393,6,8/8/2011,,Yes
WY,56,,56009,Converse,6418211,WYDEQ,644,PacifiCorp,Dave Johnston,Unit,72195413,EPACAMD,4158CAMDUNITBW42,4158;BW42,4158,BW42,8/8/2011,,Yes
MA,25,,25005,Bristol,6624211,MADEP,1200276,DIGHTON POWER LLC,DIGHTON POWER,Unit,87454013,EPACAMD,55026CAMDUNIT1,55026;1,55026,1,8/22/2014,,Yes
NY,36,,36019,Clinton,8375111,NYDEC,5094200106,SARANAC POWER PARTNERS LP,SARANAC POWER PARTNERS COGENERATION FAC,Unit,1671313,EPACAMD,54574CAMDUNIT00002,54574;00002,54574,2,8/8/2011,,Yes
MD,24,,24043,Washington,6463211,MDDOE,043-0005,Allegheny Energy Supply Company LLC,R. Paul Smith Power Station,Unit,88029513,EPACAMD,1570CAMDUNIT9,1570;9,1570,9,8/8/2011,,Yes
SC,45,,45043,Georgetown,6652811,SCDHEC,1140-0005,Santee Cooper,SANTEE COOPER WINYAH GENERATING STATION,Unit,18920113,EPACAMD,6249CAMDUNIT2,6249;2,6249,2,8/8/2011,,Yes
SC,45,,45043,Georgetown,6652811,SCDHEC,1140-0005,Santee Cooper,SANTEE COOPER WINYAH GENERATING STATION,Unit,18919513,EPACAMD,6249CAMDUNIT4,6249;4,6249,4,8/8/2011,,Yes
OH,39,,39129,Pickaway,9242811,OHEPA,165000132,,Darby Electric Generating Station (0165000132),Unit,55201713,EPACAMD,55247CAMDUNITCT4,55247;CT4,55247,CT4,10/1/2014,,Yes
ME,23,,23005,Cumberland,8028611,MEDEP,A-000743,Calpine Construction Finance Company LP,WESTBROOK ENERGY CENTER,Unit,94539313,EPACAMD,55294CAMDUNIT1,55294;1,55294,1,3/21/2013,,Yes
IL,17,,17161,Rock Island,4594711,ILEPA,161807AAN,Cordova Energy Company,Cordova Energy Co LLC,Unit,28237313,EPACAMD,55188CAMDUNIT2,55188;2,55188,2,9/23/2011,,Yes
NV,32,,32003,Clark,9398511,NVCCDAQM,1520,,Las Vegas Power Company-Apex Generating Station,Unit,90104013,EPACAMD,55514CAMDUNITCTG01,55514;CTG01,55514,CTG01,10/15/2012,,Yes
IL,17,,17179,Tazewell,8199411,ILEPA,179801AAA,"Midwest Generation Eme, LLC",Midwest Generation LLC,Unit,5804813,EPACAMD,879CAMDUNIT61,879;61,879,61,8/14/2014,12/31/2049,Yes
IN,18,,18173,Warrick,8183111,INDEM,2,Na,ALCOA Warrick Power Plant AGC Div of Al,Unit,91184413,EPACAMD,6705CAMDUNIT1,6705;1,6705,1,3/21/2013,,Yes
IL,17,,17199,Williamson,8164511,ILEPA,199856AAC,Southern Illinois Power Cooperative,Southern Illinois Power Coop,Unit,5925213,EPACAMD,976CAMDUNIT4,976;4,976,4,8/8/2011,,Yes
IL,17,,17199,Williamson,8164511,ILEPA,199856AAC,Southern Illinois Power Cooperative,Southern Illinois Power Coop,Unit,60406313,EPACAMD,976CAMDUNIT5,976;5,976,5,10/1/2014,,Yes
IL,17,,17199,Williamson,8164511,ILEPA,199856AAC,Southern Illinois Power Cooperative,Southern Illinois Power Coop,Unit,60406513,EPACAMD,976CAMDUNIT123,976;123,976,123,8/8/2011,,Yes
OH,39,,39085,Lake,8149511,OHEPA,243160009,FirstEnergy Generation Corporation,Eastlake Substation (0243160009),Unit,5943613,EPACAMD,2837CAMDUNIT6,2837;6,2837,6,7/22/2012,,Yes
OH,39,,39085,Lake,8149511,OHEPA,243160009,FirstEnergy Generation Corporation,Eastlake Substation (0243160009),Unit,5943413,EPACAMD,2837CAMDUNIT4,2837;4,2837,4,8/8/2011,,Yes
OK,40,,40079,Le Flore,8148711,OKDEQ,11,OG AND E,RIVER VALLEY GENERATING STATION,Unit,5951113,EPACAMD,10671CAMDUNIT1A,10671;1A,10671,1A,4/17/2017,,Yes
NE,31,,31109,Lancaster,5281111,NELLCHD,5,Nebraska Public Power District,NPPD Sheldon Station,Unit,25619413,EPACAMD,2277CAMDUNIT2,2277;2,2277,2,2/22/2018,,Yes
IA,19,,19005,Allamakee,5509311,IADNR,03-03-001,IPL/ALLIANT ENERGY,IPL - LANSING GENERATING STATION,Unit,27501713,EPACAMD,1047CAMDUNIT4,1047;4,1047,4,8/8/2011,,Yes
IL,17,,17135,Montgomery,7340311,ILEPA,135803AAA,Ameren Energy Generating Company,Illinois Power Generating Co,Unit,8200213,EPACAMD,861CAMDUNIT02,861;02,861,2,8/8/2011,,Yes
IL,17,,17119,Madison,7338011,ILEPA,119105AAA,Union Electric Company - Venice,Ameren Missouri Venice Energy Ctr,Unit,96537913,EPACAMD,913CAMDUNITCT2B,913;CT2B,913,CT2B,9/23/2014,,Yes
IL,17,,17125,Mason,7337411,ILEPA,125804AAB,"Dynegy Midwest Generation, Inc",Dynegy Midwest Generation LLC,Unit,8279913,EPACAMD,891CAMDUNIT8,891;8,891,8,11/3/2014,12/31/2049,Yes
IL,17,,17125,Mason,7337411,ILEPA,125804AAB,"Dynegy Midwest Generation, Inc",Dynegy Midwest Generation LLC,Unit,8279913,EPACAMD,891CAMDUNIT5,891;5,891,5,11/3/2014,12/31/2049,Yes
IL,17,,17125,Mason,7337411,ILEPA,125804AAB,"Dynegy Midwest Generation, Inc",Dynegy Midwest Generation LLC,Unit,8279913,EPACAMD,891CAMDUNIT3,891;3,891,3,11/3/2014,12/31/2049,Yes
OK,40,,40031,Comanche,7320211,OKDEQ,211,PUBLIC SERVICE COMPANY OF OKLAHOMA,PSO COMANCHE POWER STATION,Unit,8336313,EPACAMD,8059CAMDUNIT7252,8059;7252,8059,7252,8/8/2011,,Yes
TX,48,,48303,Lubbock,5655311,TXCEQ,2,LUBBOCK POWER & LIGHT,MASSENGALE STATION,Unit,19730413,EPACAMD,3604CAMDUNITGT1,3604;GT1,3604,GT1,8/8/2011,,Yes
TX,48,,48303,Lubbock,5655211,TXCEQ,1,LUBBOCK POWER & LIGHT,COOKE STATION 2,Unit,19730613,EPACAMD,3602CAMDUNIT2,3602;2,3602,2,8/8/2011,,Yes
IL,17,,17031,Cook,9728111,ILEPA,031600GHA,,Calumet Energy Team LLC,Unit,88616913,EPACAMD,55296CAMDUNIT**2,55296;**2,55296,**2,10/8/2014,,Yes
AL,1,,1121,Talladega,7441011,ADEM,6,Na,Resolute FP US Inc.,Unit,10860513,EPACAMD,54216CAMDUNITAOW#4,54216;AOW#4,54216,AOW#4,8/8/2011,,Yes
IL,17,,17171,Scott,5457411,ILEPA,171851AAA,Prairie Power Incorporated,Prairie Power Inc,Unit,27026913,EPACAMD,7818CAMDUNITACT2,7818;ACT2,7818,ACT2,10/27/2014,,Yes
MT,30,,30083,Richland,7618511,MTDEQ,083-0003,MONTANA DAKOTA UTILITIES CO,MDU - LEWIS & CLARK STATION,Unit,12223213,EPACAMD,6089CAMDUNITB1,6089;B1,6089,B1,8/8/2011,,Yes
PA,42,,42079,Luzerne,4742711,PADEP,420790014,UGI DEV CO,UGI DEVELOPMENT CO/HUNLOCK CREEK ENERGY CENTER,Unit,27702713,EPACAMD,3176CAMDUNIT6,3176;6,3176,6,8/8/2011,,Yes
TN,47,,47085,Humphreys,5720911,TNDEC,43-0011,TVA JOHNSONVILLE FOSSIL PLANT,TVA - Johnsonville Combustion Turbine Plant,Unit,23016213,EPACAMD,3406CAMDUNITJCT16,3406;JCT16,3406,JCT16,8/25/2014,12/31/2049,Yes
TN,47,,47085,Humphreys,5720911,TNDEC,43-0011,TVA JOHNSONVILLE FOSSIL PLANT,TVA - Johnsonville Combustion Turbine Plant,Unit,23016213,EPACAMD,3406CAMDUNITJCT9,3406;JCT9,3406,JCT9,8/25/2014,12/31/2049,Yes
TN,47,,47085,Humphreys,5720911,TNDEC,43-0011,TVA JOHNSONVILLE FOSSIL PLANT,TVA - Johnsonville Combustion Turbine Plant,Unit,23016313,EPACAMD,3406CAMDUNIT6,3406;6,3406,6,8/8/2011,,Yes
TN,47,,47085,Humphreys,5720911,TNDEC,43-0011,TVA JOHNSONVILLE FOSSIL PLANT,TVA - Johnsonville Combustion Turbine Plant,Unit,23016413,EPACAMD,3406CAMDUNIT3,3406;3,3406,3,8/8/2011,,Yes
TN,47,,47085,Humphreys,5720911,TNDEC,43-0011,TVA JOHNSONVILLE FOSSIL PLANT,TVA - Johnsonville Combustion Turbine Plant,Unit,23016713,EPACAMD,3406CAMDUNIT4,3406;4,3406,4,8/8/2011,,Yes
TN,47,,47157,Shelby,5720111,MSC_HD,528,Tennessee Valley Authority,TVA-Allen Fossil Plant,Unit,23029413,EPACAMD,3393CAMDUNITACT18,3393;ACT18,3393,ACT18,10/9/2014,,Yes
LA,22,,22077,Pointe Coupee,5931611,LADEQ08,11917,Louisiana Generating LLC,Louisiana Generating LLC - Big Cajun I Power Plant,Unit,81661413,EPACAMD,1464CAMDUNITCTG1,1464;CTG1,1464,CTG1,8/8/2011,,Yes
MN,27,,27139,Scott,6949611,MNPCA,2713900010,Northern States Power (Xcel Energy),Xcel Energy - Blue Lake,Unit,79664713,EPACAMD,8027CAMDUNIT8,8027;8,8027,8,10/9/2014,,Yes
MN,27,,27139,Scott,6949611,MNPCA,2713900010,Northern States Power (Xcel Energy),Xcel Energy - Blue Lake,Unit,14296613,EPACAMD,8027CAMDUNIT4,8027;4,8027,4,10/9/2014,,Yes
MN,27,,27139,Scott,6949611,MNPCA,2713900010,Northern States Power (Xcel Energy),Xcel Energy - Blue Lake,Unit,14296513,EPACAMD,8027CAMDUNIT1,8027;1,8027,1,10/9/2014,,Yes
MS,28,,28033,DeSoto,7184711,MSDEQ,2803300095,AI012199,TVA SOUTHAVEN COMBINED CYCLE PLANT,Unit,14319013,EPACAMD,55269CAMDUNITAA-003,55269;AA-003,55269,AA-003,8/8/2011,,Yes
MO,29,,29019,Boone,7164511,MODNR,2,City Of Columbia,COLUMBIA MUNICIPAL POWER PLANT,Unit,14384013,EPACAMD,2123CAMDUNIT7,2123;7,2123,7,8/8/2011,,Yes
KS,20,,20133,Neosho,5414711,KSDOHE,30,Chanute Municipal Power Plant,Chanute Mun. Power Plant #2,Unit,27354013,EPACAMD,1268CAMDUNIT14,1268;14,1268,14,10/6/2014,,Yes
NY,36,,36081,Queens,8310711,NYDEC,2630800096,KIAC PARTNERS,KIAC COGENERATION PLANT-JFK AIRPORT,Unit,97071513,EPACAMD,54114CAMDUNITGT1,54114;GT1,54114,GT1,8/22/2014,,Yes
NY,36,,36081,Queens,8309011,NYDEC,2630400024,TC RAVENSWOOD LLC,RAVENSWOOD GENERATING STATION,Unit,203413,EPACAMD,2500CAMDUNIT30,2500;30,2500,30,8/8/2011,,Yes
SC,45,,45015,Berkeley,8306711,SCDHEC,0420-0006,South Carolina Generating Company,A M WILLIAMS STATION,Unit,211213,EPACAMD,3298CAMDUNITWIL5,3298;WIL5,3298,WIL5,4/28/2014,,Yes
SC,45,,45013,Beaufort,8306411,SCDHEC,0360-0006,Santee Cooper,SANTEE COOPER HILTON HEAD,Unit,212713,EPACAMD,3318CAMDUNITCT2,3318;CT2,3318,CT2,9/23/2011,,Yes
MI,26,,26163,Wayne,8522911,MIDEQ,B2185,City Of Detroit,DETROIT PUBLIC LIGHTING DEPARTMENT,Unit,242313,EPACAMD,1822CAMDUNIT6,1822;6,1822,6,9/23/2011,,Yes
MI,26,,26163,Wayne,8522911,MIDEQ,B2185,City Of Detroit,DETROIT PUBLIC LIGHTING DEPARTMENT,Unit,242513,EPACAMD,1822CAMDUNITGT-1,1822;GT-1,1822,GT-1,10/13/2014,,Yes
NC,37,,37155,Robeson,8491111,NCDAQ,3715500147,"Duke Energy Progress, LLC","Duke Energy Progress, LLC - W. H. Weatherspoon Plant",Unit,278813,EPACAMD,2716CAMDUNIT3,2716;3,2716,3,8/8/2011,,Yes
NC,37,,37153,Richmond,8490411,NCDAQ,3715300070,"Duke Energy Progress, LLC","Duke Energy Progress, LLC - Richmond County Turbines",Unit,281813,EPACAMD,7805CAMDUNIT2,7805;2,7805,2,8/8/2011,,Yes
NY,36,,36075,Oswego,8539211,NYDEC,7355600040,SITHE/INDEPENDENCE POWER PARTNERS LP,INDEPENDENCE STATION,Unit,461113,EPACAMD,54547CAMDUNIT4,54547;4,54547,4,8/15/2014,12/31/2049,Yes
OK,40,,40097,Mayes,8522311,OKDEQ,799,GRAND RIVER DAM AUTH,GRAND RIVER ENERGY CENTER,Unit,128893613,EPACAMD,165CAMDUNIT3,165;3,165,3,12/17/2018,,Yes
OR,41,,41059,Umatilla,8518911,ORDEQ,30-0113,"Hermiston Generating Company, L.P.","Hermiston Generating Company, L.P.",Unit,112412313,EPACAMD,54761CAMDUNIT1,54761;1,54761,1,4/29/2012,,Yes
NY,36,,36029,Erie,8504011,NYDEC,9146400130,HUNTLEY POWER LLC,HUNTLEY STEAM GENERATING STATION,Unit,550313,EPACAMD,2549CAMDUNIT65,2549;65,2549,65,12/6/2014,,Yes
NY,36,,36029,Erie,8504011,NYDEC,9146400130,HUNTLEY POWER LLC,HUNTLEY STEAM GENERATING STATION,Unit,550113,EPACAMD,2549CAMDUNIT63,2549;63,2549,63,12/6/2014,,Yes
NY,36,,36029,Erie,8504011,NYDEC,9146400130,HUNTLEY POWER LLC,HUNTLEY STEAM GENERATING STATION,Unit,550713,EPACAMD,2549CAMDUNIT67,2549;67,2549,67,8/14/2014,12/31/2049,Yes
GA,13,,13095,Dougherty,17945711,GADNR,9500109,,"Albany Green Energy, LLC",Unit,127308013,EPACAMD,60340CAMDUNITB0004,60340;B0004,60340,B0004,12/17/2018,,Yes
VA,51,,51019,Bedford,4183311,VADEQ,30389,GP Big Island LLC,GP Big Island LLC,Unit,32654613,EPACAMD,50479CAMDUNIT6,50479;6,50479,6,2/12/2018,,Yes
IN,18,,18165,Vermillion,4133511,INDEM,22,Na,Duke Energy Indiana LLC Vermillion Gene,Unit,33176113,EPACAMD,55111CAMDUNIT3,55111;3,55111,3,9/23/2011,,Yes
IN,18,,18165,Vermillion,4133511,INDEM,22,Na,Duke Energy Indiana LLC Vermillion Gene,Unit,33175713,EPACAMD,55111CAMDUNIT2,55111;2,55111,2,9/23/2011,,Yes
IA,19,,19179,Wapello,3732211,IADNR,90-07-001,IPL/ALLIANT ENERGY CO,IPL - OTTUMWA GENERATING STATION,Unit,124299813,EPACAMD,6254CAMDUNIT1,6254;1,6254,1,1/1/2016,,Yes
PA,42,,42107,Schuylkill,4105211,PADEP,421070054,NORTHEASTERN POWER CO,NORTHEASTERN POWER CO/MCADOO COGEN,Unit,67563513,EPACAMD,50039CAMDUNIT031,50039;031,50039,31,8/8/2011,,Yes
CO,8,,8107,Routt,4458511,CODPHE,CO0000000810700001,Public Service Company Of Colorado,PUBLIC SERVICE CO - HAYDEN PLT,Unit,36377313,EPACAMD,525CAMDUNITH2,525;H2,525,H2,8/8/2011,,Yes
GA,13,,13127,Glynn,3721111,GADNR,12700004,Georgia Power Company,Ga Power Company - Plant McManus,Unit,36834013,EPACAMD,715CAMDUNIT2,715;2,715,2,8/8/2011,,Yes
UT,49,,49049,Utah,12730611,UTDAQ,13031,PacifiCorp Energy,PacifiCorp Energy: Lake Side Power Plant,Unit,72103913,EPACAMD,56237CAMDUNITCT01,56237;CT01,56237,CT01,8/15/2014,,Yes
PA,42,,42029,Chester,2980011,PADEP,420290023,EXELON GENERATION CO LLC,EXELON GEN CO/CROMBY GEN STA,Unit,38531413,EPACAMD,3159CAMDUNIT2,3159;2,3159,2,8/8/2011,,Yes
PA,42,,42029,Chester,2980011,PADEP,420290023,EXELON GENERATION CO LLC,EXELON GEN CO/CROMBY GEN STA,Unit,38531013,EPACAMD,3159CAMDUNIT1,3159;1,3159,1,8/8/2011,,Yes
TX,48,,48029,Bexar,3000111,TXCEQ,3,CITY PUBLIC SERVICE BOARD,LEON CREEK PLANT,Unit,69916813,EPACAMD,3609CAMDUNITCGT2,3609;CGT2,3609,CGT2,10/13/2014,,Yes
CA,6,,6095,Solano,1391311,CARB,4816355409,"CALPEAK POWER - VACA DIXON, LLC","CALPEAK POWER - VACA DIXON, LLC",Unit,43318013,EPACAMD,55499CAMDUNITGT-1,55499;GT-1,55499,GT-1,11/6/2014,,Yes
IA,19,,19153,Polk,3164811,IADNR,77-13-002,MIDAMERICAN ENERGY COMPANY,MIDAMERICAN ENERGY CO - PLEASANT HILL/GDMEC,Unit,38775413,EPACAMD,7145CAMDUNIT2,7145;2,7145,2,7/24/2012,,Yes
IL,17,,17043,DuPage,3220911,ILEPA,043407AAF,,Aurora Generation LLC,Unit,39465813,EPACAMD,55279CAMDUNITAGS07,55279;AGS07,55279,AGS07,9/23/2011,,Yes
CO,8,,8013,Boulder,778211,CODPHE,CO0000000801300001,Black Hills Colorado LLC,PUBLIC SERVICE CO - VALMONT STATION,Unit,45916413,EPACAMD,477CAMDUNIT5,477;5,477,5,8/8/2011,,Yes
GA,13,,13237,Putnam,2532311,GADNR,23700008,Georgia Power Company,Ga Power Company - Plant Branch,Unit,40371213,EPACAMD,709CAMDUNIT4,709;4,709,4,8/8/2011,,Yes
DE,10,,10003,New Castle,2457411,DEDNR,1000300317,"Calpine Mid-Atlantic Generation, LLC",CHRISTIANA ENERGY CENTER,Unit,40424713,EPACAMD,591CAMDUNIT14,591;14,591,14,10/29/2014,,Yes
CT,9,,9009,New Haven,643411,CTBAM,T117P0551C08087,"PSEG POWER CT, LLC",PSEG FOSSIL LLC/ POWER CT LLC,Unit,107238213,EPACAMD,6156CAMDUNITNHHS2,6156;NHHS2,6156,NHHS2,10/9/2014,,Yes
FL,12,,12121,Suwannee,642811,FLDEP,1210003,Progress Energy Corporation,"DUKE ENERGY FLORIDA, LLC",Unit,46455213,EPACAMD,638CAMDUNIT3A,638;3A,638,3A,8/25/2014,12/31/2049,Yes
DE,10,,10003,New Castle,640311,DEDNR,1000300388,"Calpine Mid-Atlantic Generation, LLC",HAY ROAD ENERGY CENTER,Unit,46482213,EPACAMD,7153CAMDUNIT**3,7153;**3,7153,**3,8/8/2011,,Yes
DE,10,,10003,New Castle,640311,DEDNR,1000300388,"Calpine Mid-Atlantic Generation, LLC",HAY ROAD ENERGY CENTER,Unit,46482113,EPACAMD,7153CAMDUNIT2,7153;2,7153,2,8/8/2011,,Yes
FL,12,,12031,Duval,640211,FLDEP,310045,JEA,JEA-NORTHSIDE/SJRPP,Unit,46484413,EPACAMD,667CAMDUNITGT6,667;GT6,667,GT6,10/7/2014,,Yes
FL,12,,12071,Lee,922311,FLDEP,710002,Florida Power & Light Company,FLORIDA POWER & LIGHT,Unit,46494613,EPACAMD,612CAMDUNITFMCT2D,612;FMCT2D,612,FMCT2D,8/8/2011,,Yes
FL,12,,12071,Lee,922311,FLDEP,710002,Florida Power & Light Company,FLORIDA POWER & LIGHT,Unit,67302013,EPACAMD,612CAMDUNITGFM04,612;GFM04,612,GFM04,10/9/2014,,Yes
FL,12,,12071,Lee,922311,FLDEP,710002,Florida Power & Light Company,FLORIDA POWER & LIGHT,Unit,67302113,EPACAMD,612CAMDUNITGFM05,612;GFM05,612,GFM05,10/9/2014,,Yes
AL,1,,1129,Washington,1028911,ADEM,12,"Alabama Electric Cooperative, Inc",PowerSouth Energy Cooperative Inc,Unit,83310513,EPACAMD,7063CAMDUNIT**2,7063;**2,7063,**2,6/6/2014,,Yes
AL,1,,1129,Washington,1028611,ADEM,1,"Alabama Electric Cooperative, Inc",PowerSouth Energy Cooperative Inc,Unit,46970513,EPACAMD,56CAMDUNIT1,56;1,56,1,8/8/2011,,Yes
AL,1,,1081,Lee,953511,ADEM,36,Georgia Power Company,Southern Power Company,Unit,83316413,EPACAMD,7710CAMDUNIT2A,7710;2A,7710,2A,8/8/2011,,Yes
OK,40,,40107,Okfuskee,933911,OKDEQ,216,PUBLIC SERVICE COMPANY OF OKLAHOMA,PSO WELEETKA POWER STATION,Unit,47383713,EPACAMD,2966CAMDUNIT4,2966;4,2966,4,5/28/2017,,Yes
CA,6,,6067,Sacramento,13841411,CARB,3416243456,SMUD COSUMNES POWER PLANT,SMUD COSUMNES POWER PLANT,Unit,84720713,EPACAMD,55970CAMDUNIT3,55970;3,55970,3,7/22/2012,,Yes
DE,10,,10001,Kent,2800411,DEDNR,1000100076,City of Dover,VanSant Generating Station,Unit,41318913,EPACAMD,7318CAMDUNIT**11,7318;**11,7318,**11,11/6/2014,,Yes
AZ,4,,4013,Maricopa,546011,AZMCAQD,2126,Arlington Valley LLC,Arlington Valley LLC,Unit,48317013,EPACAMD,55282CAMDUNITCTG2,55282;CTG2,55282,CTG2,8/8/2013,,Yes
CA,6,,6073,San Diego,13562611,CARB,3712278013,SAN DIEGO GAS & ELECTRIC,SDG&E PALOMAR ENERGY CENTER,Unit,78684513,EPACAMD,55985CAMDUNITCTG2,55985;CTG2,55985,CTG2,8/8/2011,,Yes
FL,12,,12097,Osceola,1950911,FLDEP,970014,Progress Energy Corporation,"DUKE ENERGY FLORIDA, LLC",Unit,41857313,EPACAMD,8049CAMDUNIT2A,8049;2A,8049,2A,10/3/2014,12/31/2049,Yes
FL,12,,12097,Osceola,1950911,FLDEP,970014,Progress Energy Corporation,"DUKE ENERGY FLORIDA, LLC",Unit,41858013,EPACAMD,8049CAMDUNIT3A,8049;3A,8049,3A,10/3/2014,12/31/2049,Yes
FL,12,,12097,Osceola,1950911,FLDEP,970014,Progress Energy Corporation,"DUKE ENERGY FLORIDA, LLC",Unit,41858213,EPACAMD,8049CAMDUNIT6A,8049;6A,8049,6A,10/3/2014,12/31/2049,Yes
FL,12,,12097,Osceola,1950911,FLDEP,970014,Progress Energy Corporation,"DUKE ENERGY FLORIDA, LLC",Unit,41856913,EPACAMD,8049CAMDUNIT4B,8049;4B,8049,4B,10/3/2014,12/31/2049,Yes
FL,12,,12097,Osceola,1950911,FLDEP,970014,Progress Energy Corporation,"DUKE ENERGY FLORIDA, LLC",Unit,41857413,EPACAMD,8049CAMDUNIT**7,8049;**7,8049,**7,8/8/2011,,Yes
CA,6,,6013,Contra Costa,150711,CARB,7130312095,DELTA ENERGY CENTER,DELTA ENERGY CENTER,Unit,51454413,EPACAMD,55333CAMDUNIT1,55333;1,55333,1,8/8/2011,,Yes
NC,37,,37007,Anson,10616211,NCDAQ,3700700050,North Carolina Electric Membership Corporation,NCEMC - Anson Plant,Unit,74982813,EPACAMD,56249CAMDUNITES3-A,56249;ES3-A,56249,ES3-A,8/14/2014,12/31/2049,Yes
NC,37,,37007,Anson,10616211,NCDAQ,3700700050,North Carolina Electric Membership Corporation,NCEMC - Anson Plant,Unit,74982813,EPACAMD,56249CAMDUNITES1-A,56249;ES1-A,56249,ES1-A,8/14/2014,12/31/2049,Yes
NC,37,,37153,Richmond,10631811,NCDAQ,3715300082,North Carolina Electric Membership Corporation,NCEMC - Hamlet Plant,Unit,74982313,EPACAMD,56292CAMDUNITES1-B,56292;ES1-B,56292,ES1-B,8/14/2014,12/31/2049,Yes
NC,37,,37153,Richmond,10631811,NCDAQ,3715300082,North Carolina Electric Membership Corporation,NCEMC - Hamlet Plant,Unit,74982313,EPACAMD,56292CAMDUNITES4-B,56292;ES4-B,56292,ES4-B,8/14/2014,12/31/2049,Yes
VA,51,,51181,Surry,4937411,VADEQ,50336,Dominion - Gravel Neck CT Station,Surry Power Station and Gravel Neck,Unit,32379213,EPACAMD,7032CAMDUNIT5,7032;5,7032,5,9/30/2014,12/31/2049,Yes
VA,51,,51181,Surry,4937411,VADEQ,50336,Dominion - Gravel Neck CT Station,Surry Power Station and Gravel Neck,Unit,32379213,EPACAMD,7032CAMDUNIT4,7032;4,7032,4,9/30/2014,12/31/2049,Yes
GA,13,,13087,Decatur,15498211,GADNR,8700053,,Bainbridge Power Facility,Unit,97049613,EPACAMD,56015CAMDUNITP2B,56015;P2B,56015,P2B,10/29/2014,12/31/2049,Yes
GA,13,,13303,Washington,15502311,GADNR,30300040,,AL Sandersville,Unit,97057513,EPACAMD,55672CAMDUNITCT4,55672;CT4,55672,CT4,1/6/2014,,Yes
GA,13,,13233,Polk,15602211,GADNR,23300042,,Sewell Creek Energy Facility,Unit,98381013,EPACAMD,7813CAMDUNIT3,7813;3,7813,3,4/10/2014,,Yes
AZ,4,,4001,Apache,7735111,AZDEQ,3222,TUCSON ELECTRIC POWER CO,TUCSON ELECTRIC POWER CO - SPRINGERVILLE,Unit,2902713,EPACAMD,8223CAMDUNIT1,8223;1,8223,1,8/8/2011,,Yes
TX,48,,48187,Guadalupe,7720411,TXCEQ,13,CITY PUBLIC SERVICE BOARD,RIO NOGALES POWER PLANT,Unit,2930413,EPACAMD,55137CAMDUNITCTG-3,55137;CTG-3,55137,CTG-3,8/8/2011,,Yes
MA,25,,25001,Barnstable,7718511,MADEP,1200054,STONEPEAK INFRASTRUCTURE FUND II (AIV) LP,CANAL GENERATING LLC,Unit,87718813,EPACAMD,1599CAMDUNIT2,1599;2,1599,2,8/8/2011,,Yes
MI,26,,26163,Wayne,7902611,MIDEQ,B2132,Department of Municipal Service,WYANDOTTE DEPT MUNI POWER PLANT,Unit,3280113,EPACAMD,1866CAMDUNIT5,1866;5,1866,5,9/24/2014,,Yes
NY,36,,36103,Suffolk,9318011,NYDEC,1472204141,NATIONAL GRID PORT JEFFERSON ENERGY CENTER LLC,PORT JEFFERSON ENERGY CENTER,Unit,55407613,EPACAMD,2517CAMDUNITUGT002,2517;UGT002,2517,UGT002,12/6/2014,12/31/2049,Yes
NY,36,,36047,Kings,9326011,NYDEC,2610200482,NEW YORK POWER AUTHORITY,23RD AND 3RD PLANT,Unit,55489013,EPACAMD,7910CAMDUNIT2301,7910;2301,7910,2301,10/29/2014,12/31/2049,Yes
NY,36,,36047,Kings,9326111,NYDEC,2610101077,NEW YORK POWER AUTHORITY,N 1ST STREET PLANT,Unit,55488913,EPACAMD,7915CAMDUNITNO1,7915;NO1,7915,NO1,10/29/2014,,Yes
NY,36,,36081,Queens,9333511,NYDEC,2630401377,NEW YORK POWER AUTHORITY,VERNON BLVD PLANT,Unit,55487013,EPACAMD,7909CAMDUNITVB02,7909;VB02,7909,VB02,10/29/2014,12/31/2049,Yes
NC,37,,37109,Lincoln,7731511,NCDAQ,3710900082,"Duke Energy Carolinas, LLC",Duke Energy Corporation LCTS,Unit,3480013,EPACAMD,7277CAMDUNIT2,7277;2,7277,2,8/14/2014,12/31/2049,Yes
NC,37,,37109,Lincoln,7731511,NCDAQ,3710900082,"Duke Energy Carolinas, LLC",Duke Energy Corporation LCTS,Unit,3480013,EPACAMD,7277CAMDUNIT11,7277;11,7277,11,8/14/2014,12/31/2049,Yes
NC,37,,37109,Lincoln,7731511,NCDAQ,3710900082,"Duke Energy Carolinas, LLC",Duke Energy Corporation LCTS,Unit,3480013,EPACAMD,7277CAMDUNIT1,7277;1,7277,1,8/14/2014,12/31/2049,Yes
AL,1,,1127,Walker,7917311,ADEM,1,Alabama Power Company,Alabama Power Company-Gorgas,Unit,3532013,EPACAMD,8CAMDUNIT9,8;9,8,9,8/8/2011,,Yes
AL,1,,1103,Morgan,7916011,ADEM,79,"Decatur Energy Center, LLC",Decatur Energy Center LLC,Unit,83264213,EPACAMD,55292CAMDUNITCTG-3,55292;CTG-3,55292,CTG-3,8/8/2011,,Yes
PA,42,,42017,Bucks,8004311,PADEP,420170006,CONSTELLATION ENERGY GENERATION LLC,EXELON GENERATION CO/CROYDON GEN STA,Unit,5056913,EPACAMD,8012CAMDUNIT42,8012;42,8012,42,8/17/2014,,Yes
NJ,34,,34039,Union,7990011,NJDEP,41809,Cogen Technologies Linden Venture,"Cogen Technologies Linden Venture, L.P.",Unit,5104913,EPACAMD,50006CAMDUNIT008001,50006;008001,50006,8001,8/8/2011,,Yes
NJ,34,,34033,Salem,7988911,NJDEP,65497,Pedricktown Cogeneration Co LP,Pedricktown Cogeneration Plant,Unit,5127913,EPACAMD,10099CAMDUNIT001001,10099;001001,10099,1001,8/11/2017,,Yes
OK,40,,40109,Oklahoma,8185411,OKDEQ,1208,OG AND E,HORSESHOE LAKE GENERATING STATION,Unit,5363013,EPACAMD,2951CAMDUNIT8,2951;8,2951,8,8/8/2011,,Yes
CA,6,,6073,San Diego,17193711,CARB,37122710882,OTAY MESA ENERGY CENTER LLC,OTAY MESA ENERGY CENTER LLC,Unit,118707813,EPACAMD,55345CAMDUNITCTG-2,55345;CTG-2,55345,CTG-2,9/10/2018,,No
CA,6,,6037,Los Angeles,17216311,CARB,1.91E+11,"WALNUT CREEK ENERGY, LLC","WALNUT CREEK ENERGY, LLC",Unit,118956513,EPACAMD,57515CAMDUNITGT1,57515;GT1,57515,GT1,5/25/2017,,Yes
TX,48,,48201,Harris,6429511,TXCEQ,386,CLEAR LAKE COGENERATION LP,CLEAR LAKE COGENERATION,Unit,16630313,EPACAMD,10741CAMDUNITG103,10741;G103,10741,G103,8/8/2011,,Yes
TX,48,,48201,Harris,6429411,TXCEQ,387,ODYSSEY ENERGY ALTURA COGEN LLC,ALTURA COGEN,Unit,16632013,EPACAMD,50815CAMDUNITENG601,50815;ENG601,50815,ENG601,8/8/2011,,Yes
TX,48,,48201,Harris,6429411,TXCEQ,387,ODYSSEY ENERGY ALTURA COGEN LLC,ALTURA COGEN,Unit,16632513,EPACAMD,50815CAMDUNITENG501,50815;ENG501,50815,ENG501,8/8/2011,,Yes
MI,26,,26163,Wayne,6441111,MIDEQ,M4854,Wolverine Power Supply Cooperative Inc.,Sumpter Generating Plant,Unit,16724713,EPACAMD,7972CAMDUNIT3,7972;3,7972,3,9/23/2011,,Yes
TX,48,,48201,Harris,6422111,TXCEQ,1474,PASADENA COGENERATION LP,PASADENA COGENERATION,Unit,16816813,EPACAMD,55047CAMDUNITCG-1,55047;CG-1,55047,CG-1,8/8/2011,,Yes
TX,48,,48201,Harris,6422111,TXCEQ,1474,PASADENA COGENERATION LP,PASADENA COGENERATION,Unit,16817013,EPACAMD,55047CAMDUNITCG-2,55047;CG-2,55047,CG-2,8/8/2011,,Yes
WV,54,,54053,Mason,6760711,WVDAQ,1,Appalachian Power Company,APPALACHIAN POWER CO.-PHILIP SPORN PLANT,Unit,71715313,EPACAMD,3938CAMDUNIT21,3938;21,3938,21,8/8/2011,,Yes
WV,54,,54053,Mason,6760711,WVDAQ,1,Appalachian Power Company,APPALACHIAN POWER CO.-PHILIP SPORN PLANT,Unit,71715613,EPACAMD,3938CAMDUNIT51,3938;51,3938,51,8/8/2011,,Yes
CA,6,,6075,San Francisco,7110611,CARB,38130326,"GENON POTRERO LLC, POTRERO GEN","NRG POTRERO, LLC",Unit,15082113,EPACAMD,273CAMDUNIT3-1,273;3-1,273,1-Mar,8/8/2011,,Yes
CA,6,,6073,San Diego,10098711,CARB,3712277630,WILDFLOWER ENERGY LP/LARKSPUR,LARKSPUR ENERGY FACILITY,Unit,54010913,EPACAMD,55542CAMDUNIT2,55542;2,55542,2,10/4/2014,,Yes
NJ,34,,34011,Cumberland,7201811,NJDEP,75507,Vineland Municipal Electric Utility,VMEU - Down Station,Unit,66307513,EPACAMD,2434CAMDUNITU11,2434;U11,2434,U11,12/6/2014,,Yes
PA,42,,42129,Westmoreland,18895511,PADEP,421290248,TENASKA PA PARTNERS LLC,TENASKA PA PARTNERS/WESTMORELAND GEN FAC,Unit,135441213,EPACAMD,60464CAMDUNIT102,60464;102,60464,102,4/27/2020,,Yes
PA,42,,42069,Lackawanna,18896111,PADEP,420690135,LACKAWANNA ENERGY CTR LLC,LACKAWANNA ENERGY CTR LLC/JESSUP,Unit,135449613,EPACAMD,60357CAMDUNIT3,60357;3,60357,3,1/25/2021,,Yes
TN,47,,47157,Shelby,18912511,MSC_HD,1280,Tennessee Valley Authority (TVA),TVA-Allen Combined Cycle Plant,Unit,137605113,EPACAMD,3393CAMDUNITACC1,3393;ACC1,3393,ACC1,5/29/2021,,Yes
MO,29,,29019,Boone,6345611,MODNR,105,Ameren Energy Generating Company,COLUMBIA ENERGY CENTER PEABODY ROAD,Unit,15427813,EPACAMD,55447CAMDUNITCT03,55447;CT03,55447,CT03,10/8/2014,12/31/2049,Yes
WI,55,,55079,Milwaukee,6330411,WIDNR,241007690,Wisconsin Electric Power Company,WE ENERGIES-OAK CREEK Power Plant,Unit,15438713,EPACAMD,4041CAMDUNIT5,4041;5,4041,5,8/8/2011,,Yes
NJ,34,,34013,Essex,7478411,NJDEP,7627,PSEG Fossil LLC,PSEG FOSSIL LLC ESSEX GENERATING STATION,Unit,11647113,EPACAMD,2401CAMDUNIT12001,2401;12001,2401,12001,8/15/2014,12/31/2049,Yes
NJ,34,,34013,Essex,7478411,NJDEP,7627,PSEG Fossil LLC,PSEG FOSSIL LLC ESSEX GENERATING STATION,Unit,11647413,EPACAMD,2401CAMDUNIT14001,2401;14001,2401,14001,8/15/2014,12/31/2049,Yes
NJ,34,,34013,Essex,7478411,NJDEP,7627,PSEG Fossil LLC,PSEG FOSSIL LLC ESSEX GENERATING STATION,Unit,11647413,EPACAMD,2401CAMDUNIT18001,2401;18001,2401,18001,8/15/2014,12/31/2049,Yes
NJ,34,,34013,Essex,7478411,NJDEP,7627,PSEG Fossil LLC,PSEG FOSSIL LLC ESSEX GENERATING STATION,Unit,11647013,EPACAMD,2401CAMDUNIT35001,2401;35001,2401,35001,8/17/2014,,Yes
NJ,34,,34011,Cumberland,7462211,NJDEP,75512,Conectiv Atlantic Generation LLC,Carlls Energy Center,Unit,66041613,EPACAMD,2379CAMDUNIT003001,2379;003001,2379,3001,12/9/2014,12/31/2019,No
MO,29,,29095,Jackson,7668211,MODNR,139,Na,EVERGY INC GREENWOOD GENERATING STATION,Unit,11760313,EPACAMD,6074CAMDUNIT2,6074;2,6074,2,5/31/2018,,Yes
MO,29,,29095,Jackson,7668211,MODNR,139,Na,EVERGY INC GREENWOOD GENERATING STATION,Unit,11760413,EPACAMD,6074CAMDUNIT3,6074;3,6074,3,5/31/2018,,Yes
AL,1,,1121,Talladega,10535111,ADEM,57,,Alabama Municipal Electric Authority,Unit,52230313,EPACAMD,56018CAMDUNIT2,56018;2,56018,2,10/12/2014,,Yes
AL,1,,1121,Talladega,10535111,ADEM,57,,Alabama Municipal Electric Authority,Unit,52230213,EPACAMD,56018CAMDUNIT1,56018;1,56018,1,10/12/2014,,Yes
MS,28,,28075,Lauderdale,7155511,MSDEQ,2807500032,AI001281,"MISSISSIPPI POWER COMPANY, PLANT SWEATT",Unit,14073113,EPACAMD,2048CAMDUNITCTA,2048;CTA,2048,CTA,11/5/2014,12/31/2049,Yes
MS,28,,28073,Lamar,7154411,MSDEQ,2807300021,AI001104,"COOPERATIVE ENERGY, A MISSISSIPPI ELECTR",Unit,14081213,EPACAMD,6061CAMDUNIT1,6061;1,6061,1,8/8/2011,,Yes
MS,28,,28067,Jones,7139511,MSDEQ,2806700035,AI005099,"COOPERATIVE ENERGY, MOSELLE GENERATING P",Unit,14101713,EPACAMD,2070CAMDUNIT**4,2070;**4,2070,**4,8/8/2011,,Yes
MN,27,,27037,Dakota,6276011,MNPCA,2703700015,,Xcel Energy - Inver Hills Generating Plant,Unit,15795013,EPACAMD,1913CAMDUNIT1,1913;1,1913,1,9/24/2014,,Yes
MN,27,,27037,Dakota,6276011,MNPCA,2703700015,,Xcel Energy - Inver Hills Generating Plant,Unit,15794713,EPACAMD,1913CAMDUNIT4,1913;4,1913,4,9/24/2014,,Yes
VA,51,,51083,Halifax,6160611,VADEQ,30867,Dominion/ODEC  - Clover Power Station,Dominion/ODEC - Clover Power Station,Unit,15869213,EPACAMD,7213CAMDUNIT2,7213;2,7213,2,8/8/2011,,Yes
TX,48,,48201,Harris,21432611,TXCEQ,2067,HO CLARKE GENERATING LLC,HO CLARKE GENERATING,Unit,156205713,EPACAMD,63335CAMDUNITCT-6,63335;CT-6,63335,CT-6,2/20/2023,,Yes
TX,48,,48201,Harris,21432611,TXCEQ,2067,HO CLARKE GENERATING LLC,HO CLARKE GENERATING,Unit,156205813,EPACAMD,63335CAMDUNITCT-7,63335;CT-7,63335,CT-7,2/20/2023,,Yes
NC,37,,37145,Person,7826311,NCDAQ,3714500056,CPI USA North Carolina LLC,CPI USA North Carolina LLC,Unit,2212213,EPACAMD,10379CAMDUNITBLR01B,10379;BLR01B,10379,BLR01B,8/14/2014,12/31/2049,Yes
IL,17,,17127,Massac,7808911,ILEPA,127855AAC,"Electric Energy, Inc",Electric Energy Inc,Unit,2230713,EPACAMD,887CAMDUNIT4,887;4,887,4,8/8/2011,,Yes
IL,17,,17127,Massac,7808911,ILEPA,127855AAC,"Electric Energy, Inc",Electric Energy Inc,Unit,2230613,EPACAMD,887CAMDUNIT5,887;5,887,5,8/8/2011,,Yes
IL,17,,17127,Massac,7808911,ILEPA,127855AAC,"Electric Energy, Inc",Electric Energy Inc,Unit,2230813,EPACAMD,887CAMDUNIT1,887;1,887,1,8/8/2011,,Yes
IL,17,,17127,Massac,7808911,ILEPA,127855AAC,"Electric Energy, Inc",Electric Energy Inc,Unit,2231013,EPACAMD,887CAMDUNIT2,887;2,887,2,8/8/2011,,Yes
IL,17,,17119,Madison,7791011,ILEPA,119020AAE,Dynegy Midwest Generation,Wood River,Unit,2330513,EPACAMD,898CAMDUNIT3,898;3,898,3,11/3/2014,12/31/2049,Yes
IL,17,,17119,Madison,7791011,ILEPA,119020AAE,Dynegy Midwest Generation,Wood River,Unit,2330613,EPACAMD,898CAMDUNIT5,898;5,898,5,8/8/2011,,Yes
NM,35,,35001,Bernalillo,7532111,NMCOA,11,Public Service Company of New Mexico,Reeves Generating Station,Unit,12669113,EPACAMD,2450CAMDUNIT1,2450;1,2450,1,8/8/2011,,Yes
WI,55,,55087,Outagamie,14992311,WIDNR,445032830,,WPPI ENERGY - KAUKAUNA TURBINES,Unit,91453413,EPACAMD,55836CAMDUNIT1B,55836;1B,55836,1B,11/1/2014,12/31/2049,Yes
CA,6,,6037,Los Angeles,5635111,CARB,1.91E+11,"GLENDALE CITY, GLENDALE WATER & POWER","GLENDALE CITY, GLENDALE WATER & POWER",Unit,85700113,EPACAMD,377CAMDUNIT5,377;5,377,5,9/23/2011,,Yes
TX,48,,48039,Brazoria,5632311,TXCEQ,135,SWEENY COGENERATION LP,SWEENY COGENERATION FACILITY,Unit,21217913,EPACAMD,55015CAMDUNIT4,55015;4,55015,4,5/22/2013,,Yes
TX,48,,48039,Brazoria,5632311,TXCEQ,135,SWEENY COGENERATION LP,SWEENY COGENERATION FACILITY,Unit,21218713,EPACAMD,55015CAMDUNIT2,55015;2,55015,2,5/22/2013,,Yes
TX,48,,48035,Bosque,5617311,TXCEQ,2,CALPINE BOSQUE ENERGY CENTER LLC,BOSQUE COUNTY POWER PLANT WHITNEY,Unit,21254913,EPACAMD,55172CAMDUNITGT-1,55172;GT-1,55172,GT-1,9/23/2011,,Yes
TX,48,,48029,Bexar,5617211,TXCEQ,63,CITY PUBLIC SERVICE BOARD,CALAVERAS PLANT,Unit,21259413,EPACAMD,3611CAMDUNIT1,3611;1,3611,1,8/8/2011,,Yes
TX,48,,48029,Bexar,5616511,TXCEQ,5,CITY PUBLIC SERVICE BOARD,VH BRAUNIG PLANT,Unit,21290513,EPACAMD,3612CAMDUNIT2,3612;2,3612,2,8/8/2011,,Yes
VA,51,,51580,Covington city,5798711,VADEQ,20328,,WESTROCK VIRGINIA CORP,Unit,21498213,EPACAMD,50900CAMDUNIT001,50900;001,50900,1,4/21/2017,,Yes
CA,6,,6037,Los Angeles,5796711,CARB,1.91E+11,"LA CITY, DWP HAYNES GENERATING STATION","LA CITY, DWP HAYNES GENERATING STATION",Unit,21563513,EPACAMD,400CAMDUNIT2,400;2,400,2,9/23/2011,1/1/2013,Yes
CA,6,,6037,Los Angeles,5796711,CARB,1.91E+11,"LA CITY, DWP HAYNES GENERATING STATION","LA CITY, DWP HAYNES GENERATING STATION",Unit,119397613,EPACAMD,400CAMDUNIT9,400;9,400,9,5/25/2017,,Yes
TX,48,,48409,San Patricio,5780011,TXCEQ,52,GREGORY POWER PARTNERS LP,GREGORY POWER FACILITY,Unit,21678413,EPACAMD,55086CAMDUNIT102,55086;102,55086,102,8/8/2011,,Yes
MD,24,,24025,Harford,6131311,MDDOE,025-0024,"Constellation Power Source Generation, Inc.",Constellation Power - Perryman Power Plant,Unit,112060913,EPACAMD,1556CAMDUNIT6-2,1556;6-2,1556,2-Jun,5/30/2017,,Yes
MD,24,,24003,Anne Arundel,6084311,MDDOE,003-0468,"Constellation Power Source Generation, Inc.",Raven Power Fort Smallwood LLC,Unit,87886213,EPACAMD,1554CAMDUNIT3,1554;3,1554,3,8/8/2011,,Yes
LA,22,,22001,Acadia,6082711,LADEQ08,83623,Cleco Power LLC,Cleco Power LLC - Acadia Power Station,Unit,80439313,EPACAMD,55173CAMDUNITCT3,55173;CT3,55173,CT3,8/8/2011,,Yes
LA,22,,22001,Acadia,6082711,LADEQ08,83623,Cleco Power LLC,Cleco Power LLC - Acadia Power Station,Unit,80439113,EPACAMD,55173CAMDUNITCT4,55173;CT4,55173,CT4,8/8/2011,,Yes
KY,21,,21233,Webster,6067211,KYDAQ,2123300001,Western Ky Energy Corp,Big Rivers Electric Corp - Reid HMP&L Station 2,Unit,83024613,EPACAMD,1383CAMDUNITRT,1383;RT,1383,RT,8/8/2011,,Yes
IN,18,,18125,Pike,4672011,INDEM,1,Na,HOOSIER ENERGY REC INC    FRANK E  RATT,Unit,28364613,EPACAMD,1043CAMDUNIT1SG1,1043;1SG1,1043,1SG1,8/8/2011,,Yes
KY,21,,21167,Mercer,5933111,KYDAQ,2116700001,Louisville Gas And Electric Company,KY Utilities Co - Brown Station,Unit,86760113,EPACAMD,1355CAMDUNIT5,1355;5,1355,5,10/1/2014,,Yes
KY,21,,21183,Ohio,5561611,KYDAQ,2118300069,Western Kentucky Energy Corporation,Big Rivers Electric Corp - Wilson Station,Unit,86766113,EPACAMD,6823CAMDUNITW1,6823;W1,6823,W1,8/8/2011,,Yes
KY,21,,21049,Clark,5523111,KYDAQ,2104900003,East Kentucky Power Cooperative,East KY Power Coop - Dale Station,Unit,26663713,EPACAMD,1385CAMDUNIT4,1385;4,1385,4,8/8/2011,,Yes
LA,22,,22051,Jefferson,5521211,LADEQ08,2841,Entergy Louisiana LLC,Entergy Louisiana LLC - Ninemile Point Electric Generating Plant,Unit,80539313,EPACAMD,1403CAMDUNIT3,1403;3,1403,3,8/2/2011,12/31/2049,Yes
LA,22,,22051,Jefferson,5521211,LADEQ08,2841,Entergy Louisiana LLC,Entergy Louisiana LLC - Ninemile Point Electric Generating Plant,Unit,122066513,EPACAMD,1403CAMDUNIT6B,1403;6B,1403,6B,12/30/2049,12/31/2049,Yes
LA,22,,22047,Iberville,5519911,LADEQ08,51854,Carville Energy LLC,Carville Energy LLC - Carville Energy Center,Unit,80913313,EPACAMD,55404CAMDUNITCOG01,55404;COG01,55404,COG01,8/8/2011,,Yes
TX,48,,48453,Travis,5021711,TXCEQ,2,CITY OF AUSTIN ELECTRIC UTILITY DEPARTMENT DBA AUSTIN ENERGY,DECKER CREEK POWER PLANT,Unit,28728213,EPACAMD,3548CAMDUNITGT-3B,3548;GT-3B,3548,GT-3B,8/21/2014,,Yes
TX,48,,48453,Travis,5021711,TXCEQ,2,CITY OF AUSTIN ELECTRIC UTILITY DEPARTMENT DBA AUSTIN ENERGY,DECKER CREEK POWER PLANT,Unit,28728313,EPACAMD,3548CAMDUNITGT-2A,3548;GT-2A,3548,GT-2A,8/21/2014,,Yes
CA,6,,6073,San Diego,5003111,CARB,37122772,DYNEGY SOUTH BAY,DYNEGY SOUTH BAY LLC,Unit,86028313,EPACAMD,310CAMDUNIT4,310;4,310,4,8/8/2011,,Yes
PA,42,,42133,York,4966111,PADEP,421330016,PIXELLE SPECIALTY SOLUTIONS LLC,PIXELLE SPEC SOLUTIONS LLC/SPRING GROVE,Unit,28926613,EPACAMD,50397CAMDUNIT034,50397;034,50397,34,8/8/2011,,Yes
SD,46,,46051,Grant,4962811,SDDENR,28.0801-29,,Otter Tail Power Company,Unit,30069713,EPACAMD,6098CAMDUNIT1,6098;1,6098,1,8/8/2011,,Yes
IN,18,,18157,Tippecanoe,4912511,INDEM,12,Na,PURDUE UNIVERSITY,Unit,30461713,EPACAMD,50240CAMDUNIT2,50240;2,50240,2,8/8/2011,,Yes
IN,18,,18157,Tippecanoe,4912511,INDEM,12,Na,PURDUE UNIVERSITY,Unit,30461613,EPACAMD,50240CAMDUNIT1,50240;1,50240,1,8/8/2011,,Yes
CT,9,,9003,Hartford,2673411,CTBAM,T053P0009C00130,Raytheon Technologies Corporation,PRATT & WHITNEY DIV UTC,Unit,40876913,EPACAMD,54605CAMDUNIT001,54605;001,54605,1,6/11/2013,,Yes
TX,48,,48135,Ector,13408111,TXCEQ,134,QUAIL RUN ENERGY PARTNERS LP,QUAIL RUN ENERGY CENTER,Unit,70291113,EPACAMD,56349CAMDUNITCT2A,56349;CT2A,56349,CT2A,7/21/2012,,Yes
TX,48,,48135,Ector,13408111,TXCEQ,134,QUAIL RUN ENERGY PARTNERS LP,QUAIL RUN ENERGY CENTER,Unit,70290913,EPACAMD,56349CAMDUNITCT1B,56349;CT1B,56349,CT1B,7/21/2012,,Yes
IL,17,,17031,Cook,1731811,ILEPA,031600AMI,Midwest Generation LLC,Fisk Electric Generating Station,Unit,41553613,EPACAMD,886CAMDUNIT322,886;322,886,322,10/7/2014,12/31/2049,Yes
IL,17,,17031,Cook,1731811,ILEPA,031600AMI,Midwest Generation LLC,Fisk Electric Generating Station,Unit,41553613,EPACAMD,886CAMDUNIT321,886;321,886,321,10/7/2014,12/31/2049,Yes
IL,17,,17031,Cook,1731811,ILEPA,031600AMI,Midwest Generation LLC,Fisk Electric Generating Station,Unit,41553613,EPACAMD,886CAMDUNIT311,886;311,886,311,10/7/2014,12/31/2049,Yes
IL,17,,17025,Clay,1945711,ILEPA,025803AAD,Union Electric Company,Ameren Services,Unit,88610713,EPACAMD,55417CAMDUNITCT-03,55417;CT-03,55417,CT-03,9/30/2014,,Yes
TX,48,,48449,Titus,4164411,TXCEQ,5,SOUTHWESTERN ELECTRIC POWER COMPANY,WELSH POWER PLANT,Unit,33937013,EPACAMD,6139CAMDUNIT1,6139;1,6139,1,8/8/2011,,Yes
TX,48,,48149,Fayette,4144811,TXCEQ,5,LOWER COLORADO RIVER AUTHORITY,FAYETTE POWER PROJECT,Unit,34062013,EPACAMD,6179CAMDUNIT1,6179;1,6179,1,8/8/2011,,Yes
CA,6,,6099,Stanislaus,1218311,CARB,5014303299,TURLOCK IRRIGATION DISTRICT,Almond Power Plant,Unit,121055213,EPACAMD,7315CAMDUNIT3,7315;3,7315,3,4/18/2018,,Yes
CA,6,,6099,Stanislaus,1218011,CARB,5014303233,MODESTO IRRIGATION DISTRICT,MODESTO IRRIGATION DISTRICT-woodland,Unit,43846313,EPACAMD,7266CAMDUNIT1,7266;1,7266,1,11/1/2014,,Yes
CA,6,,6037,Los Angeles,13909011,CARB,1.91E+11,"LA CITY, DWP SCATTERGOOD GENERATING STN","LA CITY, DWP SCATTERGOOD GENERATING STN",Unit,85871813,EPACAMD,404CAMDUNIT1,404;1,404,1,9/23/2011,,Yes
CO,8,,8001,Adams,1621811,CODPHE,CO0000000800101349,"Tri-State G & T Association, Inc.",TRI-STATE GENERATION & TRANS - F.KNUTSON,Unit,44307413,EPACAMD,55505CAMDUNITBR1,55505;BR1,55505,BR1,10/9/2014,,Yes
IA,19,,19127,Marshall,3779111,IADNR,64-01-012,INTERSTATE POWER AND LIGHT COMPANY,IPL - MARSHALLTOWN GENERATING STATION,Unit,37006513,EPACAMD,1068CAMDUNIT2B,1068;2B,1068,2B,4/18/2014,,Yes
IA,19,,19127,Marshall,3779111,IADNR,64-01-012,INTERSTATE POWER AND LIGHT COMPANY,IPL - MARSHALLTOWN GENERATING STATION,Unit,37006813,EPACAMD,1068CAMDUNIT1A,1068;1A,1068,1A,4/18/2014,,Yes
TX,48,,48167,Galveston,3930911,TXCEQ,52,TEXAS CITY COGENERATION LLC,TEXAS CITY COGENERATION,Unit,37403513,EPACAMD,52088CAMDUNITGT-C,52088;GT-C,52088,GT-C,8/8/2011,,Yes
CA,6,,6085,Santa Clara,743011,CARB,43130311180,CALPINE GILROY COGEN LP & GILROY ENERGY CENTER LLC,CALPINE GILROY COGEN LP & GILROY ENERGY CENTER LLC,Unit,45722413,EPACAMD,55810CAMDUNITS-3,55810;S-3,55810,S-3,10/9/2014,,Yes
AR,5,,5119,Pulaski,210811,ARDEQ,511901380,Arkansas Electric Cooperative Corporation,ARK ELEC CO-OP-OSWALD GENERATING STATION,Unit,63447213,EPACAMD,55221CAMDUNITG6,55221;G6,55221,G6,5/22/2013,,Yes
TX,48,,48201,Harris,6509911,TXCEQ,1536,DEER PARK ENERGY CENTER LLC,DEER PARK ENERGY CENTER,Unit,17460913,EPACAMD,55464CAMDUNITCTG3,55464;CTG3,55464,CTG3,8/8/2011,,Yes
TX,48,,48201,Harris,6509911,TXCEQ,1536,DEER PARK ENERGY CENTER LLC,DEER PARK ENERGY CENTER,Unit,17461013,EPACAMD,55464CAMDUNITCTG4,55464;CTG4,55464,CTG4,8/8/2011,,Yes
TX,48,,48361,Orange,6509111,TXCEQ,63,PERFORMANCE MATERIALS NA INC,SABINE RIVER OPERATIONS COGEN,Unit,17474813,EPACAMD,55120CAMDUNITCTG-2,55120;CTG-2,55120,CTG-2,8/8/2011,,Yes
TX,48,,48139,Ellis,6494211,TXCEQ,59,MIDLOTHIAN ENERGY LLC,MIDLOTHIAN ENERGY FACILITY,Unit,17543313,EPACAMD,55091CAMDUNITSTK5,55091;STK5,55091,STK5,8/8/2011,,Yes
TX,48,,48139,Ellis,6494211,TXCEQ,59,MIDLOTHIAN ENERGY LLC,MIDLOTHIAN ENERGY FACILITY,Unit,17542513,EPACAMD,55091CAMDUNITSTK6,55091;STK6,55091,STK6,8/8/2011,,Yes
MI,26,,26111,Midland,6473711,MIDEQ,B6527,Midland Cogeneration Venture,Midland Cogeneration Venture,Unit,17730113,EPACAMD,10745CAMDUNIT009,10745;009,10745,9,8/25/2014,12/31/2049,Yes
VA,51,,51670,Hopewell city,5883511,VADEQ,50967,Hopewell Cogeneration Limited Partnership,Hopewell Cogeneration Ltd Partnership,Unit,23364613,EPACAMD,10633CAMDUNIT2,10633;2,10633,2,8/8/2011,,Yes
MA,25,,25005,Bristol,5057311,MADEP,1200025,DARTMOUTH POWER ASSOCIATES,DARTMOUTH POWER ASSOCATES,Unit,87522313,EPACAMD,52026CAMDUNIT1,52026;1,52026,1,9/30/2014,,Yes
MS,28,,28069,Kemper,16908111,MSDEQ,2806900017,AI036313,"MISSISSIPPI POWER COMPANY, DAVID M RATCL",Unit,110448813,EPACAMD,57037CAMDUNITAB-002,57037;AB-002,57037,AB-002,7/15/2015,,Yes
ND,38,,38053,McKenzie,17788211,NDDEQ,1540,Basin Electric Power Cooperative,Basin Electric Power Cooperative - Lonesome Creek Station,Unit,133796013,EPACAMD,57943CAMDUNITCT5,57943;CT5,57943,CT5,5/20/2019,,Yes
ND,38,,38053,McKenzie,17788211,NDDEQ,1540,Basin Electric Power Cooperative,Basin Electric Power Cooperative - Lonesome Creek Station,Unit,124545313,EPACAMD,57943CAMDUNITCT3,57943;CT3,57943,CT3,4/20/2017,,Yes
NJ,34,,34013,Essex,17800111,NJDEP,8857,,Newark Energy Center,Unit,124740813,EPACAMD,58079CAMDUNITU001,58079;U001,58079,U001,12/30/2049,12/31/2049,Yes
MI,26,,26139,Ottawa,17974611,MIDEQ,P0465,Holland Board of Public Works,HOLLAND BOARD OF PUBLIC WORKS-Holland Energy Park,Unit,127690813,EPACAMD,59093CAMDUNIT11,59093;11,59093,11,11/8/2018,,Yes
KY,21,,21059,Daviess,5891711,KYDAQ,2105900027,Owensboro Municipal Utilities,Owensboro Municipal Utilities - Elmer Smith Station,Unit,86751513,EPACAMD,1374CAMDUNIT1,1374;1,1374,1,8/8/2011,,Yes
KY,21,,21157,Marshall,5213311,KYDAQ,2115700053,Tennessee Valley Authority,TVA - KGen Marshall LLC,Unit,86743013,EPACAMD,55232CAMDUNITCT7,55232;CT7,55232,CT7,10/27/2014,,Yes
GA,13,,13115,Floyd,3713211,GADNR,11500003,Georgia Power Company,Ga Power Company - Plant Hammond,Unit,36847813,EPACAMD,708CAMDUNIT4,708;4,708,4,8/8/2011,,Yes
GA,13,,13103,Effingham,3711211,GADNR,10300003,Georgia Power Company,Ga Power Co Plt McIntosh,Unit,36851113,EPACAMD,6124CAMDUNIT1,6124;1,6124,1,8/8/2011,,Yes
GA,13,,13095,Dougherty,3709711,GADNR,9500002,Georgia Power Company,Ga Power Company - Plant Mitchell,Unit,36856813,EPACAMD,727CAMDUNIT4AB,727;4AB,727,4AB,10/10/2014,,Yes
GA,13,,13095,Dougherty,3709711,GADNR,9500002,Georgia Power Company,Ga Power Company - Plant Mitchell,Unit,36856213,EPACAMD,727CAMDUNIT3,727;3,727,3,8/8/2011,,Yes
GA,13,,13077,Coweta,3703111,GADNR,7700001,Georgia Power Company,Ga Power Company - Plant Yates,Unit,36868113,EPACAMD,728CAMDUNITY1BR,728;Y1BR,728,Y1BR,8/8/2011,,Yes
GA,13,,13077,Coweta,3703111,GADNR,7700001,Georgia Power Company,Ga Power Company - Plant Yates,Unit,36868613,EPACAMD,728CAMDUNITY5BR,728;Y5BR,728,Y5BR,8/8/2011,,Yes
GA,13,,13077,Coweta,3703111,GADNR,7700001,Georgia Power Company,Ga Power Company - Plant Yates,Unit,36868413,EPACAMD,728CAMDUNITY3BR,728;Y3BR,728,Y3BR,8/8/2011,,Yes
GA,13,,13067,Cobb,3699211,GADNR,6700003,Georgia Power Company,Ga Power Company - Plant McDonough/Atkinson,Unit,36890113,EPACAMD,710CAMDUNIT3BA,710;3BA,710,3BA,10/8/2014,,Yes
GA,13,,13067,Cobb,3699211,GADNR,6700003,Georgia Power Company,Ga Power Company - Plant McDonough/Atkinson,Unit,105654613,EPACAMD,710CAMDUNIT5B,710;5B,710,5B,10/8/2014,,Yes
VA,51,,51670,Hopewell city,10633611,VADEQ,51019,Dominion-Hopewell Power Station,Dominion-Hopewell Power Station,Unit,58466313,EPACAMD,10771CAMDUNIT2,10771;2,10771,2,8/8/2011,,Yes
AR,5,,5143,Washington,10642811,ARDEQ,514300695,AMERICAN ELECTRIC POWER-SWEPCO,Harry D. Mattison Power Plant,Unit,63390213,EPACAMD,56328CAMDUNIT1,56328;1,56328,1,4/16/2014,,Yes
FL,12,,12103,Pinellas,2744511,FLDEP,1030013,Bayboro,"DUKE ENERGY FLORIDA, LLC",Unit,41361413,EPACAMD,627CAMDUNIT2A,627;2A,627,2A,10/10/2014,12/31/2049,Yes
FL,12,,12101,Pasco,2712911,FLDEP,1010373,Shady Hills Power Company LLC,"SHADY HILLS POWER COMPANY, L.L.C.",Unit,41363513,EPACAMD,55414CAMDUNITGT301,55414;GT301,55414,GT301,8/8/2011,,Yes
VA,51,,51027,Buchanan,9093011,VADEQ,11390,"Buchanan Generation, LLC","Buchanan Generation, LLC",Unit,57553513,EPACAMD,55738CAMDUNIT2,55738;2,55738,2,10/9/2014,12/31/2049,Yes
RI,44,,44007,Providence,3040211,RIDEM,AIR2998,OSP Holdings LLC,OCEAN STATE POWER,Unit,88343013,EPACAMD,54324CAMDUNIT3,54324;3,54324,3,8/21/2014,12/31/2049,Yes
NE,31,,31067,Gage,9434711,NEDEQ,76739,Nebraska Public Power District,NPPD Beatrice Power Station,Unit,55640913,EPACAMD,8000CAMDUNIT1,8000;1,8000,1,10/2/2014,,Yes
PA,42,,42007,Beaver,21249011,PADEP,420071037,SHELL CHEM APPALACHIA LLC,SHELL CHEM APPALACHIA/PETROCHEMICALS COMPLEX,Unit,156376413,EPACAMD,58933CAMDUNIT102,58933;102,58933,102,2/20/2023,,Yes
NE,31,,31131,Otoe,7303711,NEDEQ,58343,Omaha Public Power District,OPPD Nebraska City Station,Unit,91099913,EPACAMD,6096CAMDUNIT2,6096;2,6096,2,3/21/2013,,Yes
NH,33,,33015,Rockingham,7287811,NHDES,3301500012,PUBLIC SERVICE COMPANY OF NEW HAMPSHIRE,GSP SCHILLER LLC,Unit,8539513,EPACAMD,2367CAMDUNIT4,2367;4,2367,4,8/8/2011,,Yes
NH,33,,33015,Rockingham,7287811,NHDES,3301500012,PUBLIC SERVICE COMPANY OF NEW HAMPSHIRE,GSP SCHILLER LLC,Unit,88260613,EPACAMD,2367CAMDUNIT5,2367;5,2367,5,8/8/2011,,Yes
LA,22,,22073,Ouachita,7205211,LADEQ08,85793,Entergy Louisiana LLC,Entergy Louisiana LLC - Perryville Generating Station,Unit,80409313,EPACAMD,55620CAMDUNIT1-2,55620;1-2,55620,2-Jan,8/8/2011,,Yes
LA,22,,22073,Ouachita,7205111,LADEQ08,83613,Entergy Arkansas LLC,Entergy Arkansas LLC - Ouachita Power Generating Plant,Unit,87201513,EPACAMD,55467CAMDUNITCTGEN1,55467;CTGEN1,55467,CTGEN1,8/8/2011,,Yes
LA,22,,22073,Ouachita,7432611,LADEQ08,19483,Entergy Louisiana LLC,Entergy Louisiana LLC - Sterlington Generating Plant,Unit,82249013,EPACAMD,1404CAMDUNIT10,1404;10,1404,10,10/13/2014,12/31/2049,Yes
NE,31,,31001,Adams,8399211,NEDEQ,58048,City Of Hastings,Whelan Energy Center,Unit,724613,EPACAMD,60CAMDUNIT1,60;1,60,1,4/29/2016,,Yes
OK,40,,40097,Mayes,8350611,OKDEQ,2396,ASSOCIATED ELECTRIC COOPERATIVE INC,CHOUTEAU POWER PLANT,Unit,909613,EPACAMD,7757CAMDUNIT1,7757;1,7757,1,8/8/2011,,Yes
OK,40,,40083,Logan,8350311,OKDEQ,4001,EVERGY INC,SPRING CREEK ENERGY CENTER,Unit,910813,EPACAMD,55651CAMDUNITCT-04,55651;CT-04,55651,CT-04,4/2/2014,,Yes
NC,37,,37191,Wayne,7265811,NCDAQ,3719100017,"Duke Energy Progress, LLC","Duke Energy Progress, LLC - H.F. Lee Steam Electric Plant",Unit,10758013,EPACAMD,2709CAMDUNIT6,2709;6,2709,6,10/14/2014,12/31/2049,Yes
NC,37,,37191,Wayne,7265811,NCDAQ,3719100017,"Duke Energy Progress, LLC","Duke Energy Progress, LLC - H.F. Lee Steam Electric Plant",Unit,10758013,EPACAMD,2709CAMDUNIT7,2709;7,2709,7,10/14/2014,12/31/2049,Yes
NC,37,,37191,Wayne,7265811,NCDAQ,3719100017,"Duke Energy Progress, LLC","Duke Energy Progress, LLC - H.F. Lee Steam Electric Plant",Unit,109330813,EPACAMD,2709CAMDUNIT01A,2709;01A,2709,01A,7/15/2015,,Yes
,,"Navajo Nation, Arizona, New Mexico & Utah",88780,,7197711,TR780,NN-ROP 05-07,Arizona Public Service Company,Four Corners Power Plant,Unit,79766013,EPACAMD,2442CAMDUNIT4,2442;4,2442,4,8/8/2011,,Yes
AL,1,,1047,Dallas,7213511,ADEM,3,,International Paper Company,Unit,10807613,EPACAMD,54096CAMDUNITZ007,54096;Z007,54096,Z007,2/12/2018,,Yes
AL,1,,1033,Colbert,7212811,ADEM,10,Tennessee Valley Authority,TVA,Unit,10817513,EPACAMD,47CAMDUNITCCT8,47;CCT8,47,CCT8,10/9/2014,,Yes
AL,1,,1033,Colbert,7212811,ADEM,10,Tennessee Valley Authority,TVA,Unit,10817213,EPACAMD,47CAMDUNITCCT2,47;CCT2,47,CCT2,10/9/2014,,Yes
AL,1,,1033,Colbert,7212811,ADEM,10,Tennessee Valley Authority,TVA,Unit,10817313,EPACAMD,47CAMDUNIT4,47;4,47,4,8/8/2011,,Yes
WI,55,,55025,Dane,7465411,WIDNR,113004430,Madison Gas & Electric Company,MADISON GAS & ELECTRIC CO BLOUNT ST STN,Unit,11334613,EPACAMD,3992CAMDUNIT8,3992;8,3992,8,8/8/2011,,Yes
VA,51,,51191,Washington,7707611,VADEQ,11348,"Wolf Hills Energy, LLC",Wolf Hills Energy LLC,Unit,11344713,EPACAMD,55285CAMDUNITWH08,55285;WH08,55285,WH08,8/23/2014,12/31/2049,Yes
VA,51,,51191,Washington,7707611,VADEQ,11348,"Wolf Hills Energy, LLC",Wolf Hills Energy LLC,Unit,11345013,EPACAMD,55285CAMDUNITWH06,55285;WH06,55285,WH06,8/23/2014,12/31/2049,Yes
VA,51,,51191,Washington,7707611,VADEQ,11348,"Wolf Hills Energy, LLC",Wolf Hills Energy LLC,Unit,11345013,EPACAMD,55285CAMDUNITWH05,55285;WH05,55285,WH05,8/23/2014,12/31/2049,Yes
WI,55,,55105,Rock,7660311,WIDNR,154009900,,WPL - SHEEPSKIN GENERATING STATION,Unit,11397513,EPACAMD,4059CAMDUNITCT1A,4059;CT1A,4059,CT1A,10/15/2014,12/31/2049,Yes
MS,28,,28019,Choctaw,12589611,MSDEQ,2801900019,AI015884,TVA ACKERMAN COMBINED CYCLE,Unit,63862213,EPACAMD,55694CAMDUNITAA-002,55694;AA-002,55694,AA-002,8/8/2011,,Yes
NY,36,,36081,Queens,12681711,NYDEC,2630100191,ASTORIA GAS TURBINE POWER LLC,ASTORIA GAS TURBINE POWER,Unit,64122513,EPACAMD,55243CAMDUNITCT2-4B,55243;CT2-4B,55243,CT2-4B,8/15/2014,12/31/2049,Yes
NY,36,,36081,Queens,12681711,NYDEC,2630100191,ASTORIA GAS TURBINE POWER LLC,ASTORIA GAS TURBINE POWER,Unit,64122513,EPACAMD,55243CAMDUNITCT3-2A,55243;CT3-2A,55243,CT3-2A,8/15/2014,12/31/2049,Yes
NY,36,,36081,Queens,12681711,NYDEC,2630100191,ASTORIA GAS TURBINE POWER LLC,ASTORIA GAS TURBINE POWER,Unit,64122513,EPACAMD,55243CAMDUNITCT3-3B,55243;CT3-3B,55243,CT3-3B,8/15/2014,12/31/2049,Yes
NY,36,,36081,Queens,12681711,NYDEC,2630100191,ASTORIA GAS TURBINE POWER LLC,ASTORIA GAS TURBINE POWER,Unit,64122513,EPACAMD,55243CAMDUNITCT3-4A,55243;CT3-4A,55243,CT3-4A,8/15/2014,12/31/2049,Yes
NY,36,,36081,Queens,12681711,NYDEC,2630100191,ASTORIA GAS TURBINE POWER LLC,ASTORIA GAS TURBINE POWER,Unit,64122513,EPACAMD,55243CAMDUNITCT4-3B,55243;CT4-3B,55243,CT4-3B,8/15/2014,12/31/2049,Yes
NY,36,,36081,Queens,12681711,NYDEC,2630100191,ASTORIA GAS TURBINE POWER LLC,ASTORIA GAS TURBINE POWER,Unit,64122513,EPACAMD,55243CAMDUNITCT0010,55243;CT0010,55243,CT0010,8/15/2014,12/31/2049,Yes
NY,36,,36081,Queens,12681711,NYDEC,2630100191,ASTORIA GAS TURBINE POWER LLC,ASTORIA GAS TURBINE POWER,Unit,64122513,EPACAMD,55243CAMDUNITCT4-4A,55243;CT4-4A,55243,CT4-4A,8/15/2014,12/31/2049,Yes
TX,48,,48221,Hood,6153011,TXCEQ,1,LUMINANT GENERATION COMPANY LLC,DECORDOVA STEAM ELECTRIC STATION,Unit,16225813,EPACAMD,8063CAMDUNITCT3,8063;CT3,8063,CT3,8/8/2011,,Yes
TX,48,,48135,Ector,17728811,TXCEQ,215,ECTOR COUNTY ENERGY CENTER LLC,ECTOR COUNTY ENERGY CENTER,Unit,123033913,EPACAMD,58471CAMDUNITCT-2,58471;CT-2,58471,CT-2,5/30/2017,,Yes
NC,37,,37007,Anson,15613711,NCDAQ,3700700032,"Duke Energy Progress, LLC","Duke Energy Progress, LLC - Blewett",Unit,98739213,EPACAMD,2707CAMDUNIT2,2707;2,2707,2,10/23/2014,,Yes
NE,31,,31055,Douglas,6732411,NEOPWD,2,Omaha Public Power District,Omaha Public Power District - North Omaha Power Station,Unit,105526513,EPACAMD,2291CAMDUNIT5,2291;5,2291,5,3/1/2015,,Yes
NE,31,,31055,Douglas,6732411,NEOPWD,2,Omaha Public Power District,Omaha Public Power District - North Omaha Power Station,Unit,105526213,EPACAMD,2291CAMDUNIT2,2291;2,2291,2,3/1/2015,,Yes
NJ,34,,34023,Middlesex,6719611,NJDEP,18068,PSEG Power LLC,Sewaren Generating Station,Unit,12843513,EPACAMD,2411CAMDUNIT12001,2411;12001,2411,12001,12/6/2014,,Yes
MN,27,,27007,Beltrami,9516311,MNPCA,2700700034,,Otter Tail Power Co - Solway Plant,Unit,57875813,EPACAMD,7947CAMDUNIT1,7947;1,7947,1,7/22/2012,,Yes
NE,31,,31111,Lincoln,7766511,NEDEQ,34385,Nebraska Public Power District,NPPD Gerald Gentleman Station,Unit,1736413,EPACAMD,6077CAMDUNIT2,6077;2,6077,2,8/8/2011,,Yes
NY,36,,36081,Queens,7763311,NYDEC,2630100072,ASTORIA ENERGY II LLC,ASTORIA ENERGY LLC & ASTORIA ENERGY II LLC,Unit,64122013,EPACAMD,55375CAMDUNITCT2,55375;CT2,55375,CT2,9/29/2014,12/31/2049,Yes
WI,55,,55055,Jefferson,6765911,WIDNR,128065080,Wisconsin Electric Power Company,WISCONSIN ELECTRIC POWER COMPANY D/B/A WE ENERGIES - CONCORD STATION,Unit,13144913,EPACAMD,7159CAMDUNIT**3,7159;**3,7159,**3,10/9/2014,,Yes
WI,55,,55043,Grant,6748311,WIDNR,122003640,"WPS Power Development, Inc",E J STONEMAN STATION,Unit,13167813,EPACAMD,4146CAMDUNITB1,4146;B1,4146,B1,8/8/2011,,Yes
MI,26,,26117,Montcalm,7836711,MIDEQ,N6873,DTE Electric Company,DTE Electric Company - Renaissance Power Plant,Unit,2844313,EPACAMD,55402CAMDUNITCT3,55402;CT3,55402,CT3,8/14/2014,12/31/2049,Yes
CO,8,,8073,Lincoln,7785911,CODPHE,CO0000000807300036,"Tri-State G & T Association, Inc.",TRI-STATE GENERATION & TRANS - LIMON,Unit,2874013,EPACAMD,55504CAMDUNITL2,55504;L2,55504,L2,10/9/2014,,Yes
AZ,4,,4013,Maricopa,10704011,AZMCAQD,1504,New Harquahala Generating Co LLC,New Harquahala Generating Co,Unit,58571513,EPACAMD,55372CAMDUNITCTG1,55372;CTG1,55372,CTG1,8/8/2013,,Yes
AZ,4,,4013,Maricopa,10704011,AZMCAQD,1504,New Harquahala Generating Co LLC,New Harquahala Generating Co,Unit,58571713,EPACAMD,55372CAMDUNITCTG3,55372;CTG3,55372,CTG3,8/8/2013,,Yes
AZ,4,,4013,Maricopa,10704411,AZMCAQD,1759,Salt River Project,Gila River Power Station,Unit,58713913,EPACAMD,55306CAMDUNIT1CTGA,55306;1CTGA,55306,1CTGA,8/8/2011,,Yes
AL,1,,1001,Autauga,10708711,ADEM,9,Tenaska Alabama II Partners LP,Alabama Power Company,Unit,58649813,EPACAMD,55440CAMDUNITCTGDB3,55440;CTGDB3,55440,CTGDB3,1/6/2014,,Yes
AL,1,,1001,Autauga,10708711,ADEM,9,Tenaska Alabama II Partners LP,Alabama Power Company,Unit,58649713,EPACAMD,55440CAMDUNITCTGDB2,55440;CTGDB2,55440,CTGDB2,1/6/2014,,Yes
MD,24,,24015,Cecil,10709711,MDDOE,015-0202,"North American Energy Alliance, LLC (NAEA)",Rock Springs Generation Facility,Unit,87934613,EPACAMD,7835CAMDUNIT3,7835;3,7835,3,8/15/2014,,Yes
MD,24,,24015,Cecil,10709711,MDDOE,015-0202,"North American Energy Alliance, LLC (NAEA)",Rock Springs Generation Facility,Unit,87934713,EPACAMD,7835CAMDUNIT4,7835;4,7835,4,8/15/2014,,Yes
MI,26,,26163,Wayne,7778711,MIDEQ,N6631,CMS Energy Corp.,DEARBORN INDUSTRIAL GENERATION,Unit,3631113,EPACAMD,55088CAMDUNITGT3100,55088;GT3100,55088,GT3100,7/22/2012,,Yes
NY,36,,36047,Kings,8039511,NYDEC,2610200086,ASTORIA GENERATING COMPANY LP,NARROWS GENERATING STATION,Unit,3677313,EPACAMD,2499CAMDUNITCT01-2,2499;CT01-2,2499,CT01-2,10/15/2014,12/31/2049,Yes
NY,36,,36047,Kings,8038811,NYDEC,2610100042,CONSOLIDATED EDISON COMPANY OF NEW YORK INC,CON EDISON - HUDSON AVE STATION,Unit,3680213,EPACAMD,2496CAMDUNITCT0004,2496;CT0004,2496,CT0004,12/6/2014,12/31/2049,Yes
WI,55,,55073,Marathon,7078511,WIDNR,737009020,Wisconsin Public Service Corporation,WISCONSIN PUBLIC SERVICE CORPORATION- WESTON PLANT,Unit,14849413,EPACAMD,4078CAMDUNIT32A,4078;32A,4078,32A,11/6/2014,,Yes
WI,55,,55073,Marathon,7078511,WIDNR,737009020,Wisconsin Public Service Corporation,WISCONSIN PUBLIC SERVICE CORPORATION- WESTON PLANT,Unit,14849713,EPACAMD,4078CAMDUNIT2,4078;2,4078,2,8/8/2011,,Yes
IN,18,,18147,Spencer,8017211,INDEM,20,Na,INDIANA MICHIGAN POWER DBA AEP   ROCKPO,Unit,3994913,EPACAMD,6166CAMDUNITAB1,6166;AB1,6166,AB1,12/6/2014,,Yes
IN,18,,18091,La Porte,8011511,INDEM,21,Na,Northern Indiana Public Service Company LLC - Michigan City Generating Station,Unit,4010013,EPACAMD,997CAMDUNIT12,997;12,997,12,8/8/2011,,Yes
ND,38,,38055,McLean,8011011,NDDEQ,347,Great River Energy,Great River Energy - Coal Creek Station,Unit,64296513,EPACAMD,6030CAMDUNIT2,6030;2,6030,2,8/8/2011,,Yes
NC,37,,37157,Rockingham,8009611,NCDAQ,3715700015,Duke Energy Carolinas LLC,"Duke Energy Carolinas, LLC - Dan River Comb. Cycle Facility",Unit,106285813,EPACAMD,2723CAMDUNIT8C,2723;8C,2723,8C,12/6/2014,12/31/2049,Yes
NC,37,,37157,Rockingham,8009611,NCDAQ,3715700015,Duke Energy Carolinas LLC,"Duke Energy Carolinas, LLC - Dan River Comb. Cycle Facility",Unit,106285813,EPACAMD,2723CAMDUNIT9C,2723;9C,2723,9C,12/6/2014,12/31/2049,Yes
IL,17,,17031,Cook,7995611,ILEPA,031600AIN,"Midwest Generation Eme, LLC",Crawford Electric Generating Station,Unit,4070513,EPACAMD,867CAMDUNIT8,867;8,867,8,8/8/2011,,Yes
NY,36,,36061,New York,7994011,NYDEC,2620600012,CONSOLIDATED EDISON COMPANY OF NEW YORK INC,CON ED-EAST RIVER GENERATING STATION,Unit,4097113,EPACAMD,2493CAMDUNIT1,2493;1,2493,1,9/29/2014,,Yes
NY,36,,36047,Kings,7992311,NYDEC,2610200116,ASTORIA GENERATING COMPANY LP,GOWANUS GENERATING STATION,Unit,97070713,EPACAMD,2494CAMDUNITCT02-3,2494;CT02-3,2494,CT02-3,8/15/2014,12/31/2049,Yes
NY,36,,36047,Kings,7992311,NYDEC,2610200116,ASTORIA GENERATING COMPANY LP,GOWANUS GENERATING STATION,Unit,97070713,EPACAMD,2494CAMDUNITCT02-5,2494;CT02-5,2494,CT02-5,8/15/2014,12/31/2049,Yes
NY,36,,36047,Kings,7992311,NYDEC,2610200116,ASTORIA GENERATING COMPANY LP,GOWANUS GENERATING STATION,Unit,97070713,EPACAMD,2494CAMDUNITCT02-8,2494;CT02-8,2494,CT02-8,8/15/2014,12/31/2049,Yes
NY,36,,36047,Kings,7992311,NYDEC,2610200116,ASTORIA GENERATING COMPANY LP,GOWANUS GENERATING STATION,Unit,97070713,EPACAMD,2494CAMDUNITCT03-3,2494;CT03-3,2494,CT03-3,8/15/2014,12/31/2049,Yes
NY,36,,36047,Kings,7992311,NYDEC,2610200116,ASTORIA GENERATING COMPANY LP,GOWANUS GENERATING STATION,Unit,97070713,EPACAMD,2494CAMDUNITCT03-6,2494;CT03-6,2494,CT03-6,8/15/2014,12/31/2049,Yes
NY,36,,36047,Kings,7992311,NYDEC,2610200116,ASTORIA GENERATING COMPANY LP,GOWANUS GENERATING STATION,Unit,97070713,EPACAMD,2494CAMDUNITCT02-4,2494;CT02-4,2494,CT02-4,8/15/2014,12/31/2049,Yes
NY,36,,36047,Kings,7992311,NYDEC,2610200116,ASTORIA GENERATING COMPANY LP,GOWANUS GENERATING STATION,Unit,97070713,EPACAMD,2494CAMDUNITCT02-6,2494;CT02-6,2494,CT02-6,8/15/2014,12/31/2049,Yes
NY,36,,36047,Kings,7992311,NYDEC,2610200116,ASTORIA GENERATING COMPANY LP,GOWANUS GENERATING STATION,Unit,97070713,EPACAMD,2494CAMDUNITCT02-7,2494;CT02-7,2494,CT02-7,8/15/2014,12/31/2049,Yes
NY,36,,36047,Kings,7992311,NYDEC,2610200116,ASTORIA GENERATING COMPANY LP,GOWANUS GENERATING STATION,Unit,97070713,EPACAMD,2494CAMDUNITCT03-1,2494;CT03-1,2494,CT03-1,8/15/2014,12/31/2049,Yes
NY,36,,36047,Kings,7992311,NYDEC,2610200116,ASTORIA GENERATING COMPANY LP,GOWANUS GENERATING STATION,Unit,97070713,EPACAMD,2494CAMDUNITCT03-2,2494;CT03-2,2494,CT03-2,8/15/2014,12/31/2049,Yes
NY,36,,36047,Kings,7992311,NYDEC,2610200116,ASTORIA GENERATING COMPANY LP,GOWANUS GENERATING STATION,Unit,97070713,EPACAMD,2494CAMDUNITCT03-4,2494;CT03-4,2494,CT03-4,8/15/2014,12/31/2049,Yes
NY,36,,36047,Kings,7992311,NYDEC,2610200116,ASTORIA GENERATING COMPANY LP,GOWANUS GENERATING STATION,Unit,97070713,EPACAMD,2494CAMDUNITCT03-5,2494;CT03-5,2494,CT03-5,8/15/2014,12/31/2049,Yes
NY,36,,36047,Kings,7992311,NYDEC,2610200116,ASTORIA GENERATING COMPANY LP,GOWANUS GENERATING STATION,Unit,97070713,EPACAMD,2494CAMDUNITCT03-7,2494;CT03-7,2494,CT03-7,8/15/2014,12/31/2049,Yes
NY,36,,36047,Kings,7992311,NYDEC,2610200116,ASTORIA GENERATING COMPANY LP,GOWANUS GENERATING STATION,Unit,97070713,EPACAMD,2494CAMDUNITCT03-8,2494;CT03-8,2494,CT03-8,8/15/2014,12/31/2049,Yes
NY,36,,36047,Kings,7992311,NYDEC,2610200116,ASTORIA GENERATING COMPANY LP,GOWANUS GENERATING STATION,Unit,97070713,EPACAMD,2494CAMDUNITCT02-1,2494;CT02-1,2494,CT02-1,8/15/2014,12/31/2049,Yes
NY,36,,36047,Kings,7992311,NYDEC,2610200116,ASTORIA GENERATING COMPANY LP,GOWANUS GENERATING STATION,Unit,97070713,EPACAMD,2494CAMDUNITCT02-2,2494;CT02-2,2494,CT02-2,8/15/2014,12/31/2049,Yes
NM,35,,35045,San Juan,7991911,NMED,1421,Public Service Company of New Mexico (PNM),San Juan Generating Station,Unit,82423613,EPACAMD,2451CAMDUNIT1,2451;1,2451,1,8/8/2011,,Yes
IN,18,,18109,Morgan,8225111,INDEM,4,Na,IPL Eagle Valley Generating Station,Unit,4234613,EPACAMD,991CAMDUNIT5,991;5,991,5,8/8/2011,,Yes
IN,18,,18109,Morgan,8225111,INDEM,4,Na,IPL Eagle Valley Generating Station,Unit,4235013,EPACAMD,991CAMDUNIT6,991;6,991,6,8/8/2011,,Yes
VA,51,,51085,Hanover,6631811,VADEQ,51018,Doswell Limited Partnership,Doswell Limited Partnership Doswell Energy Center,Unit,17175813,EPACAMD,52019CAMDUNIT601,52019;601,52019,601,8/8/2011,,Yes
TX,48,,48041,Brazos,6599611,TXCEQ,10,CITY OF BRYAN,ROLAND C DANSBY POWER PLANT,Unit,70051913,EPACAMD,6243CAMDUNIT2,6243;2,6243,2,11/3/2014,,Yes
PA,42,,42007,Beaver,8141311,PADEP,420070042,AES BEAVER VALLEY LLC,AES BEAVER VALLEY LLC/BEAVER VALLEY LLC,Unit,4582013,EPACAMD,10676CAMDUNIT035,10676;035,10676,35,8/8/2011,,Yes
IL,17,,17115,Macon,8139911,ILEPA,115015AAE,,Archer Daniels Midland Co,Unit,4639713,EPACAMD,10865CAMDUNITFBC6,10865;FBC6,10865,FBC6,8/8/2011,,Yes
IL,17,,17115,Macon,8139911,ILEPA,115015AAE,,Archer Daniels Midland Co,Unit,4640313,EPACAMD,10865CAMDUNITFBC7,10865;FBC7,10865,FBC7,8/8/2011,,Yes
NC,37,,37071,Gaston,8137511,NCDAQ,3707100039,"Duke Energy Carolinas, LLC","Duke Energy Carolinas, LLC - Allen Steam Station",Unit,4670513,EPACAMD,2718CAMDUNIT1,2718;1,2718,1,8/8/2011,12/31/2014,Yes
NY,36,,36103,Suffolk,8121711,NYDEC,1472600130,NATIONAL GRID GENERATION LLC,NORTHPORT POWER STATION,Unit,126493813,EPACAMD,2516CAMDUNIT1,2516;1,2516,1,1/1/2019,12/31/2049,No
IL,17,,17183,Vermilion,8074211,ILEPA,183814AAA,"Dynegy Midwest Generation, Inc",Dynegy Midwest Generation Inc,Unit,4908113,EPACAMD,897CAMDUNIT1,897;1,897,1,8/8/2011,,Yes
NC,37,,37061,Duplin,8003011,NCDAQ,3706100116,Coastal Carolina Clean Power LLC,"Duplin Bioenergy, LLC",Unit,75310913,EPACAMD,10381CAMDUNITBLR01B,10381;BLR01B,10381,BLR01B,8/17/2014,12/31/2049,Yes
MS,28,,28087,Lowndes,8215911,MSDEQ,2808700053,AI012322,TVA CALEDONIA COMBINED CYCLE PLANT,Unit,5734813,EPACAMD,55197CAMDUNITAA-003,55197;AA-003,55197,AA-003,8/8/2011,,Yes
WA,53,,53041,Lewis,6281311,WASWCAA,754,"TransAlta Centralia Generation, LLC","TransAlta Centralia Generation, LLC",Unit,15504813,EPACAMD,3845CAMDUNITBW22,3845;BW22,3845,BW22,8/8/2011,,Yes
WI,55,,55105,Rock,9018711,WIDNR,154099880,,WPL - RIVERSIDE ENERGY CENTER,Unit,54948813,EPACAMD,55641CAMDUNITCT-02,55641;CT-02,55641,CT-02,8/8/2013,,Yes
OH,39,,39141,Ross,8131111,OHEPA,671010028,Na,Pixelle Specialty Solutions LLC (0671010028),Unit,6005313,EPACAMD,10244CAMDUNITB001,10244;B001,10244,B001,4/20/2017,,Yes
OH,39,,39167,Washington,8130311,OHEPA,684000000,AEP Generation Resources,"Muskingum River Development, LLC (0684000000)",Unit,6019913,EPACAMD,2872CAMDUNIT3,2872;3,2872,3,3/14/2013,,Yes
OH,39,,39155,Trumbull,8115611,OHEPA,278000648,,Cleveland-Cliffs Warren (0278000648),Unit,111622513,EPACAMD,54207CAMDUNITB001,54207;B001,54207,B001,2/12/2018,,Yes
OH,39,,39155,Trumbull,8115611,OHEPA,278000648,,Cleveland-Cliffs Warren (0278000648),Unit,111622613,EPACAMD,54207CAMDUNITB002,54207;B002,54207,B002,2/12/2018,,Yes
OH,39,,39113,Montgomery,8049911,OHEPA,857780013,Dayton Power And Light Company,O.H. Hutchings CT (0857780013),Unit,6334913,EPACAMD,2848CAMDUNITH-1,2848;H-1,2848,H-1,8/8/2011,,Yes
CA,6,,6013,Contra Costa,6486311,CARB,7130312,"GENON DELTA LLC, PITTSBURG GEN","NRG DELTA, LLC",Unit,18705913,EPACAMD,271CAMDUNIT7,271;7,271,7,9/23/2011,,Yes
TX,48,,48157,Fort Bend,9138811,TXCEQ,214,JACK A FUSCO ENERGY CENTER LLC,JACK A FUSCO ENERGY CENTER,Unit,57885613,EPACAMD,55357CAMDUNITCTG2,55357;CTG2,55357,CTG2,8/8/2011,,Yes
TX,48,,48257,Kaufman,9146511,TXCEQ,680,LUMINANT GENERATION COMPANY LLC,FORNEY POWER PLANT,Unit,57544913,EPACAMD,55480CAMDUNITU2,55480;U2,55480,U2,8/8/2011,,Yes
MS,28,,28007,Attala,7036511,MSDEQ,2800700032,AI012502,ENTERGY MISSISSIPPI ATTALA PLANT,Unit,14202213,EPACAMD,55220CAMDUNITA01,55220;A01,55220,A01,8/8/2011,,Yes
MN,27,,27099,Mower,7003311,MNPCA,2709900048,Great River Energy,Great River Energy - Pleasant Valley Station,Unit,14227913,EPACAMD,7843CAMDUNIT13,7843;13,7843,13,9/23/2011,,Yes
CA,6,,6019,Fresno,10437111,CARB,1014303811,"CAL PEAK POWER, LLC, ATTN: CLAUDE COUVILLION","CAL PEAK POWER - PANOCHE, LLC",Unit,58172813,EPACAMD,55508CAMDUNITGT-1,55508;GT-1,55508,GT-1,11/6/2014,12/31/2049,Yes
NY,36,,36063,Niagara,7417211,NYDEC,9291200059,FORTISTAR NORTH TONAWANDA INC,FORTISTAR NORTH TONAWANDA INC,Unit,7978813,EPACAMD,54131CAMDUNITNTCT1,54131;NTCT1,54131,NTCT1,11/6/2014,,Yes
OH,39,,39163,Vinton,9216611,OHEPA,682000057,,"Rolling Hills Generating, LLC (0682000057)",Unit,55668813,EPACAMD,55401CAMDUNITCT-1,55401;CT-1,55401,CT-1,8/17/2014,,Yes
NJ,34,,34023,Middlesex,7620911,NJDEP,17824,PSEG Fossil LLC,PSEG FOSSIL LLC EDISON GENERATING STATION,Unit,11840713,EPACAMD,2400CAMDUNIT13001,2400;13001,2400,13001,8/25/2014,12/31/2049,Yes
NJ,34,,34023,Middlesex,7620911,NJDEP,17824,PSEG Fossil LLC,PSEG FOSSIL LLC EDISON GENERATING STATION,Unit,11840713,EPACAMD,2400CAMDUNIT15001,2400;15001,2400,15001,8/25/2014,12/31/2049,Yes
UT,49,,49035,Salt Lake,7559311,UTDAQ,10355,Pacificorp Energy,Pacificorp Energy- Gadsby Power Plant,Unit,11941513,EPACAMD,3648CAMDUNIT5,3648;5,3648,5,9/23/2011,,Yes
MA,25,,25021,Norfolk,6569511,MADEP,1190491,BRAINTREE ELECTRIC,BRAINTREE ELECTRIC,Unit,90731513,EPACAMD,1660CAMDUNIT4,1660;4,1660,4,10/2/2014,,Yes
NC,37,,37035,Catawba,8370411,NCDAQ,3703500073,Duke Energy Carolinas LLC,"Duke Energy Carolinas, LLC - Marshall Steam Station",Unit,122679613,EPACAMD,2727CAMDUNIT2,2727;2,2727,2,1/1/2015,12/31/2049,Yes
NC,37,,37035,Catawba,8370411,NCDAQ,3703500073,Duke Energy Carolinas LLC,"Duke Energy Carolinas, LLC - Marshall Steam Station",Unit,75331613,EPACAMD,2727CAMDUNIT1,2727;1,2727,1,8/8/2011,12/31/2014,Yes
GA,13,,13207,Monroe,8354711,GADNR,20700008,,Ga Power Company - Plant Scherer,Unit,420113,EPACAMD,6257CAMDUNIT2,6257;2,6257,2,8/8/2011,,Yes
NC,37,,37161,Rutherford,8300611,NCDAQ,3716100028,"Duke Energy Carolinas, LLC","Duke Energy Carolinas, LLC - Cliffside Steam Station",Unit,452613,EPACAMD,2721CAMDUNIT1,2721;1,2721,1,8/8/2011,,Yes
NC,37,,37161,Rutherford,8300611,NCDAQ,3716100028,"Duke Energy Carolinas, LLC","Duke Energy Carolinas, LLC - Cliffside Steam Station",Unit,452713,EPACAMD,2721CAMDUNIT2,2721;2,2721,2,8/8/2011,,Yes
NC,37,,37083,Halifax,8286911,NCDAQ,3708300170,Virginia Electric and Power Company,Rosemary Power Station,Unit,455213,EPACAMD,50555CAMDUNIT1,50555;1,50555,1,8/8/2011,,Yes
WI,55,,55139,Winnebago,7555511,WIDNR,471153870,"Alliant Energy Resources, Inc",WPL - NEENAH GENERATING FACILITY,Unit,12320513,EPACAMD,55135CAMDUNITCT02,55135;CT02,55135,CT02,8/8/2011,,Yes
WI,55,,55139,Winnebago,7555511,WIDNR,471153870,"Alliant Energy Resources, Inc",WPL - NEENAH GENERATING FACILITY,Unit,12320413,EPACAMD,55135CAMDUNITCT01,55135;CT01,55135,CT01,8/8/2011,,Yes
TX,48,,48395,Robertson,7552911,TXCEQ,13,MAJOR OAK POWER LLC,TWIN OAKS,Unit,12334713,EPACAMD,7030CAMDUNITU2,7030;U2,7030,U2,8/8/2011,,Yes
VA,51,,51153,Prince William,7520511,VADEQ,70225,Dominion - Possum Point Power Station,Dominion - Possum Point Power Station,Unit,58400313,EPACAMD,3804CAMDUNIT6A,3804;6A,3804,6A,8/8/2011,,Yes
OH,39,,39025,Clermont,8294411,OHEPA,1413100008,"Duke Energy Ohio, Inc",New Richmond Development Corp LLC (1413100008),Unit,1539613,EPACAMD,2830CAMDUNIT6,2830;6,2830,6,8/8/2011,,Yes
MI,26,,26075,Jackson,5695811,MIDEQ,N6626,Consumers Energy Company,Consumers Energy Co. - Jackson Generating Station,Unit,22025013,EPACAMD,55270CAMDUNITLM1,55270;LM1,55270,LM1,9/23/2011,12/31/2049,Yes
TN,47,,47165,Sumner,5610411,TNDEC,83-0025,TVA GALLATIN FOSSIL PLANT,TVA - Gallatin Fossil Plant,Unit,22206513,EPACAMD,3403CAMDUNIT2,3403;2,3403,2,8/8/2011,,Yes
TX,48,,48057,Calhoun,5860211,TXCEQ,5,CALHOUN PORT AUTHORITY,ES JOSLIN POWER STATION,Unit,22327213,EPACAMD,3436CAMDUNIT1,3436;1,3436,1,10/1/2014,,Yes
MA,25,,25013,Hampden,6028411,MADEP,420117,ESSENTIAL POWER MASSACHUSETTS LLC,ESSENTIAL POWER MASSACHUSETTS LLC,Unit,87696613,EPACAMD,1642CAMDUNIT3,1642;3,1642,3,8/8/2011,,Yes
MD,24,,24033,Prince Georges,6011911,MDDOE,033-0014,"Mirant Chalk Point, LLC","NRG Chalk Point, LLC",Unit,88003113,EPACAMD,1571CAMDUNIT**GT4,1571;**GT4,1571,**GT4,8/22/2014,,Yes
MD,24,,24033,Prince Georges,6011911,MDDOE,033-0014,"Mirant Chalk Point, LLC","NRG Chalk Point, LLC",Unit,88002413,EPACAMD,1571CAMDUNITGT2,1571;GT2,1571,GT2,8/22/2014,,Yes
MD,24,,24033,Prince Georges,6011911,MDDOE,033-0014,"Mirant Chalk Point, LLC","NRG Chalk Point, LLC",Unit,90524013,EPACAMD,1571CAMDUNITSMECO,1571;SMECO,1571,SMECO,8/22/2014,,Yes
MD,24,,24017,Charles,6011511,MDDOE,017-0014,"Mirant Mid-Atlantic, LLC","GenOn Mid-Atlantic, LLC Morgantown Generating Station",Unit,87935113,EPACAMD,1573CAMDUNIT1,1573;1,1573,1,8/8/2011,,Yes
IL,17,,17103,Lee,5483011,ILEPA,103817AAH,"Duke Energy Ohio, Inc.",Lee County Generating Station LLC,Unit,88663513,EPACAMD,55236CAMDUNITCT4,55236;CT4,55236,CT4,10/1/2014,,Yes
KY,21,,21223,Trimble,5742811,KYDAQ,2122300002,Louisville Gas And Electric Company,Louisville Gas & Electric Co - Trimble Co Generating Station,Unit,22616113,EPACAMD,6071CAMDUNIT6,6071;6,6071,6,8/8/2011,,Yes
MA,25,,25009,Essex,5090811,MADEP,1190194,FOOTPRINT POWER SALEM HARBOR OPERATIONS LLC,SALEM HARBOR STATION,Unit,87668813,EPACAMD,1626CAMDUNIT1,1626;1,1626,1,8/8/2011,,Yes
IL,17,,17197,Will,4506411,ILEPA,197808AAG,Elwood Energy LLC,Elwood Energy LLC,Unit,88700813,EPACAMD,55199CAMDUNIT6,55199;6,55199,6,10/9/2014,,Yes
IL,17,,17197,Will,4506411,ILEPA,197808AAG,Elwood Energy LLC,Elwood Energy LLC,Unit,88700513,EPACAMD,55199CAMDUNIT9,55199;9,55199,9,10/9/2014,,Yes
IL,17,,17155,Putnam,4685311,ILEPA,155010AAA,"Dynegy Midwest Generation, Inc",Dynegy Midwest Generation LLC,Unit,27779113,EPACAMD,892CAMDUNIT1,892;1,892,1,8/8/2011,,Yes
KS,20,,20209,Wyandotte,4628011,KSDOHE,49,Board of Public Utilities,Kansas City BPU - Kaw,Unit,27807013,EPACAMD,1294CAMDUNIT3,1294;3,1294,3,10/9/2014,,Yes
KS,20,,20209,Wyandotte,4627911,KSDOHE,48,Board of Public Utilities,Kansas City BPU - Quindaro,Unit,63913613,EPACAMD,1295CAMDUNITCT2,1295;CT2,1295,CT2,5/30/2017,,Yes
FL,12,,12049,Hardee,4390111,FLDEP,490340,"Seminole Electric Cooperative, Inc.","SEMINOLE ELECTRIC COOPERATIVE, INC.",Unit,67290113,EPACAMD,7380CAMDUNIT4B,7380;4B,7380,4B,9/24/2014,12/31/2049,Yes
IN,18,,18057,Hamilton,4561111,INDEM,4,Na,Duke Energy Indiana LLC - Noblesville G,Unit,91185913,EPACAMD,1007CAMDUNITCT4,1007;CT4,1007,CT4,8/8/2011,,Yes
CO,8,,8101,Pueblo,4367811,CODPHE,CO0000000810100003,Public Service Company Of Colorado,PUBLIC SERVICE CO - COMANCHE PLT,Unit,36421513,EPACAMD,470CAMDUNIT1,470;1,470,1,8/8/2011,,Yes
GA,13,,13015,Bartow,2813011,GADNR,1500011,Georgia Power Company,Ga Power Company - Plant Bowen,Unit,40818813,EPACAMD,703CAMDUNIT2BLR,703;2BLR,703,2BLR,8/8/2011,,Yes
FL,12,,12057,Hillsborough,901211,FLDEP,570040,Tampa Electric Company,TAMPA ELECTRIC COMPANY,Unit,67262013,EPACAMD,7873CAMDUNITCT2A,7873;CT2A,7873,CT2A,8/8/2011,,Yes
FL,12,,12057,Hillsborough,901211,FLDEP,570040,Tampa Electric Company,TAMPA ELECTRIC COMPANY,Unit,67261713,EPACAMD,7873CAMDUNITCT1A,7873;CT1A,7873,CT1A,8/8/2011,,Yes
FL,12,,12057,Hillsborough,901211,FLDEP,570040,Tampa Electric Company,TAMPA ELECTRIC COMPANY,Unit,67262513,EPACAMD,7873CAMDUNITCT3B,7873;CT3B,7873,CT3B,8/16/2014,,Yes
IL,17,,17197,Will,4590011,ILEPA,197811AAH,Lincoln Generating Facility LLC,Lincoln Generating Facility,Unit,28415513,EPACAMD,55222CAMDUNITCTG-8,55222;CTG-8,55222,CTG-8,9/23/2011,,Yes
IL,17,,17197,Will,4590011,ILEPA,197811AAH,Lincoln Generating Facility LLC,Lincoln Generating Facility,Unit,28415313,EPACAMD,55222CAMDUNITCTG-7,55222;CTG-7,55222,CTG-7,9/23/2011,,Yes
IL,17,,17197,Will,4590011,ILEPA,197811AAH,Lincoln Generating Facility LLC,Lincoln Generating Facility,Unit,28414813,EPACAMD,55222CAMDUNITCTG-3,55222;CTG-3,55222,CTG-3,9/23/2011,,Yes
IL,17,,17197,Will,4590011,ILEPA,197811AAH,Lincoln Generating Facility LLC,Lincoln Generating Facility,Unit,28414613,EPACAMD,55222CAMDUNITCTG-1,55222;CTG-1,55222,CTG-1,9/23/2011,,Yes
IL,17,,17145,Perry,4533911,ILEPA,145842AAA,Union Electric Company,Pinckneyville Power Plant,Unit,60256813,EPACAMD,55202CAMDUNITCT08,55202;CT08,55202,CT08,9/23/2011,,Yes
IL,17,,17145,Perry,4533911,ILEPA,145842AAA,Union Electric Company,Pinckneyville Power Plant,Unit,60256913,EPACAMD,55202CAMDUNITCT06,55202;CT06,55202,CT06,9/23/2011,,Yes
IA,19,,19113,Linn,3940111,IADNR,57-01-040,"IES Utilities, Inc",IPL - SIXTH STREET GENERATING STATION,Unit,37607413,EPACAMD,1058CAMDUNIT5,1058;5,1058,5,8/8/2011,,Yes
WI,55,,55011,Buffalo,4958511,WIDNR,606034110,Dairyland Power Cooperative,DAIRYLAND POWER COOP ALMA SITE,Unit,58490713,EPACAMD,4140CAMDUNITB5,4140;B5,4140,B5,8/8/2011,,Yes
WI,55,,55011,Buffalo,4958511,WIDNR,606034110,Dairyland Power Cooperative,DAIRYLAND POWER COOP ALMA SITE,Unit,30851313,EPACAMD,4271CAMDUNITB1,4271;B1,4271,B1,8/8/2011,,Yes
TX,48,,48201,Harris,4941311,TXCEQ,41,NRG TEXAS POWER LLC,SR BERTRON STATION,Unit,31129613,EPACAMD,3468CAMDUNITSRB3,3468;SRB3,3468,SRB3,8/8/2011,,Yes
TX,48,,48209,Hays,4927111,TXCEQ,15,HAYS ENERGY LLC,HAYS ENERGY FACILITY,Unit,31205313,EPACAMD,55144CAMDUNITSTK2,55144;STK2,55144,STK2,8/8/2011,,Yes
TX,48,,48201,Harris,4926511,TXCEQ,42,NRG TEXAS POWER LLC,TH WHARTON ELECTRIC GENERATING STATION,Unit,31237513,EPACAMD,3469CAMDUNITTHW33,3469;THW33,3469,THW33,8/21/2014,,Yes
TX,48,,48201,Harris,4926511,TXCEQ,42,NRG TEXAS POWER LLC,TH WHARTON ELECTRIC GENERATING STATION,Unit,31237113,EPACAMD,3469CAMDUNITTHW41,3469;THW41,3469,THW41,8/21/2014,,Yes
TX,48,,48201,Harris,4925011,TXCEQ,73,AIR LIQUIDE AMERICA CORPORATION,AIR LIQUIDE BAYPORT COMPL,Unit,31371713,EPACAMD,10298CAMDUNITCG804,10298;CG804,10298,CG804,8/8/2011,,Yes
PA,42,,42055,Franklin,3769311,PADEP,420550085,ALLEGHENY ENERGY SUPPLY CO LLC,CHAMBERSBURG ENERGY LLC/CHAMBERSBURG,Unit,37867413,EPACAMD,55654CAMDUNIT12,55654;12,55654,12,10/9/2014,,Yes
AR,5,,5059,Hot Spring,1119311,ARDEQ,505900229,"Entergy Arkansas, LLC","Entergy Arkansas, LLC - Hot Spring Energy Facility",Unit,46771113,EPACAMD,55418CAMDUNITCT-2,55418;CT-2,55418,CT-2,8/8/2011,,Yes
OK,40,,40015,Caddo,1046611,OKDEQ,1699,WESTERN FARMERS ELECTRIC COOPERATIVE,WESTERN FARMERS ANADARKO PLANT,Unit,88766613,EPACAMD,3006CAMDUNIT9,3006;9,3006,9,7/24/2012,,Yes
OK,40,,40015,Caddo,1046611,OKDEQ,1699,WESTERN FARMERS ELECTRIC COOPERATIVE,WESTERN FARMERS ANADARKO PLANT,Unit,135070313,EPACAMD,3006CAMDUNIT7,3006;7,3006,7,2/27/2020,,Yes
OK,40,,40015,Caddo,1046611,OKDEQ,1699,WESTERN FARMERS ELECTRIC COOPERATIVE,WESTERN FARMERS ANADARKO PLANT,Unit,46954813,EPACAMD,3006CAMDUNIT6,3006;6,3006,6,4/18/2017,,Yes
IN,18,,18089,Lake,3985111,INDEM,210,Na,STATE LINE ENERGY LLC,Unit,32590713,EPACAMD,981CAMDUNIT4,981;4,981,4,8/8/2011,,Yes
WY,56,,56031,Platte,4207711,WYDEQ,85,Basin Electric Power Cooperative,Laramie River Station,Unit,72228213,EPACAMD,6204CAMDUNIT3,6204;3,6204,3,8/8/2011,,Yes
FL,12,,12105,Polk,752011,FLDEP,1050003,Lakeland Electric,LAKELAND ELECTRIC,Unit,46313613,EPACAMD,675CAMDUNIT**8,675;**8,675,**8,8/8/2011,,Yes
FL,12,,12103,Pinellas,751811,FLDEP,1030011,Progress Energy Corporation,"DUKE ENERGY FLORIDA, LLC",Unit,46315413,EPACAMD,634CAMDUNITP3,634;P3,634,P3,8/8/2011,,Yes
FL,12,,12085,Martin,751511,FLDEP,850001,Florida Power & Light Company,FLORIDA POWER & LIGHT (PMR),Unit,46319813,EPACAMD,6043CAMDUNITPMR8B,6043;PMR8B,6043,PMR8B,8/8/2011,,Yes
CT,9,,9007,Middlesex,715711,CTBAM,T104P0024C07741,"NRG ENERGY, INC.",MIDDLETOWN POWER LLC,Unit,46360913,EPACAMD,562CAMDUNIT4,562;4,562,4,8/8/2011,,Yes
CT,9,,9003,Hartford,715611,CTBAM,T075P0158C08792,Materials Innovation and Recycling Authority (MIRA),MIRA / MID-CONNECTICUT,Unit,46362313,EPACAMD,563CAMDUNIT12B,563;12B,563,12B,6/11/2013,,Yes
FL,12,,12073,Leon,715111,FLDEP,730003,City Of Tallahassee,CITY OF TALLAHASSEE,Unit,46366413,EPACAMD,688CAMDUNIT2,688;2,688,2,9/23/2011,,Yes
CA,6,,6037,Los Angeles,4083111,CARB,1.91E+11,"AES ALAMITOS, LLC","AES ALAMITOS, LLC",Unit,76772313,EPACAMD,315CAMDUNIT3,315;3,315,3,9/23/2011,,Yes
CA,6,,6037,Los Angeles,4083011,CARB,1.91E+11,"LONG BEACH GENERATION, LLC","LONG BEACH GENERATION, LLC",Unit,35227113,EPACAMD,341CAMDUNIT3,341;3,341,3,2/24/2020,,Yes
CA,6,,6037,Los Angeles,4083011,CARB,1.91E+11,"LONG BEACH GENERATION, LLC","LONG BEACH GENERATION, LLC",Unit,35226913,EPACAMD,341CAMDUNIT4,341;4,341,4,2/24/2020,,Yes
TX,48,,48303,Lubbock,4030611,TXCEQ,3,SOUTHWESTERN PUBLIC SERVICE COMPANY,JONES STATION POWER PLANT,Unit,110008913,EPACAMD,3482CAMDUNIT154T,3482;154T,3482,154T,12/22/2015,,Yes
TX,48,,48303,Lubbock,4030611,TXCEQ,3,SOUTHWESTERN PUBLIC SERVICE COMPANY,JONES STATION POWER PLANT,Unit,35354613,EPACAMD,3482CAMDUNIT151B,3482;151B,3482,151B,8/8/2011,,Yes
TX,48,,48309,McLennan,4016711,TXCEQ,3,LUMINANT GENERATION COMPANY LLC,LAKE CREEK STEAM ELECTRIC STATION,Unit,35429413,EPACAMD,3502CAMDUNIT2,3502;2,3502,2,9/23/2011,,Yes
PA,42,,42063,Indiana,2905911,PADEP,420630001,GENON NE MGMT CO,KEYSTONE CONEMAUGH PROJ LLC/CONEMAUGH STATION,Unit,38673013,EPACAMD,3118CAMDUNIT1,3118;1,3118,1,8/8/2011,,Yes
CO,8,,8069,Larimer,4364011,CODPHE,CO0000000806900053,Platte River Power Authority,PLATTE RIVER POWER AUTHORITY - RAWHIDE,Unit,36155313,EPACAMD,6761CAMDUNIT101,6761;101,6761,101,8/8/2011,,Yes
KY,21,,21199,Pulaski,5787711,KYDAQ,2119900005,East Kentucky Power Cooperative,East KY Power Coop - Cooper Station,Unit,94726213,EPACAMD,1384CAMDUNIT2,1384;2,1384,2,1/1/2012,,Yes
KY,21,,21049,Clark,5163011,KYDAQ,2104900027,East Kentucky Power Cooperative,East KY Power - J K Smith Station,Unit,86750913,EPACAMD,54CAMDUNITSCT3,54;SCT3,54,SCT3,9/23/2011,,Yes
KY,21,,21111,Jefferson,5702411,KYJCAPCD,126,Louisville Gas & Electric Company,"Louisville Gas & Electric Co., Cane Run Station",Unit,20510213,EPACAMD,1363CAMDUNIT5,1363;5,1363,5,8/8/2011,,Yes
KY,21,,21111,Jefferson,5702411,KYJCAPCD,126,Louisville Gas & Electric Company,"Louisville Gas & Electric Co., Cane Run Station",Unit,20510613,EPACAMD,1363CAMDUNIT6,1363;6,1363,6,8/8/2011,,Yes
KY,21,,21111,Jefferson,5702311,KYJCAPCD,125,Louisville Gas & Electric Company,"Louisville Gas & Electric Co., Paddys Run Station",Unit,95159913,EPACAMD,1366CAMDUNIT13,1366;13,1366,13,10/14/2014,,Yes
CA,6,,6037,Los Angeles,5683211,CARB,1.91E+11,"LA CITY, DWP HARBOR GENERATING STATION","LA CITY, DWP HARBOR GENERATING STATION",Unit,76190113,EPACAMD,399CAMDUNIT13,399;13,399,13,11/8/2014,,Yes
AL,1,,1123,Tallapoosa,14803411,ADEM,22,Hillabee Energy Center,CER Generation LLC,Unit,91070013,EPACAMD,55411CAMDUNITCT1,55411;CT1,55411,CT1,5/22/2013,,Yes
GA,13,,13033,Burke,15028311,GADNR,3300008,,Southern Nuclear - Allen B. Wilson Plant,Unit,91735013,EPACAMD,6258CAMDUNIT1E,6258;1E,6258,1E,4/18/2014,,Yes
GA,13,,13033,Burke,15028311,GADNR,3300008,,Southern Nuclear - Allen B. Wilson Plant,Unit,91734713,EPACAMD,6258CAMDUNIT1B,6258;1B,6258,1B,4/18/2014,,Yes
CA,6,,6013,Contra Costa,15757411,CARB,7130318143,GATEWAY GENERATING STATION,GATEWAY GENERATING STATION,Unit,100519313,EPACAMD,56476CAMDUNITGT2,56476;GT2,56476,GT2,9/29/2014,,Yes
NY,36,,36083,Rensselaer,15473111,NYDEC,4381400052,,EMPIRE POWER PLANT,Unit,96599013,EPACAMD,56259CAMDUNITCT-1,56259;CT-1,56259,CT-1,8/14/2014,12/31/2049,Yes
CA,6,,6037,Los Angeles,16016511,CARB,1.91E+11,BICENT (CALIFORNIA) MALBURG LLC,BICENT (CALIFORNIA) MALBURG LLC,Unit,101034113,EPACAMD,56041CAMDUNITM2,56041;M2,56041,M2,10/9/2014,,Yes
MT,30,,30023,Deer Lodge,14496011,MTDEQ,023-0002,NORTHWESTERN ENERGY,DAVE GATES GENERATING STATION AT MILL CREEK,Unit,87303813,EPACAMD,56908CAMDUNIT1A,56908;1A,56908,1A,10/10/2014,12/31/2049,Yes
CT,9,,9007,Middlesex,14622911,CTBAM,T104P0246C08070,KLEEN ENERGY SYSTEM LLC,KLEEN ENERGY SYSTEM PROJECT,Unit,88745013,EPACAMD,56798CAMDUNITU1,56798;U1,56798,U1,6/11/2013,,Yes
CT,9,,9009,New Haven,14624011,CTBAM,T189P0114C08691,Wallingford Energy LLC,Wallingford Energy LLC,Unit,125574413,EPACAMD,55517CAMDUNITCT06,55517;CT06,55517,CT06,7/12/2018,,Yes
CT,9,,9009,New Haven,14624011,CTBAM,T189P0114C08691,Wallingford Energy LLC,Wallingford Energy LLC,Unit,88754313,EPACAMD,55517CAMDUNITCT05,55517;CT05,55517,CT05,6/11/2013,,Yes
NM,35,,35025,Lea,14627711,NMED,25726,Lea Power Partners LLC,Lea Power - Hobbs Generating Station,Unit,91585713,EPACAMD,56458CAMDUNITHOBB1,56458;HOBB1,56458,HOBB1,8/20/2012,,Yes
FL,12,,12099,Palm Beach,14654911,FLDEP,990646,FLORIDA POWER AND LIGHT COMPANY,FLORIDA POWER AND LIGHT COMPANY,Unit,89428513,EPACAMD,56407CAMDUNITWCCT3A,56407;WCCT3A,56407,WCCT3A,5/22/2013,,Yes
FL,12,,12099,Palm Beach,14654911,FLDEP,990646,FLORIDA POWER AND LIGHT COMPANY,FLORIDA POWER AND LIGHT COMPANY,Unit,89427813,EPACAMD,56407CAMDUNITWCCT2C,56407;WCCT2C,56407,WCCT2C,5/22/2013,,Yes
FL,12,,12005,Bay,554911,FLDEP,50014,Gulf Power Company,FLORIDA POWER & LIGHT COMPANY,Unit,48231013,EPACAMD,643CAMDUNIT1,643;1,643,1,8/8/2011,,Yes
FL,12,,12087,Monroe,554011,FLDEP,870003,FLORIDA MUNICIPAL POWER AGENCY,FLORIDA MUNICIPAL POWER AGENCY,Unit,67305113,EPACAMD,6584CAMDUNITCT4,6584;CT4,6584,CT4,11/6/2014,,Yes
NC,37,,37045,Cleveland,18049211,NCDAQ,3704500383,"Carolina Power Partners, LLC",Kings Mountain Energy Center,Unit,135476013,EPACAMD,59325CAMDUNITES-1,59325;ES-1,59325,ES-1,4/27/2020,,Yes
LA,22,,22117,Washington,19253711,LADEQ08,83619,Entergy Louisiana LLC,Entergy Louisiana LLC - Washington Parish Energy Center,Unit,157083513,EPACAMD,55486CAMDUNITCTG02,55486;CTG02,55486,CTG02,4/10/2023,,Yes
NY,36,,36059,Nassau,10680511,NYDEC,1282402146,KEYSPAN,GLENWOOD ENERGY CENTER - new turbs,Unit,58686713,EPACAMD,7869CAMDUNITUGT012,7869;UGT012,7869,UGT012,11/3/2014,12/31/2049,Yes
NJ,34,,34029,Ocean,8174211,NJDEP,78896,North Amer,"Nautilus Power, LLC",Unit,4463313,EPACAMD,54640CAMDUNIT001001,54640;001001,54640,1001,8/1/2014,12/31/2049,Yes
NJ,34,,34029,Ocean,8174211,NJDEP,78896,North Amer,"Nautilus Power, LLC",Unit,4463313,EPACAMD,54640CAMDUNIT002001,54640;002001,54640,2001,8/1/2014,12/31/2049,Yes
MI,26,,26017,Bay,8172811,MIDEQ,B2840,Consumers Energy Company,Consumers Energy D.E. Karn Facility,Unit,4492913,EPACAMD,1702CAMDUNIT2,1702;2,1702,2,1/1/2020,,Yes
MI,26,,26017,Bay,8172811,MIDEQ,B2840,Consumers Energy Company,Consumers Energy D.E. Karn Facility,Unit,82867713,EPACAMD,1702CAMDUNITB,1702;B,1702,B,12/7/2014,12/31/2049,Yes
MS,28,,28049,Hinds,6802311,MSDEQ,2804900112,AI002286,"ENTERGY MISSISSIPPI INC, REX BROWN PLANT",Unit,66391013,EPACAMD,2053CAMDUNIT4,2053;4,2053,4,8/8/2011,,Yes
MS,28,,28047,Harrison,6788111,MSDEQ,2804700055,AI000927,"MISSISSIPPI POWER COMPANY, PLANT JACK WA",Unit,13581613,EPACAMD,2049CAMDUNIT5,2049;5,2049,5,8/8/2011,,Yes
GA,13,,13149,Heard,7415011,GADNR,14900001,Southern Power Company,Ga Power Company - Plant Wansley,Unit,9227313,EPACAMD,6052CAMDUNIT5A,6052;5A,6052,5A,8/8/2011,,Yes
MI,26,,26121,Muskegon,7384111,MIDEQ,B2836,Consumers Energy Company,B. C. Cobb Plant,Unit,82890813,EPACAMD,1695CAMDUNIT4,1695;4,1695,4,8/14/2014,12/31/2049,Yes
KY,21,,21111,Jefferson,7353711,KYJCAPCD,127,Louisville Gas & Electric Company,"Louisville Gas & Electric Co., Mill Creek Station",Unit,9603513,EPACAMD,1364CAMDUNIT1,1364;1,1364,1,8/8/2011,,Yes
MS,28,,28107,Panola,6993011,MSDEQ,2810700054,AI000862,"COOPERATIVE ENERGY, A MISSISSIPPI ELECTR",Unit,14910613,EPACAMD,55063CAMDUNIT3,55063;3,55063,3,8/8/2011,,Yes
MN,27,,27137,St. Louis,6941511,MNPCA,2713700013,"Minnesota Power, Inc.",Minnesota Power - Laskin Energy Center,Unit,14935113,EPACAMD,1891CAMDUNIT2,1891;2,1891,2,8/8/2011,,Yes
MN,27,,27137,St. Louis,6941511,MNPCA,2713700013,"Minnesota Power, Inc.",Minnesota Power - Laskin Energy Center,Unit,14934913,EPACAMD,1891CAMDUNIT1,1891;1,1891,1,8/8/2011,,Yes
MI,26,,26137,Otsego,6335011,MIDEQ,N6526,CMS Generation Michigan Power L.L.C.,"CMS Generation, Livingston Generating Station",Unit,16380213,EPACAMD,55102CAMDUNIT4,55102;4,55102,4,8/24/2014,12/31/2049,Yes
MN,27,,27075,Lake,6319411,MNPCA,2707500003,,Northshore Mining Co,Unit,16399613,EPACAMD,10849CAMDUNITPB2,10849;PB2,10849,PB2,8/8/2011,,Yes
CA,6,,6025,Imperial,6515911,CARB,13151115,IMPERIAL IRRIGATION DISTRICT,IMPERIAL IRRIGATION DISTRICT ECGS,Unit,19300613,EPACAMD,389CAMDUNIT2-2,389;2-2,389,2-Feb,8/8/2011,,Yes
CA,6,,6059,Orange,5905811,CARB,3.01E+11,"AES HUNTINGTON BEACH, LLC","AES HUNTINGTON BEACH, LLC",Unit,139958013,EPACAMD,335CAMDUNITCT2,335;CT2,335,CT2,4/10/2023,,Yes
OK,40,,40071,Kay,1140311,OKDEQ,1406,OK MUNI PWR ATHRTY,PONCA CITY MUNICIPAL STEAM PLANT,Unit,95173113,EPACAMD,762CAMDUNIT4,762;4,762,4,4/2/2014,,Yes
AZ,4,,4013,Maricopa,1139411,AZMCAQD,15,Salt River Project,Salt River Project - Kyrene Generating Station,Unit,46673513,EPACAMD,147CAMDUNITK-7,147;K-7,147,K-7,8/23/2014,,Yes
AZ,4,,4013,Maricopa,1139411,AZMCAQD,15,Salt River Project,Salt River Project - Kyrene Generating Station,Unit,46674113,EPACAMD,147CAMDUNITK-1,147;K-1,147,K-1,12/12/2014,,Yes
AZ,4,,4013,Maricopa,1139311,AZMCAQD,14,Salt River Project,Salt River Project - Agua Fria Generating Station,Unit,46676013,EPACAMD,141CAMDUNIT1,141;1,141,1,8/8/2011,12/31/2019,No
LA,22,,22109,Terrebonne,5192511,LADEQ08,8838,Terrebonne Parish Consolidated Government,Terrebonne Parish Consolidated Government - Houma Generating Station,Unit,80254613,EPACAMD,1439CAMDUNIT15,1439;15,1439,15,8/8/2011,,Yes
PA,42,,42125,Washington,3894811,PADEP,421250014,ALLEGHENY ENERGY SUPPLY CO LLC,ALLEGHENY ENERGY SUPPLY CO/MITCHELL POWER STA,Unit,37444613,EPACAMD,3181CAMDUNIT1,3181;1,3181,1,9/28/2011,,Yes
SC,45,,45031,Darlington,4951511,SCDHEC,0820-0002,Carolina Power & Light Company,DUKE ENERGY PROGRESS LLC - HB ROBINSON/DARLINGTON,Unit,28949013,EPACAMD,3250CAMDUNIT1,3250;1,3250,1,9/23/2011,,Yes
SC,45,,45031,Darlington,4951511,SCDHEC,0820-0002,Carolina Power & Light Company,DUKE ENERGY PROGRESS LLC - HB ROBINSON/DARLINGTON,Unit,28949213,EPACAMD,3250CAMDUNIT3,3250;3,3250,3,9/23/2011,,Yes
SC,45,,45031,Darlington,4951511,SCDHEC,0820-0002,Carolina Power & Light Company,DUKE ENERGY PROGRESS LLC - HB ROBINSON/DARLINGTON,Unit,28950013,EPACAMD,3250CAMDUNIT13,3250;13,3250,13,9/23/2011,,Yes
TX,48,,48039,Brazoria,4897811,TXCEQ,104,FREEPORT POWER LIMITED,OYSTER CREEK COGENERATION POWER UNIT 8,Unit,29105413,EPACAMD,54676CAMDUNITGT83,54676;GT83,54676,GT83,2/28/2018,,Yes
TX,48,,48203,Harrison,4845611,TXCEQ,22,SOUTHWESTERN ELECTRIC POWER COMPANY,AEP PIRKEY POWER PLANT,Unit,29665713,EPACAMD,7902CAMDUNIT1,7902;1,7902,1,8/8/2011,,Yes
SC,45,,45007,Anderson,4075711,SCDHEC,0200-0144,Santee Cooper,SANTEE COOPER RAINEY,Unit,69627413,EPACAMD,7834CAMDUNITCT2B,7834;CT2B,7834,CT2B,8/14/2014,12/31/2049,Yes
SC,45,,45007,Anderson,4075711,SCDHEC,0200-0144,Santee Cooper,SANTEE COOPER RAINEY,Unit,69627313,EPACAMD,7834CAMDUNITCT1B,7834;CT1B,7834,CT1B,8/14/2014,12/31/2049,Yes
SC,45,,45021,Cherokee,4074811,SCDHEC,0600-0076,"Broad River Energy, LLC",BROAD RIVER ENERGY LLC,Unit,118511913,EPACAMD,55166CAMDUNITCT-1,55166;CT-1,55166,CT-1,12/30/2049,12/31/2049,Yes
AZ,4,,4021,Pinal,11310611,Pinal,COOLGEN,Coolidge Power LLC,Coolidge Generating Station,Unit,118549413,EPACAMD,56948CAMDUNITCT02,56948;CT02,56948,CT02,5/31/2018,,Yes
AZ,4,,4021,Pinal,11310611,Pinal,COOLGEN,Coolidge Power LLC,Coolidge Generating Station,Unit,118549513,EPACAMD,56948CAMDUNITCT03,56948;CT03,56948,CT03,5/31/2018,,Yes
DC,11,,11001,District of Columbia,2701211,DOEE,25,U.S. General Services Administration,U.S. GSA Central Heating and Refrigeration Plant,Unit,41213713,EPACAMD,880004CAMDUNIT6,880004;6,880004,6,9/29/2014,,Yes
IL,17,,17033,Crawford,2667311,ILEPA,033801AAA,Ameren Energy Generating Company,AmerenEnergy Medina Valley Cogen LLC-Hutsonville Energy Ctr,Unit,41250713,EPACAMD,863CAMDUNIT05,863;05,863,5,8/8/2011,,Yes
NV,32,,32003,Clark,12768311,NVCCDAQM,1513,,Nevada Power (Chuck Lenzie),Unit,67164413,EPACAMD,55322CAMDUNITCTG-1,55322;CTG-1,55322,CTG-1,8/8/2011,,Yes
WI,55,,55141,Wood,17851611,WIDNR,772140050,,MARSHFIELD UTILITIES COMBUSTION TURBINE GENERATOR,Unit,125455913,EPACAMD,56480CAMDUNIT1B,56480;1B,56480,1B,2/24/2020,,Yes
MD,24,,24033,Prince Georges,17878311,MDDOE,033-2737,"Keys Energy Center, LLC",PSEG Keys Energy Center,Unit,125599513,EPACAMD,60302CAMDUNIT12,60302;12,60302,12,4/27/2020,,Yes
OH,39,,39113,Montgomery,13572311,OHEPA,857043333,,Tait Electric Generating Station (0857043333),Unit,73759213,EPACAMD,2847CAMDUNIT3,2847;3,2847,3,10/9/2014,,Yes
PA,42,,42133,York,15649311,PADEP,421330329,CALPINE MID MERIT LLC,CALPINE MID MERIT LLC/YORK ENERGY CTR DELTA,Unit,137529813,EPACAMD,55524CAMDUNIT5,55524;5,55524,5,2/4/2021,,Yes
IN,18,,18077,Jefferson,7744211,INDEM,1,Na,Indiana-Kentucky Electric Corporation -,Unit,1876413,EPACAMD,983CAMDUNIT6,983;6,983,6,8/8/2011,,Yes
LA,22,,22017,Caddo,7928011,LADEQ08,584,Southwestern Electric Power Co,Southwestern Electric Power Co (SWEPCO) - Lieberman Power Plant,Unit,81339113,EPACAMD,1417CAMDUNIT4,1417;4,1417,4,8/8/2011,,Yes
MO,29,,29051,Cole,7543511,MODNR,49,Na,AMEREN MISSOURI FAIRGROUNDS COMBUSTION TURBINE,Unit,11983013,EPACAMD,2082CAMDUNITCT01,2082;CT01,2082,CT01,10/29/2014,,Yes
TX,48,,48161,Freestone,4852511,TXCEQ,30,FREESTONE POWER GENERATION LP,FREESTONE ENERGY CENTER,Unit,31658013,EPACAMD,55226CAMDUNITGT2,55226;GT2,55226,GT2,8/8/2011,,Yes
TX,48,,48141,El Paso,4837411,TXCEQ,8,EL PASO ELECTRIC COMPANY,NEWMAN STATION,Unit,31688813,EPACAMD,3456CAMDUNIT**5,3456;**5,3456,**5,8/8/2011,,Yes
TX,48,,48201,Harris,4777911,TXCEQ,46,NRG TEXAS POWER LLC,GREENS BAYOU ELECTRIC GENERATING STATION,Unit,31930213,EPACAMD,3464CAMDUNITGBY81,3464;GBY81,3464,GBY81,8/21/2014,,Yes
NC,37,,37021,Buncombe,8392811,NCBCRAQA,628,"Progress Energy Carolinas, Inc.","Duke Energy Progress , Inc. - Asheville Steam Electric Plant",Unit,137508513,EPACAMD,2706CAMDUNITCT7,2706;CT7,2706,CT7,5/24/2022,,Yes
NC,37,,37021,Buncombe,8392811,NCBCRAQA,628,"Progress Energy Carolinas, Inc.","Duke Energy Progress , Inc. - Asheville Steam Electric Plant",Unit,137508413,EPACAMD,2706CAMDUNITCT5,2706;CT5,2706,CT5,5/24/2022,,Yes
NC,37,,37021,Buncombe,8392811,NCBCRAQA,628,"Progress Energy Carolinas, Inc.","Duke Energy Progress , Inc. - Asheville Steam Electric Plant",Unit,1654213,EPACAMD,2706CAMDUNIT2,2706;2,2706,2,8/8/2011,,Yes
VA,51,,51071,Giles,4004311,VADEQ,20304,Celanese Acetate LLC,Celanese Acetate LLC,Unit,107744013,EPACAMD,52089CAMDUNITBLR008,52089;BLR008,52089,BLR008,12/6/2014,,Yes
VA,51,,51071,Giles,4004311,VADEQ,20304,Celanese Acetate LLC,Celanese Acetate LLC,Unit,32517313,EPACAMD,52089CAMDUNITBLR007,52089;BLR007,52089,BLR007,12/6/2014,,Yes
TX,48,,48497,Wise,9051811,TXCEQ,678,WISE COUNTY POWER COMPANY LLC,WISE CO POWER PLANT,Unit,57567613,EPACAMD,55320CAMDUNITGT-2,55320;GT-2,55320,GT-2,8/8/2011,,Yes
NY,36,,36001,Albany,7801011,NYDEC,4012200044,PSEG POWER NEW YORK INC,BETHLEHEM ENERGY CENTER,Unit,3435113,EPACAMD,2539CAMDUNIT2,2539;2,2539,2,12/6/2014,,Yes
NM,35,,35061,Valencia,7799911,NMED,1611,Valencia Power LLC,Valencia Power Plant,Unit,82635413,EPACAMD,55802CAMDUNITCTG1,55802;CTG1,55802,CTG1,10/15/2014,,Yes
PA,42,,42045,Delaware,6662011,PADEP,420450014,CONSTELLATION ENERGY GENERATION LLC,CONSTELLATION ENERGY GENERATION LLC/EDDYSTONE,Unit,17765313,EPACAMD,3161CAMDUNIT1,3161;1,3161,1,8/8/2011,,Yes
PA,42,,42101,Philadelphia,6559811,PACOP,4210104904,CONSTELLATION ENERGY GENERATION LLC,EXELON GENERATION CO/SCHUYLKILL STA,Unit,103757513,EPACAMD,3169CAMDUNIT1,3169;1,3169,1,3/18/2013,,Yes
TN,47,,47075,Haywood,3982711,TNDEC,38-0069,Tennessee Valley Authority,TVA LAGOON CREEK COMBUSTION TURBINE PLANT,Unit,35467913,EPACAMD,7845CAMDUNITLCT2,7845;LCT2,7845,LCT2,12/26/2013,,Yes
TX,48,,48021,Bastrop,3981411,TXCEQ,13,BASTROP ENERGY PARTNERS LP,BASTROP ENERGY CENTER,Unit,35538913,EPACAMD,55168CAMDUNITCTG-1A,55168;CTG-1A,55168,CTG-1A,8/8/2011,,Yes
TX,48,,48021,Bastrop,3981311,TXCEQ,12,GENTEX POWER CORPORATION,LOST PINES 1 POWER PLANT,Unit,35539113,EPACAMD,55154CAMDUNIT2,55154;2,55154,2,8/8/2011,,Yes
TX,48,,48331,Milam,4204811,TXCEQ,5,LUMINANT GENERATION COMPANY LLC,SANDOW STEAM ELECTRIC STATION,Unit,35746613,EPACAMD,6648CAMDUNIT4,6648;4,6648,4,8/8/2011,,Yes
TN,47,,47073,Hawkins,4188311,TNDEC,37-0007,TVA JOHN SEVIER FOSSIL PLANT,TVA - John Sevier Combined Cycle Plant,Unit,105932113,EPACAMD,3405CAMDUNITJCC1,3405;JCC1,3405,JCC1,10/14/2014,,Yes
MI,26,,26039,Crawford,4187811,MIDEQ,N2388,Grayling Generating Station LTD PTNR,GRAYLING GENERATING STATION LTD PTNR,Unit,35897313,EPACAMD,10822CAMDUNIT1,10822;1,10822,1,8/8/2011,,Yes
TX,48,,48439,Tarrant,7925711,TXCEQ,6,LUMINANT GENERATION CO LLC,EAGLE MOUNTAIN STATION,Unit,2555413,EPACAMD,3489CAMDUNIT2,3489;2,3489,2,10/8/2014,,Yes
TX,48,,48339,Montgomery,7910511,TXCEQ,7,ENTERGY TEXAS INC,LEWIS CREEK PLANT,Unit,2568013,EPACAMD,3457CAMDUNIT1,3457;1,3457,1,8/8/2011,,Yes
TX,48,,48339,Montgomery,7910511,TXCEQ,7,ENTERGY TEXAS INC,LEWIS CREEK PLANT,Unit,139286313,EPACAMD,60925CAMDUNITCT1,60925;CT1,60925,CT1,2/27/2023,,Yes
FL,12,,12105,Polk,3197811,FLDEP,1050231,Orange Cogeneration Limited Partnership,ORANGE COGENERATION LIMITED PARTNERSHIP,Unit,39670713,EPACAMD,54365CAMDUNIT2,54365;2,54365,2,8/8/2011,,Yes
PA,42,,42017,Bucks,9202811,PADEP,420170131,FAIRLESS ENERGY LLC,FAIRLESS ENERGY LLC/FALLS TWP,Unit,57827213,EPACAMD,55298CAMDUNIT1A,55298;1A,55298,1A,8/8/2011,,Yes
NC,37,,37083,Halifax,8048111,NCDAQ,3708300174,"ROVA Venture, LLC",Roanoke Valley Energy Facility,Unit,6362913,EPACAMD,54755CAMDUNIT2,54755;2,54755,2,8/8/2011,,Yes
OH,39,,39053,Gallia,7983011,OHEPA,627000003,Ohio Valley Electric Corporation,"Ohio Valley Electric Corp., Kyger Creek Station (0627000003)",Unit,6441313,EPACAMD,2876CAMDUNIT1,2876;1,2876,1,8/8/2011,,Yes
OH,39,,39053,Gallia,7983011,OHEPA,627000003,Ohio Valley Electric Corporation,"Ohio Valley Electric Corp., Kyger Creek Station (0627000003)",Unit,6441713,EPACAMD,2876CAMDUNIT2,2876;2,2876,2,8/8/2011,,Yes
NY,36,,36081,Queens,7982311,NYDEC,2630100185,ASTORIA GENERATING COMPANY LP,ASTORIA GENERATING STATION,Unit,6450613,EPACAMD,8906CAMDUNIT41SH,8906;41SH,8906,41SH,8/14/2014,12/31/2049,Yes
NY,36,,36081,Queens,7982211,NYDEC,2630100084,NEW YORK POWER AUTHORITY,POLETTI POWER PROJECT,Unit,6451313,EPACAMD,2491CAMDUNIT001,2491;001,2491,1,8/8/2011,,Yes
NY,36,,36103,Suffolk,7981511,NYDEC,1472200107,KEYSPAN ENERGY CORPORATION,PORT JEFFERSON POWER STATION,Unit,6455313,EPACAMD,2517CAMDUNIT3,2517;3,2517,3,8/8/2011,,Yes
MI,26,,26163,Wayne,8229311,MIDEQ,B2810,DTE Electric Company,DTE Electric Company - River Rouge Power Plant,Unit,6594513,EPACAMD,1740CAMDUNIT1,1740;1,1740,1,10/8/2014,,Yes
OK,40,,40131,Rogers,8212411,OKDEQ,212,PUBLIC SERVICE COMPANY OF OKLAHOMA,PSO NORTHEASTERN POWER STATION,Unit,6698313,EPACAMD,2963CAMDUNIT3313,2963;3313,2963,3313,8/8/2011,,Yes
NV,32,,32003,Clark,8211211,NVCCDAQM,7,Nevada Power Company,Nevada Power Clark Station,Unit,67144513,EPACAMD,2322CAMDUNIT16A,2322;16A,2322,16A,10/5/2014,12/31/2049,Yes
NV,32,,32003,Clark,8211211,NVCCDAQM,7,Nevada Power Company,Nevada Power Clark Station,Unit,67144913,EPACAMD,2322CAMDUNIT20B,2322;20B,2322,20B,10/5/2014,12/31/2049,Yes
NV,32,,32003,Clark,8211211,NVCCDAQM,7,Nevada Power Company,Nevada Power Clark Station,Unit,67145013,EPACAMD,2322CAMDUNIT21A,2322;21A,2322,21A,10/5/2014,12/31/2049,Yes
NV,32,,32003,Clark,8211211,NVCCDAQM,7,Nevada Power Company,Nevada Power Clark Station,Unit,67145013,EPACAMD,2322CAMDUNIT21B,2322;21B,2322,21B,10/5/2014,12/31/2049,Yes
NV,32,,32003,Clark,8211211,NVCCDAQM,7,Nevada Power Company,Nevada Power Clark Station,Unit,67144213,EPACAMD,2322CAMDUNIT13B,2322;13B,2322,13B,10/5/2014,12/31/2049,Yes
NV,32,,32003,Clark,8211211,NVCCDAQM,7,Nevada Power Company,Nevada Power Clark Station,Unit,67144813,EPACAMD,2322CAMDUNIT19B,2322;19B,2322,19B,10/5/2014,12/31/2049,Yes
NC,37,,37019,Brunswick,8176711,NCDAQ,3701900067,CPI USA North Carolina - Southport Plant,CPI USA North Carolina - Southport Plant,Unit,6824813,EPACAMD,10378CAMDUNITBLR01B,10378;BLR01B,10378,BLR01B,8/14/2014,12/31/2049,Yes
NC,37,,37019,Brunswick,8176711,NCDAQ,3701900067,CPI USA North Carolina - Southport Plant,CPI USA North Carolina - Southport Plant,Unit,6824813,EPACAMD,10378CAMDUNITBLR02C,10378;BLR02C,10378,BLR02C,8/14/2014,12/31/2049,Yes
VA,51,,51167,Russell,5763511,VADEQ,10236,American Electric Power-Clinch River Plant,American Electric Power-Clinch River Plant,Unit,21755613,EPACAMD,3775CAMDUNIT1,3775;1,3775,1,8/8/2011,12/31/2049,Yes
TX,48,,48361,Orange,5731011,TXCEQ,57,SABINE COGEN LP,SABINE COGENERATION FACILITY,Unit,21856613,EPACAMD,55104CAMDUNITSAB-2,55104;SAB-2,55104,SAB-2,8/22/2014,,Yes
TX,48,,48073,Cherokee,5729511,TXCEQ,2,LUMINANT GENERATION COMPANY LLC,STRYKER CREEK ELECTRIC STATION,Unit,21908113,EPACAMD,3504CAMDUNIT2,3504;2,3504,2,8/8/2011,,Yes
TX,48,,48073,Cherokee,5729511,TXCEQ,2,LUMINANT GENERATION COMPANY LLC,STRYKER CREEK ELECTRIC STATION,Unit,21907613,EPACAMD,3504CAMDUNIT1,3504;1,3504,1,8/8/2011,,Yes
TX,48,,48071,Chambers,5729111,TXCEQ,89,BAYTOWN ENERGY CENTER LLC,BAYTOWN COGENERATION,Unit,21966213,EPACAMD,55327CAMDUNITCTG-2,55327;CTG-2,55327,CTG-2,8/8/2011,,Yes
NC,37,,37051,Cumberland,8134411,NCDAQ,3705100094,Public Works Commission,Public Works Commission Butler-Warner Generation Plant,Unit,75105013,EPACAMD,1016CAMDUNITGT-8,1016;GT-8,1016,GT-8,10/9/2014,,Yes
NC,37,,37051,Cumberland,8134411,NCDAQ,3705100094,Public Works Commission,Public Works Commission Butler-Warner Generation Plant,Unit,5498113,EPACAMD,1016CAMDUNITGT-7,1016;GT-7,1016,GT-7,10/9/2014,12/31/2049,Yes
NC,37,,37051,Cumberland,8134411,NCDAQ,3705100094,Public Works Commission,Public Works Commission Butler-Warner Generation Plant,Unit,5498113,EPACAMD,1016CAMDUNITGT-3,1016;GT-3,1016,GT-3,10/9/2014,12/31/2049,Yes
OH,39,,39013,Belmont,8120011,OHEPA,607130015,FirstEnergy Generation Corporation,R. E. BURGER PLANT (0607130015),Unit,5512513,EPACAMD,2864CAMDUNIT8,2864;8,2864,8,8/8/2011,,Yes
OH,39,,39007,Ashtabula,8103911,OHEPA,204010000,FirstEnergy Generation Corporation,"FirstEnergy Generation Corp., Ashtabula Plant (0204010000)",Unit,5518113,EPACAMD,2835CAMDUNIT10,2835;10,2835,10,12/6/2014,,Yes
ND,38,,38065,Oliver,8087911,NDDEQ,344,"Minnkota Power Cooperative, Inc.","Minnkota Power Cooperative, Inc. - Milton R. Young Station",Unit,64290913,EPACAMD,2823CAMDUNITB1,2823;B1,2823,B1,3/18/2013,,Yes
ND,38,,38057,Mercer,8086411,NDDEQ,342,Great River Energy (Owner/Operator),Stanton Station,Unit,64289013,EPACAMD,2824CAMDUNIT10,2824;10,2824,10,8/8/2011,,Yes
ND,38,,38057,Mercer,8086311,NDDEQ,338,Basin Electric Power Cooperative,Basin Electric Power Cooperative - Leland Olds Station,Unit,64283513,EPACAMD,2817CAMDUNIT1,2817;1,2817,1,8/8/2011,,Yes
KS,20,,20091,Johnson,9637911,KSDOHE,174,"Evergy, Inc.",Evergy - West Gardner,Unit,53802113,EPACAMD,7929CAMDUNIT3,7929;3,7929,3,10/9/2014,,Yes
MI,26,,26147,St. Clair,7239211,MIDEQ,B6145,DTE Electric Company,DTE Electric Company - Greenwood Energy Center,Unit,7533013,EPACAMD,6035CAMDUNITCTG112,6035;CTG112,6035,CTG112,10/5/2014,,Yes
MI,26,,26147,St. Clair,7239111,MIDEQ,B2796,DTE Electric Company,ST. CLAIR / BELLE RIVER POWER PLANT,Unit,7539813,EPACAMD,1743CAMDUNIT4,1743;4,1743,4,8/8/2011,,Yes
MI,26,,26147,St. Clair,7239111,MIDEQ,B2796,DTE Electric Company,ST. CLAIR / BELLE RIVER POWER PLANT,Unit,7535913,EPACAMD,55718CAMDUNIT2,55718;2,55718,2,10/1/2014,,Yes
NY,36,,36059,Nassau,7223311,NYDEC,1282400947,BETHPAGE ENERGY CENTER 3 LLC,TBG COGEN FACILITY,Unit,7556813,EPACAMD,50292CAMDUNITGT2,50292;GT2,50292,GT2,8/24/2014,12/31/2015,Yes
NY,36,,36059,Nassau,7221611,NYDEC,1282000553,NATIONAL GRID CORPORATE SERVICES LLC,EF BARRETT POWER STATION,Unit,118548113,EPACAMD,2511CAMDUNITU00017,2511;U00017,2511,U00017,4/30/2018,12/31/2049,Yes
NV,32,,32029,Storey,7237511,NVBAQ,AP49112871,"NANIWA ENERGY, LLC",NANIWA TRI PEAKING GENERATING STATION,Unit,7571013,EPACAMD,55494CAMDUNITCT4,55494;CT4,55494,CT4,10/9/2014,12/31/2049,Yes
KY,21,,21145,McCracken,6037011,KYDAQ,2114500006,Tennessee Valley Authority,Tennessee Valley Authority (TVA) - Shawnee Fossil Plant,Unit,24138913,EPACAMD,1379CAMDUNIT5,1379;5,1379,5,8/8/2011,,Yes
KY,21,,21145,McCracken,6037011,KYDAQ,2114500006,Tennessee Valley Authority,Tennessee Valley Authority (TVA) - Shawnee Fossil Plant,Unit,24138313,EPACAMD,1379CAMDUNIT4,1379;4,1379,4,8/8/2011,,Yes
KY,21,,21145,McCracken,6037011,KYDAQ,2114500006,Tennessee Valley Authority,Tennessee Valley Authority (TVA) - Shawnee Fossil Plant,Unit,24138613,EPACAMD,1379CAMDUNIT7,1379;7,1379,7,8/8/2011,,Yes
KY,21,,21145,McCracken,6037011,KYDAQ,2114500006,Tennessee Valley Authority,Tennessee Valley Authority (TVA) - Shawnee Fossil Plant,Unit,24138513,EPACAMD,1379CAMDUNIT8,1379;8,1379,8,8/8/2011,,Yes
KY,21,,21145,McCracken,6037011,KYDAQ,2114500006,Tennessee Valley Authority,Tennessee Valley Authority (TVA) - Shawnee Fossil Plant,Unit,24138113,EPACAMD,1379CAMDUNIT1,1379;1,1379,1,8/8/2011,,Yes
KY,21,,21127,Lawrence,6019911,KYDAQ,2112700040,"Dynegy, Inc",Riverside Generating Co LLC,Unit,86769213,EPACAMD,55198CAMDUNITGTG301,55198;GTG301,55198,GTG301,10/8/2014,,Yes
KY,21,,21127,Lawrence,6019911,KYDAQ,2112700040,"Dynegy, Inc",Riverside Generating Co LLC,Unit,86769313,EPACAMD,55198CAMDUNITGTG401,55198;GTG401,55198,GTG401,10/8/2014,,Yes
TX,48,,48167,Galveston,4021011,TXCEQ,6,PHR HOLDINGS LLC,PH ROBINSON STATION ELECTRIC GENERATING STATION,Unit,127938813,EPACAMD,60264CAMDUNITBCGT5,60264;BCGT5,60264,BCGT5,10/26/2020,,Yes
TX,48,,48183,Gregg,4020611,TXCEQ,7,SOUTHWESTERN ELECTRIC POWER COMPANY,AEP KNOX LEE POWER PLANT,Unit,34366113,EPACAMD,3476CAMDUNIT2,3476;2,3476,2,8/8/2011,,Yes
TX,48,,48183,Gregg,4020611,TXCEQ,7,SOUTHWESTERN ELECTRIC POWER COMPANY,AEP KNOX LEE POWER PLANT,Unit,34366313,EPACAMD,3476CAMDUNIT4,3476;4,3476,4,8/8/2011,,Yes
TX,48,,48187,Guadalupe,4018911,TXCEQ,12,GUADALUPE POWER I LLC,GUADALUPE GENERATING STATION,Unit,34401213,EPACAMD,55153CAMDUNITCTG-4,55153;CTG-4,55153,CTG-4,8/8/2011,,Yes
TX,48,,48135,Ector,3968311,TXCEQ,100,LUMINANT GENERATION COMPANY LLC,ODESSA ECTOR POWER PARTNERS,Unit,34526713,EPACAMD,55215CAMDUNITGT1,55215;GT1,55215,GT1,8/8/2011,,Yes
TX,48,,48135,Ector,3968311,TXCEQ,100,LUMINANT GENERATION COMPANY LLC,ODESSA ECTOR POWER PARTNERS,Unit,34526813,EPACAMD,55215CAMDUNITGT3,55215;GT3,55215,GT3,8/8/2011,,Yes
MO,29,,29077,Greene,7498011,MODNR,164,City Utilities Of Springfield-,CITY UTILITIES OF SPRINGFIELD N L MCCARTNEY DIST GENERATION,Unit,11195813,EPACAMD,7903CAMDUNITMGS2B,7903;MGS2B,7903,MGS2B,10/10/2014,,Yes
MO,29,,29077,Greene,7496411,MODNR,39,City Utilities Of Springfield Missouri,CITY UTILITIES OF SPRINGFIELD MISSOURI JOHN TWITTY ENERGY CENTER,Unit,11215013,EPACAMD,6195CAMDUNITCT1A,6195;CT1A,6195,CT1A,10/10/2014,,Yes
MO,29,,29077,Greene,7494511,MODNR,5,City Utilities Of Springfield Missouri,CITY UTILITIES OF SPRINGFIELD MISSOURI JAMES RIVER POWER PLANT,Unit,11237413,EPACAMD,2161CAMDUNIT5,2161;5,2161,5,8/8/2011,,Yes
MA,25,,25013,Hampden,5980711,MADEP,420040,"MT. TOM GENERATING COMPANY, LLC",MT TOM GENERATING COMPANY LLC,Unit,87658813,EPACAMD,1606CAMDUNIT1,1606;1,1606,1,8/8/2011,,Yes
MA,25,,25013,Hampden,5979511,MADEP,420007,MASSPOWER,MASSPOWER LLC,Unit,87406513,EPACAMD,10726CAMDUNIT2,10726;2,10726,2,5/22/2013,,Yes
IN,18,,18051,Gibson,7363111,INDEM,13,Na,Duke Energy Indiana LLC - Gibson Genera,Unit,10573413,EPACAMD,6113CAMDUNIT2,6113;2,6113,2,8/8/2011,,Yes
NJ,34,,34019,Hunterdon,7312511,NJDEP,80002,Reliant Energy New Jersey Holdings,Gilbert Generating Station,Unit,10666913,EPACAMD,2393CAMDUNIT06,2393;06,2393,6,10/7/2014,,Yes
NJ,34,,34019,Hunterdon,7312511,NJDEP,80002,Reliant Energy New Jersey Holdings,Gilbert Generating Station,Unit,10666513,EPACAMD,2393CAMDUNIT015001,2393;015001,2393,15001,10/7/2014,,Yes
NJ,34,,34005,Burlington,7310911,NJDEP,45979,PSEG Power LLC,Burlington Generating Station,Unit,10702113,EPACAMD,2399CAMDUNIT4001,2399;4001,2399,4001,12/6/2014,,Yes
NJ,34,,34009,Cape May,5133011,NJDEP,73242,R.C. Cape May Holdings LLC,B. L. England Generating Station,Unit,25812213,EPACAMD,2378CAMDUNIT1,2378;1,2378,1,8/8/2011,,Yes
NJ,34,,34007,Camden,5119811,NJDEP,51608,Camden Plant Holding LLC,"Camden Plant Holding, LLC",Unit,25826013,EPACAMD,10751CAMDUNIT002001,10751;002001,10751,2001,9/23/2011,,Yes
UT,49,,49007,Carbon,5066411,UTDAQ,10096,Sunnyside Cogeneration Associates,Sunnyside Cogeneration Associates- Sunnyside Cogeneration Facility,Unit,25975713,EPACAMD,50951CAMDUNIT1,50951;1,50951,1,5/21/2019,,Yes
WI,55,,55009,Brown,5295111,WIDNR,405031990,Wisconsin Public Service Corporation,WI PUBLIC SERVICE CORP - JP PULLIAM PLANT,Unit,25987713,EPACAMD,4072CAMDUNIT7,4072;7,4072,7,8/8/2011,,Yes
MO,29,,29175,Randolph,6688611,MODNR,10,,AMEREN MISSOURI MOBERLY COMBUSTION TURBINE,Unit,12905513,EPACAMD,6651CAMDUNITCT01,6651;CT01,6651,CT01,10/29/2014,,Yes
WI,55,,55131,Washington,5235111,WIDNR,267006190,Wisconsin Electric Power Company,WISCONSIN ELECTRIC POWER COMPANY D/B/A WE ENERGIES-GERMANTOWN STATION,Unit,25374513,EPACAMD,6253CAMDUNITP30,6253;P30,6253,P30,10/5/2014,,Yes
MD,24,,24009,Calvert,5169611,MDDOE,009-0021,"Dominion Energy Cove Point LNG, LP","Dominion Energy Cove Point LNG, LP",Unit,129225813,EPACAMD,59073CAMDUNITB921A,59073;B921A,59073,B921A,3/3/2021,12/31/2049,Yes
MD,24,,24009,Calvert,5169611,MDDOE,009-0021,"Dominion Energy Cove Point LNG, LP","Dominion Energy Cove Point LNG, LP",Unit,129225713,EPACAMD,59073CAMDUNITGT501A,59073;GT501A,59073,GT501A,3/3/2021,12/31/2049,Yes
NE,31,,31153,Sarpy,7631011,NEDEQ,42638,Omaha Public Power District,OPPD Sarpy County Station,Unit,12530613,EPACAMD,2292CAMDUNIT2,2292;2,2292,2,12/30/2049,12/31/2049,Yes
KS,20,,20173,Sedgwick,5603311,KSDOHE,14,"WESTAR ENERGY, INC.",Westar Energy - Murray Gill,Unit,27424913,EPACAMD,1242CAMDUNIT4,1242;4,1242,4,8/8/2011,,Yes
KS,20,,20173,Sedgwick,5603211,KSDOHE,12,"Evergy, Inc.",Evergy - Gordon Evans,Unit,63925213,EPACAMD,1240CAMDUNITE3CT,1240;E3CT,1240,E3CT,10/1/2014,,Yes
IN,18,,18097,Marion,5544111,INDEM,352,Na,Georgetown Substation Generating Plant,Unit,100832913,EPACAMD,7759CAMDUNITGT1,7759;GT1,7759,GT1,10/9/2014,,Yes
IA,19,,19013,Black Hawk,5524311,IADNR,07-01-038,MIDAMERICAN ENERGY COMPANY,MIDAMERICAN ENERGY CO - ELECTRIFARM TURBINES,Unit,27492313,EPACAMD,6063CAMDUNIT2,6063;2,6063,2,8/8/2011,,Yes
MI,26,,26139,Ottawa,7087211,MIDEQ,N6521,Consumers Energy Company,Consumers Energy Co. - Zeeland Generating Station,Unit,14145813,EPACAMD,55087CAMDUNITCC4,55087;CC4,55087,CC4,8/15/2014,12/31/2049,Yes
KS,20,,20113,McPherson,5380211,KSDOHE,14,McPherson Board of Public Utilities,McPherson Mun. Power Plant #2,Unit,27086613,EPACAMD,1305CAMDUNITGT3,1305;GT3,1305,GT3,4/18/2017,,Yes
KS,20,,20113,McPherson,5380211,KSDOHE,14,McPherson Board of Public Utilities,McPherson Mun. Power Plant #2,Unit,27086413,EPACAMD,1305CAMDUNITGT1,1305;GT1,1305,GT1,4/18/2017,,Yes
LA,22,,22047,Iberville,8467311,LADEQ08,1409,The Dow Chemical Company,The Dow Chemical Company - Louisiana Operations,Unit,80135713,EPACAMD,55419CAMDUNIT800,55419;800,55419,800,8/8/2011,,Yes
WI,55,,55089,Ozaukee,6229211,WIDNR,246004000,WE Energies,WE ENERGIES PORT WASHINGTON GENERATING STATION,Unit,64827613,EPACAMD,4040CAMDUNIT21,4040;21,4040,21,5/22/2013,,Yes
MN,27,,27053,Hennepin,6393811,MNPCA,2705300015,Northern States Power (Xcel Energy),Xcel Energy - Riverside Generating Plant,Unit,79473313,EPACAMD,1927CAMDUNIT9,1927;9,1927,9,9/29/2014,,Yes
MN,27,,27053,Hennepin,6393811,MNPCA,2705300015,Northern States Power (Xcel Energy),Xcel Energy - Riverside Generating Plant,Unit,15645613,EPACAMD,1927CAMDUNIT6,1927;6,1927,6,8/8/2011,,Yes
MN,27,,27053,Hennepin,6393811,MNPCA,2705300015,Northern States Power (Xcel Energy),Xcel Energy - Riverside Generating Plant,Unit,15645713,EPACAMD,1927CAMDUNIT8,1927;8,1927,8,8/8/2011,,Yes
WV,54,,54099,Wayne,6341911,WVDAQ,81,Appalachian Power Company,Appalachian Power Company - CEREDO ELECTRIC GENERATING STATION,Unit,71750813,EPACAMD,55276CAMDUNIT03,55276;03,55276,3,4/17/2014,,Yes
WV,54,,54099,Wayne,6341911,WVDAQ,81,Appalachian Power Company,Appalachian Power Company - CEREDO ELECTRIC GENERATING STATION,Unit,71751013,EPACAMD,55276CAMDUNIT05,55276;05,55276,5,4/17/2014,,Yes
WV,54,,54099,Wayne,6341811,WVDAQ,80,"BIG SANDY PEAKER, LLC",BIG SANDY PEAKER PLANT,Unit,71745213,EPACAMD,55284CAMDUNITGS01,55284;GS01,55284,GS01,8/23/2014,,Yes
IL,17,,17173,Shelby,4725911,ILEPA,173801AAA,"Reliant Energy Wholesale Generation, LLC",Shelby County Energy Center,Unit,28335213,EPACAMD,55237CAMDUNITSCE5,55237;SCE5,55237,SCE5,9/23/2011,,Yes
IL,17,,17197,Will,4688511,ILEPA,197899AAB,University Park Energy LLC,University Park Energy LLC,Unit,60404513,EPACAMD,55250CAMDUNITUP9,55250;UP9,55250,UP9,7/25/2012,,Yes
CO,8,,8041,El Paso,4385111,CODPHE,CO0000000804100897,Fountain Valley Power LLC,FOUNTAIN VALLEY POWER - BOCA RATON,Unit,68597613,EPACAMD,55453CAMDUNIT5,55453;5,55453,5,8/8/2011,,Yes
AL,1,,1117,Shelby,949211,ADEM,5,Alabama Power Company,Alabama Power Company,Unit,47874613,EPACAMD,26CAMDUNIT5,26;5,26,5,8/8/2011,,Yes
IL,17,,17053,Ford,2622911,ILEPA,053803AAL,Ameren Energy Generating Company,Gibson City Energy Center LLC,Unit,41402513,EPACAMD,55201CAMDUNITGCTG1,55201;GCTG1,55201,GCTG1,10/1/2014,,Yes
CO,8,,8031,Denver,1699811,CODPHE,CO0000000803100008,Black Hills Colorado LLC,SWG ARAPAHOE - ARAPAHOE GENERATING,Unit,68558613,EPACAMD,55200CAMDUNITCT6,55200;CT6,55200,CT6,10/14/2014,12/31/2016,Yes
CO,8,,8031,Denver,1685411,CODPHE,CO0000000803100007,Public Service Company Of Colorado,PUBLIC SERVICE CO - ZUNI PLT,Unit,44963413,EPACAMD,478CAMDUNIT2,478;2,478,2,9/23/2011,,Yes
CO,8,,8031,Denver,1685411,CODPHE,CO0000000803100007,Public Service Company Of Colorado,PUBLIC SERVICE CO - ZUNI PLT,Unit,44963613,EPACAMD,478CAMDUNIT3,478;3,478,3,9/23/2011,,Yes
OR,41,,41059,Umatilla,1099311,ORDEQ,30-0118,Hermiston Power LLC,Hermiston Power,Unit,68339213,EPACAMD,55328CAMDUNITCTG-2,55328;CTG-2,55328,CTG-2,8/8/2011,,Yes
GA,13,,13149,Heard,16658111,GADNR,14900011,,Southern Power - Wansley Combined Cycle,Unit,105656413,EPACAMD,55965CAMDUNIT6A,55965;6A,55965,6A,1/1/2012,,Yes
CO,8,,8123,Weld,12868211,CODPHE,CO0000000812301342,,PUBLIC SERV - ROCKY MOUNTAIN ENERGY,Unit,68879713,EPACAMD,55835CAMDUNIT1,55835;1,55835,1,8/22/2014,,Yes
TX,48,,48027,Bell,16861111,TXCEQ,670,TEMPLE GENERATION SF LLC,PANDA TEMPLE POWER STATION,Unit,113224013,EPACAMD,58001CAMDUNITCTG2,58001;CTG2,58001,CTG2,12/22/2015,,Yes
SC,45,,45017,Calhoun,13372611,SCDHEC,0460-0024,,COLUMBIA ENERGY CENTER,Unit,88107813,EPACAMD,55386CAMDUNITB-2,55386;B-2,55386,B-2,4/29/2014,,Yes
GA,13,,13149,Heard,15558711,GADNR,14900004,,Tenaska Georgia Generating Station,Unit,97956713,EPACAMD,55061CAMDUNITCT2,55061;CT2,55061,CT2,8/19/2014,,Yes
GA,13,,13153,Houston,15560111,GADNR,15300042,,Mid-Georgia Cogen LP,Unit,98129613,EPACAMD,55040CAMDUNIT2,55040;2,55040,2,8/22/2014,,Yes
CA,6,,6085,Santa Clara,16024011,CARB,43130314991,DONALD VON RAESFELD POWER PLANT,Donald Von Raesfeld Power Plant,Unit,100453813,EPACAMD,56026CAMDUNITPCT2,56026;PCT2,56026,PCT2,11/6/2014,,Yes
CA,6,,6085,Santa Clara,16024011,CARB,43130314991,DONALD VON RAESFELD POWER PLANT,Donald Von Raesfeld Power Plant,Unit,100453613,EPACAMD,56026CAMDUNITPCT1,56026;PCT1,56026,PCT1,11/6/2014,,Yes
FL,12,,12127,Volusia,2797311,FLDEP,1270028,Progress Energy Corporation,"DUKE ENERGY FLORIDA, LLC",Unit,40825513,EPACAMD,6046CAMDUNIT**9,6046;**9,6046,**9,8/8/2011,,Yes
FL,12,,12127,Volusia,2797211,FLDEP,1270020,Na,"DUKE ENERGY FLORIDA, INC.",Unit,40826113,EPACAMD,629CAMDUNITP4,629;P4,629,P4,8/8/2011,,Yes
MA,25,,25001,Barnstable,18997011,MADEP,1201180,CANAL 3 GENERATING LLC,CANAL 3 GENERATING LLC,Unit,137478113,EPACAMD,1599CAMDUNIT3,1599;3,1599,3,1/25/2021,,Yes
NY,36,,36085,Richmond,7844111,NYDEC,2640300014,ARTHUR KILL POWER LLC,ARTHUR KILL GENERATING STATION,Unit,3597313,EPACAMD,2490CAMDUNIT30,2490;30,2490,30,8/14/2014,12/31/2049,Yes
MO,29,,29083,Henry,7529611,MODNR,1,Kansas City Power & Light Company,KANSAS CITY POWER AND LIGHT CO MONTROSE GENERATING STATION,Unit,11603713,EPACAMD,2080CAMDUNIT1,2080;1,2080,1,8/8/2011,,Yes
FL,12,,12011,Broward,591711,FLDEP,110037,Florida Power & Light Company,LAUDERDALE POWER PLANT,Unit,125612613,EPACAMD,613CAMDUNITPFL6B,613;PFL6B,613,PFL6B,12/17/2018,,Yes
FL,12,,12011,Broward,591711,FLDEP,110037,Florida Power & Light Company,LAUDERDALE POWER PLANT,Unit,46119513,EPACAMD,613CAMDUNITGFL17,613;GFL17,613,GFL17,8/18/2014,12/31/2049,Yes
FL,12,,12011,Broward,591711,FLDEP,110037,Florida Power & Light Company,LAUDERDALE POWER PLANT,Unit,46119513,EPACAMD,613CAMDUNITGFL23,613;GFL23,613,GFL23,8/18/2014,12/31/2049,Yes
FL,12,,12011,Broward,591711,FLDEP,110037,Florida Power & Light Company,LAUDERDALE POWER PLANT,Unit,46119513,EPACAMD,613CAMDUNITGFL24,613;GFL24,613,GFL24,8/18/2014,12/31/2049,Yes
FL,12,,12011,Broward,591611,FLDEP,110036,Florida Power & Light Company,PORT EVERGLADES ENERGY CENTER,Unit,46121213,EPACAMD,617CAMDUNITGPE08,617;GPE08,617,GPE08,8/15/2014,12/31/2049,Yes
FL,12,,12011,Broward,591611,FLDEP,110036,Florida Power & Light Company,PORT EVERGLADES ENERGY CENTER,Unit,46120913,EPACAMD,617CAMDUNITPPE1,617;PPE1,617,PPE1,8/8/2011,,Yes
FL,12,,12009,Brevard,591111,FLDEP,90180,Oleander Power Project LP,"OLEANDER POWER PROJECT, LP",Unit,67283113,EPACAMD,55286CAMDUNITO-5,55286;O-5,55286,O-5,8/8/2011,,Yes
CT,9,,9009,New Haven,590011,CTBAM,T105P0014C07741,"NRG ENERGY, INC.","DEVON POWER, LLC",Unit,46136213,EPACAMD,544CAMDUNIT14,544;14,544,14,6/11/2013,,Yes
FL,12,,12049,Hardee,588511,FLDEP,490043,Vandolah Power Company LLC,"VANDOLAH POWER COMPANY, LLC",Unit,46158613,EPACAMD,55415CAMDUNITGT201,55415;GT201,55415,GT201,8/15/2014,,Yes
DE,10,,10003,New Castle,588311,DEDNR,1000300016,"Delaware City Refining, LLC",Delaware City Refinery,Unit,46162713,EPACAMD,52193CAMDUNITCOKCOB,52193;COKCOB,52193,COKCOB,2/12/2018,,Yes
CT,9,,9003,Hartford,844911,CTBAM,T075P0766C08310,Capitol District Energy Center Cogeneration Associates,Capitol District Energy Center Cogeneration Associates,Unit,46195913,EPACAMD,50498CAMDUNITGT,50498;GT,50498,GT,6/11/2013,,Yes
CT,9,,9001,Fairfield,843611,CTBAM,T137P0014C07741,"NRG ENERGY, INC.","NORWALK POWER, LLC",Unit,46206813,EPACAMD,548CAMDUNIT2,548;2,548,2,8/8/2011,,Yes
WI,55,,55017,Chippewa,6870311,WIDNR,609042720,,XCEL ENERGY-WHEATON GENERATING STATION,Unit,13263413,EPACAMD,4014CAMDUNIT5,4014;5,4014,5,8/17/2014,,Yes
WI,55,,55017,Chippewa,6870311,WIDNR,609042720,,XCEL ENERGY-WHEATON GENERATING STATION,Unit,13263113,EPACAMD,4014CAMDUNIT4,4014;4,4014,4,8/15/2014,,Yes
WI,55,,55087,Outagamie,6805511,WIDNR,445031290,,APPLETON PROPERTY VENTURES LLC,Unit,13356413,EPACAMD,55558CAMDUNITB06,55558;B06,55558,B06,11/3/2014,,Yes
WV,54,,54077,Preston,6776811,WVDAQ,1,Monongahela Power Company,MONONGAHELA POWER CO - ALBRIGHT P.S.,Unit,71938913,EPACAMD,3942CAMDUNIT3,3942;3,3942,3,8/8/2011,,Yes
MO,29,,29189,St. Louis,6829111,MODNR,23,Na,AMEREN MISSOURI-HOWARD BEND COMBUSTION TURBINE,Unit,13784713,EPACAMD,2102CAMDUNITCT1A,2102;CT1A,2102,CT1A,10/29/2014,12/31/2049,Yes
MO,29,,29189,St. Louis,6816611,MODNR,10,Union Electric Company,AMEREN MISSOURI MERAMEC ENERGY CENTER,Unit,13792813,EPACAMD,2104CAMDUNIT4,2104;4,2104,4,8/8/2011,,Yes
MO,29,,29189,St. Louis,6816611,MODNR,10,Union Electric Company,AMEREN MISSOURI MERAMEC ENERGY CENTER,Unit,13792613,EPACAMD,2104CAMDUNIT2,2104;2,2104,2,8/8/2011,,Yes
PA,42,,42095,Northampton,3883511,PADEP,420950254,CONECTIV BETHLEHEM LLC,CALPINE BETHLEHEM LLC/BETHLEHEM,Unit,37139013,EPACAMD,55690CAMDUNIT5,55690;5,55690,5,9/29/2014,,Yes
PA,42,,42095,Northampton,3881711,PADEP,420950010,MARTINS CREEK LLC,MC PROJECT CO LLC/MARTINS CREEK,Unit,37151113,EPACAMD,3148CAMDUNIT4,3148;4,3148,4,8/8/2011,,Yes
PA,42,,42005,Armstrong,3865811,PADEP,420050001,ALLEGHENY ENERGY SUPPLY CO LLC,ALLEGHENY ENERGY SUPPLY CO/ARMSTRONG POWER STA,Unit,37166313,EPACAMD,3178CAMDUNIT2,3178;2,3178,2,8/8/2011,,Yes
MO,29,,29007,Audrain,6998211,MODNR,12,,AMEREN MISSOURI MEXICO COMBUSTION TURBINE,Unit,14705313,EPACAMD,6650CAMDUNITCT01,6650;CT01,6650,CT01,10/29/2014,,Yes
MN,27,,27061,Itasca,6173211,MNPCA,2706100004,"Wisconsin Public Power, Inc.",Minnesota Power - Boswell Energy Center,Unit,15284213,EPACAMD,1893CAMDUNIT4,1893;4,1893,4,8/8/2011,,Yes
TN,47,,47075,Haywood,3063711,TNDEC,38-0068,Duke Energy,TVA BROWNSVILLE COMBUSTION TURBINE PLANT,Unit,38176213,EPACAMD,55081CAMDUNITAA-002,55081;AA-002,55081,AA-002,8/14/2014,12/31/2049,Yes
TN,47,,47075,Haywood,3063711,TNDEC,38-0068,Duke Energy,TVA BROWNSVILLE COMBUSTION TURBINE PLANT,Unit,38176113,EPACAMD,55081CAMDUNITAA-003,55081;AA-003,55081,AA-003,8/14/2014,12/31/2049,Yes
AZ,4,,4021,Pinal,1032711,Pinal,EGUSundance,Arizona Public Service Company,Sundance Power Plant,Unit,62911513,EPACAMD,55522CAMDUNITCT07,55522;CT07,55522,CT07,10/9/2014,,Yes
AZ,4,,4021,Pinal,1032711,Pinal,EGUSundance,Arizona Public Service Company,Sundance Power Plant,Unit,62911713,EPACAMD,55522CAMDUNITCT09,55522;CT09,55522,CT09,10/9/2014,,Yes
AZ,4,,4021,Pinal,1032711,Pinal,EGUSundance,Arizona Public Service Company,Sundance Power Plant,Unit,62911213,EPACAMD,55522CAMDUNITCT04,55522;CT04,55522,CT04,10/9/2014,,Yes
AZ,4,,4019,Pima,977911,PIMA,1052,Tucson Electric Power Company,Irvington,Unit,48108713,EPACAMD,126CAMDUNIT4,126;4,126,4,8/8/2011,12/31/2019,No
AZ,4,,4019,Pima,977911,PIMA,1052,Tucson Electric Power Company,Irvington,Unit,48108913,EPACAMD,126CAMDUNIT1,126;1,126,1,8/8/2011,12/31/2019,No
IL,17,,17093,Kendall,9692211,ILEPA,093808AAD,,Kendall Power Co LLC,Unit,53682413,EPACAMD,55131CAMDUNITGTG-1,55131;GTG-1,55131,GTG-1,5/22/2013,,Yes
IL,17,,17173,Shelby,9698311,ILEPA,173807AAG,,Holland Energy LLC,Unit,59933313,EPACAMD,55334CAMDUNITCTG1,55334;CTG1,55334,CTG1,10/2/2014,,Yes
IL,17,,17197,Will,9701111,ILEPA,197899AAC,,LSP University Park LLC,Unit,53540813,EPACAMD,55640CAMDUNITCT06,55640;CT06,55640,CT06,7/25/2012,,Yes
IL,17,,17197,Will,9701111,ILEPA,197899AAC,,LSP University Park LLC,Unit,53540313,EPACAMD,55640CAMDUNITCT01,55640;CT01,55640,CT01,7/25/2012,,Yes
DE,10,,10003,New Castle,2425411,DEDNR,1000300006,"Calpine Mid-Atlantic Generation, LLC",WEST ENERGY CENTER,Unit,40248713,EPACAMD,597CAMDUNIT10,597;10,597,10,11/6/2014,,Yes
DE,10,,10001,Kent,2424211,DEDNR,1000100152,Delaware Municipal Electric Corporation,WARREN F BEASLEY POWER STATION,Unit,108722713,EPACAMD,7962CAMDUNIT2,7962;2,7962,2,10/27/2014,,Yes
CA,6,,6085,Santa Clara,9991311,CARB,43130313289,LOS ESTEROS CRITICAL ENERGY FACILITY,LOS ESTEROS CRITICAL ENERGY FACILITY,Unit,54562813,EPACAMD,55748CAMDUNITCTG4,55748;CTG4,55748,CTG4,10/9/2014,,Yes
CA,6,,6085,Santa Clara,9991311,CARB,43130313289,LOS ESTEROS CRITICAL ENERGY FACILITY,LOS ESTEROS CRITICAL ENERGY FACILITY,Unit,54562513,EPACAMD,55748CAMDUNITCTG1,55748;CTG1,55748,CTG1,10/9/2014,,Yes
MO,29,,29071,Franklin,6032111,MODNR,3,Union Electric Company,AMEREN MISSOURI LABADIE ENERGY CENTER,Unit,24464013,EPACAMD,2103CAMDUNIT2,2103;2,2103,2,8/8/2011,,Yes
MI,26,,26065,Ingham,5985211,MIDEQ,B2647,Lansing Board of Water & Light,LBWL - Eckert Station & REO Town Plant,Unit,24540813,EPACAMD,1831CAMDUNIT6,1831;6,1831,6,8/14/2014,12/31/2049,Yes
KY,21,,21185,Oldham,5353311,KYDAQ,2118500036,"Dynegy, Inc.",East Kentucky Power Cooperative Inc - Bluegrass Generating Station,Unit,86743413,EPACAMD,55164CAMDUNITGTG2,55164;GTG2,55164,GTG2,10/8/2014,,Yes
FL,12,,12063,Jackson,1968811,FLDEP,630014,Gulf Power Company,GULF POWER COMPANY,Unit,41787313,EPACAMD,642CAMDUNIT2,642;2,642,2,8/8/2011,,Yes
CA,6,,6029,Kern,10295611,CARB,1514303523,ELK HILLS POWER LLC,ELK HILLS POWER LLC,Unit,58291913,EPACAMD,55400CAMDUNITCTG-2,55400;CTG-2,55400,CTG-2,8/8/2011,,Yes
AL,1,,1001,Autauga,10583111,ADEM,10,Alabama Power Company,Southern Power Company,Unit,52263913,EPACAMD,7897CAMDUNIT2A,7897;2A,7897,2A,8/8/2011,,Yes
KS,20,,20045,Douglas,4827111,KSDOHE,14,"Evergy, Inc.",Evergy - Lawrence,Unit,28459613,EPACAMD,1250CAMDUNIT4,1250;4,1250,4,8/8/2011,,Yes
VA,51,,51081,Greensville,18854911,VADEQ,52525,Dominion Energy,Dominion Energy - Greensville Power Station,Unit,134704013,EPACAMD,59913CAMDUNIT1A,59913;1A,59913,1A,1/25/2021,,Yes
CA,6,,6073,San Diego,19236011,CARB,3.71E+14,PIO PICO ENERGY CENTER LLC,PIO PICO ENERGY CENTER LLC,Unit,140094513,EPACAMD,57555CAMDUNITCTG3,57555;CTG3,57555,CTG3,3/14/2023,,Yes
CA,6,,6073,San Diego,19236011,CARB,3.71E+14,PIO PICO ENERGY CENTER LLC,PIO PICO ENERGY CENTER LLC,Unit,140094313,EPACAMD,57555CAMDUNITCTG1,57555;CTG1,57555,CTG1,3/14/2023,,Yes
WV,54,,54023,Grant,6257011,WVDAQ,3,"Dominion Resources, Inc.","Dominion Resources, Inc. - MOUNT STORM POWER STATION",Unit,71961813,EPACAMD,3954CAMDUNIT3,3954;3,3954,3,8/8/2011,,Yes
MA,25,,25009,Essex,18810911,MADEP,1193733,FOOTPRINT POWER SALEM HARBOR DEVELOPMENT,FOOTPRINT POWER SALEM HARBOR DEVELOPMENT,Unit,134114713,EPACAMD,60903CAMDUNIT1,60903;1,60903,1,1/1/2018,,Yes
VA,51,,51109,Louisa,9063611,VADEQ,40989,Old Dominion Electric Cooperative Louisa,Old Dominion Electric Cooperative Louisa,Unit,58369913,EPACAMD,7837CAMDUNITEU2,7837;EU2,7837,EU2,10/9/2014,,Yes
TX,48,,48453,Travis,9071611,TXCEQ,343,CITY OF AUSTIN ELECTRIC UTILITY DEPARTMENT DBA AUSTIN ENERGY,SAND HILL ENERGY CENTER,Unit,92290813,EPACAMD,7900CAMDUNITSH7,7900;SH7,7900,SH7,10/1/2014,,Yes
TX,48,,48453,Travis,9071611,TXCEQ,343,CITY OF AUSTIN ELECTRIC UTILITY DEPARTMENT DBA AUSTIN ENERGY,SAND HILL ENERGY CENTER,Unit,57559013,EPACAMD,7900CAMDUNITSH3,7900;SH3,7900,SH3,8/8/2011,,Yes
TX,48,,48453,Travis,9071611,TXCEQ,343,CITY OF AUSTIN ELECTRIC UTILITY DEPARTMENT DBA AUSTIN ENERGY,SAND HILL ENERGY CENTER,Unit,57559113,EPACAMD,7900CAMDUNITSH4,7900;SH4,7900,SH4,8/8/2011,,Yes
WY,56,,56009,Converse,6418211,WYDEQ,644,PacifiCorp,Dave Johnston,Unit,72194713,EPACAMD,4158CAMDUNITBW43,4158;BW43,4158,BW43,8/8/2011,,Yes
MA,25,,25025,Suffolk,6401511,MADEP,1190507,VICINITY ENERGY LLC,VICINITY ENERGY LLC,Unit,87556313,EPACAMD,880023CAMDUNITK3,880023;K3,880023,K3,8/8/2011,,Yes
MA,25,,25025,Suffolk,6401511,MADEP,1190507,VICINITY ENERGY LLC,VICINITY ENERGY LLC,Unit,87556213,EPACAMD,880023CAMDUNITK2,880023;K2,880023,K2,8/8/2011,,Yes
PA,42,,42041,Cumberland,6464111,PADEP,420410045,MOUNTAIN POWER LLC,MOUNTAIN POWER LLC/MOUNTAIN GS,Unit,18721213,EPACAMD,3111CAMDUNIT031,3111;031,3111,31,10/14/2014,,Yes
LA,22,,22019,Calcasieu,6397411,LADEQ08,81859,Entergy Louisiana LLC,Entergy Louisiana LLC - Calcasieu Plant,Unit,87200613,EPACAMD,55165CAMDUNITGTG2,55165;GTG2,55165,GTG2,8/8/2011,,Yes
MI,26,,26049,Genesee,6620111,MIDEQ,B2918,Consumers Energy Company,Consumers Energy Thetford Combustion Turbine Plant,Unit,18999013,EPACAMD,1719CAMDUNIT2,1719;2,1719,2,10/8/2014,12/31/2049,Yes
OH,39,,39129,Pickaway,9242811,OHEPA,165000132,,Darby Electric Generating Station (0165000132),Unit,55201813,EPACAMD,55247CAMDUNITCT5,55247;CT5,55247,CT5,10/1/2014,,Yes
OH,39,,39173,Wood,9253811,OHEPA,387000377,,"Troy Energy, LLC (0387000377)",Unit,55202113,EPACAMD,55348CAMDUNIT1,55348;1,55348,1,10/1/2014,,Yes
IL,17,,17137,Morgan,4639611,ILEPA,137805AAA,Ameren Energy Generating Company,AmerenEnergy Medina Valley Cogen LLC,Unit,28190313,EPACAMD,864CAMDUNIT04,864;04,864,4,8/8/2011,,Yes
IL,17,,17137,Morgan,4639611,ILEPA,137805AAA,Ameren Energy Generating Company,AmerenEnergy Medina Valley Cogen LLC,Unit,28190913,EPACAMD,864CAMDUNIT03,864;03,864,3,8/8/2011,,Yes
IL,17,,17137,Morgan,4639611,ILEPA,137805AAA,Ameren Energy Generating Company,AmerenEnergy Medina Valley Cogen LLC,Unit,28190813,EPACAMD,864CAMDUNIT05,864;05,864,5,8/8/2011,,Yes
NV,32,,32003,Clark,9399011,NVCCDAQM,533,,Nevada Power Company (Harry Allen),Unit,67161213,EPACAMD,7082CAMDUNIT**4,7082;**4,7082,**4,10/8/2014,,Yes
IN,18,,18041,Fayette,8198011,INDEM,9,Na,Duke Energy Indiana LLC - Connersville,Unit,5820313,EPACAMD,1002CAMDUNIT2B,1002;2B,1002,2B,8/17/2014,,Yes
IN,18,,18173,Warrick,8183111,INDEM,2,Na,ALCOA Warrick Power Plant AGC Div of Al,Unit,91184613,EPACAMD,6705CAMDUNIT3,6705;3,6705,3,3/21/2013,,Yes
IN,18,,18173,Warrick,8183011,INDEM,1,Na,"SIGECO - Culley, Newburgh",Unit,5839813,EPACAMD,1012CAMDUNIT3,1012;3,1012,3,11/16/2011,12/31/2018,Yes
IN,18,,18129,Posey,8166111,INDEM,10,Na,Sigeco AB Brown South Indiana Gas & Ele,Unit,5887813,EPACAMD,6137CAMDUNIT1,6137;1,6137,1,8/8/2011,,Yes
OK,40,,40079,Le Flore,8148711,OKDEQ,11,OG AND E,RIVER VALLEY GENERATING STATION,Unit,5951313,EPACAMD,10671CAMDUNIT2B,10671;2B,10671,2B,4/17/2017,,Yes
NE,31,,31109,Lancaster,5281111,NELLCHD,5,Nebraska Public Power District,NPPD Sheldon Station,Unit,25619513,EPACAMD,2277CAMDUNIT1,2277;1,2277,1,2/22/2018,,Yes
IN,18,,18179,Wells,5507411,INDEM,26,Na,Montpelier Generating Station LLC,Unit,27513013,EPACAMD,55229CAMDUNITG3CT2,55229;G3CT2,55229,G3CT2,9/23/2011,,Yes
IN,18,,18177,Wayne,5506111,INDEM,40,Na,Indiana Municipal Power Agency Richmond,Unit,27516013,EPACAMD,7335CAMDUNITRCT2,7335;RCT2,7335,RCT2,12/30/2049,12/31/2049,Yes
MS,28,,28069,Kemper,7356611,MSDEQ,2806900015,AI015543,"TENNESSEE VALLEY AUTHORITY, TVA, KEMPER",Unit,8108013,EPACAMD,7960CAMDUNITKCT3,7960;KCT3,7960,KCT3,10/9/2014,,Yes
IL,17,,17125,Mason,7337411,ILEPA,125804AAB,"Dynegy Midwest Generation, Inc",Dynegy Midwest Generation LLC,Unit,8279713,EPACAMD,891CAMDUNIT9,891;9,891,9,8/8/2011,,Yes
IL,17,,17125,Mason,7337411,ILEPA,125804AAB,"Dynegy Midwest Generation, Inc",Dynegy Midwest Generation LLC,Unit,8279913,EPACAMD,891CAMDUNIT2,891;2,891,2,11/3/2014,12/31/2049,Yes
TX,48,,48231,Hunt,5655711,TXCEQ,9,GREENVILLE ELECTRIC UTILITY SYSTEM,STEAM POWER PLANT,Unit,19719913,EPACAMD,4195CAMDUNIT2,4195;2,4195,2,9/26/2011,,Yes
TX,48,,48303,Lubbock,5655211,TXCEQ,1,LUBBOCK POWER & LIGHT,COOKE STATION 2,Unit,19730913,EPACAMD,3602CAMDUNIT1,3602;1,3602,1,8/8/2011,,Yes
TX,48,,48227,Howard,5649311,TXCEQ,16,BHER POWER RESOURCES INC,BIG SPRING COGENERATION,Unit,19944613,EPACAMD,52176CAMDUNIT1,52176;1,52176,1,8/8/2011,,Yes
MA,25,,25017,Middlesex,5646011,MADEP,1190093,"KENDALL GREEN ENERGY, LLC",KENDALL GREEN ENERGY LLC,Unit,87559413,EPACAMD,1595CAMDUNIT2,1595;2,1595,2,8/19/2014,,Yes
IL,17,,17031,Cook,9723111,ILEPA,031438ABC,,Elgin Energy Center LLC,Unit,88706113,EPACAMD,55438CAMDUNITCT03,55438;CT03,55438,CT03,7/22/2012,,Yes
GA,13,,13103,Effingham,9736811,GADNR,10300014,Ga Power Company,Ga Power Company - McIntosh Combined Cycle Facility,Unit,57649713,EPACAMD,56150CAMDUNIT10B,56150;10B,56150,10B,8/8/2011,,Yes
AL,1,,1121,Talladega,7441011,ADEM,6,Na,Resolute FP US Inc.,Unit,10860313,EPACAMD,54216CAMDUNITAOW#2,54216;AOW#2,54216,AOW#2,8/8/2011,,Yes
MI,26,,26163,Wayne,7422511,MIDEQ,B2811,DTE Electric Company,DTE Electric Company - Trenton Channel Power Plant,Unit,90099913,EPACAMD,1745CAMDUNIT17,1745;17,1745,17,8/14/2014,12/31/2049,Yes
MI,26,,26163,Wayne,7422511,MIDEQ,B2811,DTE Electric Company,DTE Electric Company - Trenton Channel Power Plant,Unit,90099913,EPACAMD,1745CAMDUNIT19,1745;19,1745,19,8/14/2014,12/31/2049,Yes
KS,20,,20155,Reno,5500911,KSDOHE,33,"Evergy, Inc.",Evergy - Hutchinson,Unit,26990813,EPACAMD,1248CAMDUNIT4,1248;4,1248,4,8/8/2011,,Yes
KS,20,,20155,Reno,5500911,KSDOHE,33,"Evergy, Inc.",Evergy - Hutchinson,Unit,26990713,EPACAMD,1248CAMDUNITCT-1,1248;CT-1,1248,CT-1,4/18/2017,,Yes
PA,42,,42045,Delaware,10723711,PADEP,420450317,MARCUS HOOK ENERGY LP,MARCUS HOOK ENERGY LP/750 MW,Unit,58814613,EPACAMD,55801CAMDUNITAB02,55801;AB02,55801,AB02,8/8/2011,,Yes
PA,42,,42045,Delaware,10723711,PADEP,420450317,MARCUS HOOK ENERGY LP,MARCUS HOOK ENERGY LP/750 MW,Unit,58814913,EPACAMD,55801CAMDUNIT0001,55801;0001,55801,1,8/8/2011,,Yes
IA,19,,19033,Cerro Gordo,10702411,IADNR,17-02-016,IPL/ALLIANT ENERGY CORP,IPL - EMERY GENERATING STATION,Unit,58602113,EPACAMD,8031CAMDUNIT12,8031;12,8031,12,8/8/2011,,Yes
MO,29,,29163,Pike,6794611,MODNR,47,Union Electric Company,AMEREN MISSOURI PENO CREEK ENERGY CENTER,Unit,109322813,EPACAMD,7964CAMDUNITCT4A,7964;CT4A,7964,CT4A,1/1/2013,,Yes
MO,29,,29163,Pike,6794611,MODNR,47,Union Electric Company,AMEREN MISSOURI PENO CREEK ENERGY CENTER,Unit,109322413,EPACAMD,7964CAMDUNITCT1B,7964;CT1B,7964,CT1B,1/1/2013,,Yes
TN,47,,47085,Humphreys,5720911,TNDEC,43-0011,TVA JOHNSONVILLE FOSSIL PLANT,TVA - Johnsonville Combustion Turbine Plant,Unit,23016213,EPACAMD,3406CAMDUNITJCT8,3406;JCT8,3406,JCT8,8/25/2014,12/31/2049,Yes
TN,47,,47085,Humphreys,5720911,TNDEC,43-0011,TVA JOHNSONVILLE FOSSIL PLANT,TVA - Johnsonville Combustion Turbine Plant,Unit,23016213,EPACAMD,3406CAMDUNITJCT3,3406;JCT3,3406,JCT3,8/25/2014,12/31/2049,Yes
TN,47,,47085,Humphreys,5720911,TNDEC,43-0011,TVA JOHNSONVILLE FOSSIL PLANT,TVA - Johnsonville Combustion Turbine Plant,Unit,23016213,EPACAMD,3406CAMDUNITJCT6,3406;JCT6,3406,JCT6,8/25/2014,12/31/2049,Yes
TN,47,,47157,Shelby,5720111,MSC_HD,528,Tennessee Valley Authority,TVA-Allen Fossil Plant,Unit,23029813,EPACAMD,3393CAMDUNITACT20,3393;ACT20,3393,ACT20,10/9/2014,,Yes
TN,47,,47157,Shelby,5720111,MSC_HD,528,Tennessee Valley Authority,TVA-Allen Fossil Plant,Unit,23030813,EPACAMD,3393CAMDUNIT2,3393;2,3393,2,8/8/2011,,Yes
CA,6,,6111,Ventura,5705211,CARB,56113413,GENON CALIFORNIA SOUTH LP,MANDALAY GENERATING STATION,Unit,23051913,EPACAMD,345CAMDUNIT2,345;2,345,2,10/8/2014,,Yes
MN,27,,27139,Scott,6949611,MNPCA,2713900010,Northern States Power (Xcel Energy),Xcel Energy - Blue Lake,Unit,79664613,EPACAMD,8027CAMDUNIT7,8027;7,8027,7,10/9/2014,,Yes
IA,19,,19033,Cerro Gordo,5494511,IADNR,17-01-066,INTERSTATE POWER AND LIGHT COMPANY,IPL - LIME CREEK COMBUSTION TURBINES STATION,Unit,27288313,EPACAMD,7155CAMDUNIT**2,7155;**2,7155,**2,4/15/2014,,Yes
NY,36,,36081,Queens,8309011,NYDEC,2630400024,TC RAVENSWOOD LLC,RAVENSWOOD GENERATING STATION,Unit,201113,EPACAMD,2500CAMDUNITCT02-2,2500;CT02-2,2500,CT02-2,9/24/2014,,Yes
NY,36,,36081,Queens,8309011,NYDEC,2630400024,TC RAVENSWOOD LLC,RAVENSWOOD GENERATING STATION,Unit,201813,EPACAMD,2500CAMDUNITCT0006,2500;CT0006,2500,CT0006,9/24/2014,,Yes
NY,36,,36081,Queens,8309011,NYDEC,2630400024,TC RAVENSWOOD LLC,RAVENSWOOD GENERATING STATION,Unit,203213,EPACAMD,2500CAMDUNITCT0007,2500;CT0007,2500,CT0007,9/24/2014,,Yes
NC,37,,37159,Rowan,8506911,NCDAQ,3715900004,"Duke Energy Carolinas, LLC","Duke Energy Carolinas, LLC - Buck Combined Cycle Facility",Unit,264713,EPACAMD,2720CAMDUNIT7,2720;7,2720,7,8/8/2011,,Yes
NC,37,,37157,Rockingham,8493211,NCDAQ,3715700156,"Duke Energy Carolinas, LLC","Duke Energy Carolinas, LLC-Rockingham Co Comb. Turb.",Unit,74610613,EPACAMD,55116CAMDUNITCT2,55116;CT2,55116,CT2,8/14/2014,12/31/2049,Yes
NC,37,,37155,Robeson,8491111,NCDAQ,3715500147,"Duke Energy Progress, LLC","Duke Energy Progress, LLC - W. H. Weatherspoon Plant",Unit,278913,EPACAMD,2716CAMDUNIT2,2716;2,2716,2,8/8/2011,,Yes
WI,55,,55075,Marinette,7096511,WIDNR,438089190,Wisconsin Public Service Corporation,WISCONSIN PUBLIC SERVICE CORP-WEST MARINETTE PLANT,Unit,14823713,EPACAMD,4076CAMDUNIT32A,4076;32A,4076,32A,11/6/2014,12/31/2049,Yes
WI,55,,55075,Marinette,7096511,WIDNR,438089190,Wisconsin Public Service Corporation,WISCONSIN PUBLIC SERVICE CORP-WEST MARINETTE PLANT,Unit,14823513,EPACAMD,4076CAMDUNIT**34,4076;**34,4076,**34,8/8/2011,12/31/2016,Yes
NY,36,,36075,Oswego,8539211,NYDEC,7355600040,SITHE/INDEPENDENCE POWER PARTNERS LP,INDEPENDENCE STATION,Unit,461113,EPACAMD,54547CAMDUNIT1,54547;1,54547,1,8/15/2014,12/31/2049,Yes
OK,40,,40015,Caddo,8536511,OKDEQ,214,PUBLIC SERVICE COMPANY OF OKLAHOMA,PSO SOUTHWESTERN POWER STATION,Unit,479413,EPACAMD,2964CAMDUNIT801S,2964;801S,2964,801S,9/23/2011,,Yes
NY,36,,36029,Erie,8504011,NYDEC,9146400130,HUNTLEY POWER LLC,HUNTLEY STEAM GENERATING STATION,Unit,550213,EPACAMD,2549CAMDUNIT64,2549;64,2549,64,12/6/2014,,Yes
AL,1,,1097,Mobile,1056111,ADEM,1001,Alabama Power Company,Alabama Power Company-Barry,Unit,47671613,EPACAMD,3CAMDUNIT5,3;5,3,5,8/8/2011,,Yes
VA,51,,51071,Giles,4184611,VADEQ,20460,American Electric Power Glen Lyn,APCO - Glen Lyn,Unit,32645313,EPACAMD,3776CAMDUNIT51,3776;51,3776,51,8/8/2011,,Yes
IN,18,,18165,Vermillion,4133511,INDEM,22,Na,Duke Energy Indiana LLC Vermillion Gene,Unit,33175913,EPACAMD,55111CAMDUNIT8,55111;8,55111,8,9/23/2011,,Yes
SC,45,,45015,Berkeley,4120411,SCDHEC,0420-0030,Santee Cooper,SANTEE COOPER CROSS GENERATING STATION,Unit,69630213,EPACAMD,130CAMDUNIT4,130;4,130,4,8/8/2011,,Yes
CO,8,,8107,Routt,4458511,CODPHE,CO0000000810700001,Public Service Company Of Colorado,PUBLIC SERVICE CO - HAYDEN PLT,Unit,36377413,EPACAMD,525CAMDUNITH1,525;H1,525,H1,8/8/2011,,Yes
GA,13,,13127,Glynn,3721111,GADNR,12700004,Georgia Power Company,Ga Power Company - Plant McManus,Unit,36833313,EPACAMD,715CAMDUNIT4C,715;4C,715,4C,10/8/2014,,Yes
TX,48,,48029,Bexar,3000111,TXCEQ,3,CITY PUBLIC SERVICE BOARD,LEON CREEK PLANT,Unit,69916713,EPACAMD,3609CAMDUNITCGT1,3609;CGT1,3609,CGT1,10/13/2014,,Yes
TX,48,,48029,Bexar,3000111,TXCEQ,3,CITY PUBLIC SERVICE BOARD,LEON CREEK PLANT,Unit,38538113,EPACAMD,3609CAMDUNIT4,3609;4,3609,4,8/8/2011,,Yes
CA,6,,6101,Sutter,1371811,CARB,51160813005,SUTTER ENERGY CENTER,SUTTER ENERGY CENTER,Unit,43619113,EPACAMD,55112CAMDUNITCT02,55112;CT02,55112,CT02,8/8/2011,,Yes
CA,6,,6101,Sutter,1371711,CARB,51160813004,CALPINE GREANLEAF UNIT II/GILROY ENERGY CENTER,GREENLEAF UNIT II,Unit,43619613,EPACAMD,10349CAMDUNIT2,10349;2,10349,2,11/5/2014,12/31/2016,Yes
IL,17,,17043,DuPage,3220911,ILEPA,043407AAF,,Aurora Generation LLC,Unit,39466213,EPACAMD,55279CAMDUNITAGS05,55279;AGS05,55279,AGS05,9/23/2011,,Yes
IL,17,,17043,DuPage,3220911,ILEPA,043407AAF,,Aurora Generation LLC,Unit,39465213,EPACAMD,55279CAMDUNITAGS01,55279;AGS01,55279,AGS01,9/23/2011,,Yes
CO,8,,8013,Boulder,778211,CODPHE,CO0000000801300001,Black Hills Colorado LLC,PUBLIC SERVICE CO - VALMONT STATION,Unit,90874513,EPACAMD,55207CAMDUNITCT7,55207;CT7,55207,CT7,6/5/2023,,Yes
GA,13,,13237,Putnam,2532311,GADNR,23700008,Georgia Power Company,Ga Power Company - Plant Branch,Unit,40371513,EPACAMD,709CAMDUNIT1,709;1,709,1,8/8/2011,,Yes
FL,12,,12107,Putnam,2474411,FLDEP,1070025,"Seminole Electric Cooperative, Inc.","SEMINOLE ELECTRIC COOPERATIVE, INC.",Unit,40414813,EPACAMD,136CAMDUNIT2,136;2,136,2,8/8/2011,,Yes
DE,10,,10003,New Castle,2457411,DEDNR,1000300317,"Calpine Mid-Atlantic Generation, LLC",CHRISTIANA ENERGY CENTER,Unit,40424813,EPACAMD,591CAMDUNIT11,591;11,591,11,10/29/2014,,Yes
FL,12,,12121,Suwannee,642811,FLDEP,1210003,Progress Energy Corporation,"DUKE ENERGY FLORIDA, LLC",Unit,46455113,EPACAMD,638CAMDUNIT2B,638;2B,638,2B,8/25/2014,12/31/2049,Yes
FL,12,,12121,Suwannee,642811,FLDEP,1210003,Progress Energy Corporation,"DUKE ENERGY FLORIDA, LLC",Unit,46455213,EPACAMD,638CAMDUNIT3B,638;3B,638,3B,8/25/2014,12/31/2049,Yes
FL,12,,12121,Suwannee,642811,FLDEP,1210003,Progress Energy Corporation,"DUKE ENERGY FLORIDA, LLC",Unit,46455313,EPACAMD,638CAMDUNIT1,638;1,638,1,8/8/2011,,Yes
FL,12,,12121,Suwannee,642811,FLDEP,1210003,Progress Energy Corporation,"DUKE ENERGY FLORIDA, LLC",Unit,46455413,EPACAMD,638CAMDUNIT1A,638;1A,638,1A,8/25/2014,12/31/2049,Yes
FL,12,,12121,Suwannee,642811,FLDEP,1210003,Progress Energy Corporation,"DUKE ENERGY FLORIDA, LLC",Unit,46455013,EPACAMD,638CAMDUNIT2,638;2,638,2,8/8/2011,,Yes
DE,10,,10005,Sussex,640911,DEDNR,1000500001,"Indian River Power, LLC",INDIAN RIVER GENERATING STATION,Unit,46475013,EPACAMD,594CAMDUNIT2,594;2,594,2,8/8/2011,,Yes
FL,12,,12017,Citrus,640611,FLDEP,170004,CRYSTAL RIVER POWER PLANT,"DUKE ENERGY FLORIDA, LLC",Unit,46477913,EPACAMD,628CAMDUNIT2,628;2,628,2,8/8/2011,,Yes
FL,12,,12017,Citrus,640611,FLDEP,170004,CRYSTAL RIVER POWER PLANT,"DUKE ENERGY FLORIDA, LLC",Unit,46478213,EPACAMD,628CAMDUNIT4,628;4,628,4,8/8/2011,,Yes
FL,12,,12017,Citrus,640611,FLDEP,170004,CRYSTAL RIVER POWER PLANT,"DUKE ENERGY FLORIDA, LLC",Unit,134840013,EPACAMD,628CAMDUNIT2GTA,628;2GTA,628,2GTA,6/23/2020,,Yes
FL,12,,12031,Duval,640211,FLDEP,310045,JEA,JEA-NORTHSIDE/SJRPP,Unit,46484213,EPACAMD,207CAMDUNIT1,207;1,207,1,8/8/2011,,Yes
FL,12,,12031,Duval,640211,FLDEP,310045,JEA,JEA-NORTHSIDE/SJRPP,Unit,46484113,EPACAMD,207CAMDUNIT2,207;2,207,2,8/8/2011,,Yes
FL,12,,12031,Duval,640211,FLDEP,310045,JEA,JEA-NORTHSIDE/SJRPP,Unit,46483513,EPACAMD,667CAMDUNIT1A,667;1A,667,1A,8/8/2011,,Yes
FL,12,,12071,Lee,922311,FLDEP,710002,Florida Power & Light Company,FLORIDA POWER & LIGHT,Unit,67302213,EPACAMD,612CAMDUNITGFM06,612;GFM06,612,GFM06,10/9/2014,,Yes
FL,12,,12071,Lee,922311,FLDEP,710002,Florida Power & Light Company,FLORIDA POWER & LIGHT,Unit,67302413,EPACAMD,612CAMDUNITGFM08,612;GFM08,612,GFM08,10/9/2014,,Yes
IL,17,,17041,Douglas,2599311,ILEPA,041030ABG,Suez-Degs Of Tuscola LLC,DTE Tuscola LLC,Unit,59645213,EPACAMD,55245CAMDUNIT4,55245;4,55245,4,8/8/2011,,Yes
CA,6,,6065,Riverside,13483211,CARB,3.31E+11,CITY OF RIVERSIDE PUBLIC UTILITIES DEPT,CITY OF RIVERSIDE PUBLIC UTILITIES DEPT,Unit,101679813,EPACAMD,56143CAMDUNIT4,56143;4,56143,4,11/6/2014,,Yes
CT,9,,9015,Windham,2766111,CTBAM,T176P0005C08801,Empire Tire Of Edgewater II LLC,Empire Tire Of Edgewater II LLC formerly ReEnergy Sterling or EXETER ENERGY L.P.,Unit,41346613,EPACAMD,50736CAMDUNITB2,50736;B2,50736,B2,8/8/2011,,Yes
AZ,4,,4013,Maricopa,547311,AZMCAQD,41,Arizona Public Service Company,APS Ocotillo Power Plant,Unit,48303013,EPACAMD,116CAMDUNIT1,116;1,116,1,8/15/2014,,Yes
AZ,4,,4013,Maricopa,545911,AZMCAQD,40,Arizona Public Service Company,APS Redhawk Generating Facility,Unit,48317513,EPACAMD,55455CAMDUNITCC2B,55455;CC2B,55455,CC2B,8/22/2014,,Yes
FL,12,,12057,Hillsborough,538611,FLDEP,570039,Tampa Electric Company,TEC Big Bend,Unit,67261613,EPACAMD,645CAMDUNITCT4B,645;CT4B,645,CT4B,10/14/2014,,Yes
FL,12,,12001,Alachua,535011,FLDEP,10006,Gainesville Regional Utilities,"CITY OF GAINESVILLE, GRU",Unit,48440013,EPACAMD,663CAMDUNITB1,663;B1,663,B1,8/8/2011,,Yes
FL,12,,12001,Alachua,535011,FLDEP,10006,Gainesville Regional Utilities,"CITY OF GAINESVILLE, GRU",Unit,48439813,EPACAMD,663CAMDUNITB2,663;B2,663,B2,8/8/2011,,Yes
FL,12,,12001,Alachua,535011,FLDEP,10006,Gainesville Regional Utilities,"CITY OF GAINESVILLE, GRU",Unit,48440113,EPACAMD,663CAMDUNITCT3,663;CT3,663,CT3,11/6/2014,,Yes
CA,6,,6073,San Diego,13562611,CARB,3712278013,SAN DIEGO GAS & ELECTRIC,SDG&E PALOMAR ENERGY CENTER,Unit,78684413,EPACAMD,55985CAMDUNITCTG1,55985;CTG1,55985,CTG1,8/8/2011,,Yes
FL,12,,12097,Osceola,1950911,FLDEP,970014,Progress Energy Corporation,"DUKE ENERGY FLORIDA, LLC",Unit,41857613,EPACAMD,8049CAMDUNIT**11,8049;**11,8049,**11,8/8/2011,,Yes
CA,6,,6019,Fresno,348711,CARB,10143014,FRESNO COGENERATION PARTNERS,FRESNO COGENERATION PARTNERS,Unit,85326713,EPACAMD,10156CAMDUNITGEN1,10156;GEN1,10156,GEN1,8/21/2018,,Yes
CA,6,,6099,Stanislaus,14025311,CARB,5014307172,WALNUT ENERGY CENTER AUTHORITY,WALNUT ENERGY CENTER AUTHORITY,Unit,85005213,EPACAMD,56078CAMDUNIT2,56078;2,56078,2,8/8/2011,,Yes
CA,6,,6023,Humboldt,155111,CARB,12062059,PG & E -  HUMBOLDT BAY GENERATING STATION,PG&E - HUMBOLDT BAY GENERATING STATION,Unit,84665913,EPACAMD,246CAMDUNIT1,246;1,246,1,8/8/2011,,Yes
CA,6,,6013,Contra Costa,148911,CARB,7130311866,LOS MEDANOS ENERGY CENTER,LOS MEDANOS ENERGY CENTER,Unit,84118713,EPACAMD,55217CAMDUNITX724,55217;X724,55217,X724,8/8/2011,,Yes
NC,37,,37007,Anson,10616211,NCDAQ,3700700050,North Carolina Electric Membership Corporation,NCEMC - Anson Plant,Unit,74982813,EPACAMD,56249CAMDUNITES4-B,56249;ES4-B,56249,ES4-B,8/14/2014,12/31/2049,Yes
NC,37,,37153,Richmond,10631811,NCDAQ,3715300082,North Carolina Electric Membership Corporation,NCEMC - Hamlet Plant,Unit,74982313,EPACAMD,56292CAMDUNITES2-B,56292;ES2-B,56292,ES2-B,8/14/2014,12/31/2049,Yes
NC,37,,37153,Richmond,10631811,NCDAQ,3715300082,North Carolina Electric Membership Corporation,NCEMC - Hamlet Plant,Unit,74982313,EPACAMD,56292CAMDUNITES3-B,56292;ES3-B,56292,ES3-B,8/14/2014,12/31/2049,Yes
CA,6,,6067,Sacramento,4919511,CARB,341624193,CARSON COGENERATION PROJECT,CARSON COGENERATION PROJECT,Unit,32325113,EPACAMD,7527CAMDUNIT1,7527;1,7527,1,8/8/2011,,Yes
IN,18,,18097,Marion,4885311,INDEM,34,Na,Citizens Thermal,Unit,100805813,EPACAMD,992CAMDUNIT16,992;16,992,16,3/19/2013,,Yes
NY,36,,36103,Suffolk,15488311,NYDEC,1472204426,,Caithness Long Island Energy Center,Unit,96986713,EPACAMD,56234CAMDUNIT0001,56234;0001,56234,1,8/22/2014,,Yes
OH,39,,39119,Muskingum,15483511,OHEPA,660000247,Appalachian Power Company,"Appalachian Power Co, Dresden Plant (0660000247)",Unit,96956113,EPACAMD,55350CAMDUNIT1B,55350;1B,55350,1B,7/18/2014,,Yes
GA,13,,13303,Washington,15502311,GADNR,30300040,,AL Sandersville,Unit,97057313,EPACAMD,55672CAMDUNITCT2,55672;CT2,55672,CT2,1/6/2014,,Yes
GA,13,,13297,Walton,15508211,GADNR,29700042,,Walton County Power LLC,Unit,97087913,EPACAMD,55128CAMDUNITT1,55128;T1,55128,T1,5/22/2013,,Yes
GA,13,,13205,Mitchell,15580111,GADNR,20500043,,Sowega Power LLC,Unit,98199213,EPACAMD,7768CAMDUNITCT3,7768;CT3,7768,CT3,10/9/2014,,Yes
GA,13,,13233,Polk,15602211,GADNR,23300042,,Sewell Creek Energy Facility,Unit,98380913,EPACAMD,7813CAMDUNIT2,7813;2,7813,2,4/10/2014,,Yes
AR,5,,5057,Hempstead,16584111,ARDEQ,505700506,Southwestern Electric Power Company,SWEPCO-JOHN W TURK JR POWER PLANT,Unit,105991513,EPACAMD,56564CAMDUNITSN-01,56564;SN-01,56564,SN-01,4/10/2014,,Yes
NC,37,,37045,Cleveland,16600211,NCDAQ,3704500372,Southern Power Company,Cleveland County Generating Facility,Unit,106270313,EPACAMD,57029CAMDUNITES2,57029;ES2,57029,ES2,10/8/2014,,Yes
CT,9,,9011,New London,16708111,CTBAM,T150P0001C08542,"FirstLight Hydro Generating Company, LLC",Tunnel Station,Unit,107730013,EPACAMD,557CAMDUNIT10,557;10,557,10,11/6/2014,,Yes
CT,9,,9009,New Haven,16708311,CTBAM,T014P0004C07741,"NRG ENERGY, INC.","Connecticut Jet Power LLC, Branford Substation",Unit,107730213,EPACAMD,540CAMDUNIT10,540;10,540,10,11/6/2014,,Yes
AZ,4,,4001,Apache,7735111,AZDEQ,3222,TUCSON ELECTRIC POWER CO,TUCSON ELECTRIC POWER CO - SPRINGERVILLE,Unit,90849013,EPACAMD,8223CAMDUNIT4,8223;4,8223,4,8/6/2012,,Yes
AZ,4,,4001,Apache,7735111,AZDEQ,3222,TUCSON ELECTRIC POWER CO,TUCSON ELECTRIC POWER CO - SPRINGERVILLE,Unit,2902613,EPACAMD,8223CAMDUNIT2,8223;2,8223,2,8/8/2011,,Yes
ME,23,,23019,Penobscot,7719211,MEDEP,A-000728,Casco Bay Energy Company LLC,MAINE INDEPENDENCE STATION,Unit,2941413,EPACAMD,55068CAMDUNIT1,55068;1,55068,1,8/8/2011,,Yes
MA,25,,25001,Barnstable,7718511,MADEP,1200054,STONEPEAK INFRASTRUCTURE FUND II (AIV) LP,CANAL GENERATING LLC,Unit,87718513,EPACAMD,1599CAMDUNIT1,1599;1,1599,1,8/8/2011,,Yes
MD,24,,24001,Allegany,7717711,MDDOE,001-0203,AES Warrior Run LP,AES Warrior Run,Unit,87867213,EPACAMD,10678CAMDUNIT001,10678;001,10678,1,8/8/2011,,Yes
IL,17,,17197,Will,7973011,ILEPA,197809AAO,"Midwest Generation Eme, LLC",Midwest Generation LLC,Unit,2982713,EPACAMD,874CAMDUNIT5,874;5,874,5,8/8/2011,,Yes
IN,18,,18073,Jasper,7957011,INDEM,8,Na,Northern Indiana Public Service Company LLC - RM Schahfer Generating Station,Unit,3009813,EPACAMD,6085CAMDUNIT16B,6085;16B,6085,16B,8/8/2011,,Yes
IN,18,,18073,Jasper,7957011,INDEM,8,Na,Northern Indiana Public Service Company LLC - RM Schahfer Generating Station,Unit,3009313,EPACAMD,6085CAMDUNIT14,6085;14,6085,14,8/8/2011,,Yes
IL,17,,17119,Madison,7940411,ILEPA,119090AAA,,WRB Refining LP Wood River Refinery,Unit,3049613,EPACAMD,880067CAMDUNITBLR15,880067;BLR15,880067,BLR15,8/8/2011,,Yes
IL,17,,17119,Madison,7940411,ILEPA,119090AAA,,WRB Refining LP Wood River Refinery,Unit,3052713,EPACAMD,880067CAMDUNITBLR17,880067;BLR17,880067,BLR17,8/8/2011,,Yes
OH,39,,39035,Cuyahoga,7937411,OHEPA,1318001613,Na,Cleveland-Cliffs Cleveland Works LLC (1318001613),Unit,3100913,EPACAMD,10398CAMDUNITB007,10398;B007,10398,B007,2/12/2018,,Yes
NJ,34,,34029,Ocean,7903511,NJDEP,78932,Conectiv Atlantic Generation LLC,Cedar Energy Center,Unit,3262713,EPACAMD,2380CAMDUNIT003001,2380;003001,2380,3001,10/14/2014,,Yes
MI,26,,26163,Wayne,7902611,MIDEQ,B2132,Department of Municipal Service,WYANDOTTE DEPT MUNI POWER PLANT,Unit,3280513,EPACAMD,1866CAMDUNIT8,1866;8,1866,8,8/8/2011,,Yes
NY,36,,36085,Richmond,9330411,NYDEC,2640200295,NEW YORK POWER AUTHORITY,POUCH TERMINAL,Unit,55492713,EPACAMD,8053CAMDUNITPT01,8053;PT01,8053,PT01,11/4/2014,,Yes
NY,36,,36081,Queens,9333411,NYDEC,2630800513,BAYSWATER PEAKING FACILITY LLC,BAYSWATER / JAMAICA BAY PEAKING FACILITY,Unit,55489413,EPACAMD,55699CAMDUNIT1,55699;1,55699,1,8/26/2014,,Yes
NY,36,,36039,Greene,9333711,NYDEC,4192200055,NEW ATHENS GENERATING COMPANY LLC,ATHENS GENERATING PLANT,Unit,64138713,EPACAMD,55405CAMDUNIT2,55405;2,55405,2,8/8/2013,,Yes
AL,1,,1127,Walker,7917311,ADEM,1,Alabama Power Company,Alabama Power Company-Gorgas,Unit,3531613,EPACAMD,8CAMDUNIT8,8;8,8,8,8/8/2011,,Yes
AL,1,,1103,Morgan,7916011,ADEM,79,"Decatur Energy Center, LLC",Decatur Energy Center LLC,Unit,3536613,EPACAMD,55292CAMDUNITCTG-1,55292;CTG-1,55292,CTG-1,8/8/2011,,Yes
NY,36,,36123,Yates,7935711,NYDEC,8573600004,AES EASTERN ENERGY LP,AES GREENIDGE LLC,Unit,3543313,EPACAMD,2527CAMDUNIT6,2527;6,2527,6,8/8/2011,,Yes
PA,42,,42017,Bucks,8004311,PADEP,420170006,CONSTELLATION ENERGY GENERATION LLC,EXELON GENERATION CO/CROYDON GEN STA,Unit,67414613,EPACAMD,8012CAMDUNIT32,8012;32,8012,32,8/17/2014,,Yes
PA,42,,42007,Beaver,7991511,PADEP,420070032,HORSEHEAD CORP,HORSEHEAD CORP/MONACA SMELTER,Unit,5084213,EPACAMD,50130CAMDUNIT34,50130;34,50130,34,8/8/2011,,Yes
NJ,34,,34039,Union,7990011,NJDEP,41809,Cogen Technologies Linden Venture,"Cogen Technologies Linden Venture, L.P.",Unit,5104413,EPACAMD,50006CAMDUNIT007001,50006;007001,50006,7001,8/8/2011,,Yes
CA,6,,6037,Los Angeles,17216311,CARB,1.91E+11,"WALNUT CREEK ENERGY, LLC","WALNUT CREEK ENERGY, LLC",Unit,118956813,EPACAMD,57515CAMDUNITGT4,57515;GT4,57515,GT4,5/25/2017,,Yes
CA,6,,6037,Los Angeles,17216311,CARB,1.91E+11,"WALNUT CREEK ENERGY, LLC","WALNUT CREEK ENERGY, LLC",Unit,118956213,EPACAMD,57515CAMDUNITGT5,57515;GT5,57515,GT5,5/25/2017,,Yes
WV,54,,54053,Mason,6760711,WVDAQ,1,Appalachian Power Company,APPALACHIAN POWER CO.-PHILIP SPORN PLANT,Unit,71715213,EPACAMD,3938CAMDUNIT11,3938;11,3938,11,8/8/2011,,Yes
VA,51,,51033,Caroline,6866611,VADEQ,40960,Dominion - Ladysmith CT Station,Dominion - Ladysmith CT Station,Unit,13522913,EPACAMD,7839CAMDUNIT2,7839;2,7839,2,7/27/2014,,Yes
SC,45,,45079,Richland,7126411,SCDHEC,1900-0013,South Carolina Electric & Gas Company,WATEREE STATION,Unit,15034413,EPACAMD,3297CAMDUNITWAT2,3297;WAT2,3297,WAT2,8/8/2011,,Yes
CA,6,,6079,San Luis Obispo,7123811,CARB,4011318,DUKE ENERGY MORRO BAY,DYNEGY MORRO BAY LLC,Unit,15066013,EPACAMD,259CAMDUNIT2,259;2,259,2,10/1/2014,,Yes
CA,6,,6077,San Joaquin,7110911,CARB,391430645,DTE STOCKTON LLC,"DTE STOCKTON, LLC",Unit,15076313,EPACAMD,54238CAMDUNITBIOMS1,54238;BIOMS1,54238,BIOMS1,4/17/2017,,Yes
MN,27,,27111,Otter Tail,7072311,MNPCA,2711100002,Otter Tail Power Company,Otter Tail Power Co - General Office,Unit,15103013,EPACAMD,1943CAMDUNIT3,1943;3,1943,3,8/8/2011,,Yes
CA,6,,6073,San Diego,10097111,CARB,3712277835,CALPEAK POWER - BORDER LLC,CALPEAK POWER BORDER LLC,Unit,54012613,EPACAMD,55510CAMDUNITGT-1,55510;GT-1,55510,GT-1,10/28/2014,,Yes
CA,6,,6073,San Diego,10098711,CARB,3712277630,WILDFLOWER ENERGY LP/LARKSPUR,LARKSPUR ENERGY FACILITY,Unit,54011013,EPACAMD,55542CAMDUNIT1,55542;1,55542,1,10/4/2014,,Yes
CA,6,,6071,San Bernardino,10108611,CARB,3.61E+11,"EI COLTON, LLC",Agua Mansa Power Plant,Unit,101781113,EPACAMD,55951CAMDUNITAMP-1,55951;AMP-1,55951,AMP-1,11/10/2014,,Yes
CA,6,,6065,Riverside,10115711,CARB,3.32E+11,"WILDFLOWER ENERGY LP/INDIGOGEN., LLC","WILDFLOWER ENERGY LP/INDIGOGEN., LLC",Unit,119847113,EPACAMD,55541CAMDUNIT2,55541;2,55541,2,2/9/2018,,Yes
MO,29,,29117,Livingston,7297211,MODNR,2,,CHILLICOTHE MUNICIPAL UTILITIES,Unit,59066013,EPACAMD,2122CAMDUNITGT2B,2122;GT2B,2122,GT2B,10/10/2014,12/31/2049,Yes
MO,29,,29107,Lafayette,7269411,MODNR,38,Na,HIGGINSVILLE MUNICIPAL POWER FACILITY,Unit,9960013,EPACAMD,2131CAMDUNIT4A,2131;4A,2131,4A,11/6/2014,,Yes
MA,25,,25003,Berkshire,7220511,MADEP,1170006,PITTSFIELD GENERATING COMPANY LP,PITTSFIELD GENERATING COMPANY LP,Unit,87515113,EPACAMD,50002CAMDUNIT1,50002;1,50002,1,10/9/2014,,Yes
NJ,34,,34017,Hudson,7217311,NJDEP,12200,PSEG Power LLC,Kearny Generating Station,Unit,107401813,EPACAMD,2404CAMDUNIT134,2404;134,2404,134,10/16/2014,12/31/2049,Yes
NJ,34,,34017,Hudson,7217311,NJDEP,12200,PSEG Power LLC,Kearny Generating Station,Unit,107401813,EPACAMD,2404CAMDUNIT142,2404;142,2404,142,10/16/2014,12/31/2049,Yes
NJ,34,,34011,Cumberland,7201911,NJDEP,75508,Conectiv Atlantic Generation LLC,Cumberland Energy Center,Unit,10062713,EPACAMD,5083CAMDUNIT004001,5083;004001,5083,4001,10/1/2014,,Yes
PA,42,,42017,Bucks,7410911,PADEP,420170306,EXELON GENERATION CO LLC,EXELON GENERATION CO/FAIRLESS HILLS GEN STA,Unit,10377713,EPACAMD,7701CAMDUNITPHBLR5,7701;PHBLR5,7701,PHBLR5,8/21/2014,,Yes
PA,42,,42109,Snyder,18897911,PADEP,421090099,HUMMEL STA LLC,PANDA HUMMEL STA LLC/SUNBURY NAT GAS PLT,Unit,135435913,EPACAMD,60368CAMDUNITCT3,60368;CT3,60368,CT3,1/2/2020,,Yes
NY,36,,36071,Orange,18918211,NYDEC,3335600136,,CPV VALLEY ENERGY CENTER,Unit,137076713,EPACAMD,56940CAMDUNIT2,56940;2,56940,2,1/25/2021,,Yes
WI,55,,55079,Milwaukee,6330511,WIDNR,241007800,Wisconsin Electric Power Company,WISCONSIN ELECTRIC POWER COMPANY D/B/A WE ENERGIES-VALLEY STATION,Unit,15438013,EPACAMD,4042CAMDUNIT4,4042;4,4042,4,8/8/2011,,Yes
WI,55,,55079,Milwaukee,6330411,WIDNR,241007690,Wisconsin Electric Power Company,WE ENERGIES-OAK CREEK Power Plant,Unit,15438413,EPACAMD,4041CAMDUNIT7,4041;7,4041,7,8/8/2011,,Yes
WI,55,,55079,Milwaukee,6330411,WIDNR,241007690,Wisconsin Electric Power Company,WE ENERGIES-OAK CREEK Power Plant,Unit,15438813,EPACAMD,4041CAMDUNIT6,4041;6,4041,6,8/8/2011,,Yes
NJ,34,,34011,Cumberland,7462211,NJDEP,75512,Conectiv Atlantic Generation LLC,Carlls Energy Center,Unit,11673813,EPACAMD,2379CAMDUNIT003001,2379;003001,2379,3001,1/1/2020,,Yes
MO,29,,29095,Jackson,7668211,MODNR,139,Na,EVERGY INC GREENWOOD GENERATING STATION,Unit,11760013,EPACAMD,6074CAMDUNIT4,6074;4,6074,4,5/31/2018,,Yes
VA,51,,51001,Accomack,6960911,VADEQ,40898,Commonwealth Chesapeake Power Station,Commonwealth Chesapeake Power Station,Unit,14006913,EPACAMD,55381CAMDUNITCT-003,55381;CT-003,55381,CT-003,10/9/2014,12/31/2049,Yes
MS,28,,28075,Lauderdale,7155511,MSDEQ,2807500032,AI001281,"MISSISSIPPI POWER COMPANY, PLANT SWEATT",Unit,14073213,EPACAMD,2048CAMDUNIT2,2048;2,2048,2,9/23/2011,,Yes
MS,28,,28067,Jones,7139511,MSDEQ,2806700035,AI005099,"COOPERATIVE ENERGY, MOSELLE GENERATING P",Unit,64015013,EPACAMD,2070CAMDUNIT5,2070;5,2070,5,8/8/2011,,Yes
MS,28,,28067,Jones,7139511,MSDEQ,2806700035,AI005099,"COOPERATIVE ENERGY, MOSELLE GENERATING P",Unit,14101413,EPACAMD,2070CAMDUNIT3,2070;3,2070,3,8/8/2011,,Yes
VA,51,,51087,Henrico,6311211,VADEQ,50997,Dominion - Darbytown CT Station,Dominion - Darbytown CT Station,Unit,58458813,EPACAMD,7212CAMDUNIT2,7212;2,7212,2,9/23/2011,,Yes
MN,27,,27037,Dakota,6275411,MNPCA,2703700003,Northern States Power (Xcel Energy),Xcel Energy - Black Dog Generating Plant,Unit,15815613,EPACAMD,1904CAMDUNIT5,1904;5,1904,5,8/8/2011,,Yes
MN,27,,27037,Dakota,6275411,MNPCA,2703700003,Northern States Power (Xcel Energy),Xcel Energy - Black Dog Generating Plant,Unit,134865813,EPACAMD,1904CAMDUNIT6,1904;6,1904,6,4/27/2020,,Yes
TX,48,,48469,Victoria,21432311,TXCEQ,51,VICTORIA PORT POWER II LLC,VICTORIA PORT II PEAKING FACILITY,Unit,156291313,EPACAMD,61966CAMDUNITCT1,61966;CT1,61966,CT1,5/23/2023,,Yes
IL,17,,17097,Lake,7792311,ILEPA,097190AAC,"Midwest Generation Eme, LLC",Waukegan Electric Generating Station,Unit,2286713,EPACAMD,883CAMDUNIT8,883;8,883,8,8/8/2011,,Yes
NM,35,,35013,Dona Ana,7581811,NMED,122,El Paso Electric Company,Rio Grande Generating Station,Unit,82572013,EPACAMD,2444CAMDUNIT6,2444;6,2444,6,8/8/2011,,Yes
NM,35,,35001,Bernalillo,7532111,NMCOA,11,Public Service Company of New Mexico,Reeves Generating Station,Unit,12669213,EPACAMD,2450CAMDUNIT2,2450;2,2450,2,8/8/2011,,Yes
TX,48,,48035,Bosque,5617311,TXCEQ,2,CALPINE BOSQUE ENERGY CENTER LLC,BOSQUE COUNTY POWER PLANT WHITNEY,Unit,21254813,EPACAMD,55172CAMDUNITGT-3,55172;GT-3,55172,GT-3,8/8/2011,,Yes
TX,48,,48029,Bexar,5617211,TXCEQ,63,CITY PUBLIC SERVICE BOARD,CALAVERAS PLANT,Unit,21257613,EPACAMD,6181CAMDUNIT2,6181;2,6181,2,8/8/2011,,Yes
TX,48,,48029,Bexar,5616611,TXCEQ,6,CITY PUBLIC SERVICE,WB TUTTLE PLANT,Unit,21289413,EPACAMD,3613CAMDUNIT3,3613;3,3613,3,9/23/2011,,Yes
TX,48,,48029,Bexar,5616511,TXCEQ,5,CITY PUBLIC SERVICE BOARD,VH BRAUNIG PLANT,Unit,21290013,EPACAMD,3612CAMDUNIT1,3612;1,3612,1,8/8/2011,,Yes
MA,25,,25021,Norfolk,5851311,MADEP,1200133,EXELON WEST MEDWAY LLC AND WEST MEDWAY II LLC,CONSTELLATION WEST MEDWAY LLC,Unit,87476913,EPACAMD,1592CAMDUNITJ2T2,1592;J2T2,1592,J2T2,10/27/2014,,Yes
MA,25,,25021,Norfolk,5851311,MADEP,1200133,EXELON WEST MEDWAY LLC AND WEST MEDWAY II LLC,CONSTELLATION WEST MEDWAY LLC,Unit,137477713,EPACAMD,59882CAMDUNITJ4,59882;J4,59882,J4,2/8/2021,,Yes
CA,6,,6037,Los Angeles,5796711,CARB,1.91E+11,"LA CITY, DWP HAYNES GENERATING STATION","LA CITY, DWP HAYNES GENERATING STATION",Unit,119396813,EPACAMD,400CAMDUNIT13,400;13,400,13,5/25/2017,,Yes
CA,6,,6037,Los Angeles,5796711,CARB,1.91E+11,"LA CITY, DWP HAYNES GENERATING STATION","LA CITY, DWP HAYNES GENERATING STATION",Unit,21564213,EPACAMD,400CAMDUNIT6,400;6,400,6,9/23/2011,,Yes
CA,6,,6037,Los Angeles,5796711,CARB,1.91E+11,"LA CITY, DWP HAYNES GENERATING STATION","LA CITY, DWP HAYNES GENERATING STATION",Unit,119397713,EPACAMD,400CAMDUNIT10,400;10,400,10,5/25/2017,,Yes
MD,24,,24025,Harford,6131311,MDDOE,025-0024,"Constellation Power Source Generation, Inc.",Constellation Power - Perryman Power Plant,Unit,112060813,EPACAMD,1556CAMDUNIT6-1,1556;6-1,1556,1-Jun,5/30/2017,,Yes
LA,22,,22017,Caddo,6116111,LADEQ08,1060,Southwestern Electric Power Co (SWEPCO),Southwestern Electric Power Company - Arsenal Hill Power Plant,Unit,95093713,EPACAMD,1416CAMDUNITCTG-6A,1416;CTG-6A,1416,CTG-6A,5/22/2013,,Yes
NM,35,,35025,Lea,5229511,NMED,604,Southwestern Public Service Co dba Xcel Energy,Cunningham Station Power Plant,Unit,82534113,EPACAMD,2454CAMDUNIT123T,2454;123T,2454,123T,8/8/2011,,Yes
NM,35,,35023,Hidalgo,5213011,NMED,558,"Tri- State Generation and Transmission Association, Inc.",Pyramid Generating Station,Unit,91583613,EPACAMD,7975CAMDUNIT2,7975;2,7975,2,9/24/2014,,Yes
NM,35,,35023,Hidalgo,5213011,NMED,558,"Tri- State Generation and Transmission Association, Inc.",Pyramid Generating Station,Unit,91583713,EPACAMD,7975CAMDUNIT1,7975;1,7975,1,9/24/2014,,Yes
NH,33,,33003,Carroll,5209211,NHDES,3300300014,,PSNH - WHITE LAKE STATION,Unit,26128213,EPACAMD,2369CAMDUNITCT1,2369;CT1,2369,CT1,6/20/2018,,Yes
KY,21,,21177,Muhlenberg,5196711,KYDAQ,2117700006,Tennessee Valley Authority,Tennessee Valley Authority - Paradise Fossil Plant,Unit,129706213,EPACAMD,1378CAMDUNITPCC1,1378;PCC1,1378,PCC1,5/16/2019,,Yes
KY,21,,21167,Mercer,5933111,KYDAQ,2116700001,Louisville Gas And Electric Company,KY Utilities Co - Brown Station,Unit,24596013,EPACAMD,1355CAMDUNIT2,1355;2,1355,2,8/8/2011,,Yes
KY,21,,21167,Mercer,5933111,KYDAQ,2116700001,Louisville Gas And Electric Company,KY Utilities Co - Brown Station,Unit,24596113,EPACAMD,1355CAMDUNIT3,1355;3,1355,3,8/8/2011,,Yes
LA,22,,22051,Jefferson,5521211,LADEQ08,2841,Entergy Louisiana LLC,Entergy Louisiana LLC - Ninemile Point Electric Generating Plant,Unit,80540113,EPACAMD,1403CAMDUNIT2,1403;2,1403,2,8/2/2011,12/31/2049,Yes
LA,22,,22047,Iberville,5519911,LADEQ08,51854,Carville Energy LLC,Carville Energy LLC - Carville Energy Center,Unit,80913213,EPACAMD,55404CAMDUNITCOG02,55404;COG02,55404,COG02,8/8/2011,,Yes
VA,51,,51550,Chesapeake city,5040211,VADEQ,60163,Dominion - Chesapeake Energy Center,Dominion - Chesapeake Energy Center,Unit,28681013,EPACAMD,3803CAMDUNIT4,3803;4,3803,4,8/8/2011,,Yes
VA,51,,51550,Chesapeake city,5040211,VADEQ,60163,Dominion - Chesapeake Energy Center,Dominion - Chesapeake Energy Center,Unit,28680913,EPACAMD,3803CAMDUNIT3,3803;3,3803,3,8/8/2011,,Yes
TX,48,,48479,Webb,5023911,TXCEQ,2,LAREDO LLC,LAREDO POWER STATION,Unit,71575913,EPACAMD,3439CAMDUNIT4,3439;4,3439,4,10/1/2014,,Yes
TX,48,,48479,Webb,5023911,TXCEQ,2,LAREDO LLC,LAREDO POWER STATION,Unit,28704513,EPACAMD,3439CAMDUNIT3,3439;3,3439,3,8/8/2011,,Yes
CA,6,,6073,San Diego,5003111,CARB,37122772,DYNEGY SOUTH BAY,DYNEGY SOUTH BAY LLC,Unit,86028113,EPACAMD,310CAMDUNIT1,310;1,310,1,8/8/2011,,Yes
PA,42,,42133,York,4966111,PADEP,421330016,PIXELLE SPECIALTY SOLUTIONS LLC,PIXELLE SPEC SOLUTIONS LLC/SPRING GROVE,Unit,28925013,EPACAMD,50397CAMDUNIT035,50397;035,50397,35,8/8/2011,,Yes
CA,6,,6071,San Bernardino,4947111,CARB,3605181880,COOLWATER GENERATING STATION,COOLWATER GENERATING STATION,Unit,30095913,EPACAMD,329CAMDUNIT2,329;2,329,2,8/8/2011,,Yes
IN,18,,18157,Tippecanoe,4912511,INDEM,12,Na,PURDUE UNIVERSITY,Unit,30461813,EPACAMD,50240CAMDUNIT3,50240;3,50240,3,8/8/2011,,Yes
TX,48,,48331,Milam,13408411,TXCEQ,12,LUMINANT GENERATION COMPANY LLC,SANDOW 5 GENERATING PLANT,Unit,90269213,EPACAMD,52071CAMDUNIT5B,52071;5B,52071,5B,4/4/2013,,Yes
TX,48,,48481,Wharton,13392711,TXCEQ,306,COLORADO BEND I POWER LLC,COLORADO BEND I,Unit,71581513,EPACAMD,56350CAMDUNITCT1A,56350;CT1A,56350,CT1A,7/21/2012,,Yes
IL,17,,17025,Clay,1945711,ILEPA,025803AAD,Union Electric Company,Ameren Services,Unit,88610613,EPACAMD,55417CAMDUNITCT-02,55417;CT-02,55417,CT-02,9/30/2014,,Yes
MI,26,,26125,Oakland,13655911,MIDEQ,N7786,,"DTE PONTIAC NORTH, LLC",Unit,82734713,EPACAMD,10111CAMDUNITEUBHB9,10111;EUBHB9,10111,EUBHB9,12/7/2014,,Yes
VA,51,,51041,Chesterfield,4181011,VADEQ,50396,Dominion - Chesterfield Power Station,Dominion Virginia Power- Chesterfield,Unit,33877613,EPACAMD,3797CAMDUNIT7,3797;7,3797,7,8/8/2011,,Yes
VA,51,,51041,Chesterfield,4181011,VADEQ,50396,Dominion - Chesterfield Power Station,Dominion Virginia Power- Chesterfield,Unit,33878413,EPACAMD,3797CAMDUNIT**8A,3797;**8A,3797,**8A,8/8/2011,,Yes
VA,51,,51041,Chesterfield,4181011,VADEQ,50396,Dominion - Chesterfield Power Station,Dominion Virginia Power- Chesterfield,Unit,33878813,EPACAMD,3797CAMDUNIT5,3797;5,3797,5,8/8/2011,,Yes
IL,17,,17089,Kane,1786811,ILEPA,089425AAC,"Dynegy, Inc",Rocky Road Power LLC,Unit,42008613,EPACAMD,55109CAMDUNITT2,55109;T2,55109,T2,9/23/2011,,Yes
CO,8,,8123,Weld,4223811,CODPHE,CO0000000812300250,Na,THERMO COGEN PARTNERSHIP - JM SHAFER,Unit,68875913,EPACAMD,50707CAMDUNITS005,50707;S005,50707,S005,8/17/2014,,Yes
CO,8,,8123,Weld,4223811,CODPHE,CO0000000812300250,Na,THERMO COGEN PARTNERSHIP - JM SHAFER,Unit,68875813,EPACAMD,50707CAMDUNITS004,50707;S004,50707,S004,8/17/2014,,Yes
CA,6,,6099,Stanislaus,1218311,CARB,5014303299,TURLOCK IRRIGATION DISTRICT,Almond Power Plant,Unit,121055313,EPACAMD,7315CAMDUNIT4,7315;4,7315,4,4/18/2018,,Yes
CA,6,,6099,Stanislaus,1218011,CARB,5014303233,MODESTO IRRIGATION DISTRICT,MODESTO IRRIGATION DISTRICT-woodland,Unit,85006313,EPACAMD,7266CAMDUNIT2,7266;2,7266,2,11/1/2014,,Yes
CA,6,,6065,Riverside,13908711,CARB,3305182262,BLYTHE ENERGY INC,"BLYTHE ENERGY, INC.",Unit,85674513,EPACAMD,55295CAMDUNIT1,55295;1,55295,1,10/8/2014,,Yes
CA,6,,6037,Los Angeles,13909011,CARB,1.91E+11,"LA CITY, DWP SCATTERGOOD GENERATING STN","LA CITY, DWP SCATTERGOOD GENERATING STN",Unit,85872513,EPACAMD,404CAMDUNIT7,404;7,404,7,4/27/2020,,Yes
CA,6,,6037,Los Angeles,13909011,CARB,1.91E+11,"LA CITY, DWP SCATTERGOOD GENERATING STN","LA CITY, DWP SCATTERGOOD GENERATING STN",Unit,85871513,EPACAMD,404CAMDUNIT3,404;3,404,3,9/23/2011,,Yes
IA,19,,19127,Marshall,3779111,IADNR,64-01-012,INTERSTATE POWER AND LIGHT COMPANY,IPL - MARSHALLTOWN GENERATING STATION,Unit,124117513,EPACAMD,58236CAMDUNITCT2,58236;CT2,58236,CT2,4/25/2017,,Yes
IA,19,,19127,Marshall,3779111,IADNR,64-01-012,INTERSTATE POWER AND LIGHT COMPANY,IPL - MARSHALLTOWN GENERATING STATION,Unit,37005713,EPACAMD,1077CAMDUNIT3,1077;3,1077,3,8/8/2011,,Yes
CA,6,,6085,Santa Clara,743011,CARB,43130311180,CALPINE GILROY COGEN LP & GILROY ENERGY CENTER LLC,CALPINE GILROY COGEN LP & GILROY ENERGY CENTER LLC,Unit,45722313,EPACAMD,55810CAMDUNITS-4,55810;S-4,55810,S-4,10/9/2014,,Yes
PA,42,,42079,Luzerne,12800611,PADEP,420790001,HUNLOCK ENERGY LLC,HUNLOCK ENERGY LLC/HUNLOCK,Unit,67507313,EPACAMD,56397CAMDUNIT4,56397;4,56397,4,11/6/2014,,Yes
IA,19,,19169,Story,12806611,IADNR,85-01-006-02,CITY OF AMES,CITY OF AMES STEAM ELECTRIC PLANT,Unit,68177713,EPACAMD,1122CAMDUNIT8,1122;8,1122,8,8/8/2011,,Yes
AR,5,,5119,Pulaski,210811,ARDEQ,511901380,Arkansas Electric Cooperative Corporation,ARK ELEC CO-OP-OSWALD GENERATING STATION,Unit,63446813,EPACAMD,55221CAMDUNITG2,55221;G2,55221,G2,5/22/2013,,Yes
TX,48,,48361,Orange,6509111,TXCEQ,63,PERFORMANCE MATERIALS NA INC,SABINE RIVER OPERATIONS COGEN,Unit,17474413,EPACAMD,55120CAMDUNITCTG-1,55120;CTG-1,55120,CTG-1,8/8/2011,,Yes
TX,48,,48139,Ellis,6494211,TXCEQ,59,MIDLOTHIAN ENERGY LLC,MIDLOTHIAN ENERGY FACILITY,Unit,17543513,EPACAMD,55091CAMDUNITSTK2,55091;STK2,55091,STK2,8/8/2011,,Yes
TX,48,,48139,Ellis,6494211,TXCEQ,59,MIDLOTHIAN ENERGY LLC,MIDLOTHIAN ENERGY FACILITY,Unit,17543613,EPACAMD,55091CAMDUNITSTK1,55091;STK1,55091,STK1,8/8/2011,,Yes
TX,48,,48061,Cameron,6493311,TXCEQ,5,PUBLIC UTILITIES BOARD OF THE CITY OF BROWNSVILLE TEXAS,SILAS RAY POWER PLANT,Unit,17568213,EPACAMD,3559CAMDUNIT9,3559;9,3559,9,9/23/2011,,Yes
MI,26,,26111,Midland,6473711,MIDEQ,B6527,Midland Cogeneration Venture,Midland Cogeneration Venture,Unit,17730113,EPACAMD,10745CAMDUNIT003,10745;003,10745,3,8/25/2014,12/31/2049,Yes
MI,26,,26111,Midland,6473711,MIDEQ,B6527,Midland Cogeneration Venture,Midland Cogeneration Venture,Unit,17730113,EPACAMD,10745CAMDUNIT010,10745;010,10745,10,8/25/2014,12/31/2049,Yes
MI,26,,26111,Midland,6473711,MIDEQ,B6527,Midland Cogeneration Venture,Midland Cogeneration Venture,Unit,82666813,EPACAMD,10745CAMDUNIT019,10745;019,10745,19,8/25/2014,12/31/2049,Yes
MI,26,,26111,Midland,6473711,MIDEQ,B6527,Midland Cogeneration Venture,Midland Cogeneration Venture,Unit,82666813,EPACAMD,10745CAMDUNIT020,10745;020,10745,20,8/25/2014,12/31/2049,Yes
MI,26,,26049,Genesee,6472811,MIDEQ,N3570,GENESEE POWER STATION LIMITED PARTNERSHIP,GENESEE POWER STATION LIMITED PARTNERSHIP,Unit,17731913,EPACAMD,54751CAMDUNIT01,54751;01,54751,1,8/8/2011,,Yes
MA,25,,25025,Suffolk,6404711,MADEP,1190012,EXELON NEW BOSTON LLC,EXELON NEW BOSTON LLC,Unit,87478113,EPACAMD,1587CAMDUNITNBJ-1,1587;NBJ-1,1587,NBJ-1,2/24/2020,,Yes
LA,22,,22033,East Baton Rouge,5160611,LADEQ08,1186,Entergy Louisiana LLC,EthosEnergy Power Operations (West) LLC - Louisiana Station Electrical Generatin,Unit,80697113,EPACAMD,1391CAMDUNIT5A,1391;5A,1391,5A,8/8/2011,,Yes
TX,48,,48501,Yoakum,5129311,TXCEQ,39,GOLDEN SPREAD ELECTRIC COOPERATIVE INC,MUSTANG ELECTRIC STATION,Unit,110129213,EPACAMD,56326CAMDUNITGEN3,56326;GEN3,56326,GEN3,5/7/2018,,Yes
MA,25,,25005,Bristol,5058811,MADEP,1200067,TAUNTON MUNICIPAL LIGHTING PLANT,TAUNTON MUNICIPAL LIGHT PLANT,Unit,87718213,EPACAMD,1682CAMDUNIT8,1682;8,1682,8,11/15/2011,,Yes
MA,25,,25005,Bristol,5058311,MADEP,1200060,SOMERSET POWER LLC,SOMERSET POWER LLC,Unit,25259213,EPACAMD,1613CAMDUNIT11,1613;11,1613,11,10/28/2014,,Yes
MA,25,,25005,Bristol,5058311,MADEP,1200060,SOMERSET POWER LLC,SOMERSET POWER LLC,Unit,87560013,EPACAMD,1613CAMDUNIT8,1613;8,1613,8,8/8/2011,,Yes
MA,25,,25005,Bristol,5057311,MADEP,1200025,DARTMOUTH POWER ASSOCIATES,DARTMOUTH POWER ASSOCATES,Unit,25269613,EPACAMD,52026CAMDUNIT2,52026;2,52026,2,9/30/2014,,Yes
CA,6,,6019,Fresno,15863611,CARB,1014307220,PANOCHE ENERGY CENTER LLC,PANOCHE ENERGY CENTER LLC,Unit,102017413,EPACAMD,56803CAMDUNIT2,56803;2,56803,2,8/26/2014,,Yes
MS,28,,28069,Kemper,16908111,MSDEQ,2806900017,AI036313,"MISSISSIPPI POWER COMPANY, DAVID M RATCL",Unit,110448713,EPACAMD,57037CAMDUNITAB-001,57037;AB-001,57037,AB-001,7/15/2015,,Yes
NJ,34,,34013,Essex,17800111,NJDEP,8857,,Newark Energy Center,Unit,124740813,EPACAMD,58079CAMDUNITU002,58079;U002,58079,U002,12/30/2049,12/31/2049,Yes
LA,22,,22101,St. Mary,17905111,LADEQ08,179048,Louisiana Energy & Power Authority (LEPA),Louisiana Energy & Power Authority (LEPA) - LEPA Power Plant,Unit,126306013,EPACAMD,58478CAMDUNITCC01,58478;CC01,58478,CC01,9/10/2018,,Yes
MA,25,,25017,Middlesex,5231011,MADEP,1210265,LOWELL COGENERATION COMPANY L.P.,LOWELL COGENERATION COMPANY LLP,Unit,87770913,EPACAMD,10802CAMDUNIT001,10802;001,10802,1,10/29/2014,,Yes
KY,21,,21157,Marshall,5213311,KYDAQ,2115700053,Tennessee Valley Authority,TVA - KGen Marshall LLC,Unit,86742713,EPACAMD,55232CAMDUNITCT1,55232;CT1,55232,CT1,10/27/2014,,Yes
KY,21,,21041,Carroll,5198511,KYDAQ,2104100010,Kentucky Utilities Company,KY Utilities Co - Ghent Station,Unit,25720713,EPACAMD,1356CAMDUNIT1,1356;1,1356,1,8/8/2011,,Yes
KY,21,,21041,Carroll,5198511,KYDAQ,2104100010,Kentucky Utilities Company,KY Utilities Co - Ghent Station,Unit,25720413,EPACAMD,1356CAMDUNIT3,1356;3,1356,3,8/8/2011,,Yes
GA,13,,13103,Effingham,3711211,GADNR,10300003,Georgia Power Company,Ga Power Co Plt McIntosh,Unit,36851613,EPACAMD,6124CAMDUNITCT7,6124;CT7,6124,CT7,10/7/2014,,Yes
GA,13,,13103,Effingham,3711211,GADNR,10300003,Georgia Power Company,Ga Power Co Plt McIntosh,Unit,36851313,EPACAMD,6124CAMDUNITCT6,6124;CT6,6124,CT6,10/7/2014,,Yes
GA,13,,13095,Dougherty,3709711,GADNR,9500002,Georgia Power Company,Ga Power Company - Plant Mitchell,Unit,36856613,EPACAMD,727CAMDUNIT4BB,727;4BB,727,4BB,10/10/2014,,Yes
GA,13,,13095,Dougherty,3709711,GADNR,9500002,Georgia Power Company,Ga Power Company - Plant Mitchell,Unit,36856713,EPACAMD,727CAMDUNIT4BA,727;4BA,727,4BA,10/10/2014,,Yes
GA,13,,13067,Cobb,3699211,GADNR,6700003,Georgia Power Company,Ga Power Company - Plant McDonough/Atkinson,Unit,36889913,EPACAMD,710CAMDUNIT3AB,710;3AB,710,3AB,10/8/2014,,Yes
AR,5,,5143,Washington,10642811,ARDEQ,514300695,AMERICAN ELECTRIC POWER-SWEPCO,Harry D. Mattison Power Plant,Unit,63390513,EPACAMD,56328CAMDUNIT4,56328;4,56328,4,4/16/2014,,Yes
MO,29,,29037,Cass,10734511,MODNR,63,,EVERGY INC SOUTH HARPER GENERATING STATION,Unit,59224913,EPACAMD,56151CAMDUNIT3,56151;3,56151,3,10/9/2014,,Yes
FL,12,,12103,Pinellas,2744511,FLDEP,1030013,Bayboro,"DUKE ENERGY FLORIDA, LLC",Unit,41361313,EPACAMD,627CAMDUNIT1B,627;1B,627,1B,10/10/2014,12/31/2049,Yes
FL,12,,12103,Pinellas,2744511,FLDEP,1030013,Bayboro,"DUKE ENERGY FLORIDA, LLC",Unit,41360913,EPACAMD,627CAMDUNIT3A,627;3A,627,3A,10/10/2014,12/31/2049,Yes
FL,12,,12103,Pinellas,2744411,FLDEP,1030012,Higgins,"DUKE ENERGY FLORIDA, LLC",Unit,41361813,EPACAMD,630CAMDUNITP4,630;P4,630,P4,8/8/2011,,Yes
WA,53,,53041,Lewis,9091111,WASWCAA,1900,PacifiCorp,PacifiCorp - Chehalis Generation Facility,Unit,55096613,EPACAMD,55662CAMDUNITCT1,55662;CT1,55662,CT1,7/21/2012,,Yes
PA,42,,42069,Lackawanna,3022411,PADEP,420690022,PEI POWER LLC,PEI POWER CORP/ARCHBALD,Unit,38354113,EPACAMD,50279CAMDUNIT2,50279;2,50279,2,9/23/2011,,Yes
PA,42,,42063,Indiana,3005111,PADEP,420630002,SEWARD GENERATION LLC,SEWARD GENERATING STATION/SEWARD,Unit,67474713,EPACAMD,3130CAMDUNIT2,3130;2,3130,2,8/8/2011,,Yes
NE,31,,31109,Lancaster,9428811,NELLCHD,240,Lincoln Electric System,LES Terry Bundy Generating Station,Unit,91234113,EPACAMD,7887CAMDUNITSVGS4,7887;SVGS4,7887,SVGS4,10/9/2014,,Yes
NE,31,,31131,Otoe,7303711,NEDEQ,58343,Omaha Public Power District,OPPD Nebraska City Station,Unit,8402913,EPACAMD,6096CAMDUNIT1,6096;1,6096,1,8/8/2011,,Yes
NV,32,,32029,Storey,7302811,NVBAQ,A0029,SIERRA PACIFIC POWER COMPANY DBA NV ENERGY,TRACY GENERATING STATION,Unit,8415613,EPACAMD,2336CAMDUNIT1,2336;1,2336,1,10/13/2014,,Yes
NV,32,,32013,Humboldt,7302011,NVBAQ,A0375,SIERRA PACIFIC POWER COMPANY DBA NV ENERGY,NORTH VALMY GENERATING STATION,Unit,97874113,EPACAMD,8224CAMDUNIT2,8224;2,8224,2,3/18/2013,,Yes
NH,33,,33015,Rockingham,7287811,NHDES,3301500012,PUBLIC SERVICE COMPANY OF NEW HAMPSHIRE,GSP SCHILLER LLC,Unit,8539213,EPACAMD,2367CAMDUNITCT1,2367;CT1,2367,CT1,11/9/2014,,Yes
MI,26,,26115,Monroe,7285811,MIDEQ,B2846,Consumers Energy Company,J.R. WHITING CO,Unit,8570613,EPACAMD,1723CAMDUNIT3,1723;3,1723,3,8/8/2011,,Yes
LA,22,,22071,Orleans,7448111,LADEQ08,32494,Entergy New Orleans LLC,Entergy New Orleans LLC - Michoud Electric Generating Plant - New Orleans Power,Unit,80595613,EPACAMD,1409CAMDUNIT2,1409;2,1409,2,8/2/2011,12/31/2049,Yes
NY,36,,36103,Suffolk,8452411,NYDEC,1472200105,NATIONAL GRID GENERATION LLC,HOLTSVILLE GT FACILITY,Unit,126778313,EPACAMD,8007CAMDUNITU00008,8007;U00008,8007,U00008,5/1/2018,12/31/2049,No
NY,36,,36103,Suffolk,8452411,NYDEC,1472200105,NATIONAL GRID GENERATION LLC,HOLTSVILLE GT FACILITY,Unit,126778313,EPACAMD,8007CAMDUNITU00012,8007;U00012,8007,U00012,5/1/2018,12/31/2049,No
NY,36,,36103,Suffolk,8452411,NYDEC,1472200105,NATIONAL GRID GENERATION LLC,HOLTSVILLE GT FACILITY,Unit,126778313,EPACAMD,8007CAMDUNITU00018,8007;U00018,8007,U00018,5/1/2018,12/31/2049,No
NY,36,,36103,Suffolk,8452411,NYDEC,1472200105,NATIONAL GRID GENERATION LLC,HOLTSVILLE GT FACILITY,Unit,126778313,EPACAMD,8007CAMDUNITU00014,8007;U00014,8007,U00014,5/1/2018,12/31/2049,No
NY,36,,36103,Suffolk,8452411,NYDEC,1472200105,NATIONAL GRID GENERATION LLC,HOLTSVILLE GT FACILITY,Unit,126778313,EPACAMD,8007CAMDUNITU00003,8007;U00003,8007,U00003,5/1/2018,12/31/2049,No
OK,40,,40017,Canadian,8350811,OKDEQ,1205,OG AND E,MUSTANG ENERGY CENTER,Unit,908313,EPACAMD,2953CAMDUNIT2,2953;2,2953,2,4/2/2014,,Yes
OK,40,,40017,Canadian,8350811,OKDEQ,1205,OG AND E,MUSTANG ENERGY CENTER,Unit,128563513,EPACAMD,2953CAMDUNITT7,2953;T7,2953,T7,1/25/2021,,Yes
OK,40,,40097,Mayes,8350611,OKDEQ,2396,ASSOCIATED ELECTRIC COOPERATIVE INC,CHOUTEAU POWER PLANT,Unit,97012613,EPACAMD,7757CAMDUNIT3,7757;3,7757,3,4/2/2014,,Yes
OK,40,,40083,Logan,8350311,OKDEQ,4001,EVERGY INC,SPRING CREEK ENERGY CENTER,Unit,910713,EPACAMD,55651CAMDUNITCT-02,55651;CT-02,55651,CT-02,4/2/2014,,Yes
OK,40,,40145,Wagoner,8350011,OKDEQ,3662,ONETA POWER LLC,ONETA POWER LLC,Unit,912113,EPACAMD,55225CAMDUNITCTG-4,55225;CTG-4,55225,CTG-4,8/8/2011,,Yes
OK,40,,40145,Wagoner,8350011,OKDEQ,3662,ONETA POWER LLC,ONETA POWER LLC,Unit,912513,EPACAMD,55225CAMDUNITCTG-2,55225;CTG-2,55225,CTG-2,8/8/2011,,Yes
NC,37,,37191,Wayne,7265811,NCDAQ,3719100017,"Duke Energy Progress, LLC","Duke Energy Progress, LLC - H.F. Lee Steam Electric Plant",Unit,10758113,EPACAMD,2709CAMDUNIT10,2709;10,2709,10,10/14/2014,12/31/2049,Yes
NC,37,,37191,Wayne,7265811,NCDAQ,3719100017,"Duke Energy Progress, LLC","Duke Energy Progress, LLC - H.F. Lee Steam Electric Plant",Unit,109330913,EPACAMD,2709CAMDUNIT01B,2709;01B,2709,01B,7/15/2015,,Yes
AL,1,,1033,Colbert,7212811,ADEM,10,Tennessee Valley Authority,TVA,Unit,10818013,EPACAMD,47CAMDUNITCCT5,47;CCT5,47,CCT5,10/9/2014,,Yes
AL,1,,1033,Colbert,7212811,ADEM,10,Tennessee Valley Authority,TVA,Unit,10818213,EPACAMD,47CAMDUNIT5,47;5,47,5,8/8/2011,,Yes
AL,1,,1033,Colbert,7212811,ADEM,10,Tennessee Valley Authority,TVA,Unit,10818313,EPACAMD,47CAMDUNIT3,47;3,47,3,8/8/2011,,Yes
WI,55,,55059,Kenosha,7324011,WIDNR,230094810,Wisconsin Electric Power Company,WISCONSIN ELECTRIC POWER COMPANY D/B/A WE ENERGIES-PARIS GENERATING STATION,Unit,11031913,EPACAMD,7270CAMDUNIT**4,7270;**4,7270,**4,10/9/2014,,Yes
MI,26,,26163,Wayne,7306011,MIDEQ,B2798,DTE Electric Company,DTE Electric Company - Delray Power Plant,Unit,11097013,EPACAMD,1728CAMDUNITCTG121,1728;CTG121,1728,CTG121,11/5/2014,,Yes
NY,36,,36081,Queens,12681711,NYDEC,2630100191,ASTORIA GAS TURBINE POWER LLC,ASTORIA GAS TURBINE POWER,Unit,64122513,EPACAMD,55243CAMDUNITCT2-4A,55243;CT2-4A,55243,CT2-4A,8/15/2014,12/31/2049,Yes
NY,36,,36081,Queens,12681711,NYDEC,2630100191,ASTORIA GAS TURBINE POWER LLC,ASTORIA GAS TURBINE POWER,Unit,64122513,EPACAMD,55243CAMDUNITCT0007,55243;CT0007,55243,CT0007,8/15/2014,12/31/2049,Yes
KS,20,,20111,Lyon,12635811,KSDOHE,46,"Evergy, Inc.",Evergy - Emporia,Unit,63891813,EPACAMD,56502CAMDUNITEEC3,56502;EEC3,56502,EEC3,5/22/2013,,Yes
SD,46,,46011,Brookings,17418211,SDDENR,28.0802-06,,Basin Electric Power Cooperative - Deer Creek Station,Unit,121220313,EPACAMD,56610CAMDUNIT01,56610;01,56610,1,4/18/2017,,Yes
VA,51,,51025,Brunswick,17646111,VADEQ,52404,Dominion,Dominion - Brunswick,Unit,122170113,EPACAMD,58260CAMDUNIT1B,58260;1B,58260,1B,4/25/2017,,Yes
NY,36,,36055,Monroe,17052711,NYDEC,8269900126,,Red-Rochester LLC At Eastman Business Park,Unit,114204213,EPACAMD,10025CAMDUNIT3B,10025;3B,10025,3B,12/30/2049,12/31/2049,Yes
TX,48,,48189,Hale,15625011,TXCEQ,39,GOLDEN SPREAD ELECTRIC COOPERATIVE INC,ANTELOPE STATION,Unit,126608813,EPACAMD,57865CAMDUNIT3,57865;3,57865,3,3/25/2018,,Yes
TX,48,,48189,Hale,15625011,TXCEQ,39,GOLDEN SPREAD ELECTRIC COOPERATIVE INC,ANTELOPE STATION,Unit,126608713,EPACAMD,57865CAMDUNIT2,57865;2,57865,2,3/25/2018,,Yes
NJ,34,,34039,Union,7548611,NJDEP,41741,"E F Kenilworth, Inc",EF KENILWORTH LLC,Unit,12702413,EPACAMD,10805CAMDUNIT002001,10805;002001,10805,2001,8/14/2014,,Yes
NJ,34,,34023,Middlesex,6719611,NJDEP,18068,PSEG Power LLC,Sewaren Generating Station,Unit,12842913,EPACAMD,2411CAMDUNIT1,2411;1,2411,1,9/23/2011,,Yes
NJ,34,,34023,Middlesex,6719611,NJDEP,18068,PSEG Power LLC,Sewaren Generating Station,Unit,12842813,EPACAMD,2411CAMDUNIT3,2411;3,2411,3,9/23/2011,,Yes
NJ,34,,34023,Middlesex,6719511,NJDEP,18061,EFS Parlin Holdings LLC,"EFS Parlin Holdings, LLC",Unit,12843913,EPACAMD,50799CAMDUNIT001001,50799;001001,50799,1001,10/7/2014,12/31/2049,Yes
MT,30,,30087,Rosebud,7765611,MTDEQ,087-0008,TALEN MONTANA LLC,COLSTRIP STEAM ELECTRIC STATION,Unit,1786313,EPACAMD,6076CAMDUNIT2,6076;2,6076,2,8/8/2011,,Yes
MT,30,,30087,Rosebud,7765611,MTDEQ,087-0008,TALEN MONTANA LLC,COLSTRIP STEAM ELECTRIC STATION,Unit,1786413,EPACAMD,6076CAMDUNIT3,6076;3,6076,3,8/8/2011,,Yes
NY,36,,36063,Niagara,7762611,NYDEC,9291100152,NIAGARA GENERATION LLC,NIAGARA GENERATING FACILITY,Unit,1830413,EPACAMD,50202CAMDUNIT1,50202;1,50202,1,8/8/2011,,Yes
WI,55,,55105,Rock,6877711,WIDNR,154003740,Alliant Energy,WPL - ROCK RIVER GENERATING STATION,Unit,12967813,EPACAMD,4057CAMDUNITCT6A,4057;CT6A,4057,CT6A,10/10/2014,12/31/2049,Yes
OH,39,,39061,Hamilton,7738711,OHEPA,1431350093,"Duke Energy Ohio, Inc",Miami Fort Power Company LLC (1431350093),Unit,2471113,EPACAMD,2832CAMDUNIT6,2832;6,2832,6,8/8/2011,,Yes
WI,55,,55055,Jefferson,6765911,WIDNR,128065080,Wisconsin Electric Power Company,WISCONSIN ELECTRIC POWER COMPANY D/B/A WE ENERGIES - CONCORD STATION,Unit,13145113,EPACAMD,7159CAMDUNIT**4,7159;**4,7159,**4,10/9/2014,,Yes
VA,51,,51550,Chesapeake city,6682611,VADEQ,61108,Dominion - Elizabeth River CT Station,Dominion - Elizabeth River CT Station,Unit,13202113,EPACAMD,52087CAMDUNITCT-1,52087;CT-1,52087,CT-1,8/21/2014,,Yes
MN,27,,27137,St. Louis,7838011,MNPCA,2713700015,City Of Duluth,Minnesota Power - Hibbard Renewable Energy Center,Unit,2841513,EPACAMD,1897CAMDUNIT4,1897;4,1897,4,8/8/2011,,Yes
NY,36,,36013,Chautauqua,7806011,NYDEC,9060800053,JAMESTOWN BOARD OF PUBLIC UTILITIES,SAMUEL A CARLSON GENERATING STATION,Unit,2858613,EPACAMD,2682CAMDUNIT12,2682;12,2682,12,9/29/2014,12/31/2049,Yes
NY,36,,36013,Chautauqua,7806011,NYDEC,9060800053,JAMESTOWN BOARD OF PUBLIC UTILITIES,SAMUEL A CARLSON GENERATING STATION,Unit,2858413,EPACAMD,2682CAMDUNIT20,2682;20,2682,20,7/26/2014,,Yes
NY,36,,36013,Chautauqua,7806011,NYDEC,9060800053,JAMESTOWN BOARD OF PUBLIC UTILITIES,SAMUEL A CARLSON GENERATING STATION,Unit,2858513,EPACAMD,2682CAMDUNIT10,2682;10,2682,10,4/4/2013,,Yes
AR,5,,5069,Jefferson,7785211,ARDEQ,506900409,PINE BLUFF ENERGY CENTER,PINE BLUFF ENERGY CENTER,Unit,2877713,EPACAMD,55075CAMDUNITCT-1,55075;CT-1,55075,CT-1,8/8/2011,,Yes
AZ,4,,4013,Maricopa,10704411,AZMCAQD,1759,Salt River Project,Gila River Power Station,Unit,58714513,EPACAMD,55306CAMDUNIT1CTGB,55306;1CTGB,55306,1CTGB,8/8/2011,,Yes
AZ,4,,4013,Maricopa,10704411,AZMCAQD,1759,Salt River Project,Gila River Power Station,Unit,58715113,EPACAMD,55306CAMDUNIT4CTGB,55306;4CTGB,55306,4CTGB,8/8/2011,,Yes
AZ,4,,4013,Maricopa,10704411,AZMCAQD,1759,Salt River Project,Gila River Power Station,Unit,58714813,EPACAMD,55306CAMDUNIT3CTGA,55306;3CTGA,55306,3CTGA,8/8/2011,,Yes
MD,24,,24015,Cecil,10709711,MDDOE,015-0202,"North American Energy Alliance, LLC (NAEA)",Rock Springs Generation Facility,Unit,87934513,EPACAMD,7835CAMDUNIT2,7835;2,7835,2,8/15/2014,,Yes
MI,26,,26103,Marquette,7779711,MIDEQ,B1833,Marquette Board Of Light And Power,MARQUETTE BOARD OF LIGHT & POWER,Unit,3628313,EPACAMD,1843CAMDUNIT3,1843;3,1843,3,8/8/2011,,Yes
MI,26,,26163,Wayne,7778711,MIDEQ,N6631,CMS Energy Corp.,DEARBORN INDUSTRIAL GENERATION,Unit,3631313,EPACAMD,55088CAMDUNITBL1100,55088;BL1100,55088,BL1100,7/22/2012,,Yes
MI,26,,26103,Marquette,7778411,MIDEQ,B4261,Wisconsin Electric Power Company,WISCONSIN ELECTRIC POWER COMPANY,Unit,3632313,EPACAMD,1769CAMDUNIT3,1769;3,1769,3,8/8/2011,,Yes
MI,26,,26103,Marquette,7778411,MIDEQ,B4261,Wisconsin Electric Power Company,WISCONSIN ELECTRIC POWER COMPANY,Unit,3632713,EPACAMD,1769CAMDUNIT6,1769;6,1769,6,8/8/2011,,Yes
MI,26,,26103,Marquette,7778411,MIDEQ,B4261,Wisconsin Electric Power Company,WISCONSIN ELECTRIC POWER COMPANY,Unit,3632513,EPACAMD,1769CAMDUNIT8,1769;8,1769,8,8/8/2011,,Yes
NY,36,,36047,Kings,8039511,NYDEC,2610200086,ASTORIA GENERATING COMPANY LP,NARROWS GENERATING STATION,Unit,64125713,EPACAMD,2499CAMDUNITCT02-4,2499;CT02-4,2499,CT02-4,10/15/2014,12/31/2049,Yes
NY,36,,36047,Kings,8039511,NYDEC,2610200086,ASTORIA GENERATING COMPANY LP,NARROWS GENERATING STATION,Unit,3677313,EPACAMD,2499CAMDUNITCT01-1,2499;CT01-1,2499,CT01-1,10/15/2014,12/31/2049,Yes
NY,36,,36047,Kings,8038811,NYDEC,2610100042,CONSOLIDATED EDISON COMPANY OF NEW YORK INC,CON EDISON - HUDSON AVE STATION,Unit,3680213,EPACAMD,2496CAMDUNITCT0005,2496;CT0005,2496,CT0005,12/6/2014,12/31/2049,Yes
NY,36,,36047,Kings,8038811,NYDEC,2610100042,CONSOLIDATED EDISON COMPANY OF NEW YORK INC,CON EDISON - HUDSON AVE STATION,Unit,3680013,EPACAMD,2496CAMDUNITBLR082,2496;BLR082,2496,BLR082,12/6/2014,12/31/2049,Yes
WI,55,,55073,Marathon,7078511,WIDNR,737009020,Wisconsin Public Service Corporation,WISCONSIN PUBLIC SERVICE CORPORATION- WESTON PLANT,Unit,14849613,EPACAMD,4078CAMDUNIT3,4078;3,4078,3,8/8/2011,,Yes
MN,27,,27015,Brown,7011011,MNPCA,2701500010,,New Ulm Public Utilities - Municipal Power,Unit,14899313,EPACAMD,2001CAMDUNIT7,2001;7,2001,7,5/21/2019,,Yes
IL,17,,17197,Will,8018111,ILEPA,197810AAK,"Midwest Generation Eme, LLC",Will County Generating Station,Unit,3978313,EPACAMD,884CAMDUNIT4,884;4,884,4,8/8/2011,,Yes
IL,17,,17197,Will,8018111,ILEPA,197810AAK,"Midwest Generation Eme, LLC",Will County Generating Station,Unit,3978913,EPACAMD,884CAMDUNIT1,884;1,884,1,8/8/2011,,Yes
IN,18,,18091,La Porte,8011511,INDEM,21,Na,Northern Indiana Public Service Company LLC - Michigan City Generating Station,Unit,91187913,EPACAMD,997CAMDUNIT4,997;4,997,4,12/6/2014,,Yes
OH,39,,39031,Coshocton,8010811,OHEPA,616000000,AEP Generation Resources,Conesville Power Plant (0616000000),Unit,4031213,EPACAMD,2840CAMDUNIT6,2840;6,2840,6,8/8/2011,,Yes
OH,39,,39031,Coshocton,8010811,OHEPA,616000000,AEP Generation Resources,Conesville Power Plant (0616000000),Unit,4030813,EPACAMD,2840CAMDUNIT2,2840;2,2840,2,12/6/2014,,Yes
NY,36,,36061,New York,7995311,NYDEC,2620400019,CONSOLIDATED EDISON COMPANY OF NEW YORK INC,CON ED-74TH STREET STA,Unit,4074613,EPACAMD,2504CAMDUNIT120,2504;120,2504,120,9/29/2014,12/31/2049,Yes
NY,36,,36061,New York,7994011,NYDEC,2620600012,CONSOLIDATED EDISON COMPANY OF NEW YORK INC,CON ED-EAST RIVER GENERATING STATION,Unit,4097013,EPACAMD,2493CAMDUNIT60,2493;60,2493,60,8/14/2014,12/31/2049,Yes
NY,36,,36047,Kings,7992311,NYDEC,2610200116,ASTORIA GENERATING COMPANY LP,GOWANUS GENERATING STATION,Unit,97070713,EPACAMD,2494CAMDUNITCT01-1,2494;CT01-1,2494,CT01-1,8/15/2014,12/31/2049,Yes
NY,36,,36047,Kings,7992311,NYDEC,2610200116,ASTORIA GENERATING COMPANY LP,GOWANUS GENERATING STATION,Unit,97070713,EPACAMD,2494CAMDUNITCT01-2,2494;CT01-2,2494,CT01-2,8/15/2014,12/31/2049,Yes
NY,36,,36047,Kings,7992311,NYDEC,2610200116,ASTORIA GENERATING COMPANY LP,GOWANUS GENERATING STATION,Unit,97070713,EPACAMD,2494CAMDUNITCT01-5,2494;CT01-5,2494,CT01-5,8/15/2014,12/31/2049,Yes
NY,36,,36047,Kings,7992311,NYDEC,2610200116,ASTORIA GENERATING COMPANY LP,GOWANUS GENERATING STATION,Unit,97070713,EPACAMD,2494CAMDUNITCT01-8,2494;CT01-8,2494,CT01-8,8/15/2014,12/31/2049,Yes
NY,36,,36047,Kings,7992311,NYDEC,2610200116,ASTORIA GENERATING COMPANY LP,GOWANUS GENERATING STATION,Unit,97070713,EPACAMD,2494CAMDUNITCT01-3,2494;CT01-3,2494,CT01-3,8/15/2014,12/31/2049,Yes
NY,36,,36047,Kings,7992311,NYDEC,2610200116,ASTORIA GENERATING COMPANY LP,GOWANUS GENERATING STATION,Unit,97070713,EPACAMD,2494CAMDUNITCT01-4,2494;CT01-4,2494,CT01-4,8/15/2014,12/31/2049,Yes
NY,36,,36047,Kings,7992311,NYDEC,2610200116,ASTORIA GENERATING COMPANY LP,GOWANUS GENERATING STATION,Unit,97070713,EPACAMD,2494CAMDUNITCT01-6,2494;CT01-6,2494,CT01-6,8/15/2014,12/31/2049,Yes
NY,36,,36047,Kings,7992311,NYDEC,2610200116,ASTORIA GENERATING COMPANY LP,GOWANUS GENERATING STATION,Unit,97070713,EPACAMD,2494CAMDUNITCT01-7,2494;CT01-7,2494,CT01-7,8/15/2014,12/31/2049,Yes
VA,51,,51175,Southampton,6634511,VADEQ,61093,Dominion - Southampton Power Station,Dominion - Southampton Power Station,Unit,17155113,EPACAMD,10774CAMDUNIT1,10774;1,10774,1,8/8/2011,,Yes
VA,51,,51670,Hopewell city,6633911,VADEQ,50950,James River Cogeneration Company,James River Cogeneration Company,Unit,58457613,EPACAMD,10377CAMDUNITBLR02B,10377;BLR02B,10377,BLR02B,8/14/2014,12/31/2049,Yes
VA,51,,51670,Hopewell city,6633911,VADEQ,50950,James River Cogeneration Company,James River Cogeneration Company,Unit,58457613,EPACAMD,10377CAMDUNITBLR02C,10377;BLR02C,10377,BLR02C,8/14/2014,12/31/2049,Yes
VA,51,,51085,Hanover,6631811,VADEQ,51018,Doswell Limited Partnership,Doswell Limited Partnership Doswell Energy Center,Unit,17176213,EPACAMD,52019CAMDUNIT602,52019;602,52019,602,8/8/2011,,Yes
TX,48,,48041,Brazos,6599611,TXCEQ,10,CITY OF BRYAN,ROLAND C DANSBY POWER PLANT,Unit,92041813,EPACAMD,6243CAMDUNIT3,6243;3,6243,3,11/3/2014,,Yes
TX,48,,48041,Brazos,6599611,TXCEQ,10,CITY OF BRYAN,ROLAND C DANSBY POWER PLANT,Unit,17311313,EPACAMD,6243CAMDUNIT1,6243;1,6243,1,8/8/2011,,Yes
NC,37,,37071,Gaston,8137511,NCDAQ,3707100039,"Duke Energy Carolinas, LLC","Duke Energy Carolinas, LLC - Allen Steam Station",Unit,122705913,EPACAMD,2718CAMDUNIT1,2718;1,2718,1,1/1/2015,12/31/2049,Yes
NC,37,,37071,Gaston,8137511,NCDAQ,3707100039,"Duke Energy Carolinas, LLC","Duke Energy Carolinas, LLC - Allen Steam Station",Unit,4670413,EPACAMD,2718CAMDUNIT3,2718;3,2718,3,8/8/2011,12/31/2014,Yes
NC,37,,37071,Gaston,8137511,NCDAQ,3707100039,"Duke Energy Carolinas, LLC","Duke Energy Carolinas, LLC - Allen Steam Station",Unit,122706013,EPACAMD,2718CAMDUNIT4,2718;4,2718,4,1/1/2015,12/31/2049,Yes
NC,37,,37065,Edgecombe,8124311,NCDAQ,3706500146,"Edgecombe Genco, LLC",Edgecombe Power Station,Unit,4679213,EPACAMD,10384CAMDUNITBLR02A,10384;BLR02A,10384,BLR02A,4/29/2012,12/31/2049,Yes
NY,36,,36103,Suffolk,8121711,NYDEC,1472600130,NATIONAL GRID GENERATION LLC,NORTHPORT POWER STATION,Unit,126493813,EPACAMD,2516CAMDUNIT3,2516;3,2516,3,1/1/2019,12/31/2049,No
NY,36,,36103,Suffolk,8121711,NYDEC,1472600130,NATIONAL GRID GENERATION LLC,NORTHPORT POWER STATION,Unit,4705613,EPACAMD,2516CAMDUNIT1,2516;1,2516,1,8/8/2011,12/31/2015,Yes
NY,36,,36047,Kings,8105011,NYDEC,2610100185,BROOKLYN NAVY YARD COGENERATION PARTNERS,BROOKLYN NAVY YARD COGENERATION PLANT,Unit,4819613,EPACAMD,54914CAMDUNIT1,54914;1,54914,1,8/17/2014,,Yes
UT,49,,49053,Washington,6987011,UTDAQ,10892,St. George City Power,"St. George City Power Red Rock, Millcreek and Bloomington Power Generation Sta",Unit,72066113,EPACAMD,56253CAMDUNITMC-1,56253;MC-1,56253,MC-1,9/21/2020,,Yes
WA,53,,53041,Lewis,6281311,WASWCAA,754,"TransAlta Centralia Generation, LLC","TransAlta Centralia Generation, LLC",Unit,15506113,EPACAMD,3845CAMDUNIT50,3845;50,3845,50,9/23/2011,,Yes
OH,39,,39141,Ross,8131111,OHEPA,671010028,Na,Pixelle Specialty Solutions LLC (0671010028),Unit,6005113,EPACAMD,10244CAMDUNITB002,10244;B002,10244,B002,4/20/2017,,Yes
OH,39,,39093,Lorain,8130811,OHEPA,247030013,"Orion Power Midwest, LLC",Avon Lake Power Plant (0247030013),Unit,6011413,EPACAMD,2836CAMDUNITCT10,2836;CT10,2836,CT10,7/16/2014,,Yes
OH,39,,39167,Washington,8130311,OHEPA,684000000,AEP Generation Resources,"Muskingum River Development, LLC (0684000000)",Unit,6019713,EPACAMD,2872CAMDUNIT4,2872;4,2872,4,8/8/2011,,Yes
MO,29,,29095,Jackson,8100311,MODNR,50,Independence Power And Light,INDEPENDENCE POWER AND LIGHT BLUE VALLEY STATION,Unit,6089113,EPACAMD,2132CAMDUNIT3,2132;3,2132,3,8/8/2011,,Yes
OH,39,,39113,Montgomery,8049911,OHEPA,857780013,Dayton Power And Light Company,O.H. Hutchings CT (0857780013),Unit,6334213,EPACAMD,2848CAMDUNITH-3,2848;H-3,2848,H-3,8/8/2011,,Yes
TX,48,,48257,Kaufman,9146511,TXCEQ,680,LUMINANT GENERATION COMPANY LLC,FORNEY POWER PLANT,Unit,57545313,EPACAMD,55480CAMDUNITU6,55480;U6,55480,U6,8/8/2011,,Yes
TX,48,,48257,Kaufman,9146511,TXCEQ,680,LUMINANT GENERATION COMPANY LLC,FORNEY POWER PLANT,Unit,57544813,EPACAMD,55480CAMDUNITU1,55480;U1,55480,U1,8/8/2011,,Yes
MI,26,,26005,Allegan,7258311,MIDEQ,N2586,Holland Board of Public Works,"Holland BPW, 48th Street Peaking Station",Unit,7292913,EPACAMD,7258CAMDUNIT9,7258;9,7258,9,12/7/2014,,Yes
IN,18,,18097,Marion,7255211,INDEM,33,Na,IPL - Harding Street Station,Unit,91188813,EPACAMD,990CAMDUNIT70,990;70,990,70,8/8/2011,,Yes
IN,18,,18097,Marion,7255211,INDEM,33,Na,IPL - Harding Street Station,Unit,91608513,EPACAMD,990CAMDUNITGT6,990;GT6,990,GT6,8/22/2014,,Yes
IN,18,,18165,Vermillion,7248511,INDEM,1,Na,Duke Energy Indiana LLC - Cayuga Genera,Unit,91183713,EPACAMD,1001CAMDUNIT4,1001;4,1001,4,8/8/2011,,Yes
MS,28,,28019,Choctaw,7053011,MSDEQ,2801900011,AI000677,"CHOCTAW GENERATION LIMITED PARTNERSHIP,",Unit,65310713,EPACAMD,55076CAMDUNITAA002,55076;AA002,55076,AA002,8/8/2011,,Yes
OH,39,,39167,Washington,9212911,OHEPA,684000213,AEP Generation Resources,Waterford Plant (0684000213),Unit,55704013,EPACAMD,55503CAMDUNIT2,55503;2,55503,2,5/22/2013,,Yes
OH,39,,39167,Washington,9213011,OHEPA,684000212,,"Washington Power Company, LLC (0684000212)",Unit,55703413,EPACAMD,55397CAMDUNITCT2,55397;CT2,55397,CT2,8/8/2011,,Yes
OK,40,,40109,Oklahoma,9219711,OKDEQ,4240,OG AND E,REDBUD POWER PLANT,Unit,57748513,EPACAMD,55463CAMDUNITCT-03,55463;CT-03,55463,CT-03,8/8/2011,,Yes
NJ,34,,34023,Middlesex,7620911,NJDEP,17824,PSEG Fossil LLC,PSEG FOSSIL LLC EDISON GENERATING STATION,Unit,11841213,EPACAMD,2400CAMDUNIT1001,2400;1001,2400,1001,8/25/2014,12/31/2049,Yes
NJ,34,,34023,Middlesex,7620911,NJDEP,17824,PSEG Fossil LLC,PSEG FOSSIL LLC EDISON GENERATING STATION,Unit,11841213,EPACAMD,2400CAMDUNIT7001,2400;7001,2400,7001,8/25/2014,12/31/2049,Yes
NJ,34,,34023,Middlesex,7620911,NJDEP,17824,PSEG Fossil LLC,PSEG FOSSIL LLC EDISON GENERATING STATION,Unit,11840713,EPACAMD,2400CAMDUNIT9001,2400;9001,2400,9001,8/25/2014,12/31/2049,Yes
NJ,34,,34023,Middlesex,7620911,NJDEP,17824,PSEG Fossil LLC,PSEG FOSSIL LLC EDISON GENERATING STATION,Unit,11840313,EPACAMD,2400CAMDUNIT19001,2400;19001,2400,19001,8/25/2014,12/31/2049,Yes
NJ,34,,34023,Middlesex,7620911,NJDEP,17824,PSEG Fossil LLC,PSEG FOSSIL LLC EDISON GENERATING STATION,Unit,11840313,EPACAMD,2400CAMDUNIT21001,2400;21001,2400,21001,8/25/2014,12/31/2049,Yes
NJ,34,,34019,Hunterdon,7604111,NJDEP,80341,Reliant Energy New Jersey Holdings,Glen Gardner Combustion Turbine Site,Unit,11863713,EPACAMD,8227CAMDUNIT004001,8227;004001,8227,4001,10/9/2014,,Yes
NJ,34,,34019,Hunterdon,7604111,NJDEP,80341,Reliant Energy New Jersey Holdings,Glen Gardner Combustion Turbine Site,Unit,11863913,EPACAMD,8227CAMDUNIT006001,8227;006001,8227,6001,10/9/2014,,Yes
NJ,34,,34019,Hunterdon,7604111,NJDEP,80341,Reliant Energy New Jersey Holdings,Glen Gardner Combustion Turbine Site,Unit,11863613,EPACAMD,8227CAMDUNIT003001,8227;003001,8227,3001,10/9/2014,,Yes
NJ,34,,34017,Hudson,7591211,NJDEP,12174,Bayonne Plant Holding LLC,"Bayonne Plant Holding, L.L.C.",Unit,11873213,EPACAMD,50497CAMDUNIT004001,50497;004001,50497,4001,10/15/2014,,Yes
UT,49,,49035,Salt Lake,7559311,UTDAQ,10355,Pacificorp Energy,Pacificorp Energy- Gadsby Power Plant,Unit,11942313,EPACAMD,3648CAMDUNIT3,3648;3,3648,3,8/8/2011,,Yes
NC,37,,37035,Catawba,8370411,NCDAQ,3703500073,Duke Energy Carolinas LLC,"Duke Energy Carolinas, LLC - Marshall Steam Station",Unit,408113,EPACAMD,2727CAMDUNIT4,2727;4,2727,4,8/8/2011,,Yes
ID,16,,16039,Elmore,8355111,IDDEQ,3900024,Idaho Power Company,IDAHO POWER CO - EVANDER ANDREWS COMPLEX,Unit,418613,EPACAMD,7953CAMDUNITCT3,7953;CT3,7953,CT3,10/8/2014,,Yes
TX,48,,48395,Robertson,7552911,TXCEQ,13,MAJOR OAK POWER LLC,TWIN OAKS,Unit,12332013,EPACAMD,7030CAMDUNITU1,7030;U1,7030,U1,8/8/2011,,Yes
MS,28,,28151,Washington,7083911,MSDEQ,2815100048,AI001113,"ENTERGY MISSISSIPPI INC, GERALD ANDRUS P",Unit,64689313,EPACAMD,8054CAMDUNIT1,8054;1,8054,1,8/8/2011,,Yes
OH,39,,39025,Clermont,8294411,OHEPA,1413100008,"Duke Energy Ohio, Inc",New Richmond Development Corp LLC (1413100008),Unit,1539713,EPACAMD,2830CAMDUNITCT3,2830;CT3,2830,CT3,10/9/2014,,Yes
OH,39,,39023,Clark,8293611,OHEPA,812790035,FirstEnergy Generation Corporation,Mad River Plant (0812790035),Unit,1541913,EPACAMD,2860CAMDUNITA,2860;A,2860,A,10/9/2014,,Yes
NC,37,,37129,New Hanover,8547211,NCDAQ,3712900036,"Duke Energy Progress, LLC","Duke Energy Progress, LLC - L.V. Sutton Electric Plant",Unit,129290313,EPACAMD,2713CAMDUNIT5,2713;5,2713,5,5/16/2019,,Yes
MI,26,,26075,Jackson,5695811,MIDEQ,N6626,Consumers Energy Company,Consumers Energy Co. - Jackson Generating Station,Unit,140335313,EPACAMD,55270CAMDUNIT7EA,55270;7EA,55270,7EA,1/1/2020,,Yes
MI,26,,26075,Jackson,5695811,MIDEQ,N6626,Consumers Energy Company,Consumers Energy Co. - Jackson Generating Station,Unit,22025013,EPACAMD,55270CAMDUNITLM3,55270;LM3,55270,LM3,8/21/2014,12/31/2049,Yes
TN,47,,47165,Sumner,5610411,TNDEC,83-0025,TVA GALLATIN FOSSIL PLANT,TVA - Gallatin Fossil Plant,Unit,22206213,EPACAMD,3403CAMDUNITGCT4,3403;GCT4,3403,GCT4,8/15/2014,12/31/2049,Yes
TX,48,,48071,Chambers,5847411,TXCEQ,3,NRG TEXAS POWER LLC,CEDAR BAYOU GEN STATION,Unit,70141113,EPACAMD,56806CAMDUNITCBY41,56806;CBY41,56806,CBY41,11/6/2014,,Yes
MA,25,,25013,Hampden,6013111,MADEP,420067,BERKSHIRE POWER COMPANY LLC,BERKSHIRE POWER COMPANY LLC,Unit,87604413,EPACAMD,55041CAMDUNIT1,55041;1,55041,1,8/8/2011,,Yes
MD,24,,24033,Prince Georges,6011911,MDDOE,033-0014,"Mirant Chalk Point, LLC","NRG Chalk Point, LLC",Unit,88002113,EPACAMD,1571CAMDUNITGT1,1571;GT1,1571,GT1,8/22/2014,,Yes
MD,24,,24033,Prince Georges,6011911,MDDOE,033-0014,"Mirant Chalk Point, LLC","NRG Chalk Point, LLC",Unit,88002213,EPACAMD,1571CAMDUNIT3,1571;3,1571,3,8/8/2011,,Yes
MI,26,,26125,Oakland,6093411,MIDEQ,B2805,DTE Electric Company,DTE Electric Company - Hancock Peaking Facility,Unit,99478913,EPACAMD,1730CAMDUNITCTG122,1730;CTG122,1730,CTG122,10/13/2014,,Yes
ME,23,,23007,Franklin,5677011,MEDEP,A-000718,Verso Paper,PIXELLE ANDROSCOGGIN LLC (COGENERATION),Unit,94542713,EPACAMD,55031CAMDUNITCT02,55031;CT02,55031,CT02,3/21/2013,,Yes
IL,17,,17097,Lake,5390311,ILEPA,097200ABB,Zion Energy Center LLC,Zion Energy Center,Unit,59808713,EPACAMD,55392CAMDUNITCT-1,55392;CT-1,55392,CT-1,9/23/2011,,Yes
KS,20,,20149,Pottawatomie,5406811,KSDOHE,1,"Evergy, Inc.",Evergy - Jeffrey,Unit,27605113,EPACAMD,6068CAMDUNIT1,6068;1,6068,1,8/8/2011,,Yes
IL,17,,17183,Vermilion,5553011,ILEPA,183090AAE,"Dynegy Midwest Generation, Inc",Tilton Energy Center,Unit,60331613,EPACAMD,7760CAMDUNIT2,7760;2,7760,2,9/23/2011,,Yes
IA,19,,19057,Des Moines,5511811,IADNR,29-01-013,IPL/ALLIANT ENERGY CORP,IPL - BURLINGTON GENERATING STATION,Unit,27182013,EPACAMD,1104CAMDUNIT1,1104;1,1104,1,8/8/2011,,Yes
IL,17,,17197,Will,4506411,ILEPA,197808AAG,Elwood Energy LLC,Elwood Energy LLC,Unit,88700613,EPACAMD,55199CAMDUNIT8,55199;8,55199,8,10/9/2014,,Yes
IL,17,,17197,Will,4506411,ILEPA,197808AAG,Elwood Energy LLC,Elwood Energy LLC,Unit,88700713,EPACAMD,55199CAMDUNIT7,55199;7,55199,7,10/9/2014,,Yes
PA,42,,42109,Snyder,4737311,PADEP,421090002,SUNBURY GENERATION LP,SUNBURY GENERATION LP/SUNBURY SES,Unit,27901713,EPACAMD,3152CAMDUNIT2A,3152;2A,3152,2A,8/8/2011,,Yes
IN,18,,18055,Greene,4560611,INDEM,34,Na,Worthington Generating Station,Unit,28032313,EPACAMD,55148CAMDUNIT3,55148;3,55148,3,10/6/2014,,Yes
CO,8,,8101,Pueblo,4367811,CODPHE,CO0000000810100003,Public Service Company Of Colorado,PUBLIC SERVICE CO - COMANCHE PLT,Unit,96094413,EPACAMD,470CAMDUNIT3,470;3,470,3,8/17/2012,,Yes
OK,40,,40121,Pittsburg,1024211,OKDEQ,4258,KIOWA POWER PARTNERS LLC,TENASKA KIAMICHI GENERATING STATION,Unit,47334313,EPACAMD,55501CAMDUNITCTGDB2,55501;CTGDB2,55501,CTGDB2,8/8/2011,,Yes
FL,12,,12099,Palm Beach,919411,FLDEP,990045,City Of Lake Worth Utilities,CITY OF LAKE WORTH UTILITIES,Unit,46529613,EPACAMD,673CAMDUNITGT1,673;GT1,673,GT1,10/7/2014,,Yes
FL,12,,12057,Hillsborough,901211,FLDEP,570040,Tampa Electric Company,TAMPA ELECTRIC COMPANY,Unit,67263013,EPACAMD,7873CAMDUNITCT6A,7873;CT6A,7873,CT6A,8/16/2014,,Yes
FL,12,,12057,Hillsborough,901211,FLDEP,570040,Tampa Electric Company,TAMPA ELECTRIC COMPANY,Unit,67263113,EPACAMD,7873CAMDUNITCT6B,7873;CT6B,7873,CT6B,8/16/2014,,Yes
FL,12,,12086,Miami-Dade,900011,FLDEP,250003,Florida Power & Light Company,FLORIDA POWER & LIGHT (PTF),Unit,67219313,EPACAMD,621CAMDUNITTPCT5D,621;TPCT5D,621,TPCT5D,8/8/2011,,Yes
IL,17,,17197,Will,4590011,ILEPA,197811AAH,Lincoln Generating Facility LLC,Lincoln Generating Facility,Unit,28414713,EPACAMD,55222CAMDUNITCTG-2,55222;CTG-2,55222,CTG-2,9/23/2011,,Yes
IA,19,,19115,Louisa,3942411,IADNR,58-07-001,MIDAMERICAN ENERGY COMPANY,MIDAMERICAN ENERGY CO - LOUISA STATION,Unit,37581213,EPACAMD,6664CAMDUNIT101,6664;101,6664,101,8/8/2011,,Yes
IA,19,,19113,Linn,3940211,IADNR,57-01-042,IPL/Alliant Energy Corp.,IPL - PRAIRIE CREEK GENERATING STATION,Unit,37605913,EPACAMD,1073CAMDUNIT3,1073;3,1073,3,8/8/2011,,Yes
WI,55,,55011,Buffalo,4958511,WIDNR,606034110,Dairyland Power Cooperative,DAIRYLAND POWER COOP ALMA SITE,Unit,58490813,EPACAMD,4140CAMDUNITB1,4140;B1,4140,B1,8/8/2011,,Yes
TX,48,,48201,Harris,4941311,TXCEQ,41,NRG TEXAS POWER LLC,SR BERTRON STATION,Unit,31129513,EPACAMD,3468CAMDUNITSRB4,3468;SRB4,3468,SRB4,8/8/2011,,Yes
TX,48,,48209,Hays,4927111,TXCEQ,15,HAYS ENERGY LLC,HAYS ENERGY FACILITY,Unit,31205113,EPACAMD,55144CAMDUNITSTK4,55144;STK4,55144,STK4,8/8/2011,,Yes
TX,48,,48209,Hays,4927111,TXCEQ,15,HAYS ENERGY LLC,HAYS ENERGY FACILITY,Unit,31205413,EPACAMD,55144CAMDUNITSTK1,55144;STK1,55144,STK1,8/8/2011,,Yes
TX,48,,48201,Harris,4926311,TXCEQ,405,AES DEEPWATER LLC,AES DEEPWATER COGENERATION PLANT,Unit,31245813,EPACAMD,10670CAMDUNIT01001,10670;01001,10670,1001,8/8/2011,,Yes
TX,48,,48201,Harris,4925011,TXCEQ,73,AIR LIQUIDE AMERICA CORPORATION,AIR LIQUIDE BAYPORT COMPL,Unit,31372213,EPACAMD,10298CAMDUNITCG801,10298;CG801,10298,CG801,8/8/2011,,Yes
PA,42,,42051,Fayette,3767811,PADEP,420510119,ALLEGHENY ENERGY SUPPLY CO LLC,GANS ENERGY LLC/GANS POWER STA,Unit,37874113,EPACAMD,55377CAMDUNIT8,55377;8,55377,8,10/9/2014,,Yes
PA,42,,42051,Fayette,3767811,PADEP,420510119,ALLEGHENY ENERGY SUPPLY CO LLC,GANS ENERGY LLC/GANS POWER STA,Unit,37874213,EPACAMD,55377CAMDUNIT9,55377;9,55377,9,10/9/2014,,Yes
SC,45,,45051,Horry,4760911,SCDHEC,1340-0021,Santee Cooper,SANTEE COOPER MYRTLE BEACH,Unit,32047013,EPACAMD,3320CAMDUNITCT3,3320;CT3,3320,CT3,4/29/2014,,Yes
SC,45,,45003,Aiken,5045611,SCDHEC,0080-0011,South Carolina Electric & Gas Company,URQUHART STATION,Unit,69720113,EPACAMD,3295CAMDUNITURQ6,3295;URQ6,3295,URQ6,8/8/2011,12/31/2016,Yes
TX,48,,48141,El Paso,3049111,TXCEQ,55,EL PASO ELECTRIC COMPANY,COPPER STATION POWER PLANT,Unit,38012913,EPACAMD,9CAMDUNITCTG-1,9;CTG-1,9,CTG-1,8/17/2014,,Yes
OK,40,,40015,Caddo,1046611,OKDEQ,1699,WESTERN FARMERS ELECTRIC COOPERATIVE,WESTERN FARMERS ANADARKO PLANT,Unit,88766913,EPACAMD,3006CAMDUNIT10,3006;10,3006,10,7/24/2012,,Yes
OK,40,,40015,Caddo,1046611,OKDEQ,1699,WESTERN FARMERS ELECTRIC COOPERATIVE,WESTERN FARMERS ANADARKO PLANT,Unit,88766813,EPACAMD,3006CAMDUNIT11,3006;11,3006,11,7/24/2012,,Yes
FL,12,,12049,Hardee,769811,FLDEP,490015,Hardee Power Partners,HARDEE POWER PARTNERS LIMITED,Unit,46277013,EPACAMD,50949CAMDUNITCT2B,50949;CT2B,50949,CT2B,8/8/2011,,Yes
FL,12,,12033,Escambia,752711,FLDEP,330045,Gulf Power Company,FLORIDA POWER & LIGHT COMPANY,Unit,46305713,EPACAMD,641CAMDUNIT6,641;6,641,6,8/8/2011,,Yes
FL,12,,12105,Polk,751911,FLDEP,1050233,Tampa Electric Company,TAMPA ELECTRIC COMPANY-POLK,Unit,111793813,EPACAMD,7242CAMDUNIT**3,7242;**3,7242,**3,1/1/2017,,Yes
FL,12,,12103,Pinellas,751811,FLDEP,1030011,Progress Energy Corporation,"DUKE ENERGY FLORIDA, LLC",Unit,67282113,EPACAMD,634CAMDUNIT4A,634;4A,634,4A,8/14/2014,,Yes
FL,12,,12103,Pinellas,751811,FLDEP,1030011,Progress Energy Corporation,"DUKE ENERGY FLORIDA, LLC",Unit,46315713,EPACAMD,634CAMDUNITP4,634;P4,634,P4,8/8/2011,,Yes
FL,12,,12085,Martin,717611,FLDEP,850102,,"INDIANTOWN COGENERATION, L.P.",Unit,46335713,EPACAMD,50976CAMDUNIT01,50976;01,50976,1,8/8/2011,,Yes
FL,12,,12086,Miami-Dade,717511,FLDEP,250001,Florida Power & Light Company,FLORIDA POWER & LIGHT (PCU),Unit,46335813,EPACAMD,610CAMDUNITPCU5,610;PCU5,610,PCU5,9/23/2011,,Yes
FL,12,,12101,Pasco,717211,FLDEP,1010017,Progress Energy Corporation,"DUKE ENERGY FLORIDA, LLC.",Unit,46337913,EPACAMD,8048CAMDUNIT2,8048;2,8048,2,8/8/2011,,Yes
FL,12,,12073,Leon,715111,FLDEP,730003,City Of Tallahassee,CITY OF TALLAHASSEE,Unit,46366313,EPACAMD,688CAMDUNIT1,688;1,688,1,8/8/2011,,Yes
CA,6,,6037,Los Angeles,4083411,CARB,1.91E+11,"AES REDONDO BEACH, LLC","AES REDONDO BEACH, LLC",Unit,85686913,EPACAMD,356CAMDUNIT17,356;17,356,17,7/24/2012,,Yes
CA,6,,6037,Los Angeles,4083111,CARB,1.91E+11,"AES ALAMITOS, LLC","AES ALAMITOS, LLC",Unit,76772413,EPACAMD,315CAMDUNIT4,315;4,315,4,9/23/2011,,Yes
MA,25,,25025,Suffolk,4032711,MADEP,1191667,MBTA SOUTH BOSTON POWER FACILITY,MBTA SOUTH BOSTON POWER,Unit,87719413,EPACAMD,10176CAMDUNITB,10176;B,10176,B,10/13/2014,,Yes
TX,48,,48309,McLennan,4030711,TXCEQ,4,LUMINANT GENERATION COMPANY LLC,TRADINGHOUSE STEAM ELECTRIC STATION,Unit,35354013,EPACAMD,3506CAMDUNIT2,3506;2,3506,2,8/8/2011,,Yes
TX,48,,48303,Lubbock,4030611,TXCEQ,3,SOUTHWESTERN PUBLIC SERVICE COMPANY,JONES STATION POWER PLANT,Unit,99365313,EPACAMD,3482CAMDUNIT153T,3482;153T,3482,153T,10/1/2014,,Yes
PA,42,,42133,York,3193911,PADEP,421330020,BRUNNER ISLAND LLC,BRUNNER ISLAND LLC/BRUNNER ISLAND,Unit,38702013,EPACAMD,3140CAMDUNIT3,3140;3,3140,3,8/8/2011,,Yes
CA,6,,6037,Los Angeles,5683211,CARB,1.91E+11,"LA CITY, DWP HARBOR GENERATING STATION","LA CITY, DWP HARBOR GENERATING STATION",Unit,76189813,EPACAMD,399CAMDUNIT10,399;10,399,10,11/8/2014,,Yes
CA,6,,6037,Los Angeles,5681911,CARB,1.91E+11,"LA CITY, DWP VALLEY GENERATING STATION","LA CITY, DWP VALLEY GENERATING STATION",Unit,85759613,EPACAMD,408CAMDUNIT5,408;5,408,5,5/24/2017,,Yes
CA,6,,6037,Los Angeles,5681911,CARB,1.91E+11,"LA CITY, DWP VALLEY GENERATING STATION","LA CITY, DWP VALLEY GENERATING STATION",Unit,85759413,EPACAMD,408CAMDUNIT6,408;6,408,6,5/24/2017,,Yes
GA,13,,13033,Burke,15028311,GADNR,3300008,,Southern Nuclear - Allen B. Wilson Plant,Unit,91734913,EPACAMD,6258CAMDUNIT1D,6258;1D,6258,1D,4/18/2014,,Yes
FL,12,,12031,Duval,15032711,FLDEP,310561,,JEA,Unit,91837113,EPACAMD,56799CAMDUNIT1,56799;1,56799,1,8/17/2014,,Yes
GA,13,,13263,Talbot,15040211,GADNR,26300013,,Talbot Energy Facility,Unit,91997713,EPACAMD,7916CAMDUNIT5,7916;5,7916,5,8/17/2014,,Yes
CA,6,,6101,Sutter,14137911,CARB,51160813007,GILROY ENERGY CENTER,Feather River Energy Center,Unit,84795713,EPACAMD,55847CAMDUNITUNIT1,55847;UNIT1,55847,UNIT1,11/3/2014,,Yes
CT,9,,9009,New Haven,14624011,CTBAM,T189P0114C08691,Wallingford Energy LLC,Wallingford Energy LLC,Unit,88754213,EPACAMD,55517CAMDUNITCT04,55517;CT04,55517,CT04,6/11/2013,,Yes
CA,6,,6071,San Bernardino,15782011,CARB,3.61E+11,SOUTHERN CALIFORNIA EDISON,MOUNTAINVIEW GENERATING STATION,Unit,119932713,EPACAMD,358CAMDUNIT4-2,358;4-2,358,2-Apr,4/27/2018,,Yes
FL,12,,12031,Duval,557811,FLDEP,310047,JEA,JEA,Unit,67248313,EPACAMD,666CAMDUNITCT8,666;CT8,666,CT8,10/15/2014,,Yes
FL,12,,12005,Bay,554911,FLDEP,50014,Gulf Power Company,FLORIDA POWER & LIGHT COMPANY,Unit,48230813,EPACAMD,643CAMDUNITAA,643;AA,643,AA,10/28/2014,12/31/2049,Yes
FL,12,,12005,Bay,554911,FLDEP,50014,Gulf Power Company,FLORIDA POWER & LIGHT COMPANY,Unit,48230613,EPACAMD,643CAMDUNIT5,643;5,643,5,8/8/2011,,Yes
FL,12,,12105,Polk,552011,FLDEP,1050234,Progress Energy Florida,"DUKE ENERGY FLORIDA, LLC",Unit,48264713,EPACAMD,7302CAMDUNIT1B,7302;1B,7302,1B,8/8/2011,,Yes
CA,6,,6031,Kings,17611,CARB,1614304140,"MRP SAN JOAQUIN ENERGY, LLC, HANFORD ENERGY PARK PEAKER PLAN","MRP SAN JOAQUIN ENERGY, LLC",Unit,52140613,EPACAMD,55698CAMDUNITHEP2,55698;HEP2,55698,HEP2,9/23/2011,,Yes
OH,39,,39095,Lucas,16974411,OHEPA,448020102,,Oregon Clean Energy Center (0448020102),Unit,127499513,EPACAMD,59764CAMDUNIT01,59764;01,59764,1,12/17/2018,,Yes
NJ,34,,34015,Gloucester,17169211,NJDEP,56078,,West Depford Energy Station,Unit,118496413,EPACAMD,56963CAMDUNITE102,56963;E102,56963,E102,12/30/2049,12/31/2049,Yes
UT,49,,49049,Utah,18032711,UTDAQ,12825,,Utah Assoc. Municipal Power Systems-  Nebo (Payson) Power Plant,Unit,129112613,EPACAMD,56177CAMDUNITU1,56177;U1,56177,U1,1/26/2021,,Yes
PA,42,,42015,Bradford,18038411,PADEP,420150093,HAMILTON LIBERTY LLC,HAMILTON LIBERTY LLC/HAMILTON LIBERTY LLC,Unit,129182413,EPACAMD,58420CAMDUNITCT1,58420;CT1,58420,CT1,12/18/2018,,Yes
NE,31,,31025,Cass,9445711,NEDEQ,70919,Omaha Public Power District,OPPD Cass County Station,Unit,55517013,EPACAMD,55972CAMDUNITCT1,55972;CT1,55972,CT1,10/8/2014,,Yes
OH,39,,39081,Jefferson,8190811,OHEPA,641160017,FirstEnergy Generation Corporation,W. H. Sammis Plant (0641160017),Unit,4409613,EPACAMD,2866CAMDUNIT2,2866;2,2866,2,8/8/2011,,Yes
MI,26,,26017,Bay,8172811,MIDEQ,B2840,Consumers Energy Company,Consumers Energy D.E. Karn Facility,Unit,82867513,EPACAMD,1720CAMDUNIT8,1720;8,1720,8,8/14/2014,12/31/2049,Yes
MS,28,,28047,Harrison,6788111,MSDEQ,2804700055,AI000927,"MISSISSIPPI POWER COMPANY, PLANT JACK WA",Unit,13582413,EPACAMD,2049CAMDUNIT3,2049;3,2049,3,8/8/2011,,Yes
MN,27,,27163,Washington,6772111,MNPCA,2716300005,Northern States Power (Xcel Energy),Xcel Energy - Allen S King Generating Plant,Unit,13604613,EPACAMD,1915CAMDUNIT1,1915;1,1915,1,8/8/2011,,Yes
LA,22,,22001,Acadia,7368411,LADEQ08,92706,Bayou Cove Peaking Power LLC,Bayou Cove Peaking Power LLC - Bayou Cove Peaking Power Plant,Unit,80131713,EPACAMD,55433CAMDUNITCTG-3,55433;CTG-3,55433,CTG-3,10/9/2014,,Yes
KY,21,,21157,Marshall,7366911,KYDAQ,2115700009,,Evonik Corporation,Unit,73358513,EPACAMD,55308CAMDUNITA,55308;A,55308,A,8/8/2011,12/31/2011,Yes
KY,21,,21161,Mason,7335511,KYDAQ,2116100009,,East KY Power Coop - Spurlock Station,Unit,86758513,EPACAMD,6041CAMDUNIT2,6041;2,6041,2,8/8/2011,,Yes
KY,21,,21161,Mason,7335511,KYDAQ,2116100009,,East KY Power Coop - Spurlock Station,Unit,86757113,EPACAMD,6041CAMDUNIT3,6041;3,6041,3,8/8/2011,,Yes
MI,26,,26137,Otsego,6335011,MIDEQ,N6526,CMS Generation Michigan Power L.L.C.,"CMS Generation, Livingston Generating Station",Unit,16380213,EPACAMD,55102CAMDUNIT1,55102;1,55102,1,8/24/2014,12/31/2049,Yes
PA,42,,42101,Philadelphia,6531411,PACOP,4210104942,VICINITY ENERGY PHILA INC,VICINITY ENERGY PHILA INC/SCHUYLKILL STATION,Unit,103862913,EPACAMD,50607CAMDUNIT26,50607;26,50607,26,3/21/2013,,Yes
CA,6,,6025,Imperial,6515911,CARB,13151115,IMPERIAL IRRIGATION DISTRICT,IMPERIAL IRRIGATION DISTRICT ECGS,Unit,19300713,EPACAMD,389CAMDUNIT3-2,389;3-2,389,2-Mar,1/19/2016,12/31/2049,Yes
TX,48,,48401,Rusk,6498311,TXCEQ,37,TENASKA GATEWAY PARTNERS LTD,ELECTRIC POWER GENERATION,Unit,19524613,EPACAMD,55132CAMDUNITOGTDB3,55132;OGTDB3,55132,OGTDB3,8/8/2011,,Yes
CA,6,,6059,Orange,5905811,CARB,3.01E+11,"AES HUNTINGTON BEACH, LLC","AES HUNTINGTON BEACH, LLC",Unit,139957913,EPACAMD,335CAMDUNITCT1,335;CT1,335,CT1,4/10/2023,,Yes
CO,8,,8087,Morgan,897211,CODPHE,CO0000000808700011,Public Service Company Of Colorado,PUBLIC SERVICE CO - PAWNEE PLT,Unit,68808313,EPACAMD,55127CAMDUNITCT1,55127;CT1,55127,CT1,9/29/2014,,Yes
OK,40,,40071,Kay,1140311,OKDEQ,1406,OK MUNI PWR ATHRTY,PONCA CITY MUNICIPAL STEAM PLANT,Unit,46661613,EPACAMD,762CAMDUNIT2,762;2,762,2,4/2/2014,,Yes
AZ,4,,4013,Maricopa,1139111,AZMCAQD,38,Arizona Public Service Company,APS West Phx Power Plant,Unit,105572013,EPACAMD,117CAMDUNITCC5A,117;CC5A,117,CC5A,9/23/2014,,Yes
MO,29,,29147,Nodaway,5255311,MODNR,32,Associated Electric Cooperative Inc,NODAWAY POWER PLANT CONCEPTION JUNCTION,Unit,24936413,EPACAMD,7754CAMDUNIT1,7754;1,7754,1,10/7/2014,,Yes
PA,42,,42125,Washington,3895011,PADEP,421250024,GENON POWER MIDWEST LP,GENON POWER MIDWEST LP/ELRAMA POWER PLT,Unit,37444013,EPACAMD,3098CAMDUNIT3,3098;3,3098,3,8/8/2011,,Yes
PA,42,,42121,Venango,3880211,PADEP,421210043,HANDSOME LAKE ENERGY LLC,HANDSOME LAKE ENERGY LLC/KENNERDELL,Unit,37451413,EPACAMD,55233CAMDUNITEU-2A,55233;EU-2A,55233,EU-2A,10/2/2014,,Yes
PA,42,,42133,York,3000911,PADEP,421330888,TOLNA POWER LLC,TOLNA POWER LLC/TOLNA GS,Unit,38373813,EPACAMD,3116CAMDUNIT031,3116;031,3116,31,7/16/2014,,Yes
KS,20,,20125,Montgomery,2964211,KSDOHE,2,Coffeyville Municipal Light & Power,Coffeyville Mun. Power Plant #1,Unit,38402113,EPACAMD,1271CAMDUNIT4,1271;4,1271,4,10/7/2014,,Yes
SC,45,,45031,Darlington,4951511,SCDHEC,0820-0002,Carolina Power & Light Company,DUKE ENERGY PROGRESS LLC - HB ROBINSON/DARLINGTON,Unit,28949313,EPACAMD,3250CAMDUNIT4,3250;4,3250,4,9/23/2011,,Yes
TX,48,,48147,Fannin,4900211,TXCEQ,1,LUMINANT GENERATION COMPANY LLC,VALLEY STEAM ELECTRIC STATION,Unit,29044113,EPACAMD,3508CAMDUNIT1,3508;1,3508,1,8/8/2011,,Yes
TX,48,,48039,Brazoria,4897811,TXCEQ,104,FREEPORT POWER LIMITED,OYSTER CREEK COGENERATION POWER UNIT 8,Unit,29106113,EPACAMD,54676CAMDUNITGT81,54676;GT81,54676,GT81,2/8/2018,,Yes
TX,48,,48039,Brazoria,4897811,TXCEQ,104,FREEPORT POWER LIMITED,OYSTER CREEK COGENERATION POWER UNIT 8,Unit,29106013,EPACAMD,54676CAMDUNITGT82,54676;GT82,54676,GT82,2/8/2018,,Yes
SC,45,,45007,Anderson,4075711,SCDHEC,0200-0144,Santee Cooper,SANTEE COOPER RAINEY,Unit,69627413,EPACAMD,7834CAMDUNITCT2A,7834;CT2A,7834,CT2A,8/14/2014,12/31/2049,Yes
SC,45,,45007,Anderson,4075711,SCDHEC,0200-0144,Santee Cooper,SANTEE COOPER RAINEY,Unit,69627513,EPACAMD,7834CAMDUNITCT5,7834;CT5,7834,CT5,9/24/2014,12/31/2049,Yes
VA,51,,51760,Richmond city,4039911,VADEQ,52758,,Spruance Operating Services LLC,Unit,33619613,EPACAMD,54081CAMDUNITBLR04B,54081;BLR04B,54081,BLR04B,8/14/2014,12/31/2049,Yes
VA,51,,51760,Richmond city,4039911,VADEQ,52758,,Spruance Operating Services LLC,Unit,33619313,EPACAMD,54081CAMDUNITBLR01A,54081;BLR01A,54081,BLR01A,8/14/2014,12/31/2049,Yes
DC,11,,11001,District of Columbia,2701211,DOEE,25,U.S. General Services Administration,U.S. GSA Central Heating and Refrigeration Plant,Unit,41213613,EPACAMD,880004CAMDUNIT5C,880004;5C,880004,5C,9/29/2014,,Yes
DC,11,,11001,District of Columbia,2701211,DOEE,25,U.S. General Services Administration,U.S. GSA Central Heating and Refrigeration Plant,Unit,41213513,EPACAMD,880004CAMDUNIT1,880004;1,880004,1,9/29/2014,,Yes
CO,8,,8101,Pueblo,16243211,CODPHE,CO0000000810101160,,BLACK HILLS ELECTRIC GENERATION - PAGS,Unit,103542213,EPACAMD,56998CAMDUNITCT05,56998;CT05,56998,CT05,12/23/2015,,Yes
CO,8,,8101,Pueblo,16243211,CODPHE,CO0000000810101160,,BLACK HILLS ELECTRIC GENERATION - PAGS,Unit,103542313,EPACAMD,56998CAMDUNITCT06,56998;CT06,56998,CT06,12/23/2015,,Yes
CO,8,,8101,Pueblo,16243211,CODPHE,CO0000000810101160,,BLACK HILLS ELECTRIC GENERATION - PAGS,Unit,103542113,EPACAMD,56998CAMDUNITCT04,56998;CT04,56998,CT04,12/23/2015,,Yes
MD,24,,24015,Cecil,17878911,MDDOE,015-0272,Old Dominion Electric Cooperative,Wildcat Point Generation Facility,Unit,125589913,EPACAMD,59220CAMDUNITCT2,59220;CT2,59220,CT2,4/27/2020,,No
OH,39,,39113,Montgomery,13572411,OHEPA,857043334,DPL Energy LLC (0857043334),Tait Electric Generating Station (0857043334),Unit,73759513,EPACAMD,55248CAMDUNITCT6,55248;CT6,55248,CT6,10/9/2014,,Yes
OH,39,,39113,Montgomery,13572411,OHEPA,857043334,DPL Energy LLC (0857043334),Tait Electric Generating Station (0857043334),Unit,73759313,EPACAMD,55248CAMDUNITCT4,55248;CT4,55248,CT4,10/9/2014,,Yes
PA,42,,42133,York,15649311,PADEP,421330329,CALPINE MID MERIT LLC,CALPINE MID MERIT LLC/YORK ENERGY CTR DELTA,Unit,137529913,EPACAMD,55524CAMDUNIT6,55524;6,55524,6,2/4/2021,,Yes
NJ,34,,34017,Hudson,15658011,NJDEP,12863,,Bayonne Energy Center,Unit,99940113,EPACAMD,56964CAMDUNITGT6,56964;GT6,56964,GT6,12/6/2014,12/31/2049,Yes
NJ,34,,34017,Hudson,15658011,NJDEP,12863,,Bayonne Energy Center,Unit,99940113,EPACAMD,56964CAMDUNITGT5,56964;GT5,56964,GT5,12/6/2014,12/31/2049,Yes
TX,48,,48351,Newton,9118811,TXCEQ,11,COTTONWOOD ENERGY COMPANY LP,COTTONWOOD ENERGY CO LP,Unit,57546713,EPACAMD,55358CAMDUNITCT2,55358;CT2,55358,CT2,8/8/2011,,Yes
MD,24,,24019,Dorchester,7945511,MDDOE,019-0013,"Vienna Power Operations, LLC",NRG Vienna Generating Station,Unit,87937513,EPACAMD,1564CAMDUNIT8,1564;8,1564,8,8/8/2011,,Yes
NY,36,,36055,Monroe,7911911,NYDEC,8262800068,ROCHESTER GAS & ELECTRIC CORP,R G & E RUSSELL STATION,Unit,2162613,EPACAMD,2642CAMDUNIT1,2642;1,2642,1,10/27/2014,12/31/2049,Yes
UT,49,,49027,Millard,7558311,UTDAQ,10327,Intermountain Power Service Corporation,Intermountain Power Service Corporation- Intermountain Generation Station,Unit,11959313,EPACAMD,6481CAMDUNIT2SGA,6481;2SGA,6481,2SGA,8/8/2011,,Yes
UT,49,,49027,Millard,7558311,UTDAQ,10327,Intermountain Power Service Corporation,Intermountain Power Service Corporation- Intermountain Generation Station,Unit,11959213,EPACAMD,6481CAMDUNIT1SGA,6481;1SGA,6481,1SGA,8/8/2011,,Yes
NJ,34,,34021,Mercer,7474911,NJDEP,61057,PSEG Fossil LLC,PSE&G Mercer,Unit,12061113,EPACAMD,2408CAMDUNIT7001,2408;7001,2408,7001,12/6/2014,,Yes
UT,49,,49035,Salt Lake,7684911,UTDAQ,12495,West Valley Power Holdings LLC,Utah Municipal Power Agency: West Valley Power Plant,Unit,12121913,EPACAMD,55622CAMDUNITU3,55622;U3,55622,U3,10/6/2014,,Yes
TX,48,,48341,Moore,7651711,TXCEQ,12,SOUTHWESTERN PUBLIC SERVICE CO,MOORE COUNTY POWER PLANT,Unit,12177113,EPACAMD,3483CAMDUNIT3,3483;3,3483,3,8/8/2011,,Yes
TX,48,,48161,Freestone,4852511,TXCEQ,30,FREESTONE POWER GENERATION LP,FREESTONE ENERGY CENTER,Unit,31658713,EPACAMD,55226CAMDUNITGT4,55226;GT4,55226,GT4,8/8/2011,,Yes
SC,45,,45015,Berkeley,4834711,SCDHEC,0420-0003,Santee Cooper,SANTEE COOPER JEFFERIES,Unit,31810613,EPACAMD,3319CAMDUNIT1,3319;1,3319,1,4/28/2014,,Yes
TX,48,,48201,Harris,4777911,TXCEQ,46,NRG TEXAS POWER LLC,GREENS BAYOU ELECTRIC GENERATING STATION,Unit,31930013,EPACAMD,3464CAMDUNITGBY74,3464;GBY74,3464,GBY74,8/21/2014,,Yes
NY,36,,36071,Orange,8427811,NYDEC,3334600075,DYNEGY NORTHEAST GENERATION,ROSETON GENERATING STATION,Unit,1624513,EPACAMD,8006CAMDUNIT1,8006;1,8006,1,8/8/2011,,Yes
NY,36,,36001,Albany,7801011,NYDEC,4012200044,PSEG POWER NEW YORK INC,BETHLEHEM ENERGY CENTER,Unit,64136913,EPACAMD,2539CAMDUNIT10001,2539;10001,2539,10001,8/14/2014,12/31/2049,Yes
NY,36,,36001,Albany,7801011,NYDEC,4012200044,PSEG POWER NEW YORK INC,BETHLEHEM ENERGY CENTER,Unit,3435713,EPACAMD,2539CAMDUNIT1,2539;1,2539,1,12/6/2014,,Yes
PA,42,,42045,Delaware,6662011,PADEP,420450014,CONSTELLATION ENERGY GENERATION LLC,CONSTELLATION ENERGY GENERATION LLC/EDDYSTONE,Unit,17764613,EPACAMD,3161CAMDUNIT4,3161;4,3161,4,8/8/2011,,Yes
PA,42,,42021,Cambria,6594511,PADEP,420210046,CAMBRIA COGEN I LLC,CAMBRIA COGEN EBENSBURG FAC,Unit,17844913,EPACAMD,10641CAMDUNIT2,10641;2,10641,2,8/8/2011,,Yes
PA,42,,42021,Cambria,6594411,PADEP,420210034,INTER POWER AHLCON PARTNERS LP,INTER POWER AHLCON LP/COLVER POWER PROJ,Unit,17845413,EPACAMD,10143CAMDUNITAAB01,10143;AAB01,10143,AAB01,8/8/2011,,Yes
PA,42,,42047,Elk,6559611,PADEP,420470005,DOMTAR PAPER CO LLC,DOMTAR PAPER CO/JOHNSONBURG MILL,Unit,17956513,EPACAMD,54638CAMDUNIT040,54638;040,54638,40,8/8/2011,,Yes
TN,47,,47075,Haywood,3982711,TNDEC,38-0069,Tennessee Valley Authority,TVA LAGOON CREEK COMBUSTION TURBINE PLANT,Unit,35467313,EPACAMD,7845CAMDUNITLCT6,7845;LCT6,7845,LCT6,12/26/2013,,Yes
TN,47,,47075,Haywood,3982711,TNDEC,38-0069,Tennessee Valley Authority,TVA LAGOON CREEK COMBUSTION TURBINE PLANT,Unit,35468113,EPACAMD,7845CAMDUNITLCT8,7845;LCT8,7845,LCT8,12/26/2013,,Yes
TX,48,,48021,Bastrop,3981411,TXCEQ,13,BASTROP ENERGY PARTNERS LP,BASTROP ENERGY CENTER,Unit,35538713,EPACAMD,55168CAMDUNITCTG-1B,55168;CTG-1B,55168,CTG-1B,8/8/2011,,Yes
OH,39,,39069,Henry,9291911,OHEPA,335010056,,AMP Napoleon Peaking Plant (0335010056),Unit,55775213,EPACAMD,55264CAMDUNITCT1,55264;CT1,55264,CT1,10/27/2014,,Yes
OH,39,,39017,Butler,9303411,OHEPA,1409000896,,"Duke Energy Indiana, Madison Generating Station (1409000896)",Unit,55575113,EPACAMD,55110CAMDUNIT8,55110;8,55110,8,9/23/2014,,Yes
OH,39,,39017,Butler,9303411,OHEPA,1409000896,,"Duke Energy Indiana, Madison Generating Station (1409000896)",Unit,55575013,EPACAMD,55110CAMDUNIT7,55110;7,55110,7,9/23/2014,,Yes
OH,39,,39017,Butler,9303411,OHEPA,1409000896,,"Duke Energy Indiana, Madison Generating Station (1409000896)",Unit,55544613,EPACAMD,55110CAMDUNIT4,55110;4,55110,4,9/23/2014,,Yes
NY,36,,36103,Suffolk,9316211,NYDEC,1472803244,PPL EDGEWOOD ENERGY LLC,EDGEWOOD ELECTRIC GENERATING FACILITY,Unit,55409813,EPACAMD,55786CAMDUNITCT02,55786;CT02,55786,CT02,10/9/2014,12/31/2049,Yes
TX,48,,48363,Palo Pinto,7926611,TXCEQ,1,BRAZOS ELECTRIC POWER COOPERATIVE INC,RW MILLER PLANT,Unit,2550113,EPACAMD,3628CAMDUNIT1,3628;1,3628,1,8/8/2011,,Yes
TX,48,,48439,Tarrant,7925711,TXCEQ,6,LUMINANT GENERATION CO LLC,EAGLE MOUNTAIN STATION,Unit,2555513,EPACAMD,3489CAMDUNIT3,3489;3,3489,3,10/8/2014,,Yes
TX,48,,48339,Montgomery,7910511,TXCEQ,7,ENTERGY TEXAS INC,LEWIS CREEK PLANT,Unit,139286413,EPACAMD,60925CAMDUNITCT2,60925;CT2,60925,CT2,2/27/2023,,Yes
TX,48,,48233,Hutchinson,7910111,TXCEQ,41,BORGER ENERGY ASSOCIATES LP,BLACKHAWK POWER PLANT,Unit,2570413,EPACAMD,55064CAMDUNIT002,55064;002,55064,2,8/8/2011,,Yes
TX,48,,48215,Hidalgo,7908611,TXCEQ,84,FRONTERA GENERATION LP,FRONTERA ENERGY CENTER,Unit,2580413,EPACAMD,55098CAMDUNIT2,55098;2,55098,2,8/8/2011,,Yes
NC,37,,37083,Halifax,8048011,NCDAQ,3708300007,WestRock Company,"WestRock Kraft Paper, LLC",Unit,6363913,EPACAMD,50254CAMDUNIT001,50254;001,50254,1,4/21/2017,,Yes
NY,36,,36081,Queens,7982311,NYDEC,2630100185,ASTORIA GENERATING COMPANY LP,ASTORIA GENERATING STATION,Unit,6450813,EPACAMD,8906CAMDUNIT51RH,8906;51RH,8906,51RH,8/14/2014,12/31/2049,Yes
NY,36,,36103,Suffolk,7981511,NYDEC,1472200107,KEYSPAN ENERGY CORPORATION,PORT JEFFERSON POWER STATION,Unit,6455413,EPACAMD,2517CAMDUNITUGT001,2517;UGT001,2517,UGT001,12/6/2014,,Yes
MI,26,,26163,Wayne,8229311,MIDEQ,B2810,DTE Electric Company,DTE Electric Company - River Rouge Power Plant,Unit,6594613,EPACAMD,1740CAMDUNIT3,1740;3,1740,3,8/8/2011,,Yes
NV,32,,32003,Clark,8211211,NVCCDAQM,7,Nevada Power Company,Nevada Power Clark Station,Unit,67144413,EPACAMD,2322CAMDUNIT15B,2322;15B,2322,15B,10/5/2014,12/31/2049,Yes
NV,32,,32003,Clark,8211211,NVCCDAQM,7,Nevada Power Company,Nevada Power Clark Station,Unit,67144513,EPACAMD,2322CAMDUNIT16B,2322;16B,2322,16B,10/5/2014,12/31/2049,Yes
NV,32,,32003,Clark,8211211,NVCCDAQM,7,Nevada Power Company,Nevada Power Clark Station,Unit,67144713,EPACAMD,2322CAMDUNIT18A,2322;18A,2322,18A,10/5/2014,12/31/2049,Yes
NV,32,,32003,Clark,8211211,NVCCDAQM,7,Nevada Power Company,Nevada Power Clark Station,Unit,67144113,EPACAMD,2322CAMDUNIT12A,2322;12A,2322,12A,10/5/2014,12/31/2049,Yes
NV,32,,32003,Clark,8211211,NVCCDAQM,7,Nevada Power Company,Nevada Power Clark Station,Unit,67145113,EPACAMD,2322CAMDUNIT22A,2322;22A,2322,22A,10/5/2014,12/31/2049,Yes
NC,37,,37019,Brunswick,8176711,NCDAQ,3701900067,CPI USA North Carolina - Southport Plant,CPI USA North Carolina - Southport Plant,Unit,6824813,EPACAMD,10378CAMDUNITBLR01A,10378;BLR01A,10378,BLR01A,8/14/2014,12/31/2049,Yes
NC,37,,37019,Brunswick,8176711,NCDAQ,3701900067,CPI USA North Carolina - Southport Plant,CPI USA North Carolina - Southport Plant,Unit,6824813,EPACAMD,10378CAMDUNITBLR02A,10378;BLR02A,10378,BLR02A,8/14/2014,12/31/2049,Yes
NC,37,,37019,Brunswick,8176711,NCDAQ,3701900067,CPI USA North Carolina - Southport Plant,CPI USA North Carolina - Southport Plant,Unit,6824813,EPACAMD,10378CAMDUNITBLR02B,10378;BLR02B,10378,BLR02B,8/14/2014,12/31/2049,Yes
NC,37,,37071,Gaston,8176211,NCDAQ,3707100040,"Duke Energy Carolinas, LLC","Duke Energy Carolinas, LLC - Riverbend Steam",Unit,6828213,EPACAMD,2732CAMDUNIT11C,2732;11C,2732,11C,12/6/2014,,Yes
NC,37,,37071,Gaston,8176211,NCDAQ,3707100040,"Duke Energy Carolinas, LLC","Duke Energy Carolinas, LLC - Riverbend Steam",Unit,6828613,EPACAMD,2732CAMDUNIT8C,2732;8C,2732,8C,12/6/2014,,Yes
VA,51,,51167,Russell,5763511,VADEQ,10236,American Electric Power-Clinch River Plant,American Electric Power-Clinch River Plant,Unit,21755313,EPACAMD,3775CAMDUNIT3,3775;3,3775,3,8/8/2011,,Yes
TX,48,,48361,Orange,5731011,TXCEQ,57,SABINE COGEN LP,SABINE COGENERATION FACILITY,Unit,21856513,EPACAMD,55104CAMDUNITSAB-1,55104;SAB-1,55104,SAB-1,8/22/2014,,Yes
TX,48,,48361,Orange,5730811,TXCEQ,7,ENTERGY TEXAS INC,SABINE PLANT,Unit,21861113,EPACAMD,3459CAMDUNIT1,3459;1,3459,1,8/8/2011,,Yes
NC,37,,37051,Cumberland,8134411,NCDAQ,3705100094,Public Works Commission,Public Works Commission Butler-Warner Generation Plant,Unit,5498113,EPACAMD,1016CAMDUNITGT-6,1016;GT-6,1016,GT-6,10/9/2014,12/31/2049,Yes
NC,37,,37051,Cumberland,8134411,NCDAQ,3705100094,Public Works Commission,Public Works Commission Butler-Warner Generation Plant,Unit,5498113,EPACAMD,1016CAMDUNITGT-1,1016;GT-1,1016,GT-1,10/9/2014,12/31/2049,Yes
OH,39,,39001,Adams,8101311,OHEPA,701000007,Cincinnati Gas & Electric Company,Kingfisher Development LLC - Stuart (0701000007),Unit,5525713,EPACAMD,2850CAMDUNIT4,2850;4,2850,4,8/8/2011,,Yes
OH,39,,39001,Adams,8101311,OHEPA,701000007,Cincinnati Gas & Electric Company,Kingfisher Development LLC - Stuart (0701000007),Unit,5525813,EPACAMD,2850CAMDUNIT3,2850;3,2850,3,8/8/2011,,Yes
ND,38,,38059,Morton,8087011,NDDEQ,341,Montana Dakota Utilities Company,Montana Dakota Utilities Company - R.M. Heskett Station,Unit,111798213,EPACAMD,2790CAMDUNITCT6,2790;CT6,2790,CT6,12/27/2015,,Yes
NY,36,,36065,Oneida,7243711,NYDEC,6301400011,STERLING POWER PARTNERS LP,STERLING ENERGY FACILITY,Unit,7486713,EPACAMD,50744CAMDUNIT00001,50744;00001,50744,1,11/6/2014,,Yes
MA,25,,25025,Suffolk,7240911,MADEP,1190128,"CONSTELLATION MYSTIC POWER, LLC",MYSTIC STATION,Unit,87694013,EPACAMD,1588CAMDUNITMJ-1,1588;MJ-1,1588,MJ-1,8/8/2011,,Yes
MA,25,,25025,Suffolk,7240911,MADEP,1190128,"CONSTELLATION MYSTIC POWER, LLC",MYSTIC STATION,Unit,7504013,EPACAMD,1588CAMDUNIT82,1588;82,1588,82,8/8/2011,,Yes
NY,36,,36059,Nassau,7222811,NYDEC,1282200481,NATIONAL GRID GENERATION LLC,GLENWOOD MAIN POWER STATION,Unit,7558413,EPACAMD,2514CAMDUNIT50,2514;50,2514,50,9/23/2011,,Yes
NY,36,,36059,Nassau,7221611,NYDEC,1282000553,NATIONAL GRID CORPORATE SERVICES LLC,EF BARRETT POWER STATION,Unit,118548013,EPACAMD,2511CAMDUNITU00009,2511;U00009,2511,U00009,4/30/2018,12/31/2049,Yes
NV,32,,32029,Storey,7237511,NVBAQ,AP49112871,"NANIWA ENERGY, LLC",NANIWA TRI PEAKING GENERATING STATION,Unit,7571013,EPACAMD,55494CAMDUNITCT2,55494;CT2,55494,CT2,11/17/2014,12/31/2049,Yes
NV,32,,32029,Storey,7237511,NVBAQ,AP49112871,"NANIWA ENERGY, LLC",NANIWA TRI PEAKING GENERATING STATION,Unit,7571013,EPACAMD,55494CAMDUNITCT6,55494;CT6,55494,CT6,11/17/2014,12/31/2049,Yes
KY,21,,21127,Lawrence,6019911,KYDAQ,2112700040,"Dynegy, Inc",Riverside Generating Co LLC,Unit,86769413,EPACAMD,55198CAMDUNITGTG201,55198;GTG201,55198,GTG201,10/8/2014,,Yes
KY,21,,21127,Lawrence,6019011,KYDAQ,2112700003,Kentucky Power Company,Kentucky Power Co-Big Sandy Plant,Unit,82996613,EPACAMD,1353CAMDUNITBSU2,1353;BSU2,1353,BSU2,8/8/2011,,Yes
TX,48,,48187,Guadalupe,4018911,TXCEQ,12,GUADALUPE POWER I LLC,GUADALUPE GENERATING STATION,Unit,34400813,EPACAMD,55153CAMDUNITCTG-3,55153;CTG-3,55153,CTG-3,8/8/2011,,Yes
TX,48,,48157,Fort Bend,3968411,TXCEQ,5,NRG TEXAS POWER LLC,WA PARISH ELECTRIC GENERATING STATION,Unit,34521813,EPACAMD,3470CAMDUNITWAP5,3470;WAP5,3470,WAP5,8/8/2011,,Yes
TX,48,,48157,Fort Bend,3968411,TXCEQ,5,NRG TEXAS POWER LLC,WA PARISH ELECTRIC GENERATING STATION,Unit,34520213,EPACAMD,3470CAMDUNITWAP8,3470;WAP8,3470,WAP8,8/8/2011,,Yes
TX,48,,48157,Fort Bend,3968411,TXCEQ,5,NRG TEXAS POWER LLC,WA PARISH ELECTRIC GENERATING STATION,Unit,126642013,EPACAMD,58378CAMDUNITCTHRSG,58378;CTHRSG,58378,CTHRSG,1/26/2021,,Yes
MI,26,,26079,Kalkaska,9543911,MIDEQ,N7113,Michigan Public Power Agency,Michigan Public Power Agency,Unit,57792713,EPACAMD,7984CAMDUNIT1B,7984;1B,7984,1B,11/7/2014,12/31/2049,Yes
MO,29,,29077,Greene,7498011,MODNR,164,City Utilities Of Springfield-,CITY UTILITIES OF SPRINGFIELD N L MCCARTNEY DIST GENERATION,Unit,11196113,EPACAMD,7903CAMDUNITMGS1A,7903;MGS1A,7903,MGS1A,10/10/2014,,Yes
MO,29,,29077,Greene,7498011,MODNR,164,City Utilities Of Springfield-,CITY UTILITIES OF SPRINGFIELD N L MCCARTNEY DIST GENERATION,Unit,11196013,EPACAMD,7903CAMDUNITMGS2A,7903;MGS2A,7903,MGS2A,10/10/2014,,Yes
MO,29,,29077,Greene,7496411,MODNR,39,City Utilities Of Springfield Missouri,CITY UTILITIES OF SPRINGFIELD MISSOURI JOHN TWITTY ENERGY CENTER,Unit,11215213,EPACAMD,6195CAMDUNIT1,6195;1,6195,1,8/8/2011,,Yes
MO,29,,29077,Greene,7496411,MODNR,39,City Utilities Of Springfield Missouri,CITY UTILITIES OF SPRINGFIELD MISSOURI JOHN TWITTY ENERGY CENTER,Unit,11218013,EPACAMD,6195CAMDUNITCT2B,6195;CT2B,6195,CT2B,10/10/2014,,Yes
MO,29,,29077,Greene,7494511,MODNR,5,City Utilities Of Springfield Missouri,CITY UTILITIES OF SPRINGFIELD MISSOURI JAMES RIVER POWER PLANT,Unit,11238513,EPACAMD,2161CAMDUNIT3,2161;3,2161,3,8/8/2011,,Yes
MD,24,,24031,Montgomery,5998011,MDDOE,031-0019,"Dominion Transmission, Inc",GenOn Dickerson Generating Station,Unit,87978713,EPACAMD,1572CAMDUNITGT3,1572;GT3,1572,GT3,8/8/2011,,Yes
IL,17,,17167,Sangamon,7377311,ILEPA,167120AAO,City Of Springfield,City Water Light & Power,Unit,10532713,EPACAMD,964CAMDUNIT7,964;7,964,7,8/8/2011,,Yes
NJ,34,,34005,Burlington,7310911,NJDEP,45979,PSEG Power LLC,Burlington Generating Station,Unit,10701713,EPACAMD,2399CAMDUNIT124,2399;124,2399,124,9/24/2014,12/31/2049,Yes
NJ,34,,34005,Burlington,7310911,NJDEP,45979,PSEG Power LLC,Burlington Generating Station,Unit,10702513,EPACAMD,2399CAMDUNIT18001,2399;18001,2399,18001,12/6/2014,12/31/2049,Yes
WI,55,,55009,Brown,5295111,WIDNR,405031990,Wisconsin Public Service Corporation,WI PUBLIC SERVICE CORP - JP PULLIAM PLANT,Unit,25986813,EPACAMD,4072CAMDUNIT5,4072;5,4072,5,8/8/2011,,Yes
WI,55,,55009,Brown,5295111,WIDNR,405031990,Wisconsin Public Service Corporation,WI PUBLIC SERVICE CORP - JP PULLIAM PLANT,Unit,25988013,EPACAMD,4072CAMDUNIT4,4072;4,4072,4,10/28/2014,,Yes
WI,55,,55009,Brown,5295111,WIDNR,405031990,Wisconsin Public Service Corporation,WI PUBLIC SERVICE CORP - JP PULLIAM PLANT,Unit,64944313,EPACAMD,4072CAMDUNIT32,4072;32,4072,32,10/1/2014,,Yes
MO,29,,29101,Johnson,5245111,MODNR,51,Associated Electric Cooperative Inc,HOLDEN POWER PLANT,Unit,26017013,EPACAMD,7848CAMDUNIT2,7848;2,7848,2,10/9/2014,,Yes
MO,29,,29101,Johnson,5245111,MODNR,51,Associated Electric Cooperative Inc,HOLDEN POWER PLANT,Unit,26017213,EPACAMD,7848CAMDUNIT3,7848;3,7848,3,10/9/2014,,Yes
IA,19,,19193,Woodbury,2943511,IADNR,97-04-011,MIDAMERICAN ENERGY COMPANY,MIDAMERICAN ENERGY CO - GEORGE NEAL SOUTH,Unit,38608513,EPACAMD,7343CAMDUNIT4,7343;4,7343,4,8/8/2011,,Yes
IA,19,,19193,Woodbury,2943411,IADNR,97-04-010,MIDAMERICAN ENERGY COMPANY,MIDAMERICAN ENERGY CO - GEORGE NEAL NORTH,Unit,38611613,EPACAMD,1091CAMDUNIT2,1091;2,1091,2,8/8/2011,,Yes
WI,55,,55131,Washington,5235111,WIDNR,267006190,Wisconsin Electric Power Company,WISCONSIN ELECTRIC POWER COMPANY D/B/A WE ENERGIES-GERMANTOWN STATION,Unit,25374413,EPACAMD,6253CAMDUNIT**5,6253;**5,6253,**5,10/5/2014,,Yes
WI,55,,55131,Washington,5235111,WIDNR,267006190,Wisconsin Electric Power Company,WISCONSIN ELECTRIC POWER COMPANY D/B/A WE ENERGIES-GERMANTOWN STATION,Unit,25373913,EPACAMD,6253CAMDUNITP31,6253;P31,6253,P31,10/5/2014,,Yes
MD,24,,24005,Baltimore,5154911,MDDOE,005-0078,Constellation Power Source Generation Inc.,Constellation - Riverside,Unit,87894913,EPACAMD,1559CAMDUNITCT8,1559;CT8,1559,CT8,10/1/2014,,Yes
WI,55,,55123,Vernon,7711211,WIDNR,663020930,Great River Energy,DAIRYLAND POWER COOP GENOA STATION-EOP,Unit,12416813,EPACAMD,4143CAMDUNIT1,4143;1,4143,1,8/8/2011,,Yes
MO,29,,29095,Jackson,7663811,MODNR,23,Na,EVERGY INC NORTHEAST STATION,Unit,12447713,EPACAMD,2081CAMDUNIT14,2081;14,2081,14,10/29/2014,,Yes
MO,29,,29095,Jackson,7663811,MODNR,23,Na,EVERGY INC NORTHEAST STATION,Unit,12447513,EPACAMD,2081CAMDUNIT15,2081;15,2081,15,10/29/2014,,Yes
MO,29,,29095,Jackson,7663811,MODNR,23,Na,EVERGY INC NORTHEAST STATION,Unit,12447413,EPACAMD,2081CAMDUNIT11,2081;11,2081,11,10/29/2014,,Yes
MO,29,,29095,Jackson,7663811,MODNR,23,Na,EVERGY INC NORTHEAST STATION,Unit,12447213,EPACAMD,2081CAMDUNIT13,2081;13,2081,13,10/29/2014,,Yes
MO,29,,29095,Jackson,7663711,MODNR,22,Kansas City Power & Light Company,EVERGY INC HAWTHORN GENERATING STATION,Unit,12449413,EPACAMD,2079CAMDUNIT7,2079;7,2079,7,8/8/2011,,Yes
NE,31,,31153,Sarpy,7631011,NEDEQ,42638,Omaha Public Power District,OPPD Sarpy County Station,Unit,12530713,EPACAMD,2292CAMDUNIT1,2292;1,2292,1,12/30/2049,12/31/2049,Yes
KS,20,,20173,Sedgwick,5603311,KSDOHE,14,"WESTAR ENERGY, INC.",Westar Energy - Murray Gill,Unit,63925413,EPACAMD,1242CAMDUNIT1,1242;1,1242,1,8/22/2014,,Yes
KS,20,,20173,Sedgwick,5603211,KSDOHE,12,"Evergy, Inc.",Evergy - Gordon Evans,Unit,27425713,EPACAMD,1240CAMDUNIT1,1240;1,1240,1,8/8/2011,,Yes
IA,19,,19013,Black Hawk,5524311,IADNR,07-01-038,MIDAMERICAN ENERGY COMPANY,MIDAMERICAN ENERGY CO - ELECTRIFARM TURBINES,Unit,27492413,EPACAMD,6063CAMDUNIT3,6063;3,6063,3,8/8/2011,,Yes
WV,54,,54023,Grant,8534011,WVDAQ,14,Virginia Electric & Power Company,NORTH BRANCH POWER STATION,Unit,71949813,EPACAMD,7537CAMDUNIT1A,7537;1A,7537,1A,8/8/2011,,Yes
FL,12,,12105,Polk,8515211,FLDEP,1050221,,"QUANTUM AUBURNDALE POWER, LP",Unit,958813,EPACAMD,54658CAMDUNIT1,54658;1,54658,1,8/8/2011,,Yes
GA,13,,13157,Jackson,8500711,GADNR,15700034,,Dahlberg Combustion Turbine Electric Generating Plant,Unit,964913,EPACAMD,7765CAMDUNIT10,7765;10,7765,10,6/29/2013,,Yes
GA,13,,13157,Jackson,8500711,GADNR,15700034,,Dahlberg Combustion Turbine Electric Generating Plant,Unit,965213,EPACAMD,7765CAMDUNIT2,7765;2,7765,2,6/29/2013,,Yes
MN,27,,27091,Martin,8482611,MNPCA,2709100058,Great River Energy,Great River Energy - Lakefield Junction Station,Unit,1108413,EPACAMD,7925CAMDUNITCT01,7925;CT01,7925,CT01,10/9/2014,,Yes
NC,37,,37037,Chatham,8430611,NCDAQ,3703700063,"Progress Energy Service Company, LLC",Progress Energy Carolinas - Cape Fear Plant,Unit,98738013,EPACAMD,2708CAMDUNIT2B,2708;2B,2708,2B,11/6/2014,12/31/2049,Yes
NC,37,,37037,Chatham,8430611,NCDAQ,3703700063,"Progress Energy Service Company, LLC",Progress Energy Carolinas - Cape Fear Plant,Unit,98738013,EPACAMD,2708CAMDUNIT2A,2708;2A,2708,2A,11/6/2014,12/31/2049,Yes
WI,55,,55089,Ozaukee,6229211,WIDNR,246004000,WE Energies,WE ENERGIES PORT WASHINGTON GENERATING STATION,Unit,64827713,EPACAMD,4040CAMDUNIT22,4040;22,4040,22,5/22/2013,,Yes
WI,55,,55089,Ozaukee,6229211,WIDNR,246004000,WE Energies,WE ENERGIES PORT WASHINGTON GENERATING STATION,Unit,64827413,EPACAMD,4040CAMDUNIT12,4040;12,4040,12,5/22/2013,,Yes
WA,53,,53073,Whatcom,6212611,WAECY,31,,PSE Ferndale Generating Station,Unit,15564713,EPACAMD,54537CAMDUNITCT-1B,54537;CT-1B,54537,CT-1B,10/3/2014,,Yes
WV,54,,54099,Wayne,6341911,WVDAQ,81,Appalachian Power Company,Appalachian Power Company - CEREDO ELECTRIC GENERATING STATION,Unit,71750613,EPACAMD,55276CAMDUNIT01,55276;01,55276,1,4/17/2014,,Yes
IN,18,,18083,Knox,4479311,INDEM,41,Na,Duke Energy Indiana LLC. - Wheatland Ge,Unit,28308113,EPACAMD,55224CAMDUNITEU-04,55224;EU-04,55224,EU-04,8/15/2014,,Yes
IL,17,,17197,Will,4688511,ILEPA,197899AAB,University Park Energy LLC,University Park Energy LLC,Unit,60404413,EPACAMD,55250CAMDUNITUP8,55250;UP8,55250,UP8,7/25/2012,,Yes
IL,17,,17197,Will,4688511,ILEPA,197899AAB,University Park Energy LLC,University Park Energy LLC,Unit,60403513,EPACAMD,55250CAMDUNITUP2,55250;UP2,55250,UP2,7/25/2012,,Yes
IL,17,,17197,Will,4688511,ILEPA,197899AAB,University Park Energy LLC,University Park Energy LLC,Unit,60403913,EPACAMD,55250CAMDUNITUP3,55250;UP3,55250,UP3,7/25/2012,,Yes
IL,17,,17197,Will,4688511,ILEPA,197899AAB,University Park Energy LLC,University Park Energy LLC,Unit,60403613,EPACAMD,55250CAMDUNITUP12,55250;UP12,55250,UP12,7/25/2012,,Yes
IL,17,,17197,Will,4688511,ILEPA,197899AAB,University Park Energy LLC,University Park Energy LLC,Unit,28348613,EPACAMD,55250CAMDUNITUP1,55250;UP1,55250,UP1,7/25/2012,,Yes
CO,8,,8041,El Paso,4385111,CODPHE,CO0000000804100897,Fountain Valley Power LLC,FOUNTAIN VALLEY POWER - BOCA RATON,Unit,68597513,EPACAMD,55453CAMDUNIT4,55453;4,55453,4,8/8/2011,,Yes
OH,39,,39017,Butler,8455211,OHEPA,1409120656,"Duke Energy Kentucky, Inc","Duke Energy Kentucky, Woodsdale Generating Station (1409120656)",Unit,303913,EPACAMD,7158CAMDUNIT**GT1,7158;**GT1,7158,**GT1,8/8/2011,,Yes
NC,37,,37135,Orange,8438211,NCDAQ,3713500043,The University of North Carolina at Chapel Hill,The University of North Carolina at Chapel Hill,Unit,316913,EPACAMD,54276CAMDUNITES003,54276;ES003,54276,ES003,8/8/2011,,Yes
PA,42,,42101,Philadelphia,8405411,PACOP,4210104902,VICINITY ENERGY PHILA INC,VICINITY ENERGY PHILA INC/EDISON STATION,Unit,103862413,EPACAMD,880006CAMDUNIT4,880006;4,880006,4,10/18/2014,,Yes
PA,42,,42003,Allegheny,8404911,PAACHD,4200300158,GENON POWER MIDWEST LP,NRG POWER MIDWEST L.P../BRUNOT ISLE POWER PLT,Unit,361613,EPACAMD,3096CAMDUNIT3,3096;3,3096,3,7/16/2014,,Yes
PA,42,,42003,Allegheny,8404911,PAACHD,4200300158,GENON POWER MIDWEST LP,NRG POWER MIDWEST L.P../BRUNOT ISLE POWER PLT,Unit,361913,EPACAMD,3096CAMDUNIT2B,3096;2B,3096,2B,7/16/2014,,Yes
PA,42,,42003,Allegheny,8404811,PAACHD,4200300157,GENON POWER MIDWEST LP,NRG MIDWEST LP/CHESWICK,Unit,98945613,EPACAMD,8226CAMDUNIT1,8226;1,8226,1,3/14/2013,,Yes
OH,39,,39093,Lorain,6371011,OHEPA,247080487,FirstEnergy Generation Corporation,West Lorain Power Plant (0247080487),Unit,15957813,EPACAMD,2869CAMDUNIT4,2869;4,2869,4,10/9/2014,,Yes
AL,1,,1073,Jefferson,1003111,ALJCBOH,10730011,Alabama Power Company,ALABAMA POWER COMPANY (MILLER POWER PLANT),Unit,62941513,EPACAMD,6002CAMDUNIT3,6002;3,6002,3,8/8/2011,,Yes
AL,1,,1113,Russell,1000211,ADEM,4,,"WestRock Coated Board, LLC. - Mahrt Mill",Unit,47796313,EPACAMD,54802CAMDUNITX022,54802;X022,54802,X022,2/12/2018,,Yes
AL,1,,1117,Shelby,949211,ADEM,5,Alabama Power Company,Alabama Power Company,Unit,47874513,EPACAMD,26CAMDUNIT2,26;2,26,2,8/8/2011,,Yes
IL,17,,17031,Cook,946411,ILEPA,031012ABI,,Ingredion Inc,Unit,59371113,EPACAMD,54556CAMDUNITB10,54556;B10,54556,B10,8/8/2011,,Yes
CO,8,,8031,Denver,1685411,CODPHE,CO0000000803100007,Public Service Company Of Colorado,PUBLIC SERVICE CO - ZUNI PLT,Unit,44963513,EPACAMD,478CAMDUNIT1,478;1,478,1,8/8/2011,,Yes
AL,1,,1097,Mobile,1062911,ADEM,8073,Alabama Power Company,Alabama Power Company,Unit,47282613,EPACAMD,7721CAMDUNITCC1,7721;CC1,7721,CC1,8/8/2011,,Yes
GA,13,,13149,Heard,16658111,GADNR,14900011,,Southern Power - Wansley Combined Cycle,Unit,105656513,EPACAMD,55965CAMDUNIT6B,55965;6B,55965,6B,1/1/2012,,Yes
CA,6,,6013,Contra Costa,17414411,CARB,7130319169,MARSH LANDING LLC (MARSH LANDING GENERATING STA ),MARSH LANDING LLC (MARSH LANDING GENERATING STA ),Unit,120129613,EPACAMD,57267CAMDUNIT3,57267;3,57267,3,5/26/2017,,Yes
CO,8,,8123,Weld,12868211,CODPHE,CO0000000812301342,,PUBLIC SERV - ROCKY MOUNTAIN ENERGY,Unit,68879813,EPACAMD,55835CAMDUNIT2,55835;2,55835,2,8/22/2014,,Yes
TX,48,,48141,El Paso,16861411,TXCEQ,743,EL PASO ELECTRIC COMPANY,MONTANA POWER STATION,Unit,123173913,EPACAMD,58562CAMDUNITGT-2,58562;GT-2,58562,GT-2,5/28/2017,,Yes
SC,45,,45053,Jasper,13005611,SCDHEC,1360-0026,,JASPER GENERATING STATION,Unit,112051013,EPACAMD,55927CAMDUNITCT01,55927;CT01,55927,CT01,12/30/2049,12/31/2049,Yes
SC,45,,45017,Calhoun,13372611,SCDHEC,0460-0024,,COLUMBIA ENERGY CENTER,Unit,88107313,EPACAMD,55386CAMDUNITCT-2,55386;CT-2,55386,CT-2,4/29/2014,,Yes
LA,22,,22055,Lafayette,13611411,LADEQ08,121572,Lafayette Consolidated Government,Lafayette Consolidated Government - Hargis-Hebert Electric Generating Station,Unit,81421213,EPACAMD,56283CAMDUNITU-2,56283;U-2,56283,U-2,8/8/2011,,Yes
GA,13,,13149,Heard,15559111,GADNR,14900005,,Hawk Road Energy Facility,Unit,97988913,EPACAMD,55141CAMDUNITCT2,55141;CT2,55141,CT2,10/8/2014,,Yes
GA,13,,13149,Heard,15559111,GADNR,14900005,,Hawk Road Energy Facility,Unit,97988813,EPACAMD,55141CAMDUNITCT1,55141;CT1,55141,CT1,10/8/2014,,Yes
DE,10,,10001,Kent,17744711,DEDNR,1000100245,Garrison Energy Center LLC,Garrison Energy Center,Unit,123413913,EPACAMD,57349CAMDUNIT1,57349;1,57349,1,4/10/2017,,Yes
CA,6,,6085,Santa Clara,13834111,CARB,43130312183,METCALF ENERGY CENTER,METCALF ENERGY CENTER,Unit,84510013,EPACAMD,55393CAMDUNIT2,55393;2,55393,2,8/8/2011,,Yes
ID,16,,16075,Payette,16971311,IDDEQ,7500012,,IDAHO POWER CO - LANGLEY GULCH POWER PLANT,Unit,111578313,EPACAMD,57028CAMDUNITCT1,57028;CT1,57028,CT1,12/22/2015,,Yes
FL,12,,12127,Volusia,2797311,FLDEP,1270028,Progress Energy Corporation,"DUKE ENERGY FLORIDA, LLC",Unit,40825013,EPACAMD,6046CAMDUNITP4,6046;P4,6046,P4,8/8/2011,,Yes
CT,9,,9009,New Haven,2708911,CTBAM,T105P0251C07780,MILFORD POWER CO LLC,"MILFORD POWER CO, LLC",Unit,40857913,EPACAMD,55126CAMDUNITCT01,55126;CT01,55126,CT01,8/8/2011,,Yes
TX,48,,48469,Victoria,18970711,TXCEQ,49,TRES PORT POWER LLC,VICTORIA PORT PEAKING FACILITY,Unit,136701613,EPACAMD,61242CAMDUNITCT1,61242;CT1,61242,CT1,1/22/2021,,Yes
TX,48,,48469,Victoria,18974111,TXCEQ,50,TRES CITY POWER LLC,VICTORIA CITY PEAKING FACILITY,Unit,136703813,EPACAMD,61241CAMDUNITCT1,61241;CT1,61241,CT1,5/25/2022,,Yes
ND,38,,38105,Williams,18983011,NDDEQ,1532,Basin Electric Power Cooperative,Basin Electric Power Cooperative - Pioneer Generation Station,Unit,137154913,EPACAMD,57881CAMDUNITCT2,57881;CT2,57881,CT2,2/6/2021,,Yes
NY,36,,36085,Richmond,7844111,NYDEC,2640300014,ARTHUR KILL POWER LLC,ARTHUR KILL GENERATING STATION,Unit,3597313,EPACAMD,2490CAMDUNIT20,2490;20,2490,20,8/14/2014,12/31/2049,Yes
WV,54,,54073,Pleasants,4782811,WVDAQ,5,Energy Harbor LLC,Pleasants Power Station,Unit,71785613,EPACAMD,6004CAMDUNIT2,6004;2,6004,2,8/8/2011,,Yes
FL,12,,12011,Broward,591711,FLDEP,110037,Florida Power & Light Company,LAUDERDALE POWER PLANT,Unit,46118913,EPACAMD,613CAMDUNITGFL07,613;GFL07,613,GFL07,8/15/2014,12/31/2049,Yes
FL,12,,12011,Broward,591711,FLDEP,110037,Florida Power & Light Company,LAUDERDALE POWER PLANT,Unit,46119513,EPACAMD,613CAMDUNITGFL18,613;GFL18,613,GFL18,8/18/2014,12/31/2049,Yes
FL,12,,12011,Broward,591711,FLDEP,110037,Florida Power & Light Company,LAUDERDALE POWER PLANT,Unit,46119513,EPACAMD,613CAMDUNITGFL22,613;GFL22,613,GFL22,8/18/2014,12/31/2049,Yes
FL,12,,12011,Broward,591711,FLDEP,110037,Florida Power & Light Company,LAUDERDALE POWER PLANT,Unit,46119513,EPACAMD,613CAMDUNITGFL15,613;GFL15,613,GFL15,8/18/2014,12/31/2049,Yes
FL,12,,12011,Broward,591611,FLDEP,110036,Florida Power & Light Company,PORT EVERGLADES ENERGY CENTER,Unit,106523813,EPACAMD,617CAMDUNITPECT5C,617;PECT5C,617,PECT5C,5/26/2017,,Yes
FL,12,,12009,Brevard,590511,FLDEP,90008,Orlando Utilities Commission,ORLANDO UTILITIES COMMISSION (OUC),Unit,46129013,EPACAMD,683CAMDUNIT**D,683;**D,683,**D,8/8/2011,,Yes
FL,12,,12009,Brevard,590411,FLDEP,90006,Florida Power & Light Company,FLORIDA POWER & LIGHT COMPANY (PCC),Unit,46129713,EPACAMD,609CAMDUNITPCC1,609;PCC1,609,PCC1,8/8/2011,,Yes
CT,9,,9009,New Haven,590011,CTBAM,T105P0014C07741,"NRG ENERGY, INC.","DEVON POWER, LLC",Unit,99521613,EPACAMD,544CAMDUNIT18,544;18,544,18,6/11/2013,,Yes
DC,11,,11001,District of Columbia,589411,DOEE,1,"Potomac Power Resources, LLC",Pepco Benning Generating Station,Unit,46139513,EPACAMD,603CAMDUNIT15,603;15,603,15,8/8/2011,,Yes
FL,12,,12049,Hardee,588511,FLDEP,490043,Vandolah Power Company LLC,"VANDOLAH POWER COMPANY, LLC",Unit,46159113,EPACAMD,55415CAMDUNITGT101,55415;GT101,55415,GT101,8/15/2014,,Yes
FL,12,,12127,Volusia,845211,FLDEP,1270009,Florida Power & Light Company,FLORIDA POWER & LIGHT (PSN),Unit,46194613,EPACAMD,620CAMDUNITSNCT5D,620;SNCT5D,620,SNCT5D,8/8/2011,,Yes
CT,9,,9001,Fairfield,843611,CTBAM,T137P0014C07741,"NRG ENERGY, INC.","NORWALK POWER, LLC",Unit,46206713,EPACAMD,548CAMDUNIT1,548;1,548,1,8/8/2011,,Yes
DE,10,,10003,New Castle,827811,DEDNR,1000300007,"Calpine Mid-Atlantic Generation, LLC",EDGE MOOR ENERGY CENTER,Unit,46232613,EPACAMD,593CAMDUNIT10,593;10,593,10,10/7/2014,,Yes
DE,10,,10003,New Castle,827811,DEDNR,1000300007,"Calpine Mid-Atlantic Generation, LLC",EDGE MOOR ENERGY CENTER,Unit,46233113,EPACAMD,593CAMDUNIT3,593;3,593,3,8/8/2011,,Yes
DE,10,,10003,New Castle,827811,DEDNR,1000300007,"Calpine Mid-Atlantic Generation, LLC",EDGE MOOR ENERGY CENTER,Unit,46233313,EPACAMD,593CAMDUNIT5,593;5,593,5,8/8/2011,,Yes
WI,55,,55017,Chippewa,6870311,WIDNR,609042720,,XCEL ENERGY-WHEATON GENERATING STATION,Unit,13263213,EPACAMD,4014CAMDUNIT6,4014;6,4014,6,8/17/2014,,Yes
WI,55,,55017,Chippewa,6870311,WIDNR,609042720,,XCEL ENERGY-WHEATON GENERATING STATION,Unit,13263313,EPACAMD,4014CAMDUNIT1,4014;1,4014,1,8/15/2014,,Yes
MO,29,,29189,St. Louis,6816611,MODNR,10,Union Electric Company,AMEREN MISSOURI MERAMEC ENERGY CENTER,Unit,109322113,EPACAMD,2104CAMDUNITCT2A,2104;CT2A,2104,CT2A,1/1/2013,,Yes
NV,32,,32003,Clark,6815611,NVBAQ,AP49110897,NEVADA POWER COMPANY DBA NV ENERGY,REID GARDNER STATION POWER PLANT,Unit,97877013,EPACAMD,2324CAMDUNIT2,2324;2,2324,2,3/20/2013,,Yes
PA,42,,42075,Lebanon,3897711,PADEP,420750069,AES Ironwood LLC,HELIX IRONWOOD LLC/LEBANON,Unit,37131813,EPACAMD,55337CAMDUNIT0002,55337;0002,55337,2,8/8/2011,,Yes
PA,42,,42095,Northampton,3881811,PADEP,420950011,GENON REMA LLC,PORTLAND POWER LLC/PORTLAND COMBUSTION TURBINE,Unit,37150013,EPACAMD,3113CAMDUNIT1,3113;1,3113,1,8/8/2011,,Yes
PA,42,,42005,Armstrong,3866811,PADEP,420050121,"Armstrong Energy, Ltd. Part LLP",ARMSTRONG POWER/S BEND,Unit,37161113,EPACAMD,55347CAMDUNIT1,55347;1,55347,1,7/22/2012,,Yes
PA,42,,42007,Beaver,3853711,PADEP,420070005,ENERGY HARBOR GENERATION LLC,ENERGY HBR GENERATION LLC/BRUCE MANSFIELD PLT,Unit,37815213,EPACAMD,6094CAMDUNIT3,6094;3,6094,3,8/8/2011,,Yes
TN,47,,47001,Anderson,6196011,TNDEC,01-0009,TVA BULL RUN FOSSIL PLANT,TVA BULL RUN FOSSIL PLANT,Unit,15192413,EPACAMD,3396CAMDUNIT1,3396;1,3396,1,8/8/2011,,Yes
AZ,4,,4021,Pinal,1032711,Pinal,EGUSundance,Arizona Public Service Company,Sundance Power Plant,Unit,62911113,EPACAMD,55522CAMDUNITCT03,55522;CT03,55522,CT03,10/9/2014,,Yes
AZ,4,,4021,Pinal,1032711,Pinal,EGUSundance,Arizona Public Service Company,Sundance Power Plant,Unit,62911613,EPACAMD,55522CAMDUNITCT08,55522;CT08,55522,CT08,10/9/2014,,Yes
AZ,4,,4021,Pinal,998011,Pinal,EGU0048,Arizona Public Service Company,Saguaro Power Plant,Unit,67644213,EPACAMD,118CAMDUNITCT3,118;CT3,118,CT3,9/23/2011,,Yes
AZ,4,,4021,Pinal,998011,Pinal,EGU0048,Arizona Public Service Company,Saguaro Power Plant,Unit,48101913,EPACAMD,118CAMDUNIT1,118;1,118,1,9/23/2011,,Yes
AZ,4,,4019,Pima,977911,PIMA,1052,Tucson Electric Power Company,Irvington,Unit,48108913,EPACAMD,126CAMDUNIT3,126;3,126,3,1/1/2020,,Yes
AZ,4,,4019,Pima,977911,PIMA,1052,Tucson Electric Power Company,Irvington,Unit,48109013,EPACAMD,126CAMDUNIT4,126;4,126,4,1/1/2020,,Yes
IL,17,,17147,Piatt,9686711,ILEPA,147803AAC,Ameren Services,Ameren Services,Unit,53829513,EPACAMD,55496CAMDUNITCT-01,55496;CT-01,55496,CT-01,9/30/2014,,Yes
IL,17,,17201,Winnebago,9698111,ILEPA,201030BCG,,Rockford Energy Center,Unit,53429213,EPACAMD,55238CAMDUNIT0002,55238;0002,55238,2,10/8/2014,,Yes
IL,17,,17201,Winnebago,9698111,ILEPA,201030BCG,,Rockford Energy Center,Unit,53429113,EPACAMD,55238CAMDUNIT0001,55238;0001,55238,1,10/8/2014,,Yes
LA,22,,22089,St. Charles,5609011,LADEQ08,1137,Occidental Chemical Corp,Occidental Chemical Corp - Taft Plant,Unit,82246813,EPACAMD,55089CAMDUNITCT2,55089;CT2,55089,CT2,8/8/2011,,Yes
LA,22,,22089,St. Charles,5609011,LADEQ08,1137,Occidental Chemical Corp,Occidental Chemical Corp - Taft Plant,Unit,82247113,EPACAMD,55089CAMDUNITCT3,55089;CT3,55089,CT3,8/8/2011,,Yes
CA,6,,6085,Santa Clara,9991311,CARB,43130313289,LOS ESTEROS CRITICAL ENERGY FACILITY,LOS ESTEROS CRITICAL ENERGY FACILITY,Unit,54562713,EPACAMD,55748CAMDUNITCTG3,55748;CTG3,55748,CTG3,10/9/2014,,Yes
MO,29,,29071,Franklin,6032111,MODNR,3,Union Electric Company,AMEREN MISSOURI LABADIE ENERGY CENTER,Unit,24463913,EPACAMD,2103CAMDUNIT1,2103;1,2103,1,8/8/2011,,Yes
MO,29,,29097,Jasper,5339011,MODNR,104,Empire District Electric Company,EMPIRE DISTRICT ELECTRIC CO STATE LINE FACILITY,Unit,26481013,EPACAMD,7296CAMDUNIT1,7296;1,7296,1,8/8/2011,,Yes
MO,29,,29097,Jasper,5338211,MODNR,62,Empire District Electric Company,EMPIRE DISTRICT ELECTRIC CO EMPIRE ENERGY CENTER,Unit,59036513,EPACAMD,6223CAMDUNIT3B,6223;3B,6223,3B,8/8/2011,,Yes
FL,12,,12061,Indian River,1968211,FLDEP,610029,City Of Vero Beach,CITY OF VERO BEACH,Unit,41788813,EPACAMD,693CAMDUNIT3,693;3,693,3,9/23/2011,,Yes
CA,6,,6029,Kern,10296711,CARB,1514303412,"CXA LA PALOMA, LLC;  C/O CLMG CORP.","CXA LA PALOMA, LLC",Unit,58290113,EPACAMD,55151CAMDUNITCTG-2,55151;CTG-2,55151,CTG-2,8/8/2011,,Yes
FL,12,,12093,Okeechobee,18866311,FLDEP,930117,FLORIDA POWER & LIGHT COMPANY,FLORIDA POWER & LIGHT COMPANY,Unit,134848113,EPACAMD,60345CAMDUNITOCEC1A,60345;OCEC1A,60345,OCEC1A,2/3/2021,,Yes
CA,6,,6073,San Diego,19236011,CARB,3.71E+14,PIO PICO ENERGY CENTER LLC,PIO PICO ENERGY CENTER LLC,Unit,140094413,EPACAMD,57555CAMDUNITCTG2,57555;CTG2,57555,CTG2,3/14/2023,,Yes
CA,6,,6019,Fresno,17418611,CARB,1014307286,MIDWAY PEAKING LLC,MIDWAY PEAKING LLC,Unit,120717113,EPACAMD,56639CAMDUNIT1,56639;1,56639,1,2/24/2020,12/31/2049,Yes
WV,54,,54023,Grant,6257011,WVDAQ,3,"Dominion Resources, Inc.","Dominion Resources, Inc. - MOUNT STORM POWER STATION",Unit,71961613,EPACAMD,3954CAMDUNIT1,3954;1,3954,1,8/8/2011,,Yes
MA,25,,25009,Essex,18810911,MADEP,1193733,FOOTPRINT POWER SALEM HARBOR DEVELOPMENT,FOOTPRINT POWER SALEM HARBOR DEVELOPMENT,Unit,135592913,EPACAMD,60903CAMDUNIT2,60903;2,60903,2,2/21/2020,,Yes
VA,51,,51109,Louisa,9063611,VADEQ,40989,Old Dominion Electric Cooperative Louisa,Old Dominion Electric Cooperative Louisa,Unit,58370013,EPACAMD,7837CAMDUNITEU3,7837;EU3,7837,EU3,10/9/2014,,Yes
TX,48,,48453,Travis,9071611,TXCEQ,343,CITY OF AUSTIN ELECTRIC UTILITY DEPARTMENT DBA AUSTIN ENERGY,SAND HILL ENERGY CENTER,Unit,57558813,EPACAMD,7900CAMDUNITSH1,7900;SH1,7900,SH1,8/8/2011,,Yes
VA,51,,51065,Fluvanna,9078811,VADEQ,40995,,"Tenaska Virginia Partners, L.P.",Unit,58376813,EPACAMD,55439CAMDUNITCTGDB2,55439;CTGDB2,55439,CTGDB2,8/15/2014,,Yes
MA,25,,25025,Suffolk,6401511,MADEP,1190507,VICINITY ENERGY LLC,VICINITY ENERGY LLC,Unit,87556113,EPACAMD,880023CAMDUNITK1,880023;K1,880023,K1,8/8/2011,,Yes
SD,46,,46099,Minnehaha,9164411,SDDENR,28.0801-01,Northern States Power Company,Xcel Energy,Unit,54879813,EPACAMD,7237CAMDUNIT2,7237;2,7237,2,10/15/2014,12/31/2049,Yes
NY,36,,36019,Clinton,8375111,NYDEC,5094200106,SARANAC POWER PARTNERS LP,SARANAC POWER PARTNERS COGENERATION FAC,Unit,1671213,EPACAMD,54574CAMDUNIT00001,54574;00001,54574,1,8/8/2011,,Yes
MI,26,,26049,Genesee,6620111,MIDEQ,B2918,Consumers Energy Company,Consumers Energy Thetford Combustion Turbine Plant,Unit,18999013,EPACAMD,1719CAMDUNIT4,1719;4,1719,4,10/8/2014,12/31/2049,Yes
OH,39,,39129,Pickaway,9242811,OHEPA,165000132,,Darby Electric Generating Station (0165000132),Unit,55201913,EPACAMD,55247CAMDUNITCT6,55247;CT6,55247,CT6,10/1/2014,,Yes
ME,23,,23005,Cumberland,8028611,MEDEP,A-000743,Calpine Construction Finance Company LP,WESTBROOK ENERGY CENTER,Unit,94539413,EPACAMD,55294CAMDUNIT2,55294;2,55294,2,3/21/2013,,Yes
LA,22,,22077,Pointe Coupee,8020711,LADEQ08,38867,Louisiana Generating LLC,Louisiana Generating LLC - Big Cajun II Power Plant,Unit,81503613,EPACAMD,6055CAMDUNIT2B1,6055;2B1,6055,2B1,8/8/2011,,Yes
NV,32,,32003,Clark,9399211,NVCCDAQM,329,,SWG Nevada Holdings LLC,Unit,55525813,EPACAMD,10761CAMDUNIT5,10761;5,10761,5,10/20/2014,,Yes
IL,17,,17179,Tazewell,8199411,ILEPA,179801AAA,"Midwest Generation Eme, LLC",Midwest Generation LLC,Unit,5804813,EPACAMD,879CAMDUNIT62,879;62,879,62,8/14/2014,12/31/2049,Yes
IN,18,,18041,Fayette,8198011,INDEM,9,Na,Duke Energy Indiana LLC - Connersville,Unit,5820613,EPACAMD,1002CAMDUNIT2A,1002;2A,1002,2A,8/17/2014,,Yes
IN,18,,18173,Warrick,8183011,INDEM,1,Na,"SIGECO - Culley, Newburgh",Unit,5839913,EPACAMD,1012CAMDUNIT2,1012;2,1012,2,11/16/2011,12/31/2018,Yes
IN,18,,18129,Posey,8166111,INDEM,10,Na,Sigeco AB Brown South Indiana Gas & Ele,Unit,5888013,EPACAMD,6137CAMDUNIT3,6137;3,6137,3,8/8/2011,,Yes
IN,18,,18129,Posey,8166111,INDEM,10,Na,Sigeco AB Brown South Indiana Gas & Ele,Unit,5887413,EPACAMD,6137CAMDUNIT4,6137;4,6137,4,10/2/2014,,Yes
OK,40,,40079,Le Flore,8148711,OKDEQ,11,OG AND E,RIVER VALLEY GENERATING STATION,Unit,5950413,EPACAMD,10671CAMDUNIT1B,10671;1B,10671,1B,4/17/2017,,Yes
OH,39,,39053,Gallia,8148511,OHEPA,627010056,AEP Generation Resources,General James M. Gavin Power Plant (0627010056),Unit,5952713,EPACAMD,8102CAMDUNIT1,8102;1,8102,1,8/8/2011,,Yes
OH,39,,39053,Gallia,8148511,OHEPA,627010056,AEP Generation Resources,General James M. Gavin Power Plant (0627010056),Unit,5953013,EPACAMD,8102CAMDUNIT2,8102;2,8102,2,8/8/2011,,Yes
MI,26,,26159,Van Buren,9510111,MIDEQ,N6767,"Eastern Generation, LLC","New Covert Generating Company, LLC",Unit,57848213,EPACAMD,55297CAMDUNIT002,55297;002,55297,2,8/8/2013,,Yes
MI,26,,26147,St. Clair,8127911,MIDEQ,B2813,Detroit Edison Company,DTE - Electric Company MARYSVILLE POWER PLANT,Unit,6930013,EPACAMD,1732CAMDUNIT9,1732;9,1732,9,10/6/2014,,Yes
MI,26,,26139,Ottawa,8125511,MIDEQ,B2835,Consumers Energy Company,J. H. Campbell Plant,Unit,6964413,EPACAMD,1710CAMDUNIT2,1710;2,1710,2,8/8/2011,,Yes
IN,18,,18179,Wells,5507411,INDEM,26,Na,Montpelier Generating Station LLC,Unit,27513313,EPACAMD,55229CAMDUNITG3CT1,55229;G3CT1,55229,G3CT1,9/23/2011,,Yes
RI,44,,44007,Providence,5486911,RIDEM,AIR936,"Dominion Energy Manchester Street, Inc","MANCHESTER STREET, LLC",Unit,88380613,EPACAMD,3236CAMDUNIT9,3236;9,3236,9,8/14/2014,12/31/2049,Yes
MS,28,,28069,Kemper,7356611,MSDEQ,2806900015,AI015543,"TENNESSEE VALLEY AUTHORITY, TVA, KEMPER",Unit,8108313,EPACAMD,7960CAMDUNITKCT4,7960;KCT4,7960,KCT4,10/9/2014,,Yes
LA,22,,22039,Evangeline,7355011,LADEQ08,1906,CLECO Power LLC,CLECO Power LLC - Coughlin Power Station,Unit,80272913,EPACAMD,1396CAMDUNIT7-1,1396;7-1,1396,1-Jul,8/8/2011,,Yes
OK,40,,40031,Comanche,7320211,OKDEQ,211,PUBLIC SERVICE COMPANY OF OKLAHOMA,PSO COMANCHE POWER STATION,Unit,8336213,EPACAMD,8059CAMDUNIT7251,8059;7251,8059,7251,8/8/2011,,Yes
MA,25,,25017,Middlesex,5646011,MADEP,1190093,"KENDALL GREEN ENERGY, LLC",KENDALL GREEN ENERGY LLC,Unit,19970413,EPACAMD,1595CAMDUNIT1,1595;1,1595,1,8/19/2014,,Yes
MA,25,,25017,Middlesex,5646011,MADEP,1190093,"KENDALL GREEN ENERGY, LLC",KENDALL GREEN ENERGY LLC,Unit,87559513,EPACAMD,1595CAMDUNIT3,1595;3,1595,3,8/19/2014,,Yes
IL,17,,17031,Cook,9723111,ILEPA,031438ABC,,Elgin Energy Center LLC,Unit,88706213,EPACAMD,55438CAMDUNITCT02,55438;CT02,55438,CT02,7/22/2012,,Yes
AL,1,,1121,Talladega,7441011,ADEM,6,Na,Resolute FP US Inc.,Unit,10860413,EPACAMD,54216CAMDUNITAOW#3,54216;AOW#3,54216,AOW#3,8/8/2011,,Yes
AL,1,,1121,Talladega,7441011,ADEM,6,Na,Resolute FP US Inc.,Unit,10860213,EPACAMD,54216CAMDUNITAOW#1,54216;AOW#1,54216,AOW#1,8/8/2011,,Yes
KS,20,,20155,Reno,5500911,KSDOHE,33,"Evergy, Inc.",Evergy - Hutchinson,Unit,26990613,EPACAMD,1248CAMDUNITCT-3,1248;CT-3,1248,CT-3,4/18/2017,,Yes
MO,29,,29163,Pike,6794611,MODNR,47,Union Electric Company,AMEREN MISSOURI PENO CREEK ENERGY CENTER,Unit,109322913,EPACAMD,7964CAMDUNITCT3A,7964;CT3A,7964,CT3A,1/1/2013,,Yes
MO,29,,29163,Pike,6794611,MODNR,47,Union Electric Company,AMEREN MISSOURI PENO CREEK ENERGY CENTER,Unit,109322613,EPACAMD,7964CAMDUNITCT3B,7964;CT3B,7964,CT3B,1/1/2013,,Yes
LA,22,,22079,Rapides,5740811,LADEQ08,8494,City of Alexandria,Alexandria City of - DG Hunter Generating Station,Unit,81373413,EPACAMD,6558CAMDUNIT3,6558;3,6558,3,8/8/2011,,Yes
TN,47,,47085,Humphreys,5720911,TNDEC,43-0011,TVA JOHNSONVILLE FOSSIL PLANT,TVA - Johnsonville Combustion Turbine Plant,Unit,23015613,EPACAMD,3406CAMDUNIT9,3406;9,3406,9,8/8/2011,,Yes
TN,47,,47085,Humphreys,5720911,TNDEC,43-0011,TVA JOHNSONVILLE FOSSIL PLANT,TVA - Johnsonville Combustion Turbine Plant,Unit,23015713,EPACAMD,3406CAMDUNIT8,3406;8,3406,8,8/8/2011,,Yes
TN,47,,47085,Humphreys,5720911,TNDEC,43-0011,TVA JOHNSONVILLE FOSSIL PLANT,TVA - Johnsonville Combustion Turbine Plant,Unit,23016213,EPACAMD,3406CAMDUNITJCT5,3406;JCT5,3406,JCT5,8/25/2014,12/31/2049,Yes
TN,47,,47085,Humphreys,5720911,TNDEC,43-0011,TVA JOHNSONVILLE FOSSIL PLANT,TVA - Johnsonville Combustion Turbine Plant,Unit,135556513,EPACAMD,3406CAMDUNITJCT20,3406;JCT20,3406,JCT20,5/24/2023,,Yes
LA,22,,22077,Pointe Coupee,5931611,LADEQ08,11917,Louisiana Generating LLC,Louisiana Generating LLC - Big Cajun I Power Plant,Unit,81661813,EPACAMD,1464CAMDUNIT1B2,1464;1B2,1464,1B2,10/1/2014,,Yes
LA,22,,22077,Pointe Coupee,5931611,LADEQ08,11917,Louisiana Generating LLC,Louisiana Generating LLC - Big Cajun I Power Plant,Unit,81661513,EPACAMD,1464CAMDUNITCTG2,1464;CTG2,1464,CTG2,8/8/2011,,Yes
MN,27,,27139,Scott,6949611,MNPCA,2713900010,Northern States Power (Xcel Energy),Xcel Energy - Blue Lake,Unit,14296413,EPACAMD,8027CAMDUNIT2,8027;2,8027,2,10/9/2014,,Yes
MN,27,,27139,Scott,6949611,MNPCA,2713900010,Northern States Power (Xcel Energy),Xcel Energy - Blue Lake,Unit,14296313,EPACAMD,8027CAMDUNIT3,8027;3,8027,3,10/9/2014,,Yes
NY,36,,36081,Queens,8309011,NYDEC,2630400024,TC RAVENSWOOD LLC,RAVENSWOOD GENERATING STATION,Unit,202513,EPACAMD,2500CAMDUNITCT0011,2500;CT0011,2500,CT0011,9/24/2014,,Yes
SC,45,,45015,Berkeley,8306711,SCDHEC,0420-0006,South Carolina Generating Company,A M WILLIAMS STATION,Unit,211113,EPACAMD,3298CAMDUNITWIL1,3298;WIL1,3298,WIL1,8/8/2011,,Yes
NY,36,,36109,Tompkins,8542611,NYDEC,7503200019,AES EASTERN ENERGY LP,AES CAYUGA,Unit,228113,EPACAMD,2535CAMDUNIT2,2535;2,2535,2,8/14/2014,12/31/2049,Yes
NC,37,,37159,Rowan,8508011,NCDAQ,3715900163,Southern Power Company,Plant Rowan County,Unit,256013,EPACAMD,7826CAMDUNIT2,7826;2,7826,2,10/8/2014,,Yes
NC,37,,37159,Rowan,8508011,NCDAQ,3715900163,Southern Power Company,Plant Rowan County,Unit,74216013,EPACAMD,7826CAMDUNIT4,7826;4,7826,4,7/22/2012,,Yes
NC,37,,37159,Rowan,8506911,NCDAQ,3715900004,"Duke Energy Carolinas, LLC","Duke Energy Carolinas, LLC - Buck Combined Cycle Facility",Unit,264913,EPACAMD,2720CAMDUNIT8C,2720;8C,2720,8C,12/6/2014,,Yes
NC,37,,37159,Rowan,8506911,NCDAQ,3715900004,"Duke Energy Carolinas, LLC","Duke Energy Carolinas, LLC - Buck Combined Cycle Facility",Unit,265513,EPACAMD,2720CAMDUNIT5,2720;5,2720,5,8/8/2011,,Yes
NC,37,,37157,Rockingham,8493211,NCDAQ,3715700156,"Duke Energy Carolinas, LLC","Duke Energy Carolinas, LLC-Rockingham Co Comb. Turb.",Unit,74610613,EPACAMD,55116CAMDUNITCT1,55116;CT1,55116,CT1,8/14/2014,12/31/2049,Yes
NC,37,,37155,Robeson,8491111,NCDAQ,3715500147,"Duke Energy Progress, LLC","Duke Energy Progress, LLC - W. H. Weatherspoon Plant",Unit,279113,EPACAMD,2716CAMDUNIT7,2716;7,2716,7,11/6/2014,,Yes
NC,37,,37153,Richmond,8490411,NCDAQ,3715300070,"Duke Energy Progress, LLC","Duke Energy Progress, LLC - Richmond County Turbines",Unit,281713,EPACAMD,7805CAMDUNIT1,7805;1,7805,1,8/8/2011,,Yes
NC,37,,37153,Richmond,8490411,NCDAQ,3715300070,"Duke Energy Progress, LLC","Duke Energy Progress, LLC - Richmond County Turbines",Unit,98738613,EPACAMD,7805CAMDUNIT10,7805;10,7805,10,8/15/2014,,Yes
WI,55,,55075,Marinette,7096511,WIDNR,438089190,Wisconsin Public Service Corporation,WISCONSIN PUBLIC SERVICE CORP-WEST MARINETTE PLANT,Unit,14823813,EPACAMD,4076CAMDUNIT31A,4076;31A,4076,31A,11/6/2014,12/31/2049,Yes
WI,55,,55075,Marinette,7096511,WIDNR,438089190,Wisconsin Public Service Corporation,WISCONSIN PUBLIC SERVICE CORP-WEST MARINETTE PLANT,Unit,14823813,EPACAMD,4076CAMDUNIT31B,4076;31B,4076,31B,11/6/2014,12/31/2049,Yes
IN,18,,18065,Henry,4664211,INDEM,32,Na,Duke Energy Indiana LLC - Henry County,Unit,27969613,EPACAMD,7763CAMDUNIT2,7763;2,7763,2,10/6/2014,,Yes
OK,40,,40015,Caddo,8536511,OKDEQ,214,PUBLIC SERVICE COMPANY OF OKLAHOMA,PSO SOUTHWESTERN POWER STATION,Unit,479213,EPACAMD,2964CAMDUNIT8002,2964;8002,2964,8002,4/2/2014,,Yes
NY,36,,36029,Erie,8504011,NYDEC,9146400130,HUNTLEY POWER LLC,HUNTLEY STEAM GENERATING STATION,Unit,550713,EPACAMD,2549CAMDUNIT68,2549;68,2549,68,8/14/2014,12/31/2049,Yes
NY,36,,36049,Lewis,8469511,NYDEC,6232000018,WPS BEAVER FALLS GENERATION LLC,BEAVER FALLS GENERATING FACILITY,Unit,570213,EPACAMD,10617CAMDUNIT1,10617;1,10617,1,11/5/2014,,Yes
AL,1,,1097,Mobile,1056111,ADEM,1001,Alabama Power Company,Alabama Power Company-Barry,Unit,47671513,EPACAMD,3CAMDUNIT1,3;1,3,1,8/8/2011,,Yes
NH,33,,33007,Coos,17167211,NHDES,3300790137,,BURGESS BIOPOWER,Unit,114382213,EPACAMD,58054CAMDUNITST01,58054;ST01,58054,ST01,12/22/2015,,Yes
IL,17,,17197,Will,17933211,ILEPA,197035ABD,,Jackson Energy Center,Unit,136222313,EPACAMD,62926CAMDUNITCTG-01,62926;CTG-01,62926,CTG-01,5/23/2023,,Yes
NY,36,,36027,Dutchess,17942411,NYDEC,3132600275,,Cricket Valley Energy Center,Unit,127199013,EPACAMD,57185CAMDUNITU002,57185;U002,57185,U002,5/25/2022,,Yes
IN,18,,18167,Vigo,4147311,INDEM,21,Na,"Duke Energy Indiana, LLC- Wabash River",Unit,33173313,EPACAMD,1010CAMDUNIT3,1010;3,1010,3,8/8/2011,,Yes
IN,18,,18167,Vigo,4147311,INDEM,21,Na,"Duke Energy Indiana, LLC- Wabash River",Unit,33172913,EPACAMD,1010CAMDUNIT2,1010;2,1010,2,8/8/2011,,Yes
IN,18,,18167,Vigo,4147311,INDEM,21,Na,"Duke Energy Indiana, LLC- Wabash River",Unit,33173213,EPACAMD,1010CAMDUNIT6,1010;6,1010,6,8/8/2011,,Yes
CO,8,,8041,El Paso,4391711,CODPHE,CO0000000804100004,Colorado Springs Utilities,COLORADO SPRINGS UTILITIES- MARTIN DRAKE,Unit,36145313,EPACAMD,492CAMDUNIT5,492;5,492,5,8/8/2011,,Yes
SC,45,,45015,Berkeley,4120411,SCDHEC,0420-0030,Santee Cooper,SANTEE COOPER CROSS GENERATING STATION,Unit,34984413,EPACAMD,130CAMDUNIT1,130;1,130,1,8/8/2011,,Yes
SC,45,,45015,Berkeley,4120411,SCDHEC,0420-0030,Santee Cooper,SANTEE COOPER CROSS GENERATING STATION,Unit,34984313,EPACAMD,130CAMDUNIT2,130;2,130,2,8/8/2011,,Yes
PA,42,,42107,Schuylkill,4105111,PADEP,421070025,NORTHEASTERN POWER CO,GILBERTON POWER CO/JOHN B RICH MEM POWER STA,Unit,34990513,EPACAMD,10113CAMDUNIT031,10113;031,10113,31,8/8/2011,,Yes
GA,13,,13127,Glynn,3721111,GADNR,12700004,Georgia Power Company,Ga Power Company - Plant McManus,Unit,36833413,EPACAMD,715CAMDUNIT4D,715;4D,715,4D,10/8/2014,,Yes
GA,13,,13127,Glynn,3721111,GADNR,12700004,Georgia Power Company,Ga Power Company - Plant McManus,Unit,36834213,EPACAMD,715CAMDUNIT3C,715;3C,715,3C,10/8/2014,,Yes
GA,13,,13127,Glynn,3721111,GADNR,12700004,Georgia Power Company,Ga Power Company - Plant McManus,Unit,36833713,EPACAMD,715CAMDUNIT4F,715;4F,715,4F,10/8/2014,,Yes
TX,48,,48121,Denton,3115511,TXCEQ,2,CITY OF GARLAND POWER & LIGHT,SPENCER GENERATING STATION,Unit,38301213,EPACAMD,4266CAMDUNIT5,4266;5,4266,5,9/23/2011,,Yes
UT,49,,49049,Utah,12730611,UTDAQ,13031,PacifiCorp Energy,PacifiCorp Energy: Lake Side Power Plant,Unit,72104013,EPACAMD,56237CAMDUNITCT02,56237;CT02,56237,CT02,8/15/2014,,Yes
RI,44,,44005,Newport,3038311,RIDEM,AIR3810,Tiverton Power,TIVERTON POWER,Unit,88360413,EPACAMD,55048CAMDUNIT1,55048;1,55048,1,8/24/2014,,Yes
IA,19,,19153,Polk,3164811,IADNR,77-13-002,MIDAMERICAN ENERGY COMPANY,MIDAMERICAN ENERGY CO - PLEASANT HILL/GDMEC,Unit,67980413,EPACAMD,7985CAMDUNIT1,7985;1,7985,1,7/24/2012,,Yes
CA,6,,6077,San Joaquin,1405711,CARB,3914302697,NORTHERN CALIFORNIA POWER,NORTHERN CALIFORNIA POWER,Unit,43607613,EPACAMD,7449CAMDUNITNA1,7449;NA1,7449,NA1,10/7/2014,,Yes
IL,17,,17043,DuPage,3220911,ILEPA,043407AAF,,Aurora Generation LLC,Unit,39465313,EPACAMD,55279CAMDUNITAGS02,55279;AGS02,55279,AGS02,9/23/2011,,Yes
IL,17,,17043,DuPage,3220911,ILEPA,043407AAF,,Aurora Generation LLC,Unit,39466013,EPACAMD,55279CAMDUNITAGS03,55279;AGS03,55279,AGS03,9/23/2011,,Yes
IL,17,,17043,DuPage,3220911,ILEPA,043407AAF,,Aurora Generation LLC,Unit,39466113,EPACAMD,55279CAMDUNITAGS06,55279;AGS06,55279,AGS06,9/23/2011,,Yes
CO,8,,8013,Boulder,778211,CODPHE,CO0000000801300001,Black Hills Colorado LLC,PUBLIC SERVICE CO - VALMONT STATION,Unit,90874613,EPACAMD,55207CAMDUNITCT8,55207;CT8,55207,CT8,6/5/2023,,Yes
GA,13,,13237,Putnam,2532311,GADNR,23700008,Georgia Power Company,Ga Power Company - Plant Branch,Unit,40371313,EPACAMD,709CAMDUNIT2,709;2,709,2,8/8/2011,,Yes
AR,5,,5059,Hot Spring,658911,ARDEQ,505900011,ENTERGY,ENTERGY ARK LLC-LAKE CATHERINE,Unit,63320313,EPACAMD,170CAMDUNIT3,170;3,170,3,8/8/2011,,Yes
CT,9,,9009,New Haven,643411,CTBAM,T117P0551C08087,"PSEG POWER CT, LLC",PSEG FOSSIL LLC/ POWER CT LLC,Unit,107238113,EPACAMD,6156CAMDUNITNHHS4,6156;NHHS4,6156,NHHS4,10/9/2014,,Yes
FL,12,,12121,Suwannee,642811,FLDEP,1210003,Progress Energy Corporation,"DUKE ENERGY FLORIDA, LLC",Unit,46455413,EPACAMD,638CAMDUNIT1B,638;1B,638,1B,8/25/2014,12/31/2049,Yes
DE,10,,10005,Sussex,640911,DEDNR,1000500001,"Indian River Power, LLC",INDIAN RIVER GENERATING STATION,Unit,46474913,EPACAMD,594CAMDUNIT1,594;1,594,1,8/8/2011,,Yes
DE,10,,10003,New Castle,640311,DEDNR,1000300388,"Calpine Mid-Atlantic Generation, LLC",HAY ROAD ENERGY CENTER,Unit,46481913,EPACAMD,7153CAMDUNIT7,7153;7,7153,7,8/8/2011,,Yes
FL,12,,12031,Duval,640211,FLDEP,310045,JEA,JEA-NORTHSIDE/SJRPP,Unit,46483713,EPACAMD,667CAMDUNITGT3,667;GT3,667,GT3,10/7/2014,,Yes
FL,12,,12031,Duval,640211,FLDEP,310045,JEA,JEA-NORTHSIDE/SJRPP,Unit,46484313,EPACAMD,667CAMDUNIT2A,667;2A,667,2A,8/8/2011,,Yes
FL,12,,12071,Lee,922311,FLDEP,710002,Florida Power & Light Company,FLORIDA POWER & LIGHT,Unit,67301813,EPACAMD,612CAMDUNITGFM01,612;GFM01,612,GFM01,10/9/2014,,Yes
FL,12,,12099,Palm Beach,921511,FLDEP,990042,Florida Power & Light Company,FLORIDA POWER & LIGHT (PRV),Unit,46505813,EPACAMD,619CAMDUNITPRV3,619;PRV3,619,PRV3,8/8/2011,,Yes
AL,1,,1129,Washington,1028611,ADEM,1,"Alabama Electric Cooperative, Inc",PowerSouth Energy Cooperative Inc,Unit,46970713,EPACAMD,56CAMDUNIT2,56;2,56,2,8/8/2011,,Yes
AR,5,,5031,Craighead,976311,ARDEQ,503100412,City Water & Light Plant of the City of Jonesboro,JONESBORO CITY WATER AND LIGHT-NW SUBSTA,Unit,112831013,EPACAMD,56505CAMDUNITSN06,56505;SN06,56505,SN06,5/29/2018,,Yes
AL,1,,1081,Lee,953511,ADEM,36,Georgia Power Company,Southern Power Company,Unit,83316613,EPACAMD,7710CAMDUNIT3A,7710;3A,7710,3A,8/8/2011,,Yes
AL,1,,1081,Lee,953311,ADEM,30,South Eastern Electric Development Corp,Walton Discover Power Facility,Unit,47374213,EPACAMD,55138CAMDUNIT1B,55138;1B,55138,1B,10/10/2014,,Yes
OK,40,,40107,Okfuskee,933911,OKDEQ,216,PUBLIC SERVICE COMPANY OF OKLAHOMA,PSO WELEETKA POWER STATION,Unit,47383613,EPACAMD,2966CAMDUNIT5,2966;5,2966,5,5/28/2017,,Yes
AZ,4,,4017,Navajo,863011,AZDEQ,447,ARIZONA PUBLIC SERVICE CO,APS - CHOLLA POWER PLANT,Unit,111574713,EPACAMD,113CAMDUNIT3,113;3,113,3,10/1/2015,,Yes
AZ,4,,4003,Cochise,862811,AZDEQ,3532,"ARIZONA ELECTRIC POWER COOPERATIVE, INC.",AEPCO - APACHE GENERATING STATION,Unit,47506113,EPACAMD,160CAMDUNIT3,160;3,160,3,8/14/2014,12/31/2049,Yes
AZ,4,,4013,Maricopa,547311,AZMCAQD,41,Arizona Public Service Company,APS Ocotillo Power Plant,Unit,48303113,EPACAMD,116CAMDUNIT2,116;2,116,2,8/15/2014,,Yes
AZ,4,,4013,Maricopa,546011,AZMCAQD,2126,Arlington Valley LLC,Arlington Valley LLC,Unit,48316913,EPACAMD,55282CAMDUNITCTG1,55282;CTG1,55282,CTG1,8/8/2013,,Yes
CA,6,,6073,San Diego,13562011,CARB,3712277112,ESCONDIDO ENERGY CENTER LLC,ESCONDIDO ENERGY CENTER LLC,Unit,78551213,EPACAMD,55538CAMDUNITCTG1,55538;CTG1,55538,CTG1,5/5/2018,,Yes
CO,8,,8081,Moffat,1839711,CODPHE,CO0000000808100018,Tri-State Generation & Transmission,TRI STATE GENERATION CRAIG,Unit,41819013,EPACAMD,6021CAMDUNITC2,6021;C2,6021,C2,8/8/2011,,Yes
FL,12,,12097,Osceola,1950911,FLDEP,970014,Progress Energy Corporation,"DUKE ENERGY FLORIDA, LLC",Unit,41857313,EPACAMD,8049CAMDUNIT2B,8049;2B,8049,2B,10/3/2014,12/31/2049,Yes
FL,12,,12097,Osceola,1950911,FLDEP,970014,Progress Energy Corporation,"DUKE ENERGY FLORIDA, LLC",Unit,41856813,EPACAMD,8049CAMDUNIT5B,8049;5B,8049,5B,10/3/2014,12/31/2049,Yes
CA,6,,6099,Stanislaus,14025311,CARB,5014307172,WALNUT ENERGY CENTER AUTHORITY,WALNUT ENERGY CENTER AUTHORITY,Unit,85005313,EPACAMD,56078CAMDUNIT1,56078;1,56078,1,8/8/2011,,Yes
CA,6,,6023,Humboldt,155111,CARB,12062059,PG & E -  HUMBOLDT BAY GENERATING STATION,PG&E - HUMBOLDT BAY GENERATING STATION,Unit,84665813,EPACAMD,246CAMDUNIT2,246;2,246,2,8/8/2011,,Yes
NC,37,,37007,Anson,10616211,NCDAQ,3700700050,North Carolina Electric Membership Corporation,NCEMC - Anson Plant,Unit,74982813,EPACAMD,56249CAMDUNITES2-B,56249;ES2-B,56249,ES2-B,8/14/2014,12/31/2049,Yes
NV,32,,32003,Clark,10626511,NVCCDAQM,423,,Nevada Sun Peak Partnerships,Unit,58434813,EPACAMD,54854CAMDUNIT4,54854;4,54854,4,2/28/2018,,Yes
CA,6,,6067,Sacramento,4919711,CARB,341624195,SACRAMENTO COGENERATION AUTHOY,SACRAMENTO COGENERATION AUTHOY,Unit,84801313,EPACAMD,7551CAMDUNIT1B,7551;1B,7551,1B,10/12/2014,,Yes
ID,16,,16039,Elmore,15472411,IDDEQ,3900025,,IDAHO POWER CO - BENNETT MOUNTAIN,Unit,96576813,EPACAMD,55733CAMDUNITCT01,55733;CT01,55733,CT01,10/14/2014,,Yes
OH,39,,39143,Sandusky,15483111,OHEPA,372030241,,AMP Fremont Energy Center (0372030241),Unit,96948213,EPACAMD,55701CAMDUNITCT01,55701;CT01,55701,CT01,8/8/2013,,Yes
OH,39,,39143,Sandusky,15483111,OHEPA,372030241,,AMP Fremont Energy Center (0372030241),Unit,96948313,EPACAMD,55701CAMDUNITCT02,55701;CT02,55701,CT02,8/8/2013,,Yes
GA,13,,13087,Decatur,15498211,GADNR,8700053,,Bainbridge Power Facility,Unit,97049513,EPACAMD,56015CAMDUNITP1A,56015;P1A,56015,P1A,10/29/2014,12/31/2049,Yes
GA,13,,13303,Washington,15502311,GADNR,30300040,,AL Sandersville,Unit,97057713,EPACAMD,55672CAMDUNITCT6,55672;CT6,55672,CT6,1/6/2014,,Yes
GA,13,,13303,Washington,15504111,GADNR,30300039,,"Washington County Power, LLC",Unit,97063613,EPACAMD,55332CAMDUNITT2,55332;T2,55332,T2,8/15/2014,,Yes
GA,13,,13297,Walton,15508211,GADNR,29700042,,Walton County Power LLC,Unit,97088113,EPACAMD,55128CAMDUNITT3,55128;T3,55128,T3,5/22/2013,,Yes
GA,13,,13297,Walton,15508211,GADNR,29700042,,Walton County Power LLC,Unit,97088013,EPACAMD,55128CAMDUNITT2,55128;T2,55128,T2,5/22/2013,,Yes
CA,6,,6059,Orange,15993811,CARB,3.01E+11,CANYON POWER PLANT,CANYON POWER PLANT,Unit,119584713,EPACAMD,57027CAMDUNIT3,57027;3,57027,3,2/24/2020,,Yes
CA,6,,6059,Orange,15993811,CARB,3.01E+11,CANYON POWER PLANT,CANYON POWER PLANT,Unit,119584513,EPACAMD,57027CAMDUNIT1,57027;1,57027,1,2/24/2020,,Yes
GA,13,,13207,Monroe,15578911,GADNR,20700030,,Smarr EMC,Unit,98198413,EPACAMD,7829CAMDUNIT1,7829;1,7829,1,10/9/2014,,Yes
GA,13,,13205,Mitchell,15580111,GADNR,20500043,,Sowega Power LLC,Unit,98199113,EPACAMD,7768CAMDUNITCT2,7768;CT2,7768,CT2,10/9/2014,,Yes
CT,9,,9009,New Haven,15588211,CTBAM,T192P0005C08468,"WATERBURY GENERATION, LLC","WATERBURY GENERATION, LLC",Unit,99539613,EPACAMD,56629CAMDUNIT10,56629;10,56629,10,6/11/2013,,Yes
NC,37,,37045,Cleveland,16600211,NCDAQ,3704500372,Southern Power Company,Cleveland County Generating Facility,Unit,106270413,EPACAMD,57029CAMDUNITES3,57029;ES3,57029,ES3,10/8/2014,,Yes
CT,9,,9011,New London,16708211,CTBAM,T139P0105C06101,City of Norwich,NORWICH PUBLIC UTIL/ELECT,Unit,107730113,EPACAMD,581CAMDUNITTRBINE,581;TRBINE,581,TRBINE,12/6/2014,,Yes
CT,9,,9005,Litchfield,16708411,CTBAM,T183P0043C07741,"NRG ENERGY, INC.","Connecticut Jet Power LLC, Torrington Terminal",Unit,107730313,EPACAMD,565CAMDUNIT10,565;10,565,10,11/6/2014,,Yes
IL,17,,17197,Will,7973011,ILEPA,197809AAO,"Midwest Generation Eme, LLC",Midwest Generation LLC,Unit,2980313,EPACAMD,384CAMDUNIT82,384;82,384,82,8/14/2014,12/31/2049,Yes
IL,17,,17197,Will,7973011,ILEPA,197809AAO,"Midwest Generation Eme, LLC",Midwest Generation LLC,Unit,2981413,EPACAMD,384CAMDUNIT71,384;71,384,71,8/14/2014,12/31/2049,Yes
IN,18,,18029,Dearborn,7972611,INDEM,2,Na,Tanners Creek Development LLC,Unit,2990013,EPACAMD,988CAMDUNITU4,988;U4,988,U4,8/8/2011,,Yes
IN,18,,18073,Jasper,7957011,INDEM,8,Na,Northern Indiana Public Service Company LLC - RM Schahfer Generating Station,Unit,3010013,EPACAMD,6085CAMDUNIT17,6085;17,6085,17,8/8/2011,,Yes
IN,18,,18073,Jasper,7957011,INDEM,8,Na,Northern Indiana Public Service Company LLC - RM Schahfer Generating Station,Unit,3008913,EPACAMD,6085CAMDUNIT15,6085;15,6085,15,8/8/2011,,Yes
IL,17,,17157,Randolph,7954611,ILEPA,157851AAA,"Dynegy Midwest Generation, Inc",Dynegy Midwest Generation LLC,Unit,3024313,EPACAMD,889CAMDUNIT2,889;2,889,2,8/8/2011,,Yes
OH,39,,39035,Cuyahoga,7937411,OHEPA,1318001613,Na,Cleveland-Cliffs Cleveland Works LLC (1318001613),Unit,3101613,EPACAMD,10398CAMDUNITB002,10398;B002,10398,B002,2/12/2018,,Yes
OH,39,,39035,Cuyahoga,7937411,OHEPA,1318001613,Na,Cleveland-Cliffs Cleveland Works LLC (1318001613),Unit,3100313,EPACAMD,10398CAMDUNITB003,10398;B003,10398,B003,2/12/2018,,Yes
NC,37,,37087,Haywood,7920511,NCDAQ,3708700159,Blue Ridge Paper Products LLC,Blue Ridge Paper Products LLC,Unit,3184213,EPACAMD,50244CAMDUNITB4,50244;B4,50244,B4,4/21/2017,,Yes
NJ,34,,34029,Ocean,7903511,NJDEP,78932,Conectiv Atlantic Generation LLC,Cedar Energy Center,Unit,3262213,EPACAMD,2380CAMDUNIT002001,2380;002001,2380,2001,10/14/2014,,Yes
MI,26,,26163,Wayne,7902611,MIDEQ,B2132,Department of Municipal Service,WYANDOTTE DEPT MUNI POWER PLANT,Unit,3280213,EPACAMD,1866CAMDUNIT7,1866;7,1866,7,8/8/2011,,Yes
MI,26,,26115,Monroe,7888311,MIDEQ,B2816,DTE Electric Company,DTE Electric Company - Monroe Power Plant,Unit,3285213,EPACAMD,1733CAMDUNIT4,1733;4,1733,4,8/8/2011,,Yes
MI,26,,26163,Wayne,7887511,MIDEQ,B2812,Detroit Edison Company,DTE - Electric Company CONNERS CREEK,Unit,3300013,EPACAMD,1726CAMDUNIT16,1726;16,1726,16,9/23/2011,,Yes
MI,26,,26163,Wayne,7887511,MIDEQ,B2812,Detroit Edison Company,DTE - Electric Company CONNERS CREEK,Unit,3299813,EPACAMD,1726CAMDUNIT18,1726;18,1726,18,9/23/2011,,Yes
NY,36,,36087,Rockland,7953011,NYDEC,3392800010,MIRANT LOVETT LLC,LOVETT GENERATING STATION,Unit,3500513,EPACAMD,2629CAMDUNIT3,2629;3,2629,3,12/6/2014,,Yes
IA,19,,19009,Audubon,9661311,IADNR,05-04-002,WESTERN MINNESOTA MUNICIPAL POWER AGENCY,WESTERN MINNESOTA MUNICIPAL POWER AGENCY,Unit,67654513,EPACAMD,56013CAMDUNITU-3,56013;U-3,56013,U-3,10/14/2014,,Yes
OK,40,,40133,Seminole,8007311,OKDEQ,1210,OG AND E,SEMINOLE GENERATING STATION,Unit,5014313,EPACAMD,2956CAMDUNIT2,2956;2,2956,2,8/8/2011,,Yes
PA,42,,42031,Clarion,8004711,PADEP,420310406,Piney Creek Limited Partnership,PINEY CREEK LP/PINEY CREEK POWER PLT,Unit,5052713,EPACAMD,54144CAMDUNIT031,54144;031,54144,31,8/8/2011,,Yes
PA,42,,42017,Bucks,8004311,PADEP,420170006,CONSTELLATION ENERGY GENERATION LLC,EXELON GENERATION CO/CROYDON GEN STA,Unit,5056413,EPACAMD,8012CAMDUNIT11,8012;11,8012,11,8/17/2014,,Yes
NJ,34,,34033,Salem,7991211,NJDEP,65500,PSEG Nuclear LLC,PSEG Nuclear LLC Hope Crk-Salem Gen Stations,Unit,66021513,EPACAMD,2410CAMDUNIT2001,2410;2001,2410,2001,10/27/2014,,Yes
NJ,34,,34039,Union,7990111,NJDEP,41810,PSEG Power LLC,PSEG Fossil LLC Linden Gen St & PSE&G SNG Plt,Unit,66146013,EPACAMD,2406CAMDUNIT1201,2406;1201,2406,1201,8/14/2014,12/31/2049,Yes
OK,40,,40143,Tulsa,8186111,OKDEQ,213,PUBLIC SERVICE COMPANY OF OKLAHOMA,PSO RIVERSIDE JENKS POWER STATION,Unit,72254713,EPACAMD,4940CAMDUNIT1504,4940;1504,4940,1504,4/2/2014,,Yes
OK,40,,40143,Tulsa,8186111,OKDEQ,213,PUBLIC SERVICE COMPANY OF OKLAHOMA,PSO RIVERSIDE JENKS POWER STATION,Unit,5349913,EPACAMD,4940CAMDUNIT1501,4940;1501,4940,1501,8/8/2011,,Yes
CA,6,,6073,San Diego,17193811,CARB,3712276289,"J-POWER USA DEVELOPMENT CO, LTD",ORANGE GROVE ENERGY LP,Unit,145869013,EPACAMD,56914CAMDUNITCTG1,56914;CTG1,56914,CTG1,6/2/2023,,Yes
TX,48,,48277,Lamar,6431011,TXCEQ,13,PARIS GENERATION LP,PARIS GENERATION,Unit,16595113,EPACAMD,50109CAMDUNITHRSG2,50109;HRSG2,50109,HRSG2,8/8/2011,,Yes
WV,54,,54061,Monongalia,6773811,WVDAQ,27,VICINITY ENERGY,MORGANTOWN ENERGY FACILITY,Unit,71937813,EPACAMD,10743CAMDUNITCFB1,10743;CFB1,10743,CFB1,8/14/2014,12/31/2049,Yes
WV,54,,54053,Mason,6760811,WVDAQ,9,Appalachian Power Company,APPALACHIAN POWER - MOUNTAINEER PLANT,Unit,71715813,EPACAMD,6264CAMDUNIT1,6264;1,6264,1,8/8/2011,,Yes
WV,54,,54053,Mason,6760711,WVDAQ,1,Appalachian Power Company,APPALACHIAN POWER CO.-PHILIP SPORN PLANT,Unit,71715513,EPACAMD,3938CAMDUNIT41,3938;41,3938,41,8/8/2011,,Yes
VA,51,,51061,Fauquier,6744911,VADEQ,40961,Dominion - Remington CT Station,Dominion - Remington CT Station,Unit,13418813,EPACAMD,7838CAMDUNIT3,7838;3,7838,3,7/27/2014,,Yes
SC,45,,45079,Richland,7126411,SCDHEC,1900-0013,South Carolina Electric & Gas Company,WATEREE STATION,Unit,15034313,EPACAMD,3297CAMDUNITWAT1,3297;WAT1,3297,WAT1,8/8/2011,,Yes
CA,6,,6079,San Luis Obispo,7123811,CARB,4011318,DUKE ENERGY MORRO BAY,DYNEGY MORRO BAY LLC,Unit,15065713,EPACAMD,259CAMDUNIT3,259;3,259,3,9/23/2011,,Yes
MN,27,,27031,Cook,7039811,MNPCA,2703100001,"Minnesota Power, Inc.",Minnesota Power - Taconite Harbor Energy Center,Unit,15137313,EPACAMD,10075CAMDUNIT1,10075;1,10075,1,8/8/2011,,Yes
OK,40,,40143,Tulsa,7218011,OKDEQ,3594,GREEN COUNTRY ENERGY LLC,GREEN COUNTRY ENERGY PROJECT,Unit,10019313,EPACAMD,55146CAMDUNITCTGEN1,55146;CTGEN1,55146,CTGEN1,8/8/2011,,Yes
NJ,34,,34011,Cumberland,7201911,NJDEP,75508,Conectiv Atlantic Generation LLC,Cumberland Energy Center,Unit,10062813,EPACAMD,5083CAMDUNIT05001,5083;05001,5083,5001,10/1/2014,,Yes
PA,42,,42017,Bucks,7410911,PADEP,420170306,EXELON GENERATION CO LLC,EXELON GENERATION CO/FAIRLESS HILLS GEN STA,Unit,10377513,EPACAMD,7701CAMDUNITPHBLR3,7701;PHBLR3,7701,PHBLR3,8/21/2014,,Yes
NJ,34,,34003,Bergen,7392311,NJDEP,2488,PSEG Power LLC,PSEG Bergen Generating Station,Unit,10494713,EPACAMD,2398CAMDUNIT1101,2398;1101,2398,1101,8/14/2014,12/31/2049,Yes
PA,42,,42129,Westmoreland,18895511,PADEP,421290248,TENASKA PA PARTNERS LLC,TENASKA PA PARTNERS/WESTMORELAND GEN FAC,Unit,135441113,EPACAMD,60464CAMDUNIT101,60464;101,60464,101,4/27/2020,,Yes
WI,55,,55079,Milwaukee,6330511,WIDNR,241007800,Wisconsin Electric Power Company,WISCONSIN ELECTRIC POWER COMPANY D/B/A WE ENERGIES-VALLEY STATION,Unit,15438313,EPACAMD,4042CAMDUNIT1,4042;1,4042,1,8/8/2011,,Yes
WI,55,,55079,Milwaukee,6330411,WIDNR,241007690,Wisconsin Electric Power Company,WE ENERGIES-OAK CREEK Power Plant,Unit,15438613,EPACAMD,4041CAMDUNIT8,4041;8,4041,8,8/8/2011,,Yes
NJ,34,,34013,Essex,7478411,NJDEP,7627,PSEG Fossil LLC,PSEG FOSSIL LLC ESSEX GENERATING STATION,Unit,11647113,EPACAMD,2401CAMDUNIT10001,2401;10001,2401,10001,8/15/2014,12/31/2049,Yes
NJ,34,,34013,Essex,7478411,NJDEP,7627,PSEG Fossil LLC,PSEG FOSSIL LLC ESSEX GENERATING STATION,Unit,11647113,EPACAMD,2401CAMDUNIT4001,2401;4001,2401,4001,8/15/2014,12/31/2049,Yes
NJ,34,,34011,Cumberland,7462211,NJDEP,75512,Conectiv Atlantic Generation LLC,Carlls Energy Center,Unit,11673713,EPACAMD,2379CAMDUNIT002001,2379;002001,2379,2001,1/1/2020,,Yes
MS,28,,28049,Hinds,6966711,MSDEQ,2804900230,AI012051,"ENTERGY MISSISSIPPI INC, HINDS COUNTY PL",Unit,13986213,EPACAMD,55218CAMDUNITH01,55218;H01,55218,H01,8/8/2011,,Yes
MS,28,,28073,Lamar,7154411,MSDEQ,2807300021,AI001104,"COOPERATIVE ENERGY, A MISSISSIPPI ELECTR",Unit,14080913,EPACAMD,6061CAMDUNIT2,6061;2,6061,2,8/8/2011,,Yes
MS,28,,28067,Jones,7139511,MSDEQ,2806700035,AI005099,"COOPERATIVE ENERGY, MOSELLE GENERATING P",Unit,99118613,EPACAMD,2070CAMDUNIT6,2070;6,2070,6,3/25/2018,,Yes
MN,27,,27037,Dakota,6275411,MNPCA,2703700003,Northern States Power (Xcel Energy),Xcel Energy - Black Dog Generating Plant,Unit,15814813,EPACAMD,1904CAMDUNIT4,1904;4,1904,4,8/8/2011,,Yes
NC,37,,37145,Person,7826111,NCDAQ,3714500045,"Duke Energy Progress, LLC","Duke Energy Progress, LLC - Mayo Electric Generating Plant",Unit,2214013,EPACAMD,6250CAMDUNIT1B,6250;1B,6250,1B,8/25/2014,12/31/2049,Yes
NC,37,,37145,Person,7826011,NCDAQ,3714500029,"Duke Energy Progress, LLC","Duke Energy Progress, LLC - Roxboro Steam Electric Plant",Unit,2214613,EPACAMD,2712CAMDUNIT1,2712;1,2712,1,8/8/2011,,Yes
NC,37,,37145,Person,7826011,NCDAQ,3714500029,"Duke Energy Progress, LLC","Duke Energy Progress, LLC - Roxboro Steam Electric Plant",Unit,2215313,EPACAMD,2712CAMDUNIT3A,2712;3A,2712,3A,8/14/2014,12/31/2049,Yes
IL,17,,17127,Massac,7808911,ILEPA,127855AAC,"Electric Energy, Inc",Electric Energy Inc,Unit,2230913,EPACAMD,887CAMDUNIT3,887;3,887,3,8/8/2011,,Yes
IL,17,,17115,Macon,7793311,ILEPA,115015ABX,,Tate & Lyle Ingredients Americas LLC,Unit,2268613,EPACAMD,10867CAMDUNIT123-09,10867;123-09,10867,123-09,12/30/2049,12/31/2049,Yes
IL,17,,17115,Macon,7793311,ILEPA,115015ABX,,Tate & Lyle Ingredients Americas LLC,Unit,2268613,EPACAMD,10867CAMDUNIT123-08,10867;123-08,10867,123-08,12/30/2049,12/31/2049,Yes
IL,17,,17097,Lake,7792311,ILEPA,097190AAC,"Midwest Generation Eme, LLC",Waukegan Electric Generating Station,Unit,2285513,EPACAMD,883CAMDUNIT321,883;321,883,321,10/1/2014,12/31/2049,Yes
TX,48,,48029,Bexar,5616511,TXCEQ,5,CITY PUBLIC SERVICE BOARD,VH BRAUNIG PLANT,Unit,91500813,EPACAMD,3612CAMDUNITCGT6,3612;CGT6,3612,CGT6,10/12/2014,,Yes
MA,25,,25021,Norfolk,5851311,MADEP,1200133,EXELON WEST MEDWAY LLC AND WEST MEDWAY II LLC,CONSTELLATION WEST MEDWAY LLC,Unit,87477113,EPACAMD,1592CAMDUNITJ3T2,1592;J3T2,1592,J3T2,10/27/2014,,Yes
VA,51,,51580,Covington city,5798711,VADEQ,20328,,WESTROCK VIRGINIA CORP,Unit,21498513,EPACAMD,50900CAMDUNIT011,50900;011,50900,11,4/21/2017,,Yes
CA,6,,6037,Los Angeles,5796711,CARB,1.91E+11,"LA CITY, DWP HAYNES GENERATING STATION","LA CITY, DWP HAYNES GENERATING STATION",Unit,21563713,EPACAMD,400CAMDUNIT5,400;5,400,5,7/24/2012,,Yes
MD,24,,24025,Harford,6131311,MDDOE,025-0024,"Constellation Power Source Generation, Inc.",Constellation Power - Perryman Power Plant,Unit,87957613,EPACAMD,1556CAMDUNITCT4,1556;CT4,1556,CT4,8/8/2011,,Yes
MD,24,,24025,Harford,6131311,MDDOE,025-0024,"Constellation Power Source Generation, Inc.",Constellation Power - Perryman Power Plant,Unit,87957313,EPACAMD,1556CAMDUNITCT1,1556;CT1,1556,CT1,8/8/2011,,Yes
LA,22,,22001,Acadia,6082711,LADEQ08,83623,Cleco Power LLC,Cleco Power LLC - Acadia Power Station,Unit,80438613,EPACAMD,55173CAMDUNITCT2,55173;CT2,55173,CT2,8/8/2011,,Yes
MA,25,,25027,Worcester,6066411,MADEP,1180281,MILLENNIUM POWER PARTNERS LP,MILLENNIUM POWER COMPANY LLC,Unit,87811813,EPACAMD,55079CAMDUNIT1,55079;1,55079,1,8/8/2011,,Yes
NM,35,,35023,Hidalgo,5213011,NMED,558,"Tri- State Generation and Transmission Association, Inc.",Pyramid Generating Station,Unit,91583413,EPACAMD,7975CAMDUNIT4,7975;4,7975,4,9/24/2014,,Yes
KY,21,,21177,Muhlenberg,5196711,KYDAQ,2117700006,Tennessee Valley Authority,Tennessee Valley Authority - Paradise Fossil Plant,Unit,86764413,EPACAMD,1378CAMDUNIT2,1378;2,1378,2,8/8/2011,,Yes
KY,21,,21177,Muhlenberg,5196711,KYDAQ,2117700006,Tennessee Valley Authority,Tennessee Valley Authority - Paradise Fossil Plant,Unit,129706013,EPACAMD,1378CAMDUNITPCC3,1378;PCC3,1378,PCC3,5/16/2019,,Yes
KY,21,,21167,Mercer,5933111,KYDAQ,2116700001,Louisville Gas And Electric Company,KY Utilities Co - Brown Station,Unit,86761013,EPACAMD,1355CAMDUNIT10,1355;10,1355,10,10/1/2014,,Yes
KY,21,,21167,Mercer,5933111,KYDAQ,2116700001,Louisville Gas And Electric Company,KY Utilities Co - Brown Station,Unit,86760413,EPACAMD,1355CAMDUNIT11,1355;11,1355,11,10/1/2014,,Yes
KY,21,,21167,Mercer,5933111,KYDAQ,2116700001,Louisville Gas And Electric Company,KY Utilities Co - Brown Station,Unit,86760913,EPACAMD,1355CAMDUNIT6,1355;6,1355,6,10/1/2014,,Yes
NJ,34,,34029,Ocean,5111011,NJDEP,78912,Purenergy Ope,"Forked River Power, LLC",Unit,24651813,EPACAMD,7138CAMDUNIT003001,7138;003001,7138,3001,10/29/2014,,Yes
KY,21,,21049,Clark,5523111,KYDAQ,2104900003,East Kentucky Power Cooperative,East KY Power Coop - Dale Station,Unit,26663413,EPACAMD,1385CAMDUNIT3,1385;3,1385,3,8/8/2011,,Yes
LA,22,,22051,Jefferson,5521211,LADEQ08,2841,Entergy Louisiana LLC,Entergy Louisiana LLC - Ninemile Point Electric Generating Plant,Unit,122066513,EPACAMD,1403CAMDUNIT6A,1403;6A,1403,6A,12/30/2049,12/31/2049,Yes
LA,22,,22051,Jefferson,5521211,LADEQ08,2841,Entergy Louisiana LLC,Entergy Louisiana LLC - Ninemile Point Electric Generating Plant,Unit,80539513,EPACAMD,1403CAMDUNIT1,1403;1,1403,1,8/2/2011,12/31/2049,Yes
LA,22,,22047,Iberville,5504511,LADEQ08,2625,Entergy Louisiana LLC,Entergy LA LLC - Willow Glen Generating Plant,Unit,81114613,EPACAMD,1394CAMDUNIT2,1394;2,1394,2,8/2/2011,12/31/2049,Yes
VA,51,,51109,Louisa,5040011,VADEQ,40808,Dominion - Gordonsville Power Station,Dominion-Gordonsville Power Station,Unit,28682813,EPACAMD,54844CAMDUNIT1,54844;1,54844,1,5/22/2013,,Yes
TX,48,,48479,Webb,5023911,TXCEQ,2,LAREDO LLC,LAREDO POWER STATION,Unit,28704613,EPACAMD,3439CAMDUNIT1,3439;1,3439,1,8/8/2011,,Yes
TX,48,,48479,Webb,5023911,TXCEQ,2,LAREDO LLC,LAREDO POWER STATION,Unit,28704013,EPACAMD,3439CAMDUNIT2,3439;2,3439,2,8/8/2011,,Yes
TX,48,,48453,Travis,5021711,TXCEQ,2,CITY OF AUSTIN ELECTRIC UTILITY DEPARTMENT DBA AUSTIN ENERGY,DECKER CREEK POWER PLANT,Unit,28727313,EPACAMD,3548CAMDUNITGT-3A,3548;GT-3A,3548,GT-3A,8/21/2014,,Yes
TX,48,,48453,Travis,5021711,TXCEQ,2,CITY OF AUSTIN ELECTRIC UTILITY DEPARTMENT DBA AUSTIN ENERGY,DECKER CREEK POWER PLANT,Unit,28728113,EPACAMD,3548CAMDUNITGT-4A,3548;GT-4A,3548,GT-4A,8/21/2014,,Yes
CA,6,,6073,San Diego,5003711,CARB,37122773,,Carlsbad Energy Center,Unit,86059313,EPACAMD,302CAMDUNIT2,302;2,302,2,8/8/2011,,Yes
PA,42,,42133,York,4966111,PADEP,421330016,PIXELLE SPECIALTY SOLUTIONS LLC,PIXELLE SPEC SOLUTIONS LLC/SPRING GROVE,Unit,28925713,EPACAMD,50397CAMDUNIT036,50397;036,50397,36,8/8/2011,,Yes
TN,47,,47145,Roane,4979111,TNDEC,73-0013,TVA KINGSTON FOSSIL PLANT,TVA - Kingston Fossil Plant,Unit,30042513,EPACAMD,3407CAMDUNIT7,3407;7,3407,7,8/8/2011,,Yes
SC,45,,45007,Anderson,4948311,SCDHEC,0200-0004,"Duke Energy, LLC",DUKE ENERGY CAROLINAS LLC LEE STEAM STAT,Unit,69644613,EPACAMD,3264CAMDUNIT7C,3264;7C,3264,7C,8/8/2011,,Yes
SC,45,,45007,Anderson,4948311,SCDHEC,0200-0004,"Duke Energy, LLC",DUKE ENERGY CAROLINAS LLC LEE STEAM STAT,Unit,30083013,EPACAMD,3264CAMDUNIT2,3264;2,3264,2,8/8/2011,,Yes
TX,48,,48279,Lamb,4946011,TXCEQ,4,SOUTHWESTERN PUBLIC SERVICE COMPANY,PLANT X STATION POWER PLANT,Unit,30118513,EPACAMD,3485CAMDUNIT111B,3485;111B,3485,111B,8/8/2011,,Yes
TX,48,,48279,Lamb,4946011,TXCEQ,4,SOUTHWESTERN PUBLIC SERVICE COMPANY,PLANT X STATION POWER PLANT,Unit,30118813,EPACAMD,3485CAMDUNIT114B,3485;114B,3485,114B,8/8/2011,,Yes
TX,48,,48279,Lamb,4946011,TXCEQ,4,SOUTHWESTERN PUBLIC SERVICE COMPANY,PLANT X STATION POWER PLANT,Unit,30119113,EPACAMD,3485CAMDUNIT112B,3485;112B,3485,112B,8/8/2011,,Yes
TX,48,,48279,Lamb,4946011,TXCEQ,4,SOUTHWESTERN PUBLIC SERVICE COMPANY,PLANT X STATION POWER PLANT,Unit,30118713,EPACAMD,3485CAMDUNIT113B,3485;113B,3485,113B,8/8/2011,,Yes
IL,17,,17031,Cook,1731811,ILEPA,031600AMI,Midwest Generation LLC,Fisk Electric Generating Station,Unit,41553613,EPACAMD,886CAMDUNIT312,886;312,886,312,10/7/2014,12/31/2049,Yes
IL,17,,17189,Washington,10857911,ILEPA,189808AAB,,Prairie State Generating Station,Unit,96564813,EPACAMD,55856CAMDUNIT01,55856;01,55856,1,12/24/2013,,Yes
IL,17,,17197,Will,4106911,ILEPA,197030AAO,"Crete Energy Venture, LLC",Crete Energy Park,Unit,88709713,EPACAMD,55253CAMDUNITGT2,55253;GT2,55253,GT2,9/30/2014,,Yes
IL,17,,17089,Kane,1786811,ILEPA,089425AAC,"Dynegy, Inc",Rocky Road Power LLC,Unit,42008413,EPACAMD,55109CAMDUNITT4,55109;T4,55109,T4,9/23/2011,,Yes
CA,6,,6071,San Bernardino,13908211,CARB,3605181849,HIGH DESERT POWER PROJECT,HIGH DESERT POWER PROJECT,Unit,85487613,EPACAMD,55518CAMDUNITCTG3,55518;CTG3,55518,CTG3,8/8/2011,,Yes
CA,6,,6071,San Bernardino,13908211,CARB,3605181849,HIGH DESERT POWER PROJECT,HIGH DESERT POWER PROJECT,Unit,85487813,EPACAMD,55518CAMDUNITCTG1,55518;CTG1,55518,CTG1,8/8/2011,,Yes
IA,19,,19127,Marshall,3779111,IADNR,64-01-012,INTERSTATE POWER AND LIGHT COMPANY,IPL - MARSHALLTOWN GENERATING STATION,Unit,37005913,EPACAMD,1077CAMDUNIT1,1077;1,1077,1,8/8/2011,,Yes
IA,19,,19127,Marshall,3779111,IADNR,64-01-012,INTERSTATE POWER AND LIGHT COMPANY,IPL - MARSHALLTOWN GENERATING STATION,Unit,37006313,EPACAMD,1068CAMDUNIT3B,1068;3B,1068,3B,4/18/2014,,Yes
PA,42,,42091,Montgomery,3692211,PADEP,420910625,CONSTELLATION ENERGY GENERATION LLC,EXELON GENERATION CO/MOSER GENERATING STATION,Unit,37043713,EPACAMD,3163CAMDUNIT1,3163;1,3163,1,9/24/2014,,Yes
TX,48,,48167,Galveston,3930911,TXCEQ,52,TEXAS CITY COGENERATION LLC,TEXAS CITY COGENERATION,Unit,37403613,EPACAMD,52088CAMDUNITGT-A,52088;GT-A,52088,GT-A,8/8/2011,,Yes
TX,48,,48167,Galveston,3930911,TXCEQ,52,TEXAS CITY COGENERATION LLC,TEXAS CITY COGENERATION,Unit,37403713,EPACAMD,52088CAMDUNITGT-B,52088;GT-B,52088,GT-B,8/8/2011,,Yes
IA,19,,19157,Poweshiek,2993611,IADNR,79-01-022,IPL/Alliant Energy Corp,IPL - GRINNELL COMBUSTION TURBINES STATION,Unit,38058713,EPACAMD,7137CAMDUNIT1,7137;1,7137,1,10/29/2014,,Yes
AR,5,,5139,Union,1016511,ARDEQ,513900543,"Entergy Arkansas, LLC","Entergy Arkansas, LLC - Union Power Station",Unit,48086313,EPACAMD,55380CAMDUNITCTG-1,55380;CTG-1,55380,CTG-1,8/19/2014,12/31/2049,Yes
AR,5,,5139,Union,1016511,ARDEQ,513900543,"Entergy Arkansas, LLC","Entergy Arkansas, LLC - Union Power Station",Unit,48086313,EPACAMD,55380CAMDUNITCTG-7,55380;CTG-7,55380,CTG-7,8/19/2014,12/31/2049,Yes
CA,6,,6029,Kern,458111,CARB,1514302049,BEAR MOUNTAIN LIMITED,BEAR MOUNTAIN LIMITED,Unit,48843613,EPACAMD,10649CAMDUNITGT1,10649;GT1,10649,GT1,12/17/2018,,Yes
PA,42,,42095,Northampton,12796911,PADEP,420950256,CONECTIV BETHLEHEM LLC,LOWER MOUNT BETHEL ENERGY SES/BANGOR,Unit,67548013,EPACAMD,55667CAMDUNITCT02,55667;CT02,55667,CT02,8/8/2011,,Yes
AR,5,,5119,Pulaski,210811,ARDEQ,511901380,Arkansas Electric Cooperative Corporation,ARK ELEC CO-OP-OSWALD GENERATING STATION,Unit,63446713,EPACAMD,55221CAMDUNITG1,55221;G1,55221,G1,5/22/2013,,Yes
AR,5,,5119,Pulaski,210811,ARDEQ,511901380,Arkansas Electric Cooperative Corporation,ARK ELEC CO-OP-OSWALD GENERATING STATION,Unit,63447313,EPACAMD,55221CAMDUNITG7,55221;G7,55221,G7,5/22/2013,,Yes
MI,26,,26111,Midland,6473711,MIDEQ,B6527,Midland Cogeneration Venture,Midland Cogeneration Venture,Unit,82666813,EPACAMD,10745CAMDUNIT021,10745;021,10745,21,8/25/2014,12/31/2049,Yes
LA,22,,22033,East Baton Rouge,5160611,LADEQ08,1186,Entergy Louisiana LLC,EthosEnergy Power Operations (West) LLC - Louisiana Station Electrical Generatin,Unit,80696913,EPACAMD,1391CAMDUNIT4A,1391;4A,1391,4A,8/8/2011,,Yes
CO,8,,8123,Weld,13331311,CODPHE,CO0000000812305468,,"SPINDLE HILL ENERGY, LLC",Unit,68956213,EPACAMD,56445CAMDUNITCT-01,56445;CT-01,56445,CT-01,8/21/2014,,Yes
MA,25,,25017,Middlesex,5233811,MADEP,1210362,TANNER STREET GENERATION LLC,TANNER STREET GENERATION LLC,Unit,87522713,EPACAMD,54586CAMDUNIT1,54586;1,54586,1,10/27/2014,,Yes
GA,13,,13115,Floyd,3713211,GADNR,11500003,Georgia Power Company,Ga Power Company - Plant Hammond,Unit,36848013,EPACAMD,708CAMDUNIT1,708;1,708,1,8/8/2011,,Yes
GA,13,,13103,Effingham,3711211,GADNR,10300003,Georgia Power Company,Ga Power Co Plt McIntosh,Unit,36851013,EPACAMD,6124CAMDUNITCT4,6124;CT4,6124,CT4,10/7/2014,,Yes
GA,13,,13077,Coweta,3703111,GADNR,7700001,Georgia Power Company,Ga Power Company - Plant Yates,Unit,36868013,EPACAMD,728CAMDUNITY4BR,728;Y4BR,728,Y4BR,8/8/2011,,Yes
GA,13,,13067,Cobb,3699211,GADNR,6700003,Georgia Power Company,Ga Power Company - Plant McDonough/Atkinson,Unit,105654313,EPACAMD,710CAMDUNIT4A,710;4A,710,4A,10/8/2014,,Yes
GA,13,,13051,Chatham,3677911,GADNR,5100006,Georgia Power Company,Ga Power Company - Plant Kraft,Unit,36921213,EPACAMD,733CAMDUNIT3,733;3,733,3,8/8/2011,,Yes
AR,5,,5093,Mississippi,10642211,ARDEQ,509300448,Associated Electric COOP Inc.,ASSOCIATED ELECTRIC COOP INC-DELL PWR PL,Unit,63353913,EPACAMD,55340CAMDUNIT2,55340;2,55340,2,8/24/2014,12/31/2049,Yes
AR,5,,5143,Washington,10642811,ARDEQ,514300695,AMERICAN ELECTRIC POWER-SWEPCO,Harry D. Mattison Power Plant,Unit,63390313,EPACAMD,56328CAMDUNIT2,56328;2,56328,2,4/16/2014,,Yes
NY,36,,36103,Suffolk,10749711,NYDEC,1473803119,HAWKEYE ENERGY GREENPORT LLC,GREENPORT GENERATING FACILITY,Unit,64120413,EPACAMD,55969CAMDUNITU-01,55969;U-01,55969,U-01,10/29/2014,,Yes
FL,12,,12103,Pinellas,2744411,FLDEP,1030012,Higgins,"DUKE ENERGY FLORIDA, LLC",Unit,41361613,EPACAMD,630CAMDUNITP1,630;P1,630,P1,8/8/2011,,Yes
OH,39,,39087,Lawrence,9279711,OHEPA,744000150,,"Hanging Rock Power Company, LLC (0744000150)",Unit,55250213,EPACAMD,55736CAMDUNITCTG4,55736;CTG4,55736,CTG4,8/8/2011,,Yes
PA,42,,42063,Indiana,3005211,PADEP,420630003,RRI ENERGY NE MGMT CO,HOMER CITY GEN LP/CENTER TWP,Unit,38366413,EPACAMD,3122CAMDUNIT2,3122;2,3122,2,8/8/2011,,Yes
PA,42,,42063,Indiana,3005111,PADEP,420630002,SEWARD GENERATION LLC,SEWARD GENERATING STATION/SEWARD,Unit,67474613,EPACAMD,3130CAMDUNIT1,3130;1,3130,1,8/8/2011,,Yes
NE,31,,31067,Gage,9434711,NEDEQ,76739,Nebraska Public Power District,NPPD Beatrice Power Station,Unit,55641013,EPACAMD,8000CAMDUNIT2,8000;2,8000,2,10/2/2014,,Yes
PA,42,,42007,Beaver,21249011,PADEP,420071037,SHELL CHEM APPALACHIA LLC,SHELL CHEM APPALACHIA/PETROCHEMICALS COMPLEX,Unit,156376313,EPACAMD,58933CAMDUNIT101,58933;101,58933,101,2/20/2023,,Yes
PA,42,,42059,Greene,21255111,PADEP,420590004,,HILLTOP ENERGY CENTER LLC/CARMICHAELS,Unit,156397913,EPACAMD,62565CAMDUNIT01,62565;01,62565,1,2/20/2023,,Yes
NV,32,,32029,Storey,7302811,NVBAQ,A0029,SIERRA PACIFIC POWER COMPANY DBA NV ENERGY,TRACY GENERATING STATION,Unit,97831013,EPACAMD,2336CAMDUNIT4,2336;4,2336,4,10/13/2014,,Yes
NV,32,,32013,Humboldt,7302011,NVBAQ,A0375,SIERRA PACIFIC POWER COMPANY DBA NV ENERGY,NORTH VALMY GENERATING STATION,Unit,97874013,EPACAMD,8224CAMDUNIT1,8224;1,8224,1,3/18/2013,,Yes
LA,22,,22101,St. Mary,7204011,LADEQ08,2432,CLECO Power LLC,CLECO Power LLC - Teche Power Station,Unit,80796313,EPACAMD,1400CAMDUNIT3,1400;3,1400,3,8/8/2011,,Yes
LA,22,,22101,St. Mary,7204011,LADEQ08,2432,CLECO Power LLC,CLECO Power LLC - Teche Power Station,Unit,99570313,EPACAMD,1400CAMDUNIT4,1400;4,1400,4,10/13/2014,,Yes
LA,22,,22071,Orleans,7448111,LADEQ08,32494,Entergy New Orleans LLC,Entergy New Orleans LLC - Michoud Electric Generating Plant - New Orleans Power,Unit,80595913,EPACAMD,1409CAMDUNIT1,1409;1,1409,1,8/2/2011,12/31/2049,Yes
LA,22,,22079,Rapides,7446811,LADEQ08,2922,CLECO Power LLC,CLECO Power LLC - Brame Energy Center,Unit,89630213,EPACAMD,6190CAMDUNIT3-1,6190;3-1,6190,1-Mar,3/21/2013,,Yes
NY,36,,36103,Suffolk,8452511,NYDEC,1472200108,NATIONAL GRID GENERATION LLC,WADING RIVER GT FACILITY,Unit,575313,EPACAMD,7146CAMDUNITUGT007,7146;UGT007,7146,UGT007,9/23/2011,,Yes
NY,36,,36103,Suffolk,8452411,NYDEC,1472200105,NATIONAL GRID GENERATION LLC,HOLTSVILLE GT FACILITY,Unit,126778313,EPACAMD,8007CAMDUNITU00011,8007;U00011,8007,U00011,5/1/2018,12/31/2049,No
NY,36,,36009,Cattaraugus,8433511,NYDEC,9041200042,INDECK-OLEAN LIMITED PARTNERSHIP,INDECK OLEAN ENERGY CENTER,Unit,591513,EPACAMD,54076CAMDUNIT1,54076;1,54076,1,10/13/2014,,Yes
WY,56,,56023,Lincoln,8419211,WYDEQ,647,PacifiCorp,Naughton Plant,Unit,94466513,EPACAMD,4162CAMDUNIT3,4162;3,4162,3,3/18/2013,,Yes
OK,40,,40143,Tulsa,8416111,OKDEQ,215,PUBLIC SERVICE COMPANY OF OKLAHOMA,PSO TULSA POWER STATION,Unit,72255013,EPACAMD,2965CAMDUNIT1403,2965;1403,2965,1403,8/8/2011,,Yes
OK,40,,40143,Tulsa,8416111,OKDEQ,215,PUBLIC SERVICE COMPANY OF OKLAHOMA,PSO TULSA POWER STATION,Unit,650413,EPACAMD,2965CAMDUNIT1402,2965;1402,2965,1402,8/8/2011,,Yes
OK,40,,40017,Canadian,8350811,OKDEQ,1205,OG AND E,MUSTANG ENERGY CENTER,Unit,908613,EPACAMD,2953CAMDUNIT3,2953;3,2953,3,8/8/2011,,Yes
OK,40,,40097,Mayes,8350611,OKDEQ,2396,ASSOCIATED ELECTRIC COOPERATIVE INC,CHOUTEAU POWER PLANT,Unit,909213,EPACAMD,7757CAMDUNIT2,7757;2,7757,2,8/8/2011,,Yes
OK,40,,40145,Wagoner,8350011,OKDEQ,3662,ONETA POWER LLC,ONETA POWER LLC,Unit,912213,EPACAMD,55225CAMDUNITCTG-1,55225;CTG-1,55225,CTG-1,8/8/2011,,Yes
NC,37,,37191,Wayne,7265811,NCDAQ,3719100017,"Duke Energy Progress, LLC","Duke Energy Progress, LLC - H.F. Lee Steam Electric Plant",Unit,10757513,EPACAMD,2709CAMDUNIT3,2709;3,2709,3,8/8/2011,,Yes
,,"Navajo Nation, Arizona, New Mexico & Utah",88780,,7197711,TR780,NN-ROP 05-07,Arizona Public Service Company,Four Corners Power Plant,Unit,79765913,EPACAMD,2442CAMDUNIT3,2442;3,2442,3,8/8/2011,,Yes
,,"Navajo Nation, Arizona, New Mexico & Utah",88780,,7197711,TR780,NN-ROP 05-07,Arizona Public Service Company,Four Corners Power Plant,Unit,79765813,EPACAMD,2442CAMDUNIT1,2442;1,2442,1,8/8/2011,,Yes
,,"Navajo Nation, Arizona, New Mexico & Utah",88780,,7197711,TR780,NN-ROP 05-07,Arizona Public Service Company,Four Corners Power Plant,Unit,79765113,EPACAMD,2442CAMDUNIT5,2442;5,2442,5,8/8/2011,,Yes
AL,1,,1001,Autauga,7212311,ADEM,1,,International Paper Company,Unit,10823813,EPACAMD,52140CAMDUNITZ008,52140;Z008,52140,Z008,4/21/2017,,Yes
AL,1,,1001,Autauga,7212311,ADEM,1,,International Paper Company,Unit,10826613,EPACAMD,52140CAMDUNITZ006,52140;Z006,52140,Z006,4/21/2017,,Yes
VA,51,,51191,Washington,7707611,VADEQ,11348,"Wolf Hills Energy, LLC",Wolf Hills Energy LLC,Unit,11344813,EPACAMD,55285CAMDUNITWH10,55285;WH10,55285,WH10,8/23/2014,12/31/2049,Yes
WI,55,,55105,Rock,7660311,WIDNR,154009900,,WPL - SHEEPSKIN GENERATING STATION,Unit,11397513,EPACAMD,4059CAMDUNITCT1B,4059;CT1B,4059,CT1B,10/15/2014,12/31/2049,Yes
WI,55,,55059,Kenosha,7324011,WIDNR,230094810,Wisconsin Electric Power Company,WISCONSIN ELECTRIC POWER COMPANY D/B/A WE ENERGIES-PARIS GENERATING STATION,Unit,11031813,EPACAMD,7270CAMDUNIT**1,7270;**1,7270,**1,10/9/2014,,Yes
NY,36,,36081,Queens,12681711,NYDEC,2630100191,ASTORIA GAS TURBINE POWER LLC,ASTORIA GAS TURBINE POWER,Unit,64122513,EPACAMD,55243CAMDUNITCT2-2A,55243;CT2-2A,55243,CT2-2A,8/15/2014,12/31/2049,Yes
NY,36,,36081,Queens,12681711,NYDEC,2630100191,ASTORIA GAS TURBINE POWER LLC,ASTORIA GAS TURBINE POWER,Unit,64122513,EPACAMD,55243CAMDUNITCT2-3A,55243;CT2-3A,55243,CT2-3A,8/15/2014,12/31/2049,Yes
NY,36,,36081,Queens,12681711,NYDEC,2630100191,ASTORIA GAS TURBINE POWER LLC,ASTORIA GAS TURBINE POWER,Unit,64122513,EPACAMD,55243CAMDUNITCT2-3B,55243;CT2-3B,55243,CT2-3B,8/15/2014,12/31/2049,Yes
NY,36,,36081,Queens,12681711,NYDEC,2630100191,ASTORIA GAS TURBINE POWER LLC,ASTORIA GAS TURBINE POWER,Unit,64122513,EPACAMD,55243CAMDUNITCT2-1B,55243;CT2-1B,55243,CT2-1B,8/15/2014,12/31/2049,Yes
KS,20,,20111,Lyon,12635811,KSDOHE,46,"Evergy, Inc.",Evergy - Emporia,Unit,63891913,EPACAMD,56502CAMDUNITEEC4,56502;EEC4,56502,EEC4,5/22/2013,,Yes
NY,36,,36055,Monroe,17052711,NYDEC,8269900126,,Red-Rochester LLC At Eastman Business Park,Unit,114204213,EPACAMD,10025CAMDUNIT3A,10025;3A,10025,3A,12/30/2049,12/31/2049,Yes
NY,36,,36055,Monroe,17052711,NYDEC,8269900126,,Red-Rochester LLC At Eastman Business Park,Unit,114204213,EPACAMD,10025CAMDUNIT4B,10025;4B,10025,4B,12/30/2049,12/31/2049,Yes
NE,31,,31055,Douglas,6732411,NEOPWD,2,Omaha Public Power District,Omaha Public Power District - North Omaha Power Station,Unit,105526413,EPACAMD,2291CAMDUNIT4,2291;4,2291,4,3/1/2015,,Yes
NE,31,,31053,Dodge,7766111,NEDEQ,48518,City Of Fremont,Lon D Wright Power Plant,Unit,1753213,EPACAMD,2240CAMDUNIT8,2240;8,2240,8,8/8/2011,,Yes
NE,31,,31053,Dodge,7766111,NEDEQ,48518,City Of Fremont,Lon D Wright Power Plant,Unit,91096713,EPACAMD,2240CAMDUNIT50T,2240;50T,2240,50T,10/13/2014,,Yes
MD,24,,24001,Allegany,7763811,MDDOE,001-0011,,Luke Paper Company,Unit,87862413,EPACAMD,50282CAMDUNITPR004,50282;PR004,50282,PR004,4/20/2017,,Yes
NY,36,,36081,Queens,7763311,NYDEC,2630100072,ASTORIA ENERGY II LLC,ASTORIA ENERGY LLC & ASTORIA ENERGY II LLC,Unit,64122013,EPACAMD,55375CAMDUNITCT4,55375;CT4,55375,CT4,9/29/2014,12/31/2049,Yes
NV,32,,32003,Clark,7757511,NVCCDAQM,652,"El Dorado Energy, LLC",San Diego Gas and Electric,Unit,1854013,EPACAMD,55077CAMDUNITEDE2,55077;EDE2,55077,EDE2,8/14/2014,,Yes
NV,32,,32003,Clark,7757511,NVCCDAQM,652,"El Dorado Energy, LLC",San Diego Gas and Electric,Unit,1853913,EPACAMD,55077CAMDUNITEDE1,55077;EDE1,55077,EDE1,8/14/2014,,Yes
WI,55,,55105,Rock,6877711,WIDNR,154003740,Alliant Energy,WPL - ROCK RIVER GENERATING STATION,Unit,12967713,EPACAMD,4057CAMDUNITCT5A,4057;CT5A,4057,CT5A,10/10/2014,12/31/2049,Yes
WI,55,,55105,Rock,6877711,WIDNR,154003740,Alliant Energy,WPL - ROCK RIVER GENERATING STATION,Unit,12967713,EPACAMD,4057CAMDUNITCT5B,4057;CT5B,4057,CT5B,10/10/2014,12/31/2049,Yes
OH,39,,39061,Hamilton,7738711,OHEPA,1431350093,"Duke Energy Ohio, Inc",Miami Fort Power Company LLC (1431350093),Unit,2470813,EPACAMD,2832CAMDUNIT8,2832;8,2832,8,8/8/2011,,Yes
MI,26,,26117,Montcalm,7836711,MIDEQ,N6873,DTE Electric Company,DTE Electric Company - Renaissance Power Plant,Unit,2844313,EPACAMD,55402CAMDUNITCT2,55402;CT2,55402,CT2,8/14/2014,12/31/2049,Yes
NY,36,,36013,Chautauqua,7805611,NYDEC,9060300021,DUNKIRK POWER LLC,DUNKIRK STEAM GENERATING STATION,Unit,2860713,EPACAMD,2554CAMDUNIT1,2554;1,2554,1,8/8/2011,,Yes
AZ,4,,4013,Maricopa,10704411,AZMCAQD,1759,Salt River Project,Gila River Power Station,Unit,58714713,EPACAMD,55306CAMDUNIT2CTGB,55306;2CTGB,55306,2CTGB,8/8/2011,,Yes
AL,1,,1001,Autauga,10708711,ADEM,9,Tenaska Alabama II Partners LP,Alabama Power Company,Unit,58649613,EPACAMD,55440CAMDUNITCTGDB1,55440;CTGDB1,55440,CTGDB1,1/6/2014,,Yes
MD,24,,24015,Cecil,10709711,MDDOE,015-0202,"North American Energy Alliance, LLC (NAEA)",Rock Springs Generation Facility,Unit,87934413,EPACAMD,7835CAMDUNIT1,7835;1,7835,1,8/15/2014,,Yes
IN,18,,18093,Lawrence,10714911,INDEM,28,Na,Lawrence  Generating Station,Unit,58598913,EPACAMD,7948CAMDUNIT3,7948;3,7948,3,9/23/2011,,Yes
IN,18,,18029,Dearborn,10715711,INDEM,33,Na,Lawrenceberg Power LLC,Unit,58636013,EPACAMD,55502CAMDUNIT4,55502;4,55502,4,5/22/2013,,Yes
MI,26,,26163,Wayne,7778711,MIDEQ,N6631,CMS Energy Corp.,DEARBORN INDUSTRIAL GENERATION,Unit,3630913,EPACAMD,55088CAMDUNITGTP1,55088;GTP1,55088,GTP1,7/22/2012,,Yes
MI,26,,26103,Marquette,7778411,MIDEQ,B4261,Wisconsin Electric Power Company,WISCONSIN ELECTRIC POWER COMPANY,Unit,3632213,EPACAMD,1769CAMDUNIT7,1769;7,1769,7,8/8/2011,,Yes
NY,36,,36047,Kings,8039511,NYDEC,2610200086,ASTORIA GENERATING COMPANY LP,NARROWS GENERATING STATION,Unit,3677313,EPACAMD,2499CAMDUNITCT01-7,2499;CT01-7,2499,CT01-7,10/15/2014,12/31/2049,Yes
NY,36,,36047,Kings,8039511,NYDEC,2610200086,ASTORIA GENERATING COMPANY LP,NARROWS GENERATING STATION,Unit,64125713,EPACAMD,2499CAMDUNITCT02-2,2499;CT02-2,2499,CT02-2,10/15/2014,12/31/2049,Yes
NY,36,,36047,Kings,8038811,NYDEC,2610100042,CONSOLIDATED EDISON COMPANY OF NEW YORK INC,CON EDISON - HUDSON AVE STATION,Unit,3680013,EPACAMD,2496CAMDUNITBLR072,2496;BLR072,2496,BLR072,12/6/2014,12/31/2049,Yes
IN,18,,18147,Spencer,8017211,INDEM,20,Na,INDIANA MICHIGAN POWER DBA AEP   ROCKPO,Unit,3994813,EPACAMD,6166CAMDUNITMB1,6166;MB1,6166,MB1,8/8/2011,,Yes
IN,18,,18147,Spencer,8017211,INDEM,20,Na,INDIANA MICHIGAN POWER DBA AEP   ROCKPO,Unit,3995513,EPACAMD,6166CAMDUNITMB2,6166;MB2,6166,MB2,8/8/2011,,Yes
IN,18,,18091,La Porte,8011511,INDEM,21,Na,Northern Indiana Public Service Company LLC - Michigan City Generating Station,Unit,4010613,EPACAMD,997CAMDUNIT6,997;6,997,6,12/6/2014,,Yes
NC,37,,37157,Rockingham,8009611,NCDAQ,3715700015,Duke Energy Carolinas LLC,"Duke Energy Carolinas, LLC - Dan River Comb. Cycle Facility",Unit,4041113,EPACAMD,2723CAMDUNIT4C,2723;4C,2723,4C,10/28/2014,,Yes
NY,36,,36061,New York,7995311,NYDEC,2620400019,CONSOLIDATED EDISON COMPANY OF NEW YORK INC,CON ED-74TH STREET STA,Unit,4074613,EPACAMD,2504CAMDUNIT121,2504;121,2504,121,9/29/2014,12/31/2049,Yes
NY,36,,36061,New York,7995311,NYDEC,2620400019,CONSOLIDATED EDISON COMPANY OF NEW YORK INC,CON ED-74TH STREET STA,Unit,4074513,EPACAMD,2504CAMDUNITCT0001,2504;CT0001,2504,CT0001,9/29/2014,12/31/2049,Yes
NM,35,,35045,San Juan,7993111,NMED,1277,Harvest Four Corners LLC,Harvest - Milagro Gas Treating Plant,Unit,82413913,EPACAMD,54814CAMDUNIT1,54814;1,54814,1,8/8/2011,,Yes
IN,18,,18109,Morgan,8225111,INDEM,4,Na,IPL Eagle Valley Generating Station,Unit,128403813,EPACAMD,991CAMDUNITGT1,991;GT1,991,GT1,4/27/2020,,Yes
VA,51,,51085,Hanover,6631811,VADEQ,51018,Doswell Limited Partnership,Doswell Limited Partnership Doswell Energy Center,Unit,17176113,EPACAMD,52019CAMDUNITCT1,52019;CT1,52019,CT1,8/8/2011,12/31/2018,No
TX,48,,48201,Harris,6616311,TXCEQ,282,AIR PRODUCTS LLC,LA PORTE FACILITY,Unit,17206713,EPACAMD,55365CAMDUNITGT-2,55365;GT-2,55365,GT-2,10/29/2014,,Yes
IL,17,,17115,Macon,8139911,ILEPA,115015AAE,,Archer Daniels Midland Co,Unit,4638013,EPACAMD,10865CAMDUNITFBC2,10865;FBC2,10865,FBC2,8/8/2011,,Yes
NC,37,,37071,Gaston,8137511,NCDAQ,3707100039,"Duke Energy Carolinas, LLC","Duke Energy Carolinas, LLC - Allen Steam Station",Unit,122705913,EPACAMD,2718CAMDUNIT5,2718;5,2718,5,1/1/2015,12/31/2049,Yes
NC,37,,37071,Gaston,8137511,NCDAQ,3707100039,"Duke Energy Carolinas, LLC","Duke Energy Carolinas, LLC - Allen Steam Station",Unit,4670113,EPACAMD,2718CAMDUNIT4,2718;4,2718,4,8/8/2011,12/31/2014,Yes
NC,37,,37071,Gaston,8137511,NCDAQ,3707100039,"Duke Energy Carolinas, LLC","Duke Energy Carolinas, LLC - Allen Steam Station",Unit,4670213,EPACAMD,2718CAMDUNIT5,2718;5,2718,5,8/8/2011,12/31/2014,Yes
NY,36,,36103,Suffolk,8121711,NYDEC,1472600130,NATIONAL GRID GENERATION LLC,NORTHPORT POWER STATION,Unit,126493813,EPACAMD,2516CAMDUNIT4,2516;4,2516,4,1/1/2019,12/31/2049,No
NY,36,,36103,Suffolk,8121711,NYDEC,1472600130,NATIONAL GRID GENERATION LLC,NORTHPORT POWER STATION,Unit,4705913,EPACAMD,2516CAMDUNIT4,2516;4,2516,4,8/8/2011,12/31/2018,Yes
NY,36,,36103,Suffolk,8121711,NYDEC,1472600130,NATIONAL GRID GENERATION LLC,NORTHPORT POWER STATION,Unit,4705813,EPACAMD,2516CAMDUNIT3,2516;3,2516,3,8/8/2011,12/31/2018,Yes
NY,36,,36045,Jefferson,8104811,NYDEC,6224000009,BLACK RIVER GENERATION LLC,BLACK RIVER GENERATION LLC,Unit,4821513,EPACAMD,10464CAMDUNITE0003,10464;E0003,10464,E0003,10/23/2014,12/31/2049,Yes
NY,36,,36061,New York,7986111,NYDEC,2620200032,CONSOLIDATED EDISON COMPANY OF NEW YORK INC,CON ED-59TH ST STA,Unit,5576613,EPACAMD,2503CAMDUNITBLR115,2503;BLR115,2503,BLR115,8/17/2014,12/31/2049,Yes
MS,28,,28087,Lowndes,8215911,MSDEQ,2808700053,AI012322,TVA CALEDONIA COMBINED CYCLE PLANT,Unit,5734913,EPACAMD,55197CAMDUNITAA-001,55197;AA-001,55197,AA-001,8/8/2011,,Yes
WA,53,,53041,Lewis,6281311,WASWCAA,754,"TransAlta Centralia Generation, LLC","TransAlta Centralia Generation, LLC",Unit,15505513,EPACAMD,3845CAMDUNITBW21,3845;BW21,3845,BW21,8/8/2011,,Yes
OH,39,,39141,Ross,8131111,OHEPA,671010028,Na,Pixelle Specialty Solutions LLC (0671010028),Unit,6003213,EPACAMD,10244CAMDUNITB003,10244;B003,10244,B003,4/20/2017,,Yes
OH,39,,39093,Lorain,8130811,OHEPA,247030013,"Orion Power Midwest, LLC",Avon Lake Power Plant (0247030013),Unit,6011613,EPACAMD,2836CAMDUNIT10,2836;10,2836,10,8/8/2011,,Yes
OH,39,,39081,Jefferson,8115711,OHEPA,641050002,Ohio Power Company,Cardinal Power Plant (Cardinal Operating Company) (0641050002),Unit,6046113,EPACAMD,2828CAMDUNIT3,2828;3,2828,3,8/8/2011,,Yes
OH,39,,39081,Jefferson,8115711,OHEPA,641050002,Ohio Power Company,Cardinal Power Plant (Cardinal Operating Company) (0641050002),Unit,73714913,EPACAMD,2828CAMDUNITB010,2828;B010,2828,B010,10/28/2014,,Yes
OH,39,,39113,Montgomery,8049911,OHEPA,857780013,Dayton Power And Light Company,O.H. Hutchings CT (0857780013),Unit,6335113,EPACAMD,2848CAMDUNITH-4,2848;H-4,2848,H-4,8/8/2011,,Yes
TX,48,,48157,Fort Bend,9138811,TXCEQ,214,JACK A FUSCO ENERGY CENTER LLC,JACK A FUSCO ENERGY CENTER,Unit,57885513,EPACAMD,55357CAMDUNITCTG1,55357;CTG1,55357,CTG1,8/8/2011,,Yes
MI,26,,26005,Allegan,7258311,MIDEQ,N2586,Holland Board of Public Works,"Holland BPW, 48th Street Peaking Station",Unit,7293113,EPACAMD,7258CAMDUNIT**8,7258;**8,7258,**8,12/7/2014,,Yes
IN,18,,18097,Marion,7255211,INDEM,33,Na,IPL - Harding Street Station,Unit,91188313,EPACAMD,990CAMDUNITGT5,990;GT5,990,GT5,8/22/2014,,Yes
MS,28,,28019,Choctaw,7053111,MSDEQ,2801900018,AI015595,"ENTERGY MISSISSIPPI LLC, CHOCTAW COUNTY",Unit,14189613,EPACAMD,55706CAMDUNITCTG2,55706;CTG2,55706,CTG2,7/22/2012,,Yes
MS,28,,28009,Benton,7037011,MSDEQ,2800900019,AI013469,TVA MAGNOLIA COMBINED CYCLE,Unit,14201713,EPACAMD,55451CAMDUNITCTG-3,55451;CTG-3,55451,CTG-3,8/8/2011,,Yes
MN,27,,27171,Wright,7019511,MNPCA,2717100020,,Great River Energy Maple Lake Station,Unit,14222113,EPACAMD,2042CAMDUNIT1,2042;1,2042,1,8/15/2018,,Yes
WV,54,,54033,Harrison,6271711,WVDAQ,15,MONONGAHELA POWER CO. - HARRISON,MONONGAHELA POWER CO. - HARRISON,Unit,71923413,EPACAMD,3944CAMDUNIT3,3944;3,3944,3,8/8/2011,,Yes
OH,39,,39167,Washington,9213011,OHEPA,684000212,,"Washington Power Company, LLC (0684000212)",Unit,55703313,EPACAMD,55397CAMDUNITCT1,55397;CT1,55397,CT1,8/8/2011,,Yes
SC,45,,45051,Horry,8332911,SCDHEC,1340-0003,Santee Cooper,SANTEE COOPER GRAINGER,Unit,99913,EPACAMD,3317CAMDUNIT2,3317;2,3317,2,8/8/2011,,Yes
NJ,34,,34023,Middlesex,7621611,NJDEP,18195,AES Red Oak LLC,RED OAK POWER LLC,Unit,11830313,EPACAMD,55239CAMDUNIT3,55239;3,55239,3,8/14/2014,12/31/2049,Yes
NJ,34,,34023,Middlesex,7621211,NJDEP,17884,Reliant Energy New Jersey Holdings,Sayreville Generating Station,Unit,11835313,EPACAMD,2390CAMDUNIT016001,2390;016001,2390,16001,8/8/2011,,Yes
NJ,34,,34023,Middlesex,7621211,NJDEP,17884,Reliant Energy New Jersey Holdings,Sayreville Generating Station,Unit,11834913,EPACAMD,2390CAMDUNIT015001,2390;015001,2390,15001,8/8/2011,,Yes
NJ,34,,34023,Middlesex,7620811,NJDEP,17823,Reliant Energy New Jersey Holdings,Werner Generating Station,Unit,11842013,EPACAMD,2385CAMDUNIT010001,2385;010001,2385,10001,8/17/2014,,Yes
NJ,34,,34019,Hunterdon,7604111,NJDEP,80341,Reliant Energy New Jersey Holdings,Glen Gardner Combustion Turbine Site,Unit,11863813,EPACAMD,8227CAMDUNIT005001,8227;005001,8227,5001,10/9/2014,,Yes
NJ,34,,34019,Hunterdon,7604111,NJDEP,80341,Reliant Energy New Jersey Holdings,Glen Gardner Combustion Turbine Site,Unit,11864013,EPACAMD,8227CAMDUNIT007001,8227;007001,8227,7001,10/9/2014,,Yes
NJ,34,,34017,Hudson,7591411,NJDEP,12202,PSEG LLC,Hudson Generating Station,Unit,11871513,EPACAMD,2403CAMDUNIT1,2403;1,2403,1,8/8/2011,,Yes
UT,49,,49035,Salt Lake,7559311,UTDAQ,10355,Pacificorp Energy,Pacificorp Energy- Gadsby Power Plant,Unit,11941413,EPACAMD,3648CAMDUNIT4,3648;4,3648,4,9/23/2011,,Yes
NC,37,,37035,Catawba,8370411,NCDAQ,3703500073,Duke Energy Carolinas LLC,"Duke Energy Carolinas, LLC - Marshall Steam Station",Unit,122679613,EPACAMD,2727CAMDUNIT1,2727;1,2727,1,1/1/2015,12/31/2049,Yes
OH,39,,39095,Lucas,8302011,OHEPA,448020006,FirstEnergy Generation Corporation,"Walleye Power, LLC, Bay Shore Plant (0448020006)",Unit,444513,EPACAMD,2878CAMDUNIT3,2878;3,2878,3,8/8/2011,,Yes
VA,51,,51153,Prince William,7520511,VADEQ,70225,Dominion - Possum Point Power Station,Dominion - Possum Point Power Station,Unit,12373413,EPACAMD,3804CAMDUNIT3,3804;3,3804,3,8/8/2011,,Yes
MS,28,,28149,Warren,7082511,MSDEQ,2814900099,AI013471,"East Texas Electric Cooperative Inc, Warren Peaking Power Facility",Unit,14489113,EPACAMD,55303CAMDUNITAA-002,55303;AA-002,55303,AA-002,10/27/2014,,Yes
MS,28,,28149,Warren,7082511,MSDEQ,2814900099,AI013471,"East Texas Electric Cooperative Inc, Warren Peaking Power Facility",Unit,14489013,EPACAMD,55303CAMDUNITAA-001,55303;AA-001,55303,AA-001,10/27/2014,,Yes
OH,39,,39025,Clermont,8294411,OHEPA,1413100008,"Duke Energy Ohio, Inc",New Richmond Development Corp LLC (1413100008),Unit,1539013,EPACAMD,2830CAMDUNIT3,2830;3,2830,3,8/8/2011,,Yes
OH,39,,39025,Clermont,8294411,OHEPA,1413100008,"Duke Energy Ohio, Inc",New Richmond Development Corp LLC (1413100008),Unit,1538813,EPACAMD,2830CAMDUNITCT1,2830;CT1,2830,CT1,10/9/2014,,Yes
OH,39,,39025,Clermont,8294311,OHEPA,1413090154,Columbus Southern Power Company and DP&L,Zimmer Power Company LLC (1413090154),Unit,1540113,EPACAMD,6019CAMDUNIT1,6019;1,6019,1,8/8/2011,,Yes
NC,37,,37129,New Hanover,8547211,NCDAQ,3712900036,"Duke Energy Progress, LLC","Duke Energy Progress, LLC - L.V. Sutton Electric Plant",Unit,1554313,EPACAMD,2713CAMDUNIT2,2713;2,2713,2,8/8/2011,,Yes
MI,26,,26075,Jackson,5695811,MIDEQ,N6626,Consumers Energy Company,Consumers Energy Co. - Jackson Generating Station,Unit,22025013,EPACAMD,55270CAMDUNITLM6,55270;LM6,55270,LM6,8/21/2014,12/31/2049,Yes
MI,26,,26075,Jackson,5695811,MIDEQ,N6626,Consumers Energy Company,Consumers Energy Co. - Jackson Generating Station,Unit,22025013,EPACAMD,55270CAMDUNITLM2,55270;LM2,55270,LM2,8/21/2014,12/31/2049,Yes
TX,48,,48375,Potter,5678011,TXCEQ,4,SOUTHWESTERN PUBLIC SERVICE COMPANY,NICHOLS STATION POWER PLANT,Unit,22149313,EPACAMD,3484CAMDUNIT143B,3484;143B,3484,143B,8/8/2011,,Yes
TX,48,,48375,Potter,5678011,TXCEQ,4,SOUTHWESTERN PUBLIC SERVICE COMPANY,NICHOLS STATION POWER PLANT,Unit,22148913,EPACAMD,3484CAMDUNIT142B,3484;142B,3484,142B,8/8/2011,,Yes
TX,48,,48315,Marion,5613211,TXCEQ,1,SOUTHWESTERN ELECTRIC POWER COMPANY,WILKES POWER PLANT,Unit,22159813,EPACAMD,3478CAMDUNIT2,3478;2,3478,2,8/8/2011,,Yes
TN,47,,47165,Sumner,5610411,TNDEC,83-0025,TVA GALLATIN FOSSIL PLANT,TVA - Gallatin Fossil Plant,Unit,22205813,EPACAMD,3403CAMDUNITGCT7,3403;GCT7,3403,GCT7,8/15/2014,12/31/2049,Yes
TN,47,,47165,Sumner,5610411,TNDEC,83-0025,TVA GALLATIN FOSSIL PLANT,TVA - Gallatin Fossil Plant,Unit,22205813,EPACAMD,3403CAMDUNITGCT6,3403;GCT6,3403,GCT6,8/15/2014,12/31/2049,Yes
TX,48,,48469,Victoria,5863011,TXCEQ,9,SOUTH TEXAS ELECTRIC COOPERATIVE INC,SOUTH TEXAS ELECTRIC COOP,Unit,71565913,EPACAMD,3631CAMDUNITCT7,3631;CT7,3631,CT7,10/12/2014,,Yes
TX,48,,48085,Collin,5860711,TXCEQ,15,CITY OF GARLAND POWER & LIGHT,RAY OLINGER PLANT,Unit,22303413,EPACAMD,3576CAMDUNITBW3,3576;BW3,3576,BW3,8/8/2011,,Yes
TX,48,,48071,Chambers,5847411,TXCEQ,3,NRG TEXAS POWER LLC,CEDAR BAYOU GEN STATION,Unit,22331913,EPACAMD,3460CAMDUNITCBY2,3460;CBY2,3460,CBY2,8/8/2011,,Yes
MD,24,,24033,Prince Georges,6011911,MDDOE,033-0014,"Mirant Chalk Point, LLC","NRG Chalk Point, LLC",Unit,88001913,EPACAMD,1571CAMDUNIT2,1571;2,1571,2,8/8/2011,,Yes
MD,24,,24033,Prince Georges,6011911,MDDOE,033-0014,"Mirant Chalk Point, LLC","NRG Chalk Point, LLC",Unit,88003313,EPACAMD,1571CAMDUNIT**GT6,1571;**GT6,1571,**GT6,8/22/2014,,Yes
IL,17,,17103,Lee,5483011,ILEPA,103817AAH,"Duke Energy Ohio, Inc.",Lee County Generating Station LLC,Unit,88662613,EPACAMD,55236CAMDUNITCT7,55236;CT7,55236,CT7,10/1/2014,,Yes
KY,21,,21223,Trimble,5742811,KYDAQ,2122300002,Louisville Gas And Electric Company,Louisville Gas & Electric Co - Trimble Co Generating Station,Unit,22616813,EPACAMD,6071CAMDUNIT1,6071;1,6071,1,8/8/2011,,Yes
IL,17,,17097,Lake,5390311,ILEPA,097200ABB,Zion Energy Center LLC,Zion Energy Center,Unit,59808913,EPACAMD,55392CAMDUNITCT-3,55392;CT-3,55392,CT-3,8/15/2014,,Yes
IL,17,,17183,Vermilion,5553011,ILEPA,183090AAE,"Dynegy Midwest Generation, Inc",Tilton Energy Center,Unit,60331813,EPACAMD,7760CAMDUNIT4,7760;4,7760,4,9/23/2011,,Yes
IA,19,,19041,Clay,5509511,IADNR,21-01-003,CORN BELT POWER COOPERATIVE,CORN BELT POWER - WISDOM GENERATING STATION,Unit,67735713,EPACAMD,1217CAMDUNIT2,1217;2,1217,2,8/8/2011,,Yes
KS,20,,20035,Cowley,4476411,KSDOHE,12,Winfield Municipal Power Plant,Winfield Mun. Power Plant #2,Unit,27688313,EPACAMD,7013CAMDUNIT4,7013;4,7013,4,9/24/2014,,Yes
KS,20,,20209,Wyandotte,4628011,KSDOHE,49,Board of Public Utilities,Kansas City BPU - Kaw,Unit,63914013,EPACAMD,1294CAMDUNIT1,1294;1,1294,1,10/9/2014,,Yes
KS,20,,20209,Wyandotte,4628011,KSDOHE,49,Board of Public Utilities,Kansas City BPU - Kaw,Unit,63914113,EPACAMD,1294CAMDUNIT2,1294;2,1294,2,10/9/2014,,Yes
FL,12,,12049,Hardee,4390111,FLDEP,490340,"Seminole Electric Cooperative, Inc.","SEMINOLE ELECTRIC COOPERATIVE, INC.",Unit,67290113,EPACAMD,7380CAMDUNIT4A,7380;4A,7380,4A,9/24/2014,12/31/2049,Yes
FL,12,,12049,Hardee,4390111,FLDEP,490340,"Seminole Electric Cooperative, Inc.","SEMINOLE ELECTRIC COOPERATIVE, INC.",Unit,67290213,EPACAMD,7380CAMDUNIT5A,7380;5A,7380,5A,9/24/2014,12/31/2049,Yes
FL,12,,12049,Hardee,4390111,FLDEP,490340,"Seminole Electric Cooperative, Inc.","SEMINOLE ELECTRIC COOPERATIVE, INC.",Unit,67290513,EPACAMD,7380CAMDUNIT8A,7380;8A,7380,8A,9/24/2014,12/31/2049,Yes
FL,12,,12049,Hardee,4390111,FLDEP,490340,"Seminole Electric Cooperative, Inc.","SEMINOLE ELECTRIC COOPERATIVE, INC.",Unit,36250113,EPACAMD,7380CAMDUNIT2,7380;2,7380,2,8/8/2011,,Yes
IN,18,,18057,Hamilton,4561111,INDEM,4,Na,Duke Energy Indiana LLC - Noblesville G,Unit,91186013,EPACAMD,1007CAMDUNITCT5,1007;CT5,1007,CT5,8/8/2011,,Yes
IL,17,,17077,Jackson,2585811,ILEPA,077806AAA,Ameren Energy Generating Company,Grand Tower Energy Center LLC,Unit,59830013,EPACAMD,862CAMDUNITCT02,862;CT02,862,CT02,9/23/2011,,Yes
GA,13,,13015,Bartow,2813011,GADNR,1500011,Georgia Power Company,Ga Power Company - Plant Bowen,Unit,40819213,EPACAMD,703CAMDUNIT3BLR,703;3BLR,703,3BLR,8/8/2011,,Yes
FL,12,,12057,Hillsborough,901211,FLDEP,570040,Tampa Electric Company,TAMPA ELECTRIC COMPANY,Unit,67262913,EPACAMD,7873CAMDUNITCT5B,7873;CT5B,7873,CT5B,8/16/2014,,Yes
IL,17,,17145,Perry,4533911,ILEPA,145842AAA,Union Electric Company,Pinckneyville Power Plant,Unit,28450813,EPACAMD,55202CAMDUNITCT05,55202;CT05,55202,CT05,9/23/2011,,Yes
IL,17,,17145,Perry,4533911,ILEPA,145842AAA,Union Electric Company,Pinckneyville Power Plant,Unit,60256413,EPACAMD,55202CAMDUNITCT07,55202;CT07,55202,CT07,9/23/2011,,Yes
IA,19,,19113,Linn,3940111,IADNR,57-01-040,"IES Utilities, Inc",IPL - SIXTH STREET GENERATING STATION,Unit,37608513,EPACAMD,1058CAMDUNIT2,1058;2,1058,2,8/8/2011,,Yes
FL,12,,12129,Wakulla,2731711,FLDEP,1290001,City Of Tallahassee,TALLAHASSEE CITY PURDOM GENERATING STA.,Unit,41201513,EPACAMD,689CAMDUNIT7,689;7,689,7,8/8/2011,,Yes
WI,55,,55011,Buffalo,4958511,WIDNR,606034110,Dairyland Power Cooperative,DAIRYLAND POWER COOP ALMA SITE,Unit,58490313,EPACAMD,4140CAMDUNITB2,4140;B2,4140,B2,8/8/2011,,Yes
WI,55,,55011,Buffalo,4958511,WIDNR,606034110,Dairyland Power Cooperative,DAIRYLAND POWER COOP ALMA SITE,Unit,58490513,EPACAMD,4140CAMDUNITB3,4140;B3,4140,B3,8/8/2011,,Yes
TX,48,,48201,Harris,4926511,TXCEQ,42,NRG TEXAS POWER LLC,TH WHARTON ELECTRIC GENERATING STATION,Unit,31236413,EPACAMD,3469CAMDUNITTHW56,3469;THW56,3469,THW56,8/21/2014,,Yes
TX,48,,48201,Harris,4926511,TXCEQ,42,NRG TEXAS POWER LLC,TH WHARTON ELECTRIC GENERATING STATION,Unit,31237213,EPACAMD,3469CAMDUNITTHW44,3469;THW44,3469,THW44,8/21/2014,,Yes
PA,42,,42121,Venango,4760211,PADEP,421210013,SCRUBGRASS POWER LLC,SCRUBGRASS GENERATING PLT/VENANGO,Unit,32052813,EPACAMD,50974CAMDUNIT1,50974;1,50974,1,8/8/2011,,Yes
SC,45,,45003,Aiken,5045611,SCDHEC,0080-0011,South Carolina Electric & Gas Company,URQUHART STATION,Unit,32105013,EPACAMD,3295CAMDUNITURQ4,3295;URQ4,3295,URQ4,4/28/2014,,Yes
AR,5,,5059,Hot Spring,1119311,ARDEQ,505900229,"Entergy Arkansas, LLC","Entergy Arkansas, LLC - Hot Spring Energy Facility",Unit,46771013,EPACAMD,55418CAMDUNITCT-1,55418;CT-1,55418,CT-1,8/8/2011,,Yes
IN,18,,18089,Lake,3988511,INDEM,449,Na,Whiting Clean Energy Inc,Unit,32560413,EPACAMD,55259CAMDUNITCT1,55259;CT1,55259,CT1,8/8/2011,,Yes
PA,42,,42003,Allegheny,2990311,PAACHD,4200300580,ALLEGHENY ENERGY SUPPLY,ALLEGHENY ENERGY SUPPLY/SPRINGDALE,Unit,38213213,EPACAMD,55710CAMDUNIT3,55710;3,55710,3,10/4/2014,,Yes
CT,9,,9001,Fairfield,754511,CTBAM,T015P0862C06859,BRIDGEPORT ENERGY LLC,BRIDGEPORT ENERGY LLC,Unit,46285013,EPACAMD,55042CAMDUNITBE2,55042;BE2,55042,BE2,8/8/2011,,Yes
DE,10,,10001,Kent,753811,DEDNR,1000100127,Clearway Energy,"ENERGY CENTER DOVER, LLC",Unit,46292513,EPACAMD,10030CAMDUNIT1,10030;1,10030,1,8/8/2011,,Yes
FL,12,,12033,Escambia,752711,FLDEP,330045,Gulf Power Company,FLORIDA POWER & LIGHT COMPANY,Unit,46305913,EPACAMD,641CAMDUNIT4,641;4,641,4,8/8/2011,,Yes
FL,12,,12105,Polk,751911,FLDEP,1050233,Tampa Electric Company,TAMPA ELECTRIC COMPANY-POLK,Unit,67213113,EPACAMD,7242CAMDUNIT**4,7242;**4,7242,**4,5/22/2013,12/31/2016,Yes
FL,12,,12105,Polk,751911,FLDEP,1050233,Tampa Electric Company,TAMPA ELECTRIC COMPANY-POLK,Unit,67213213,EPACAMD,7242CAMDUNIT**5,7242;**5,7242,**5,5/22/2013,12/31/2016,Yes
FL,12,,12103,Pinellas,751811,FLDEP,1030011,Progress Energy Corporation,"DUKE ENERGY FLORIDA, LLC",Unit,67282313,EPACAMD,634CAMDUNIT4C,634;4C,634,4C,8/14/2014,,Yes
FL,12,,12103,Pinellas,751811,FLDEP,1030011,Progress Energy Corporation,"DUKE ENERGY FLORIDA, LLC",Unit,46315613,EPACAMD,634CAMDUNITP2,634;P2,634,P2,8/8/2011,,Yes
FL,12,,12085,Martin,751511,FLDEP,850001,Florida Power & Light Company,FLORIDA POWER & LIGHT (PMR),Unit,46320013,EPACAMD,6043CAMDUNITPMR8A,6043;PMR8A,6043,PMR8A,8/8/2011,,Yes
FL,12,,12073,Leon,715111,FLDEP,730003,City Of Tallahassee,CITY OF TALLAHASSEE,Unit,67190613,EPACAMD,688CAMDUNIT2A,688;2A,688,2A,8/3/2014,,Yes
CA,6,,6037,Los Angeles,4083111,CARB,1.91E+11,"AES ALAMITOS, LLC","AES ALAMITOS, LLC",Unit,76772213,EPACAMD,315CAMDUNIT2,315;2,315,2,9/23/2011,,Yes
CA,6,,6037,Los Angeles,4083111,CARB,1.91E+11,"AES ALAMITOS, LLC","AES ALAMITOS, LLC",Unit,76772713,EPACAMD,315CAMDUNIT6,315;6,315,6,9/23/2011,,Yes
CA,6,,6037,Los Angeles,4083111,CARB,1.91E+11,"AES ALAMITOS, LLC","AES ALAMITOS, LLC",Unit,139816213,EPACAMD,315CAMDUNITCT2,315;CT2,315,CT2,4/10/2023,,Yes
CA,6,,6037,Los Angeles,4083011,CARB,1.91E+11,"LONG BEACH GENERATION, LLC","LONG BEACH GENERATION, LLC",Unit,76563013,EPACAMD,341CAMDUNIT1,341;1,341,1,2/24/2020,,Yes
TX,48,,48303,Lubbock,4030611,TXCEQ,3,SOUTHWESTERN PUBLIC SERVICE COMPANY,JONES STATION POWER PLANT,Unit,35354513,EPACAMD,3482CAMDUNIT152B,3482;152B,3482,152B,8/8/2011,,Yes
PA,42,,42063,Indiana,2905911,PADEP,420630001,GENON NE MGMT CO,KEYSTONE CONEMAUGH PROJ LLC/CONEMAUGH STATION,Unit,38672213,EPACAMD,3118CAMDUNIT2,3118;2,3118,2,8/8/2011,,Yes
CO,8,,8069,Larimer,4364011,CODPHE,CO0000000806900053,Platte River Power Authority,PLATTE RIVER POWER AUTHORITY - RAWHIDE,Unit,36154613,EPACAMD,6761CAMDUNITC,6761;C,6761,C,9/23/2011,,Yes
TN,47,,47183,Weakley,3428511,TNDEC,92-0108,Tennessee Valley Authority,TVA GLEASON COMBUSTION TURBINE PLANT,Unit,38857513,EPACAMD,55251CAMDUNITCTG-3,55251;CTG-3,55251,CTG-3,10/8/2014,,Yes
ME,23,,23005,Cumberland,5823511,MEDEP,A-000388,Central Vermont Public Service Corporation,FPL ENERGY WYMAN LLC,Unit,22917613,EPACAMD,1507CAMDUNIT1,1507;1,1507,1,8/8/2011,,Yes
KY,21,,21049,Clark,5163011,KYDAQ,2104900027,East Kentucky Power Cooperative,East KY Power - J K Smith Station,Unit,86751013,EPACAMD,54CAMDUNITSCT7,54;SCT7,54,SCT7,9/23/2011,,Yes
KY,21,,21049,Clark,5163011,KYDAQ,2104900027,East Kentucky Power Cooperative,East KY Power - J K Smith Station,Unit,86751113,EPACAMD,54CAMDUNITSCT6,54;SCT6,54,SCT6,9/23/2011,,Yes
KY,21,,21049,Clark,5163011,KYDAQ,2104900027,East Kentucky Power Cooperative,East KY Power - J K Smith Station,Unit,86750613,EPACAMD,54CAMDUNITSCT1,54;SCT1,54,SCT1,9/23/2011,,Yes
MO,29,,29143,New Madrid,5363811,MODNR,4,"Associated Electric Cooperative, Inc",NEW MADRID POWER PLANT MARSTON,Unit,26289613,EPACAMD,2167CAMDUNIT2,2167;2,2167,2,8/8/2011,,Yes
MA,25,,25021,Norfolk,5736011,MADEP,1201550,"NORTHEAST ENERGY ASSOCIATES, LP",NEA BELLINGHAM,Unit,87695113,EPACAMD,10307CAMDUNIT2,10307;2,10307,2,8/8/2011,,Yes
CA,6,,6053,Monterey,5684111,CARB,270715577,MOSS LANDING POWER COMPANY LLC,"DYNEGY MOSS LANDING, LLC",Unit,20546513,EPACAMD,260CAMDUNIT3A,260;3A,260,3A,8/8/2011,,Yes
CA,6,,6037,Los Angeles,5683211,CARB,1.91E+11,"LA CITY, DWP HARBOR GENERATING STATION","LA CITY, DWP HARBOR GENERATING STATION",Unit,76189913,EPACAMD,399CAMDUNIT11,399;11,399,11,11/8/2014,,Yes
GA,13,,13033,Burke,15028311,GADNR,3300008,,Southern Nuclear - Allen B. Wilson Plant,Unit,91734613,EPACAMD,6258CAMDUNIT1A,6258;1A,6258,1A,4/18/2014,,Yes
GA,13,,13033,Burke,15028311,GADNR,3300008,,Southern Nuclear - Allen B. Wilson Plant,Unit,91734813,EPACAMD,6258CAMDUNIT1C,6258;1C,6258,1C,4/18/2014,,Yes
FL,12,,12031,Duval,15032711,FLDEP,310561,,JEA,Unit,91837213,EPACAMD,56799CAMDUNIT2,56799;2,56799,2,8/17/2014,,Yes
NY,36,,36083,Rensselaer,15473111,NYDEC,4381400052,,EMPIRE POWER PLANT,Unit,96599013,EPACAMD,56259CAMDUNITCT-2,56259;CT-2,56259,CT-2,8/14/2014,12/31/2049,Yes
MT,30,,30023,Deer Lodge,14496011,MTDEQ,023-0002,NORTHWESTERN ENERGY,DAVE GATES GENERATING STATION AT MILL CREEK,Unit,87303413,EPACAMD,56908CAMDUNIT3B,56908;3B,56908,3B,10/10/2014,12/31/2049,Yes
CT,9,,9007,Middlesex,14622911,CTBAM,T104P0246C08070,KLEEN ENERGY SYSTEM LLC,KLEEN ENERGY SYSTEM PROJECT,Unit,88745113,EPACAMD,56798CAMDUNITU2,56798;U2,56798,U2,6/11/2013,,Yes
CT,9,,9001,Fairfield,14623611,CTBAM,T172P0026C08048,WATERSIDE POWER LLC,WATERSIDE POWER LLC,Unit,88748913,EPACAMD,56189CAMDUNIT5,56189;5,56189,5,6/11/2013,,Yes
CT,9,,9009,New Haven,14624011,CTBAM,T189P0114C08691,Wallingford Energy LLC,Wallingford Energy LLC,Unit,125574513,EPACAMD,55517CAMDUNITCT07,55517;CT07,55517,CT07,7/12/2018,,Yes
NM,35,,35025,Lea,14627711,NMED,25726,Lea Power Partners LLC,Lea Power - Hobbs Generating Station,Unit,91585513,EPACAMD,56458CAMDUNITHOBB2,56458;HOBB2,56458,HOBB2,8/20/2012,,Yes
CA,6,,6071,San Bernardino,15782011,CARB,3.61E+11,SOUTHERN CALIFORNIA EDISON,MOUNTAINVIEW GENERATING STATION,Unit,101803613,EPACAMD,358CAMDUNIT3-2,358;3-2,358,2-Mar,4/27/2018,,Yes
CA,6,,6071,San Bernardino,15782011,CARB,3.61E+11,SOUTHERN CALIFORNIA EDISON,MOUNTAINVIEW GENERATING STATION,Unit,101803813,EPACAMD,358CAMDUNIT4-1,358;4-1,358,1-Apr,4/27/2018,,Yes
AL,1,,1001,Autauga,560011,ADEM,8,"Tenaska Alabama Partners, LP",Tenaska Alabama Partners LP,Unit,48133913,EPACAMD,55271CAMDUNITCT2,55271;CT2,55271,CT2,1/6/2014,,Yes
FL,12,,12097,Osceola,558411,FLDEP,970043,Kissimmee Utility Authority,FMPA & KISSIMMEE UTILITY AUTHORITY,Unit,48171013,EPACAMD,7238CAMDUNIT3,7238;3,7238,3,8/8/2011,,Yes
FL,12,,12031,Duval,557811,FLDEP,310047,JEA,JEA,Unit,48173713,EPACAMD,666CAMDUNIT7,666;7,666,7,10/15/2014,,Yes
FL,12,,12005,Bay,554911,FLDEP,50014,Gulf Power Company,FLORIDA POWER & LIGHT COMPANY,Unit,48231113,EPACAMD,643CAMDUNIT2,643;2,643,2,8/8/2011,,Yes
FL,12,,12005,Bay,554911,FLDEP,50014,Gulf Power Company,FLORIDA POWER & LIGHT COMPANY,Unit,48230713,EPACAMD,643CAMDUNIT4,643;4,643,4,8/8/2011,,Yes
CA,6,,6031,Kings,16711,CARB,1614303929,"MRP SAN JOAQUIN ENERGY, LLC, HENRIETTA PEAKER PLANT","MRP SAN JOAQUIN ENERGY, LLC",Unit,52145813,EPACAMD,55807CAMDUNITHPP2,55807;HPP2,55807,HPP2,9/23/2011,,Yes
CA,6,,6031,Kings,16711,CARB,1614303929,"MRP SAN JOAQUIN ENERGY, LLC, HENRIETTA PEAKER PLANT","MRP SAN JOAQUIN ENERGY, LLC",Unit,52145713,EPACAMD,55807CAMDUNITHPP1,55807;HPP1,55807,HPP1,9/23/2011,,Yes
OH,39,,39095,Lucas,16974411,OHEPA,448020102,,Oregon Clean Energy Center (0448020102),Unit,127499613,EPACAMD,59764CAMDUNIT02,59764;02,59764,2,12/17/2018,,Yes
WY,56,,56021,Laramie,17307411,WYDEQ,24912,Cheyenne Light Fuel and Power Company,Cheyenne Prairie Generating Station,Unit,120645013,EPACAMD,57703CAMDUNITCT03,57703;CT03,57703,CT03,8/27/2018,,Yes
